settled_date,league,home_team,away_team,market,bets,staked,profit_loss,roi_pct,pdf_proof
2026-01-30,UEFA Champions League,Qarabag,Eintracht Frankfurt,AH,6,60,47.3,78.8,https://wykjlhbsxparltxazxmk.supabase.co/storage/v1/object/public/bets-pdf/1451138_hdp_21.01.2026%2520FK%2520Qarabag%2520vs%2520Eintracht%2520Frankfurt.pdf
2026-01-30,UEFA Champions League,Newcastle,PSV Eindhoven,AH,1,10,-10,-100,https://wykjlhbsxparltxazxmk.supabase.co/storage/v1/object/public/bets-pdf/1451143_hdp_21.01.2026%2520Newcastle%2520United%2520vs%2520PSV%2520Eindhoven.pdf
2026-01-30,Ligue 1,Auxerre,Paris Saint Germain,AH,5,150,-4.2,-2.8,https://wykjlhbsxparltxazxmk.supabase.co/storage/v1/object/public/bets-pdf/1387860_hdp_23.01.2026%2520AJ%2520Auxerre%2520vs%2520Paris%2520Saint%2520Germain.pdf
2026-01-30,Serie A,Inter,Pisa,AH,10,300,283.2,94.4,https://wykjlhbsxparltxazxmk.supabase.co/storage/v1/object/public/bets-pdf/1378078_hdp_23.01.2026%2520Inter%2520Milan%2520vs%2520Pisa.pdf
2026-01-30,La Liga,Levante,Elche,AH,9,270,260.7,96.6,https://wykjlhbsxparltxazxmk.supabase.co/storage/v1/object/public/bets-pdf/1391023_hdp_23.01.2026%2520Levante%2520UD%2520vs%2520Elche.pdf
2026-01-30,Premier League,Bournemouth,Liverpool,AH,13,195,168.68,86.5,https://wykjlhbsxparltxazxmk.supabase.co/storage/v1/object/public/bets-pdf/1379190_hdp_24.01.2026%2520AFC%2520Bournemouth%2520vs%2520Liverpool.pdf
2026-01-30,Bundesliga,Bayer Leverkusen,Werder Bremen,AH,17,255,-14.33,-5.6,https://wykjlhbsxparltxazxmk.supabase.co/storage/v1/object/public/bets-pdf/1388470_hdp_24.01.2026%2520Bayer%252004%2520Leverkusen%2520vs%2520Werder%2520Bremen.pdf
2026-01-30,Premier League,Burnley,Tottenham,AH,2,30,-7.5,-25,https://wykjlhbsxparltxazxmk.supabase.co/storage/v1/object/public/bets-pdf/1379192_hdp_24.01.2026%2520Burnley%2520vs%2520Tottenham%2520Hotspur.pdf
2026-01-30,Serie A,Como,Torino,AH,11,165,135.6,82.2,https://wykjlhbsxparltxazxmk.supabase.co/storage/v1/object/public/bets-pdf/1378075_hdp_24.01.2026%2520Como%2520vs%2520Torino.pdf
2026-01-30,Bundesliga,Eintracht Frankfurt,1899 Hoffenheim,AH,19,285,-202.8,-71.2,https://wykjlhbsxparltxazxmk.supabase.co/storage/v1/object/public/bets-pdf/1388473_hdp_24.01.2026%2520Eintracht%2520Frankfurt%2520vs%2520TSG%25201899%2520Hoffenheim.pdf
2026-01-30,Bundesliga,1. FC Heidenheim,RB Leipzig,AH,15,225,-225,-100,https://wykjlhbsxparltxazxmk.supabase.co/storage/v1/object/public/bets-pdf/1388475_hdp_24.01.2026%2520FC%2520Heidenheim%25201846%2520vs%2520RB%2520Leipzig.pdf
2026-01-30,Serie A,Fiorentina,Cagliari,AH,11,165,8.03,4.9,https://wykjlhbsxparltxazxmk.supabase.co/storage/v1/object/public/bets-pdf/1378076_hdp_24.01.2026%2520Fiorentina%2520vs%2520Cagliari.pdf
2026-01-30,Bundesliga,FSV Mainz 05,VfL Wolfsburg,AH,20,300,227.1,75.7,https://wykjlhbsxparltxazxmk.supabase.co/storage/v1/object/public/bets-pdf/1388476_hdp_24.01.2026%2520FSV%2520Mainz%252005%2520vs%2520VfL%2520Wolfsburg.pdf
2026-01-30,Premier League,Fulham,Brighton,AH,12,180,172.35,95.8,https://wykjlhbsxparltxazxmk.supabase.co/storage/v1/object/public/bets-pdf/1379195_hdp_24.01.2026%2520Fulham%2520vs%2520Brighton%2520&%2520Hove%2520Albion.pdf
2026-01-30,Ligue 1,Le Havre,Monaco,AH,11,165,150.3,91.1,https://wykjlhbsxparltxazxmk.supabase.co/storage/v1/object/public/bets-pdf/1387862_hdp_24.01.2026%2520Le%2520Havre%2520vs%2520AS%2520Monaco.pdf
2026-01-30,Serie A,Lecce,Lazio,AH,10,150,68.78,45.9,https://wykjlhbsxparltxazxmk.supabase.co/storage/v1/object/public/bets-pdf/1378080_hdp_24.01.2026%2520Lecce%2520vs%2520Lazio.pdf
2026-01-30,Ligue 1,Marseille,Lens,AH,20,300,-36.53,-12.2,https://wykjlhbsxparltxazxmk.supabase.co/storage/v1/object/public/bets-pdf/1387864_hdp_24.01.2026%2520Olympique%2520de%2520Marseille%2520vs%2520RC%2520Lens.pdf
2026-01-30,La Liga,Rayo Vallecano,Osasuna,AH,7,105,-100.35,-95.6,https://wykjlhbsxparltxazxmk.supabase.co/storage/v1/object/public/bets-pdf/1391024_hdp_24.01.2026%2520Rayo%2520Vallecano%2520vs%2520CA%2520Osasuna.pdf
2026-01-30,La Liga,Sevilla,Athletic Club,AH,7,105,85.8,81.7,https://wykjlhbsxparltxazxmk.supabase.co/storage/v1/object/public/bets-pdf/1391026_hdp_24.01.2026%2520Sevilla%2520vs%2520Athletic%2520Bilbao.pdf
2026-01-30,Bundesliga,Union Berlin,Borussia Dortmund,AH,6,90,58.35,64.8,https://wykjlhbsxparltxazxmk.supabase.co/storage/v1/object/public/bets-pdf/1388478_hdp_24.01.2026%2520Union%2520Berlin%2520vs%2520Borussia%2520Dortmund.pdf
2026-01-30,La Liga,Valencia,Espanyol,AH,10,150,10.13,6.8,https://wykjlhbsxparltxazxmk.supabase.co/storage/v1/object/public/bets-pdf/1391027_hdp_24.01.2026%2520Valencia%2520CF%2520vs%2520RCD%2520Espanyol.pdf
2026-01-30,La Liga,Villarreal,Real Madrid,AH,14,210,-202.65,-96.5,https://wykjlhbsxparltxazxmk.supabase.co/storage/v1/object/public/bets-pdf/1391028_hdp_24.01.2026%2520Villarreal%2520CF%2520vs%2520Real%2520Madrid.pdf
2026-01-30,Premier League,West Ham,Sunderland,AH,7,105,47,44.8,https://wykjlhbsxparltxazxmk.supabase.co/storage/v1/object/public/bets-pdf/1379198_hdp_24.01.2026%2520West%2520Ham%2520United%2520vs%2520Sunderland.pdf
2026-01-30,Serie A,AS Roma,AC Milan,AH,4,60,15,25,https://wykjlhbsxparltxazxmk.supabase.co/storage/v1/object/public/bets-pdf/1378081_hdp_25.01.2026%2520AS%2520Roma%2520vs%2520AC%2520Milan.pdf
2026-01-30,La Liga,Atletico Madrid,Mallorca,AH,19,285,258.6,90.7,https://wykjlhbsxparltxazxmk.supabase.co/storage/v1/object/public/bets-pdf/1391020_hdp_25.01.2026%2520Atletico%2520de%2520Madrid%2520vs%2520RCD%2520Mallorca.pdf
2026-01-30,La Liga,Barcelona,Oviedo,AH,8,120,76.65,63.9,https://wykjlhbsxparltxazxmk.supabase.co/storage/v1/object/public/bets-pdf/1391021_hdp_25.01.2026%2520Barcelona%2520vs%2520Real%2520Oviedo.pdf
2026-01-30,Premier League,Brentford,Nottingham Forest,AH,6,90,-79.35,-88.2,https://wykjlhbsxparltxazxmk.supabase.co/storage/v1/object/public/bets-pdf/1379191_hdp_25.01.2026%2520Brentford%2520vs%2520Nottingham%2520Forest.pdf
2026-01-30,La Liga,Alaves,Real Betis,AH,15,225,-22.13,-9.8,https://wykjlhbsxparltxazxmk.supabase.co/storage/v1/object/public/bets-pdf/1391019_hdp_25.01.2026%2520Deportivo%2520Alaves%2520vs%2520Real%2520Betis.pdf
2026-01-30,Ligue 1,Metz,Lyon,AH,7,105,-33.75,-32.1,https://wykjlhbsxparltxazxmk.supabase.co/storage/v1/object/public/bets-pdf/1387865_hdp_25.01.2026%2520Metz%2520vs%2520Olympique%2520Lyonnais.pdf
2026-01-30,Premier League,Newcastle,Aston Villa,AH,14,210,-191.25,-91.1,https://wykjlhbsxparltxazxmk.supabase.co/storage/v1/object/public/bets-pdf/1379197_hdp_25.01.2026%2520Newcastle%2520United%2520vs%2520Aston%2520Villa.pdf
2026-01-30,Serie A,Sassuolo,Cremonese,AH,20,300,-15,-5,https://wykjlhbsxparltxazxmk.supabase.co/storage/v1/object/public/bets-pdf/1378082_hdp_25.01.2026%2520Sassuolo%2520vs%2520Cremonese.pdf
2026-01-30,Serie A,Juventus,Napoli,AH,15,225,180.9,80.4,https://wykjlhbsxparltxazxmk.supabase.co/storage/v1/object/public/bets-pdf/1378079_hdp_25.01.2026%2520Juventus%2520vs%2520Napoli.pdf
2026-01-30,Premier League,Everton,Leeds,AH,3,45,20.7,46,https://wykjlhbsxparltxazxmk.supabase.co/storage/v1/object/public/bets-pdf/1379194_hdp_26.01.2026%2520Everton%2520vs%2520Leeds%2520United.pdf
2026-01-30,La Liga,Girona,Getafe,AH,9,135,91.28,67.6,https://wykjlhbsxparltxazxmk.supabase.co/storage/v1/object/public/bets-pdf/1391022_hdp_26.01.2026%2520Girona%2520cs%2520Getafe%2520CF.pdf
2026-01-30,Bundesliga,FC St. Pauli,RB Leipzig,AH,17,255,219.6,86.1,https://wykjlhbsxparltxazxmk.supabase.co/storage/v1/object/public/bets-pdf/1388449_hdp_27.01.2026%2520St.%2520Pauli%2520vs%2520RB%2520Leipzig.pdf
2026-01-30,Bundesliga,Werder Bremen,1899 Hoffenheim,AH,16,240,-141,-58.7,https://wykjlhbsxparltxazxmk.supabase.co/storage/v1/object/public/bets-pdf/1388451_hdp_27.01.2026%2520Werder%2520Bremen%2520vs%2520TSG%25201899%2520Hoffenheim.pdf
2026-01-30,UEFA Champions League,Monaco,Juventus,AH,4,60,37.73,62.9,https://wykjlhbsxparltxazxmk.supabase.co/storage/v1/object/public/bets-pdf/1451148_hdp_28.01.2026%2520AS%2520Monaco%2520vs%2520Angers.pdf
2026-01-30,UEFA Champions League,Barcelona,FC Copenhagen,AH,6,90,68.33,75.9,https://wykjlhbsxparltxazxmk.supabase.co/storage/v1/object/public/bets-pdf/1451161_hdp_28.01.2026%2520Barcelona%2520vs%2520FC%2520Copenhagen.pdf
2026-01-30,UEFA Champions League,Bayer Leverkusen,Villarreal,AH,12,180,98.1,54.5,https://wykjlhbsxparltxazxmk.supabase.co/storage/v1/object/public/bets-pdf/1451155_hdp_28.01.2026%2520Bayer%252004%2520Leverkusen%2520vs%2520Villarreal%2520CF.pdf
2026-01-30,UEFA Champions League,Benfica,Real Madrid,AH,13,195,153.45,78.7,https://wykjlhbsxparltxazxmk.supabase.co/storage/v1/object/public/bets-pdf/1451162_hdp_28.01.2026%2520Benfica%2520vs%2520Real%2520Madrid.pdf
2026-01-30,UEFA Champions League,Borussia Dortmund,Inter,AH,12,180,-180,-100,https://wykjlhbsxparltxazxmk.supabase.co/storage/v1/object/public/bets-pdf/1451147_hdp_28.01.2026%2520Borussia%2520Dortmund%2520vs%2520Inter%2520Milan.pdf
2026-01-30,UEFA Champions League,Eintracht Frankfurt,Tottenham,AH,11,165,-118.35,-71.7,https://wykjlhbsxparltxazxmk.supabase.co/storage/v1/object/public/bets-pdf/1451150_hdp_28.01.2026%2520Eintracht%2520Frankfurt%2520vs%2520Tottenham%2520Hotspur.pdf
2026-01-30,UEFA Champions League,Athletic Club,Sporting CP,AH,3,45,-45,-100,https://wykjlhbsxparltxazxmk.supabase.co/storage/v1/object/public/bets-pdf/1451156_hdp_28.01.2026%2520Imortal%2520Basket%2520Club%2520vs%2520Sporting%2520CP.pdf
2026-01-30,UEFA Champions League,Liverpool,Qarabag,AH,20,300,279.3,93.1,https://wykjlhbsxparltxazxmk.supabase.co/storage/v1/object/public/bets-pdf/1451160_hdp_28.01.2026%2520Liverpool%2520vs%2520FK%2520Qarabag.pdf
2026-01-30,UEFA Champions League,Manchester City,Galatasaray,AH,18,270,-223.95,-82.9,https://wykjlhbsxparltxazxmk.supabase.co/storage/v1/object/public/bets-pdf/1451153_hdp_28.01.2026%2520Manchester%2520City%2520vs%2520Galatasaray.pdf
2026-01-30,UEFA Champions League,Napoli,Chelsea,AH,18,270,-190.8,-70.7,https://wykjlhbsxparltxazxmk.supabase.co/storage/v1/object/public/bets-pdf/1451146_hdp_28.01.2026%2520Napoli%2520vs%2520Chelsea.pdf
2026-01-30,UEFA Champions League,Pafos,Slavia Praha,AH,6,90,70.05,77.8,https://wykjlhbsxparltxazxmk.supabase.co/storage/v1/object/public/bets-pdf/1451151_hdp_28.01.2026%2520Pafos%2520FC%2520(N)%2520vs%2520Slavia%2520Praha.pdf
2026-01-30,UEFA Champions League,Paris Saint Germain,Newcastle,AH,11,165,-161.55,-97.9,https://wykjlhbsxparltxazxmk.supabase.co/storage/v1/object/public/bets-pdf/1451149_hdp_28.01.2026%2520Paris%2520Saint%2520Germain%2520vs%2520Newcastle%2520United.pdf
2026-01-30,UEFA Champions League,Union St. Gilloise,Atalanta,AH,10,150,92.7,61.8,https://wykjlhbsxparltxazxmk.supabase.co/storage/v1/object/public/bets-pdf/1451158_hdp_28.01.2026%2520Union%2520Saint-Gilloise%2520(N)%2520vs%2520Atalanta.pdf
2026-02-01,Serie A,Lazio,Genoa,AH,6,300,265,88.3,https://wykjlhbsxparltxazxmk.supabase.co/storage/v1/object/public/bets-pdf/1378088_hdp_30.01.2026%2520Lazio%2520vs%2520Genoa.pdf
2026-02-01,Ligue 1,Lens,Le Havre,AH,8,295,-102,-34.6,https://wykjlhbsxparltxazxmk.supabase.co/storage/v1/object/public/bets-pdf/1387870_hdp_30.01.2026%2520RC%2520Lens%2520vs%2520Le%2520Havre.pdf
2026-02-01,La Liga,Espanyol,Alaves,AH,5,265,-223.4,-84.3,https://wykjlhbsxparltxazxmk.supabase.co/storage/v1/object/public/bets-pdf/1391032_hdp_30.01.2026%2520RCD%2520Espanyol%2520vs%2520Deportivo%2520Alaves.pdf
2026-02-01,Bundesliga,1. FC Köln,VfL Wolfsburg,AH,4,200,0,0,https://wykjlhbsxparltxazxmk.supabase.co/storage/v1/object/public/bets-pdf/1388482_hdp_30.01.2026%2520FC%2520Koln%2520vs%2520VfL%2520Wolfsburg.pdf
2026-02-01,Ligue 1,Monaco,Rennes,AH,4,160,64.6,40.4,https://wykjlhbsxparltxazxmk.supabase.co/storage/v1/object/public/bets-pdf/1387873_hdp_31.01.2026%2520AS%2520Monaco%2520vs%2520Stade%2520Rennais.pdf
2026-02-01,Bundesliga,FC Augsburg,FC St. Pauli,AH,8,176,176,100,https://wykjlhbsxparltxazxmk.supabase.co/storage/v1/object/public/bets-pdf/1388479_hdp_31.01.2026%2520Augsburg%2520vs%2520St.%2520Pauli.pdf
2026-02-01,La Liga,Osasuna,Villarreal,AH,2,80,-80,-100,https://wykjlhbsxparltxazxmk.supabase.co/storage/v1/object/public/bets-pdf/1391036_hdp_31.01.2026%2520CA%2520Osasuna%2520vs%2520Villarreal%2520CF.pdf
2026-02-01,Serie A,Cagliari,Verona,AH,7,280,207.6,74.1,https://wykjlhbsxparltxazxmk.supabase.co/storage/v1/object/public/bets-pdf/1378085_hdp_26.01.2026%2520Verona%2520vs%2520Udinese.pdf
2026-02-01,Premier League,Chelsea,West Ham,AH,7,280,269.2,96.1,https://wykjlhbsxparltxazxmk.supabase.co/storage/v1/object/public/bets-pdf/1379201_hdp_31.01.2026%2520Chelsea%2520vs%2520West%2520Ham%2520United.pdf
2026-02-01,Bundesliga,Eintracht Frankfurt,Bayer Leverkusen,AH,12,480,-76,-15.8,https://wykjlhbsxparltxazxmk.supabase.co/storage/v1/object/public/bets-pdf/1388481_hdp_31.01.2026%2520Eintracht%2520Frankfurt%2520vs%2520Bayer%252004%2520Leverkusen.pdf
2026-02-01,La Liga,Elche,Barcelona,AH,7,280,14,5,https://wykjlhbsxparltxazxmk.supabase.co/storage/v1/object/public/bets-pdf/1391031_hdp_31.01.2026%2520Elche%2520vs%2520Barcelona.pdf
2026-02-01,Bundesliga,Hamburger SV,Bayern München,AH,7,280,254.8,91,https://wykjlhbsxparltxazxmk.supabase.co/storage/v1/object/public/bets-pdf/1388483_hdp_31.01.2026%2520Hamburger%2520SV%2520vs%2520Bayern%2520Munchen.pdf
2026-02-01,Premier League,Leeds,Arsenal,AH,6,240,-174.4,-72.7,https://wykjlhbsxparltxazxmk.supabase.co/storage/v1/object/public/bets-pdf/1379202_hdp_31.01.2026%2520Leeds%2520United%2520vs%2520Arsenal.pdf
2026-02-01,La Liga,Levante,Atletico Madrid,AH,7,280,264.4,94.4,https://wykjlhbsxparltxazxmk.supabase.co/storage/v1/object/public/bets-pdf/1391034_hdp_31.01.2026%2520Levante%2520UD%2520vs%2520Atletico%2520de%2520Madrid.pdf
2026-02-01,Premier League,Liverpool,Newcastle,AH,7,280,268.8,96,https://wykjlhbsxparltxazxmk.supabase.co/storage/v1/object/public/bets-pdf/1379203_hdp_31.01.2026%2520Liverpool%2520vs%2520Newcastle%2520United.pdf
2026-02-01,Ligue 1,Lorient,Nantes,AH,7,280,280,100,https://wykjlhbsxparltxazxmk.supabase.co/storage/v1/object/public/bets-pdf/1387871_hdp_31.01.2026%2520Lorient%2520vs%2520Nantes.pdf
2026-02-01,Serie A,Napoli,Fiorentina,AH,7,280,-159.6,-57,https://wykjlhbsxparltxazxmk.supabase.co/storage/v1/object/public/bets-pdf/1378089_hdp_31.01.2026%2520Napoli%2520vs%2520Fiorentina.pdf
2026-02-01,Ligue 1,Paris FC,Marseille,AH,7,280,280,100,https://wykjlhbsxparltxazxmk.supabase.co/storage/v1/object/public/bets-pdf/1387875_hdp_31.01.2026%2520Paris%2520FC%2520vs%2520Olympique%2520de%2520Marseille.pdf
2026-02-01,Serie A,Pisa,Sassuolo,AH,16,268,-144.96,-54.1,https://wykjlhbsxparltxazxmk.supabase.co/storage/v1/object/public/bets-pdf/1378091_hdp_31.01.2026%2520Pisa%2520vs%2520Sassuolo.pdf
2026-02-01,Bundesliga,RB Leipzig,FSV Mainz 05,AH,9,288,-278,-96.5,https://wykjlhbsxparltxazxmk.supabase.co/storage/v1/object/public/bets-pdf/1388485_hdp_31.01.2026%2520RB%2520Leipzig%2520vs%2520FSV%2520Mainz%252005.pdf
2026-02-01,Bundesliga,1899 Hoffenheim,Union Berlin,AH,8,296,-240,-81.1,https://wykjlhbsxparltxazxmk.supabase.co/storage/v1/object/public/bets-pdf/1388484_hdp_31.01.2026%2520TSG%25201899%2520Hoffenheim%2520vs%2520Union%2520Berlin.pdf
2026-02-01,Premier League,Wolves,Bournemouth,AH,2,56,-56,-100,https://wykjlhbsxparltxazxmk.supabase.co/storage/v1/object/public/bets-pdf/1379208_hdp_31.01.2026%2520Wolverhampton%2520Wanderers%2520vs%2520AFC%2520Bournemouth.pdf
2026-02-01,La Liga,Athletic Club,Real Sociedad,AH,3,240,-109.6,-45.7,https://wykjlhbsxparltxazxmk.supabase.co/storage/v1/object/public/bets-pdf/1391029_hdp_01.02.2026%2520Athletic%2520Bilbao%2520vs%2520Real%2520Sociedad.pdf
2026-02-01,Ligue 1,Strasbourg,Paris Saint Germain,AH,2,160,-160,-100,https://wykjlhbsxparltxazxmk.supabase.co/storage/v1/object/public/bets-pdf/1387876_hdp_01.02.2026%2520RC%2520Strasbourg%2520vs%2520Paris%2520Saint%2520Germain.pdf
2026-02-01,Bundesliga,Borussia Dortmund,1. FC Heidenheim,AH,7,280,-49.8,-17.8,https://wykjlhbsxparltxazxmk.supabase.co/storage/v1/object/public/bets-pdf/1388480_hdp_01.02.2026%2520Borussia%2520Dortmund%2520vs%2520FC%2520Heidenheim%25201846.pdf
2026-02-01,Ligue 1,Angers,Metz,AH,7,280,-215.8,-77.1,https://wykjlhbsxparltxazxmk.supabase.co/storage/v1/object/public/bets-pdf/1387869_hdp_01.02.2026%2520Angers%2520vs%2520Metz.pdf
2026-02-01,Ligue 1,Toulouse,Auxerre,AH,2,80,-71.6,-89.5,https://wykjlhbsxparltxazxmk.supabase.co/storage/v1/object/public/bets-pdf/1387877_hdp_01.02.2026%2520Toulouse%2520vs%2520AJ%2520Auxerre.pdf
2026-02-01,Premier League,Tottenham,Manchester City,AH,7,280,279.2,99.7,https://wykjlhbsxparltxazxmk.supabase.co/storage/v1/object/public/bets-pdf/1379207_hdp_01.02.2026%2520Tottenham%2520Hotspur%2520vs%2520Manchester%2520City.pdf
2026-02-01,Ligue 1,Nice,Stade Brestois 29,AH,7,280,280,100,https://wykjlhbsxparltxazxmk.supabase.co/storage/v1/object/public/bets-pdf/1387874_hdp_01.02.2026%2520OGC%2520Nice%2520vs%2520Stade%2520Brestois.pdf
2026-02-01,La Liga,Real Betis,Valencia,AH,4,160,65.8,41.1,https://wykjlhbsxparltxazxmk.supabase.co/storage/v1/object/public/bets-pdf/1391030_hdp_01.02.2026%2520Real%2520Betis%2520vs%2520Valencia%2520CF.pdf
2026-02-01,La Liga,Real Madrid,Rayo Vallecano,AH,5,200,-37.6,-18.8,https://wykjlhbsxparltxazxmk.supabase.co/storage/v1/object/public/bets-pdf/1391037_hdp_01.02.2026%2520Real%2520Madrid%2520vs%2520Rayo%2520Vallecano.pdf
2026-02-01,Bundesliga,VfB Stuttgart,SC Freiburg,AH,5,200,167.2,83.6,https://wykjlhbsxparltxazxmk.supabase.co/storage/v1/object/public/bets-pdf/1388486_hdp_01.02.2026%2520VfB%2520Stuttgart%2520vs%2520SC%2520Freiburg.pdf
2026-02-01,Premier League,Aston Villa,Brentford,AH,7,280,-232,-82.9,https://wykjlhbsxparltxazxmk.supabase.co/storage/v1/object/public/bets-pdf/1379199_hdp_01.02.2026%2520Aston%2520Villa%2520vs%2520Brentford.pdf
2026-02-01,Ligue 1,Lyon,Lille,AH,7,280,157.6,56.3,https://wykjlhbsxparltxazxmk.supabase.co/storage/v1/object/public/bets-pdf/1387872_hdp_01.02.2026%2520Olympique%2520Lyonnais%2520vs%2520Lille%2520OSC.pdf
2026-02-01,Serie A,Como,Atalanta,AH,6,240,-235.2,-98,https://wykjlhbsxparltxazxmk.supabase.co/storage/v1/object/public/bets-pdf/1378086_hdp_01.02.2026%2520Como%2520vs%2520Atalanta.pdf
2026-02-01,Premier League,Nottingham Forest,Crystal Palace,AH,7,280,-204,-72.9,https://wykjlhbsxparltxazxmk.supabase.co/storage/v1/object/public/bets-pdf/1379205_hdp_01.02.2026%2520Nottingham%2520Forest%2520vs%2520Crystal%2520Palace.pdf
2026-02-01,Serie A,Torino,Lecce,AH,7,280,0,0,https://wykjlhbsxparltxazxmk.supabase.co/storage/v1/object/public/bets-pdf/1378092_hdp_01.02.2026%2520Torino%2520vs%2520Lecce.pdf
2026-02-01,Premier League,Manchester United,Fulham,AH,7,280,-220,-78.6,https://wykjlhbsxparltxazxmk.supabase.co/storage/v1/object/public/bets-pdf/1379204_hdp_01.02.2026%2520Manchester%2520United%2520vs%2520Fulham.pdf
2026-02-01,Serie A,Cremonese,Inter,AH,7,280,158.8,56.7,https://wykjlhbsxparltxazxmk.supabase.co/storage/v1/object/public/bets-pdf/1378087_hdp_01.02.2026%2520Cremonese%2520vs%2520Inter%2520Milan.pdf
2026-02-01,Serie A,Parma,Juventus,AH,5,240,-233.6,-97.3,https://wykjlhbsxparltxazxmk.supabase.co/storage/v1/object/public/bets-pdf/1378090_hdp_01.02.2026%2520Parma%2520vs%2520Juventus.pdf
2026-02-08,Premier League,Bournemouth,Aston Villa,AH,2,60,25.5,42.5,https://wykjlhbsxparltxazxmk.supabase.co/storage/v1/object/public/bets-pdf/1379210_hdp_07.02.2026%2520AFC%2520Bournemouth%2520vs%2520Aston%2520Vill.pdf
2026-02-08,Premier League,Burnley,West Ham,AH,3,90,-90,-100,https://wykjlhbsxparltxazxmk.supabase.co/storage/v1/object/public/bets-pdf/1379212_hdp_07.02.2026%2520Burnley%2520vs%2520West%2520Ham%2520United.pdf
2026-02-08,Bundesliga,1. FC Heidenheim,Hamburger SV,AH,4,120,-120,-100,https://wykjlhbsxparltxazxmk.supabase.co/storage/v1/object/public/bets-pdf/1388492_hdp_07.02.2026%2520FC%2520Heidenheim%25201846%2520vs%2520Hamburger%2520SV.pdf
2026-02-08,Bundesliga,FSV Mainz 05,FC Augsburg,AH,6,180,177.3,98.5,https://wykjlhbsxparltxazxmk.supabase.co/storage/v1/object/public/bets-pdf/1388493_hdp_07.02.2026%2520FSV%2520Mainz%252005%2520vs%2520Augsburg.pdf
2026-02-08,Premier League,Manchester United,Tottenham,AH,6,230,123.8,53.8,https://wykjlhbsxparltxazxmk.supabase.co/storage/v1/object/public/bets-pdf/1379216_hdp_07.02.2026%2520Manchester%2520United%2520vs%2520Tottenham%2520Hotspur.pdf
2026-02-08,Ligue 1,Nantes,Lyon,AH,1,40,-19.4,-48.5,https://wykjlhbsxparltxazxmk.supabase.co/storage/v1/object/public/bets-pdf/1387884_hdp_07.02.2026%2520Nantes%2520vs%2520Olympique%2520Lyonnais.pdf
2026-02-08,Bundesliga,SC Freiburg,Werder Bremen,AH,3,90,0,0,https://wykjlhbsxparltxazxmk.supabase.co/storage/v1/object/public/bets-pdf/1388491_hdp_07.02.2026%2520SC%2520Freiburg%2520vs%2520Werder%2520Bremen.pdf
2026-02-08,Bundesliga,FC St. Pauli,VfB Stuttgart,AH,6,180,170.4,94.7,https://wykjlhbsxparltxazxmk.supabase.co/storage/v1/object/public/bets-pdf/1388494_hdp_07.02.2026%2520St.%2520Pauli%2520vs%2520VfB%2520Stuttgart.pdf
2026-02-08,Bundesliga,VfL Wolfsburg,Borussia Dortmund,AH,7,210,-94.2,-44.9,https://wykjlhbsxparltxazxmk.supabase.co/storage/v1/object/public/bets-pdf/1388496_hdp_07.02.2026%2520VfL%2520Wolfsburg%2520vs%2520Borussia%2520Dortmund.pdf
2026-02-08,Premier League,Wolves,Chelsea,AH,1,30,-30,-100,https://wykjlhbsxparltxazxmk.supabase.co/storage/v1/object/public/bets-pdf/1379218_hdp_07.02.2026%2520Wolverhampton%2520Wanderers%2520vs%2520Chelsea.pdf
2026-02-08,Ligue 1,Angers,Toulouse,AH,4,60,53.4,89,https://wykjlhbsxparltxazxmk.supabase.co/storage/v1/object/public/bets-pdf/1387878_hdp_08.02.2026%2520Angers%2520vs%2520Toulouse.pdf
2026-02-08,La Liga,Athletic Club,Levante,AH,16,240,-186.38,-77.7,https://wykjlhbsxparltxazxmk.supabase.co/storage/v1/object/public/bets-pdf/1391040_hdp_08.02.2026%2520Athletic%2520Bilbao%2520vs%2520Levante%2520UD.pdf
2026-02-08,La Liga,Atletico Madrid,Real Betis,AH,17,295,169.88,57.6,https://wykjlhbsxparltxazxmk.supabase.co/storage/v1/object/public/bets-pdf/1391041_hdp_08.02.2026%2520Atletico%2520de%2520Madrid%2520vs%2520Real%2520Betis.pdf
2026-02-08,Bundesliga,Bayern München,1899 Hoffenheim,AH,11,165,23.03,14,https://wykjlhbsxparltxazxmk.supabase.co/storage/v1/object/public/bets-pdf/1388488_hdp_08.02.2026%2520Bayern%2520Munchen%2520vs%2520TSG%25201899%2520Hoffenheim.pdf
2026-02-08,Serie A,Bologna,Parma,AH,4,150,-150,-100,https://wykjlhbsxparltxazxmk.supabase.co/storage/v1/object/public/bets-pdf/1378095_hdp_08.02.2026%2520Bologna%2520vs%2520Parma.pdf
2026-02-08,Premier League,Brighton,Crystal Palace,AH,7,235,-139.3,-59.3,https://wykjlhbsxparltxazxmk.supabase.co/storage/v1/object/public/bets-pdf/1379211_hdp_08.02.2026%2520Brighton%2520&%2520Hove%2520Albion%2520vs%2520Crystal%2520Palace.pdf
2026-02-08,La Liga,Alaves,Getafe,AH,4,240,187.2,78,https://wykjlhbsxparltxazxmk.supabase.co/storage/v1/object/public/bets-pdf/1391039_hdp_08.02.2026%2520Deportivo%2520Alaves%2520vs%2520Getafe%2520CF.pdf
2026-02-08,Bundesliga,1. FC Köln,RB Leipzig,AH,4,320,120.2,37.6,https://wykjlhbsxparltxazxmk.supabase.co/storage/v1/object/public/bets-pdf/1388490_hdp_08.02.2026%2520FC%2520Koln%2520vs%2520RB%2520Leipzig.pdf
2026-02-08,Serie A,Juventus,Lazio,AH,11,275,-91.25,-33.2,https://wykjlhbsxparltxazxmk.supabase.co/storage/v1/object/public/bets-pdf/1378098_hdp_08.02.2026%2520Juventus%2520vs%2520Lazio.pdf
2026-02-08,Ligue 1,Le Havre,Strasbourg,AH,13,195,-77.55,-39.8,https://wykjlhbsxparltxazxmk.supabase.co/storage/v1/object/public/bets-pdf/1387881_hdp_08.02.2026%2520Le%2520Havre%2520vs%2520RC%2520Strasbourg.pdf
2026-02-08,Serie A,Lecce,Udinese,AH,4,300,163.2,54.4,https://wykjlhbsxparltxazxmk.supabase.co/storage/v1/object/public/bets-pdf/1378099_hdp_08.02.2026%2520Lecce%2520vs%2520Udinese.pdf
2026-02-08,Premier League,Liverpool,Manchester City,AH,6,90,23.25,25.8,https://wykjlhbsxparltxazxmk.supabase.co/storage/v1/object/public/bets-pdf/1379215_hdp_08.02.2026%2520Liverpool%2520vs%2520Manchester%2520City.pdf
2026-02-08,Ligue 1,Nice,Monaco,AH,1,80,64,80,https://wykjlhbsxparltxazxmk.supabase.co/storage/v1/object/public/bets-pdf/1387885_hdp_08.02.2026%2520OGC%2520Nice%2520vs%2520AS%2520Monaco.pdf
2026-02-08,Ligue 1,Paris Saint Germain,Marseille,AH,12,300,186.75,62.3,https://wykjlhbsxparltxazxmk.supabase.co/storage/v1/object/public/bets-pdf/1387886_hdp_08.02.2026%2520Paris%2520Saint%2520Germain%2520vs%2520Olympique%2520de%2520Marseille.pdf
2026-02-08,Serie A,Sassuolo,Inter,AH,10,150,88.05,58.7,https://wykjlhbsxparltxazxmk.supabase.co/storage/v1/object/public/bets-pdf/1378102_hdp_08.02.2026%2520Sassuolo%2520vs%2520Inter%2520Milan.pdf
2026-02-08,La Liga,Valencia,Real Madrid,AH,12,300,-300,-100,https://wykjlhbsxparltxazxmk.supabase.co/storage/v1/object/public/bets-pdf/1391047_hdp_08.02.2026%2520Valencia%2520CF%2520vs%2520Real%2520Madrid.pdf
2026-02-10,Serie A,Cagliari,Lecce,AH,12,300,118,39.3,https://wykjlhbsxparltxazxmk.supabase.co/storage/v1/object/public/bets-pdf/1378104_hdp_09.02.2026%2520AS%2520Roma%2520vs%2520Cagliari.pdf
2026-02-10,La Liga,Villarreal,Espanyol,AH,8,200,-75.25,-37.6,https://wykjlhbsxparltxazxmk.supabase.co/storage/v1/object/public/bets-pdf/1391048_hdp_09.02.2026%2520Villarreal%2520CF%2520vs%2520RCD%2520Espanyol.pdf
2026-02-10,Serie A,Atalanta,Cremonese,AH,12,290,-288.5,-99.5,https://wykjlhbsxparltxazxmk.supabase.co/storage/v1/object/public/bets-pdf/1378094_hdp_09.02.2026%2520Atalanta%2520vs%2520Cremonese.pdf
2026-02-11,Premier League,Chelsea,Leeds,AH,12,300,-206.5,-68.8,https://wykjlhbsxparltxazxmk.supabase.co/storage/v1/object/public/bets-pdf/1379221_hdp_10.02.2026%2520Chelsea%2520vs%2520Leeds%2520United.pdf
2026-02-11,Premier League,Everton,Bournemouth,AH,11,275,-103.75,-37.7,https://wykjlhbsxparltxazxmk.supabase.co/storage/v1/object/public/bets-pdf/1379223_hdp_10.02.2026%2520Everton%2520vs%2520AFC%2520Bournemouth.pdf
2026-02-11,Premier League,West Ham,Manchester United,AH,12,300,277.5,92.5,https://wykjlhbsxparltxazxmk.supabase.co/storage/v1/object/public/bets-pdf/1379228_hdp_10.02.2026%2520West%2520Ham%2520United%2520vs%2520Manchester%2520United.pdf
2026-02-11,Premier League,Tottenham,Newcastle,AH,12,300,83.88,28,https://wykjlhbsxparltxazxmk.supabase.co/storage/v1/object/public/bets-pdf/1379227_hdp_10.02.2026%2520Tottenham%2520Hotspur%2520vs%2520Newcastle%2520United.pdf
2026-02-12,Premier League,Nottingham Forest,Wolves,AH,12,300,-300,-100,https://wykjlhbsxparltxazxmk.supabase.co/storage/v1/object/public/bets-pdf/1379225_hdp_11.02.2026%2520Nottingham%2520Forest%2520vs%2520Wolverhampton%2520Wanderers.pdf
2026-02-12,Premier League,Aston Villa,Brighton,AH,5,125,-125,-100,https://wykjlhbsxparltxazxmk.supabase.co/storage/v1/object/public/bets-pdf/1379219_hdp_11.02.2026%2520Aston%2520Villa%2520vs%2520Brighton%2520&%2520Hove%2520Albion.pdf
2026-02-12,Premier League,Sunderland,Liverpool,AH,12,300,-162.25,-54.1,https://wykjlhbsxparltxazxmk.supabase.co/storage/v1/object/public/bets-pdf/1379226_hdp_11.02.2026%2520Sunderland%2520vs%2520Liverpool.pdf
2026-02-12,Premier League,Manchester City,Fulham,AH,12,300,-226.38,-75.5,https://wykjlhbsxparltxazxmk.supabase.co/storage/v1/object/public/bets-pdf/1379224_hdp_11.02.2026%2520Manchester%2520City%2520vs%2520Fulham.pdf
2026-02-13,Premier League,Brentford,Arsenal,AH,6,300,271,90.3,https://wykjlhbsxparltxazxmk.supabase.co/storage/v1/object/public/bets-pdf/1379220_hdp_13.02.2026%2520Brentford%2520vs%2520Arsenal.pdf
2026-02-13,Ligue 1,Monaco,Nantes,AH,8,280,-275.8,-98.5,https://wykjlhbsxparltxazxmk.supabase.co/storage/v1/object/public/bets-pdf/1387893_hdp_13.02.2026%2520AS%2520Monaco%2520vs%2520Nantes.pdf
2026-02-13,Serie A,Pisa,AC Milan,AH,8,280,-35,-12.5,https://wykjlhbsxparltxazxmk.supabase.co/storage/v1/object/public/bets-pdf/1378111_hdp_13.02.2026%2520Pisa%2520vs%2520AC%2520Milan.pdf
2026-02-13,Ligue 1,Rennes,Paris Saint Germain,AH,9,300,278.8,92.9,https://wykjlhbsxparltxazxmk.supabase.co/storage/v1/object/public/bets-pdf/1387895_hdp_13.02.2026%2520Stade%2520Rennais%2520vs%2520Paris%2520Saint%2520Germain.pdf
2026-02-13,Bundesliga,Borussia Dortmund,FSV Mainz 05,AH,8,280,253.05,90.4,https://wykjlhbsxparltxazxmk.supabase.co/storage/v1/object/public/bets-pdf/1388499_hdp_13.02.2026%2520Borussia%2520Dortmund%2520vs%2520FSV%2520Mainz%252005.pdf
2026-02-15,Bundesliga,Bayer Leverkusen,FC St. Pauli,AH,11,275,214.5,78,https://wykjlhbsxparltxazxmk.supabase.co/storage/v1/object/public/bets-pdf/1388498_hdp_14.02.2026%2520Bayer%252004%2520Leverkusen%2520vs%2520St.%2520Pauli.pdf
2026-02-15,Bundesliga,Hamburger SV,Union Berlin,AH,12,300,22.75,7.6,https://wykjlhbsxparltxazxmk.supabase.co/storage/v1/object/public/bets-pdf/1388501_hdp_14.02.2026%2520Hamburger%2520SV%2520vs%2520Union%2520Berlin.pdf
2026-02-15,Bundesliga,Werder Bremen,Bayern München,AH,6,150,-27,-18,https://wykjlhbsxparltxazxmk.supabase.co/storage/v1/object/public/bets-pdf/1388505_hdp_14.02.2026%2520Werder%2520Bremen%2520vs%2520Bayern%2520Munchen.pdf
2026-02-15,Bundesliga,1899 Hoffenheim,SC Freiburg,AH,12,300,-80.25,-26.7,https://wykjlhbsxparltxazxmk.supabase.co/storage/v1/object/public/bets-pdf/1388502_hdp_14.02.2026%2520TSG%25201899%2520Hoffenheim%2520vs%2520SC%2520Freiburg.pdf
2026-02-15,Bundesliga,Eintracht Frankfurt,Borussia Mönchengladbach,AH,12,300,251.25,83.8,https://wykjlhbsxparltxazxmk.supabase.co/storage/v1/object/public/bets-pdf/1388500_hdp_14.02.2026%2520Eintracht%2520Frankfurt%2520vs%2520Borussia%2520Monchengladbach.pdf
2026-02-15,Bundesliga,VfB Stuttgart,1. FC Köln,AH,11,275,233.25,84.8,https://wykjlhbsxparltxazxmk.supabase.co/storage/v1/object/public/bets-pdf/1388504_hdp_14.02.2026%2520VfB%2520Stuttgart%2520vs%2520FC%2520Koln.pdf
2026-02-15,Serie A,Lazio,Atalanta,AH,3,75,-75,-100,https://wykjlhbsxparltxazxmk.supabase.co/storage/v1/object/public/bets-pdf/1378108_hdp_14.02.2026%2520Lazio%2520vs%2520Atalanta.pdf
2026-02-15,Serie A,Como,Fiorentina,AH,12,300,66.75,22.3,https://wykjlhbsxparltxazxmk.supabase.co/storage/v1/object/public/bets-pdf/1378105_hdp_14.02.2026%2520Como%2520vs%2520Fiorentina.pdf
2026-02-15,Serie A,Cagliari,Lecce,AH,12,300,-160.25,-53.4,https://wykjlhbsxparltxazxmk.supabase.co/storage/v1/object/public/bets-pdf/1378104_hdp_14.02.2026%2520Inter%2520Milan%2520vs%2520Juventus.pdf
2026-02-15,Ligue 1,Marseille,Strasbourg,AH,12,300,-215,-71.7,https://wykjlhbsxparltxazxmk.supabase.co/storage/v1/object/public/bets-pdf/1387891_hdp_14.02.2026%2520Olympique%2520de%2520Marseille%2520vs%2520RC%2520Strasbourg.pdf
2026-02-15,Ligue 1,Paris FC,Lens,AH,12,300,81.25,27.1,https://wykjlhbsxparltxazxmk.supabase.co/storage/v1/object/public/bets-pdf/1387894_hdp_14.02.2026%2520Paris%2520FC%2520vs%2520RC%2520Lens.pdf
2026-02-15,Ligue 1,Lille,Stade Brestois 29,AH,6,150,-11.75,-7.8,https://wykjlhbsxparltxazxmk.supabase.co/storage/v1/object/public/bets-pdf/1387888_hdp_14.02.2026%2520Lille%2520OSC%2520vs%2520Stade%2520Brestois.pdf
2026-02-15,La Liga,Real Madrid,Real Sociedad,AH,12,300,159.5,53.2,https://wykjlhbsxparltxazxmk.supabase.co/storage/v1/object/public/bets-pdf/1391056_hdp_14.02.2026%2520Real%2520Madrid%2520vs%2520Real%2520Sociedad.pdf
2026-02-15,La Liga,Sevilla,Alaves,AH,11,275,-93.5,-34,https://wykjlhbsxparltxazxmk.supabase.co/storage/v1/object/public/bets-pdf/1391058_hdp_14.02.2026%2520Sevilla%2520vs%2520Deportivo%2520Alaves.pdf
2026-02-15,La Liga,Getafe,Villarreal,1X2,1,100,250,250,https://wykjlhbsxparltxazxmk.supabase.co/storage/v1/object/public/bets-pdf/1391051_1x2_14.02.2026%2520Getafe%2520CF%2520vs%2520Villarreal%2520CF.pdf
2026-02-15,La Liga,Espanyol,Celta Vigo,AH,10,250,-206.75,-82.7,https://wykjlhbsxparltxazxmk.supabase.co/storage/v1/object/public/bets-pdf/1391050_hdp_14.02.2026%2520RCD%2520Espanyol%2520vs%2520Celta%2520Vigo.pdf
2026-02-16,Serie A,Cremonese,Genoa,AH,2,50,24,48,https://wykjlhbsxparltxazxmk.supabase.co/storage/v1/object/public/bets-pdf/1378106_hdp_15.02.2026%2520Cremonese%2520vs%2520Genoa.pdf
2026-02-16,Serie A,Parma,Verona,AH,4,100,-75,-75,https://wykjlhbsxparltxazxmk.supabase.co/storage/v1/object/public/bets-pdf/1378110_hdp_15.02.2026%2520Parma%2520vs%2520Verona.pdf
2026-02-16,Serie A,Udinese,Sassuolo,AH,7,175,-175,-100,https://wykjlhbsxparltxazxmk.supabase.co/storage/v1/object/public/bets-pdf/1378113_hdp_15.02.2026%2520Udinese%2520vs%2520Sassuolo.pdf
2026-02-16,Serie A,Torino,Bologna,AH,7,175,21.75,12.4,https://wykjlhbsxparltxazxmk.supabase.co/storage/v1/object/public/bets-pdf/1378112_hdp_15.02.2026%2520Torino%2520vs%2520Bologna.pdf
2026-02-16,Bundesliga,FC Augsburg,1. FC Heidenheim,AH,10,250,-195.5,-78.2,https://wykjlhbsxparltxazxmk.supabase.co/storage/v1/object/public/bets-pdf/1388497_hdp_15.02.2026%2520Augsburg%2520vs%2520FC%2520Heidenheim%25201846.pdf
2026-02-16,Ligue 1,Lyon,Nice,AH,12,300,-170.5,-56.8,https://wykjlhbsxparltxazxmk.supabase.co/storage/v1/object/public/bets-pdf/1387890_hdp_15.02.2026%2520Olympique%2520Lyonnais%2520vs%2520OGC%2520Nice.pdf
2026-02-16,Ligue 1,Lorient,Angers,AH,12,300,200.75,66.9,https://wykjlhbsxparltxazxmk.supabase.co/storage/v1/object/public/bets-pdf/1387889_hdp_15.02.2026%2520Lorient%2520vs%2520Angers.pdf
2026-02-16,Ligue 1,Le Havre,Toulouse,AH,7,175,125.13,71.5,https://wykjlhbsxparltxazxmk.supabase.co/storage/v1/object/public/bets-pdf/1387887_hdp_15.02.2026%2520Le%2520Havre%2520vs%2520Toulouse.pdf
2026-02-16,Ligue 1,Metz,Auxerre,AH,3,75,44,58.7,https://wykjlhbsxparltxazxmk.supabase.co/storage/v1/object/public/bets-pdf/1387892_hdp_15.02.2026%2520Metz%2520vs%2520AJ%2520Auxerre.pdf
2026-02-16,Bundesliga,RB Leipzig,VfL Wolfsburg,AH,10,250,-204.5,-81.8,https://wykjlhbsxparltxazxmk.supabase.co/storage/v1/object/public/bets-pdf/1388503_hdp_15.02.2026%2520RB%2520Leipzig%2520vs%2520VfL%2520Wolfsburg.pdf
2026-02-16,Bundesliga,RB Leipzig,VfL Wolfsburg,1X2,1,50,-50,-100,https://wykjlhbsxparltxazxmk.supabase.co/storage/v1/object/public/bets-pdf/1388503_1x2_15.02.2026%2520RB%2520Leipzig%2520vs%2520VfL%2520Wolfsburg%25201x2.pdf
2026-02-16,La Liga,Mallorca,Real Betis,AH,10,250,-87,-34.8,https://wykjlhbsxparltxazxmk.supabase.co/storage/v1/object/public/bets-pdf/1391054_hdp_15.02.2026%2520RCD%2520Mallorca%2520vs%2520Real%2520Betis.pdf
2026-02-16,La Liga,Rayo Vallecano,Atletico Madrid,AH,12,300,288,96,https://wykjlhbsxparltxazxmk.supabase.co/storage/v1/object/public/bets-pdf/1391055_hdp_15.02.2026%2520Rayo%2520Vallecano%2520vs%2520Atletico%2520de%2520Madrid.pdf
2026-02-16,La Liga,Oviedo,Athletic Club,AH,6,149,-147.5,-99,https://wykjlhbsxparltxazxmk.supabase.co/storage/v1/object/public/bets-pdf/1391057_hdp_15.02.2026%2520Real%2520Oviedo%2520vs%2520Athletic%2520Bilbao%25201x2.pdf
2026-02-16,La Liga,Oviedo,Athletic Club,1X2,1,100,161,161,https://wykjlhbsxparltxazxmk.supabase.co/storage/v1/object/public/bets-pdf/1391057_1x2_15.02.2026%2520Real%2520Oviedo%2520vs%2520Athletic%2520Bilbao%25201x2.pdf
2026-02-17,La Liga,Girona,Barcelona,AH,6,300,283,94.3,https://wykjlhbsxparltxazxmk.supabase.co/storage/v1/object/public/bets-pdf/1391052_hdp_16.02.2026%2520Girona%2520vs%2520Barcelona.pdf
2026-02-17,Serie A,Cagliari,Lecce,AH,3,150,110.5,73.7,https://wykjlhbsxparltxazxmk.supabase.co/storage/v1/object/public/bets-pdf/1378104_hdp_16.02.2026%2520Cagliari%2520vs%2520Lecce.pdf
2026-02-22,Bundesliga,Union Berlin,Bayer Leverkusen,1X2,2,146,298.9,204.7,https://wykjlhbsxparltxazxmk.supabase.co/storage/v1/object/public/bets-pdf/1388513_1x2_31.01.2026%2520Bayern%2520Munchen%2520(PG)%2520vs%2520Union%2520Saint-Gilloise%2520(PG)%2520.pdf
2026-02-22,La Liga,Real Betis,Rayo Vallecano,1X2,3,211,-211,-100,https://wykjlhbsxparltxazxmk.supabase.co/storage/v1/object/public/bets-pdf/1391063_1x2_01.02.2026%2520Real%2520Madrid%2520vs%2520Rayo%2520Vallecano.pdf
2026-02-22,UEFA Champions League,Benfica,Real Madrid,AH,6,300,-293.5,-97.8,https://wykjlhbsxparltxazxmk.supabase.co/storage/v1/object/public/bets-pdf/1515515_hdp_17.02.2026%2520Benfica%2520vs%2520Real%2520Madrid.pdf
2026-02-22,UEFA Champions League,Qarabag,Newcastle,AH,4,40,22.8,57,https://wykjlhbsxparltxazxmk.supabase.co/storage/v1/object/public/bets-pdf/1515518_hdp_18.02.2026%2520FK%2520Qarabag%2520vs%2520Newcastle%2520United.pdf
2026-02-22,Serie A,AC Milan,Como,AH,19,190,-177.2,-93.3,https://wykjlhbsxparltxazxmk.supabase.co/storage/v1/object/public/bets-pdf/1378100_hdp_18.02.2026%2520AC%2520Milan%2520vs%2520Como%2520.pdf
2026-02-22,Premier League,Wolves,Arsenal,AH,16,160,-158.8,-99.2,https://wykjlhbsxparltxazxmk.supabase.co/storage/v1/object/public/bets-pdf/1379278_hdp_18.02.2026%2520Wolverhampton%2520Wanderers%2520vs%2520Arsenal.pdf
2026-02-22,Serie A,Sassuolo,Verona,AH,1,15,15,100,https://wykjlhbsxparltxazxmk.supabase.co/storage/v1/object/public/bets-pdf/1378123_hdp_20.02.2026%2520Sassuolo%2520vs%2520Verona.pdf
2026-02-22,Premier League,Crystal Palace,Wolves,1X2,1,100,156,156,https://wykjlhbsxparltxazxmk.supabase.co/storage/v1/object/public/bets-pdf/1379232_1x2_22.02.2026%2520Crystal%2520Palace%2520vs%2520Wolverhampton%2520Wanderers.pdf
2026-02-22,Ligue 1,Auxerre,Rennes,AH,1,25,-25,-100,https://wykjlhbsxparltxazxmk.supabase.co/storage/v1/object/public/bets-pdf/1387897_hdp_22.02.2026%2520AJ%2520Auxerre%2520vs%2520Stade%2520Rennais.pdf
2026-02-22,Ligue 1,Nantes,Le Havre,AH,1,35,35,100,https://wykjlhbsxparltxazxmk.supabase.co/storage/v1/object/public/bets-pdf/1387900_hdp_22.02.2026%2520Nantes%2520vs%2520Le%2520Havre.pdf
2026-02-22,Bundesliga,FC St. Pauli,Werder Bremen,1X2,1,152,299.44,197,https://wykjlhbsxparltxazxmk.supabase.co/storage/v1/object/public/bets-pdf/1388512_1x2_22.02.2026%2520St.%2520Pauli%2520vs%2520Werder%2520Bremen.pdf
2026-02-22,La Liga,Celta Vigo,Mallorca,1X2,3,217,299.46,138,https://wykjlhbsxparltxazxmk.supabase.co/storage/v1/object/public/bets-pdf/1391064_1x2_22.02.2026%2520Celta%2520Vigo%2520vs%2520RCD%2520Mallorca.pdf
2026-02-22,Serie A,AC Milan,Parma,1X2,2,200,-200,-100,https://wykjlhbsxparltxazxmk.supabase.co/storage/v1/object/public/bets-pdf/1378121_1x2_22.02.2026%2520AC%2520Milan%2520vs%2520Parma.pdf
2026-02-22,Bundesliga,1. FC Heidenheim,VfB Stuttgart,1X2,2,161,-161,-100,https://wykjlhbsxparltxazxmk.supabase.co/storage/v1/object/public/bets-pdf/1388509_1x2_22.02.2026%2520FC%2520Heidenheim%25201846%2520vs%2520VfB%2520Stuttgart.pdf
2026-02-23,Serie A,AS Roma,Cremonese,AH,1,25,-1.25,-5,https://wykjlhbsxparltxazxmk.supabase.co/storage/v1/object/public/bets-pdf/1378122_hdp_22.01.2026%2520AS%2520Roma%2520vs%2520Cremonese.pdf
2026-02-23,Serie A,Bologna,Udinese,1X2,1,100,192,192,https://wykjlhbsxparltxazxmk.supabase.co/storage/v1/object/public/bets-pdf/1378115_1x2_23.02.2026%2520Bologna%2520vs%2520Udinese.pdf
2026-02-25,UEFA Champions League,Bayer Leverkusen,Olympiakos Piraeus,1X2,2,200,-200,-100,https://wykjlhbsxparltxazxmk.supabase.co/storage/v1/object/public/bets-pdf/1515523_1x2_24.02.2026%2520Bayer%252004%2520Leverkusen%2520vs%2520Olympiacos.pdf
2026-02-25,UEFA Champions League,Inter,Bodo/Glimt,1X2,2,200,-200,-100,https://wykjlhbsxparltxazxmk.supabase.co/storage/v1/object/public/bets-pdf/1515524_1x2_24.02.2026%2520Inter%2520Milan%2520vs%2520Bodo%2520Glimt.pdf
2026-02-28,Bundesliga,FC Augsburg,1. FC Köln,1X2,3,218,298.84,137.1,https://wykjlhbsxparltxazxmk.supabase.co/storage/v1/object/public/bets-pdf/1388515_1x2_27.02.2026%2520Augsburg%2520vs%2520FC%2520Koln.pdf
2026-02-28,Bundesliga,Borussia Mönchengladbach,Union Berlin,OU,2,200,298,149,https://wykjlhbsxparltxazxmk.supabase.co/storage/v1/object/public/bets-pdf/1388517_ou_24.01.2026%2520Union%2520Berlin%2520vs%2520Borussia%2520Dortmund.pdf
2026-02-28,Ligue 1,Monaco,Angers,OU,3,300,206,68.7,https://wykjlhbsxparltxazxmk.supabase.co/storage/v1/object/public/bets-pdf/1387910_ou_28.01.2026%2520AS%2520Monaco%2520vs%2520Angers.pdf
2026-03-01,Serie A,Sassuolo,Atalanta,1X2,3,233,-233,-100,https://wykjlhbsxparltxazxmk.supabase.co/storage/v1/object/public/bets-pdf/1378130_1x2_01.03.2026%2520Sassuolo%2520vs%2520Atalanta.pdf
2026-03-01,Premier League,Manchester United,Crystal Palace,1X2,2,133,262.96,197.7,https://wykjlhbsxparltxazxmk.supabase.co/storage/v1/object/public/bets-pdf/1379246_1x2_01.03.2026%2520Manchester%2520United%2520vs%2520Crystal%2520Palace.pdf
2026-03-01,La Liga,Elche,Espanyol,OU,1,40,19.4,48.5,https://wykjlhbsxparltxazxmk.supabase.co/storage/v1/object/public/bets-pdf/1391071_ou_01.03.2026%2520Elche%2520vs%2520RCD%2520Espanyol%2520(OU).pdf
2026-03-01,La Liga,Elche,Espanyol,1X2,1,50,-50,-100,https://wykjlhbsxparltxazxmk.supabase.co/storage/v1/object/public/bets-pdf/1391071_1x2_01.03.2026%2520Elche%2520vs%2520RCD%2520Espanyol%2520(OU).pdf
2026-03-01,La Liga,Valencia,Osasuna,1X2,2,171,299.25,175,https://wykjlhbsxparltxazxmk.supabase.co/storage/v1/object/public/bets-pdf/1391078_1x2_01.03.2026%2520Valencia%2520CF%2520vs%2520CA%2520Osasuna.pdf
2026-03-01,Premier League,Arsenal,Chelsea,OU,3,300,288,96,https://wykjlhbsxparltxazxmk.supabase.co/storage/v1/object/public/bets-pdf/1379239_ou_01.03.2026%2520Arsenal%2520vs%2520Chelsea.pdf
2026-03-03,Serie A,Pisa,Bologna,1X2,4,240,290.8,121.2,https://wykjlhbsxparltxazxmk.supabase.co/storage/v1/object/public/bets-pdf/1378128_1x2_02.03.2026%2520Pisa%2520vs%2520Bologna.pdf
2026-03-03,La Liga,Real Madrid,Getafe,1X2,2,151,-151,-100,https://wykjlhbsxparltxazxmk.supabase.co/storage/v1/object/public/bets-pdf/1391076_1x2_23.04.2026%2520Real%2520Sociedad%2520vs%2520Getafe%2520CF%2520(1x2).pdf
2026-03-05,Premier League,Leeds,Sunderland,1X2,3,300,-300,-100,https://wykjlhbsxparltxazxmk.supabase.co/storage/v1/object/public/bets-pdf/1379254_1x2_03.03.2026%2520Leeds%2520United%2520vs%2520Sunderland.pdf
2026-03-05,Premier League,Bournemouth,Brentford,1X2,1,100,-100,-100,https://wykjlhbsxparltxazxmk.supabase.co/storage/v1/object/public/bets-pdf/1379250_1x2_03.03.2026%2520AFC%2520Bournemouth%2520vs%2520Brentford.pdf
2026-03-05,Premier League,Newcastle,Manchester United,1X2,1,100,-100,-100,https://wykjlhbsxparltxazxmk.supabase.co/storage/v1/object/public/bets-pdf/1379256_1x2_04.03.2026%2520Newcastle%2520United%2520vs%2520Manchester%2520United.pdf
2026-03-06,La Liga,Celta Vigo,Real Madrid,1X2,1,100,156,156,https://wykjlhbsxparltxazxmk.supabase.co/storage/v1/object/public/bets-pdf/1391081_1x2_12.04.2026%2520Celta%2520Vigo%2520vs%2520Real%2520Oviedo%2520(1x2).pdf
2026-03-11,La Liga,Levante,Girona,1X2,1,100,-100,-100,https://wykjlhbsxparltxazxmk.supabase.co/storage/v1/object/public/bets-pdf/1391084_1x2_07.03.2026%2520Levante%2520UD%2520vs%2520Girona.pdf
2026-03-11,Bundesliga,SC Freiburg,Bayer Leverkusen,1X2,1,100,-100,-100,https://wykjlhbsxparltxazxmk.supabase.co/storage/v1/object/public/bets-pdf/1388526_1x2_07.03.2026%2520SC%2520Freiburg%2520vs%2520Bayer%252004%2520Leverkusen.pdf
2026-03-11,Bundesliga,VfL Wolfsburg,Hamburger SV,1X2,1,100,-100,-100,https://wykjlhbsxparltxazxmk.supabase.co/storage/v1/object/public/bets-pdf/1388532_1x2_07.03.2026%2520VfL%2520Wolfsburg%2520vs%2520Hamburger%2520SV.pdf
2026-03-11,Ligue 1,Lyon,Paris FC,1X2,3,300,-300,-100,https://wykjlhbsxparltxazxmk.supabase.co/storage/v1/object/public/bets-pdf/1387918_1x2_08.03.2026%2520Olympique%2520Lyonnais%2520vs%2520Paris%2520FC.pdf
2026-03-11,La Liga,Valencia,Alaves,1X2,3,300,299.96,100,https://wykjlhbsxparltxazxmk.supabase.co/storage/v1/object/public/bets-pdf/1391087_1x2_08.03.2026%2520Valencia%2520CF%2520vs%2520Deportivo%2520Alaves.pdf
2026-03-11,La Liga,Getafe,Real Betis,1X2,1,100,-100,-100,https://wykjlhbsxparltxazxmk.supabase.co/storage/v1/object/public/bets-pdf/1391083_1x2_23.04.2026%2520Real%2520Sociedad%2520vs%2520Getafe%2520CF%2520(1x2).pdf
2026-03-11,UEFA Champions League,Newcastle,Barcelona,1X2,2,171,-171,-100,https://wykjlhbsxparltxazxmk.supabase.co/storage/v1/object/public/bets-pdf/1528319_1x2_10.03.2026%2520Newcastle%2520United%2520vs%2520Barcelona.pdf
2026-03-11,UEFA Champions League,Bayer Leverkusen,Arsenal,1X2,2,111,299.57,269.9,https://wykjlhbsxparltxazxmk.supabase.co/storage/v1/object/public/bets-pdf/1528322_1x2_11.03.2026%2520Bayer%252004%2520Leverkusen%2520vs%2520Arsenal%2520(OU).pdf
2026-03-12,UEFA Champions League,Bodo/Glimt,Sporting CP,1X2,3,243,298.89,123,https://wykjlhbsxparltxazxmk.supabase.co/storage/v1/object/public/bets-pdf/1528325_1x2_11.03.2026%2520Bodo%2520Glimt%2520vs%2520Sporting%2520Lisbon.pdf
2026-03-12,UEFA Champions League,Paris Saint Germain,Chelsea,OU,3,300,242,80.7,https://wykjlhbsxparltxazxmk.supabase.co/storage/v1/object/public/bets-pdf/1528320_ou_11.03.2026%2520Paris%2520Saint%2520Germain%2520vs%2520Chelsea.pdf
2026-03-12,UEFA Champions League,Real Madrid,Manchester City,OU,3,300,-300,-100,https://wykjlhbsxparltxazxmk.supabase.co/storage/v1/object/public/bets-pdf/1528318_ou_11.03.2026%2520Real%2520Madrid%2520vs%2520Manchester%2520City.pdf
2026-03-17,Bundesliga,Bayer Leverkusen,Bayern München,1X2,2,200,-200,-100,https://wykjlhbsxparltxazxmk.supabase.co/storage/v1/object/public/bets-pdf/1388533_1x2_16.04.2026%2520Bayern%2520Munchen%2520vs%2520Real%2520Madrid%2520(1x2).pdf
2026-03-17,Bundesliga,1899 Hoffenheim,VfL Wolfsburg,1X2,3,300,-300,-100,https://wykjlhbsxparltxazxmk.supabase.co/storage/v1/object/public/bets-pdf/1388539_1x2_14.03.2026%2520TSG%25201899%2520Hoffenheim%2520vs%2520VfL%2520Wolfsburg.pdf
2026-03-17,Premier League,Sunderland,Brighton,1X2,3,300,299.28,99.8,https://wykjlhbsxparltxazxmk.supabase.co/storage/v1/object/public/bets-pdf/1379267_1x2_14.03.2026%2520Sunderland%2520vs%2520Brighton%2520&%2520Hove%2520Albion.pdf
2026-03-17,Premier League,Burnley,Bournemouth,1X2,3,250,-250,-100,https://wykjlhbsxparltxazxmk.supabase.co/storage/v1/object/public/bets-pdf/1379261_1x2_14.03.2026%2520Burnley%2520vs%2520AFC%2520Bournemouth.pdf
2026-03-17,Serie A,Napoli,Lecce,1X2,3,222,298.82,134.6,https://wykjlhbsxparltxazxmk.supabase.co/storage/v1/object/public/bets-pdf/1378148_1x2_14.03.2026%2520Napoli%2520vs%2520Lecce.pdf
2026-03-17,Ligue 1,Lorient,Lens,1X2,2,168,-168,-100,https://wykjlhbsxparltxazxmk.supabase.co/storage/v1/object/public/bets-pdf/1387925_1x2_14.03.2026%2520Lorient%2520vs%2520RC%2520Lens.pdf
2026-03-17,La Liga,Girona,Athletic Club,OU,1,21,19.11,91,https://wykjlhbsxparltxazxmk.supabase.co/storage/v1/object/public/bets-pdf/1391093_ou_14.03.2026%2520Girona%2520vs%2520Athletic%2520Bilbao%2520(OU).pdf
2026-03-17,La Liga,Girona,Athletic Club,1X2,1,100,95.15,95.2,https://wykjlhbsxparltxazxmk.supabase.co/storage/v1/object/public/bets-pdf/1391093_1x2_14.03.2026%2520Girona%2520vs%2520Athletic%2520Bilbao%2520(1x2).pdf
2026-03-17,Serie A,Como,AS Roma,1X2,2,200,-200,-100,https://wykjlhbsxparltxazxmk.supabase.co/storage/v1/object/public/bets-pdf/1378144_1x2_15.03.2026%2520Como%2520vs%2520AS%2520Roma.pdf
2026-03-17,Bundesliga,VfB Stuttgart,RB Leipzig,1X2,2,175,299,170.9,https://wykjlhbsxparltxazxmk.supabase.co/storage/v1/object/public/bets-pdf/1388540_1x2_15.03.2026%2520VfB%2520Stuttgart%2520vs%2520RB%2520Leipzig.pdf
2026-03-17,La Liga,Rayo Vallecano,Levante,1X2,2,200,-200,-100,https://wykjlhbsxparltxazxmk.supabase.co/storage/v1/object/public/bets-pdf/1391095_1x2_16.03.2026%2520Rayo%2520Vallecano%2520vs%2520Levante%2520UD.pdf
2026-03-17,UEFA Champions League,Chelsea,Paris Saint Germain,AH,3,300,300,100,https://wykjlhbsxparltxazxmk.supabase.co/storage/v1/object/public/bets-pdf/1528328_hdp_17.03.2026%2520Chelsea%2520vs%2520Paris%2520Saint%2520Germain.pdf
2026-03-17,UEFA Champions League,Arsenal,Bayer Leverkusen,AH,3,300,0,0,https://wykjlhbsxparltxazxmk.supabase.co/storage/v1/object/public/bets-pdf/1528330_hdp_17.03.2026%2520Arsenal%2520vs%2520Bayer%252004%2520Leverkusen.pdf
2026-03-17,UEFA Champions League,Manchester City,Real Madrid,OU,3,300,144,48,https://wykjlhbsxparltxazxmk.supabase.co/storage/v1/object/public/bets-pdf/1528326_ou_11.03.2026%2520Real%2520Madrid%2520vs%2520Manchester%2520City.pdf
2026-03-18,UEFA Champions League,Barcelona,Newcastle,AH,3,300,250.41,83.5,https://wykjlhbsxparltxazxmk.supabase.co/storage/v1/object/public/bets-pdf/1528327_hdp_18.03.2026%2520Barcelona%2520vs%2520Newcastle%2520United.pdf
2026-03-18,UEFA Champions League,Tottenham,Atletico Madrid,1X2,2,192,299.52,156,https://wykjlhbsxparltxazxmk.supabase.co/storage/v1/object/public/bets-pdf/1528331_1x2_18.03.2026%2520Tottenham%2520Hotspur%2520vs%2520Atletico%2520de%2520Madrid.pdf
2026-03-23,Bundesliga,1. FC Heidenheim,Bayer Leverkusen,AH,3,300,-300,-100,https://wykjlhbsxparltxazxmk.supabase.co/storage/v1/object/public/bets-pdf/1388546_hdp_21.03.2026%2520FC%2520Heidenheim%25201846%2520vs%2520Bayer%252004%2520Leverkusen.pdf
2026-03-23,Premier League,Fulham,Burnley,OU,3,293,-293,-100,https://wykjlhbsxparltxazxmk.supabase.co/storage/v1/object/public/bets-pdf/1379273_ou_21.03.2026%2520Fulham%2520vs%2520Burnley.pdf
2026-03-23,Premier League,Everton,Chelsea,AH,3,300,-263,-87.7,https://wykjlhbsxparltxazxmk.supabase.co/storage/v1/object/public/bets-pdf/1379272_hdp_21.03.2026%2520Everton%2520vs%2520Chelsea.pdf
2026-03-23,Bundesliga,Borussia Dortmund,Hamburger SV,AH,3,300,-150,-50,https://wykjlhbsxparltxazxmk.supabase.co/storage/v1/object/public/bets-pdf/1388544_hdp_21.03.2026%2520Borussia%2520Dortmund%2520vs%2520Hamburger%2520SV.pdf
2026-03-23,Ligue 1,Toulouse,Lorient,AH,3,300,-294,-98,https://wykjlhbsxparltxazxmk.supabase.co/storage/v1/object/public/bets-pdf/1387940_hdp_21.03.2026%2520Toulouse%2520vs%2520Lorient.pdf
2026-03-23,Ligue 1,Auxerre,Stade Brestois 29,1X2,2,200,272,136,https://wykjlhbsxparltxazxmk.supabase.co/storage/v1/object/public/bets-pdf/1387932_1x2_22.02.2026%2520AJ%2520Auxerre%2520vs%2520Stade%2520Rennais.pdf
2026-03-23,Ligue 1,Nice,Paris Saint Germain,AH,3,300,279,93,https://wykjlhbsxparltxazxmk.supabase.co/storage/v1/object/public/bets-pdf/1387937_hdp_21.03.2026%2520OGC%2520Nice%2520vs%2520Paris%2520Saint%2520Germain.pdf
2026-03-23,Serie A,AC Milan,Torino,AH,3,300,-150,-50,https://wykjlhbsxparltxazxmk.supabase.co/storage/v1/object/public/bets-pdf/1378161_hdp_21.03.2026%2520AC%2520Milan%2520vs%2520Torino.pdf
2026-03-23,La Liga,Espanyol,Getafe,OU,3,300,255,85,https://wykjlhbsxparltxazxmk.supabase.co/storage/v1/object/public/bets-pdf/1391103_ou_21.03.2026%2520RCD%2520Espanyol%2520vs%2520Getafe%2520CF.pdf
2026-03-23,La Liga,Levante,Oviedo,OU,3,300,290,96.7,https://wykjlhbsxparltxazxmk.supabase.co/storage/v1/object/public/bets-pdf/1391104_ou_21.03.2026%2520Levante%2520UD%2520vs%2520Real%2520Oviedo.pdf
2026-03-23,La Liga,Elche,Mallorca,1X2,3,300,299.6,99.9,https://wykjlhbsxparltxazxmk.supabase.co/storage/v1/object/public/bets-pdf/1391102_1x2_21.03.2026%2520Elche%2520vs%2520RCD%2520Mallorca.pdf
2026-03-23,La Liga,Osasuna,Girona,AH,3,300,300,100,https://wykjlhbsxparltxazxmk.supabase.co/storage/v1/object/public/bets-pdf/1391105_hdp_21.03.2026%2520CA%2520Osasuna%2520vs%2520Girona.pdf
2026-03-23,Premier League,Brighton,Liverpool,1X2,1,37,-37,-100,https://wykjlhbsxparltxazxmk.supabase.co/storage/v1/object/public/bets-pdf/1379271_1x2_21.03.2026%2520Brighton%2520&%2520Hove%2520Albion%2520vs%2520Liverpool.pdf
2026-03-23,Serie A,Parma,Cremonese,1X2,2,165,-165,-100,https://wykjlhbsxparltxazxmk.supabase.co/storage/v1/object/public/bets-pdf/1378162_1x2_21.03.2026%2520Parma%2520vs%2520Cremonese.pdf
2026-04-10,La Liga,Real Madrid,Girona,AH,4,900,777,86.3,https://wykjlhbsxparltxazxmk.supabase.co/storage/v1/object/public/bets-pdf/1391126_hdp_11.04.2026%2520Real%2520Madrid%2520vs%2520Girona.pdf
2026-04-10,La Liga,Real Madrid,Girona,1X2,1,100,-100,-100,https://wykjlhbsxparltxazxmk.supabase.co/storage/v1/object/public/bets-pdf/1391126_1x2_11.04.2026%2520Real%2520Madrid%2520vs%2520Girona%2520(1x2).pdf
2026-04-10,Bundesliga,FC Augsburg,1899 Hoffenheim,1X2,2,200,82,41,https://wykjlhbsxparltxazxmk.supabase.co/storage/v1/object/public/bets-pdf/1388560_1x2_11.04.2026%2520Augsburg%2520vs%2520TSG%25201899%2520Hoffenheim.pdf
2026-04-10,Serie A,Lazio,Parma,1X2,1,100,-100,-100,https://wykjlhbsxparltxazxmk.supabase.co/storage/v1/object/public/bets-pdf/1378167_1x2_04.04.2026%2520Lazio%2520vs%2520Parma.pdf
2026-04-10,Ligue 1,Strasbourg,Nice,1X2,1,100,123,123,https://wykjlhbsxparltxazxmk.supabase.co/storage/v1/object/public/bets-pdf/1387949_1x2_04.04.2026%2520RC%2520Strasbourg%2520vs%2520OGC%2520Nice%2520(1x2).pdf
2026-04-10,La Liga,Real Sociedad,Levante,1X2,1,100,63,63,https://wykjlhbsxparltxazxmk.supabase.co/storage/v1/object/public/bets-pdf/1391116_1x2_04.04.2026%2520Real%2520Sociedad%2520vs%2520Levante%2520UD%2520(1x2).pdf
2026-04-10,Serie A,Sassuolo,Cagliari,1X2,1,100,-100,-100,https://wykjlhbsxparltxazxmk.supabase.co/storage/v1/object/public/bets-pdf/1378171_1x2_04.04.2026%2520Sassuolo%2520vs%2520Cagliari%2520(1x2).pdf
2026-04-10,Serie A,Sassuolo,Cagliari,OU,1,100,100,100,https://wykjlhbsxparltxazxmk.supabase.co/storage/v1/object/public/bets-pdf/1378171_ou_04.04.2026%2520Sassuolo%2520vs%2520Cagliari%2520(OU).pdf
2026-04-10,La Liga,Alaves,Osasuna,1X2,2,200,-200,-100,https://wykjlhbsxparltxazxmk.supabase.co/storage/v1/object/public/bets-pdf/1391109_1x2_05.04.2026%2520Deportivo%2520Alaves%2520vs%2520CA%2520Osasuna.pdf
2026-04-10,La Liga,Getafe,Athletic Club,1X2,2,200,152,76,https://wykjlhbsxparltxazxmk.supabase.co/storage/v1/object/public/bets-pdf/1391112_1x2_05.04.2026%2520Getafe%2520CF%2520vs%2520Athletic%2520Bilbao.pdf
2026-04-10,Ligue 1,Lorient,Paris FC,1X2,2,200,-200,-100,https://wykjlhbsxparltxazxmk.supabase.co/storage/v1/object/public/bets-pdf/1387945_1x2_05.04.2026%2520Lorient%2520vs%2520Paris%2520FC%2520.pdf
2026-04-10,La Liga,Girona,Villarreal,1X2,1,100,54,54,https://wykjlhbsxparltxazxmk.supabase.co/storage/v1/object/public/bets-pdf/1391113_1x2_06.04.2026%2520Girona%2520vs%2520Villarreal%2520CF.pdf
2026-04-10,Serie A,Napoli,AC Milan,1X2,1,100,-100,-100,https://wykjlhbsxparltxazxmk.supabase.co/storage/v1/object/public/bets-pdf/1378169_1x2_06.04.2026%2520Napoli%2520vs%2520AC%2520Milan.pdf
2026-04-12,La Liga,Sevilla,Atletico Madrid,1X2,1,100,46,46,https://wykjlhbsxparltxazxmk.supabase.co/storage/v1/object/public/bets-pdf/1391128_1x2_11.04.2026%2520Sevilla%2520vs%2520Atletico%2520de%2520Madrid%2520(1x2).pdf
2026-04-12,La Liga,Sevilla,Atletico Madrid,AH,3,300,96,32,https://wykjlhbsxparltxazxmk.supabase.co/storage/v1/object/public/bets-pdf/1391128_hdp_11.04.2026%2520Sevilla%2520vs%2520Atletico%2520de%2520Madrid%2520(hdp).pdf
2026-04-12,La Liga,Real Sociedad,Alaves,1X2,3,300,-27,-9,https://wykjlhbsxparltxazxmk.supabase.co/storage/v1/object/public/bets-pdf/1391127_1x2_11.04.2026%2520Real%2520Sociedad%2520vs%2520Deportivo%2520Alaves%2520(1x2).pdf
2026-04-12,La Liga,Real Sociedad,Alaves,AH,2,200,139,69.5,https://wykjlhbsxparltxazxmk.supabase.co/storage/v1/object/public/bets-pdf/1391127_hdp_25.01.2026%2520Deportivo%2520Alaves%2520vs%2520Real%2520Betis.pdf
2026-04-12,La Liga,Elche,Valencia,1X2,2,200,-72,-36,https://wykjlhbsxparltxazxmk.supabase.co/storage/v1/object/public/bets-pdf/1391122_1x2_11.04.2026%2520Elche%2520vs%2520Valencia%2520CF%2520(1x2).pdf
2026-04-12,La Liga,Elche,Valencia,OU,1,100,84,84,https://wykjlhbsxparltxazxmk.supabase.co/storage/v1/object/public/bets-pdf/1391122_ou_11.04.2026%2520Elche%2520vs%2520Valencia%2520CF%2520(ou).pdf
2026-04-12,La Liga,Elche,Valencia,AH,2,200,-75,-37.5,https://wykjlhbsxparltxazxmk.supabase.co/storage/v1/object/public/bets-pdf/1391122_hdp_11.04.2026%2520Elche%2520vs%2520Valencia%2520CF%2520(hdp).pdf
2026-04-12,Serie A,AC Milan,Udinese,1X2,2,200,170.01,85,https://wykjlhbsxparltxazxmk.supabase.co/storage/v1/object/public/bets-pdf/1378180_1x2_11.04.2026%2520AC%2520Milan%2520vs%2520Udinese%2520(1x2).pdf
2026-04-12,Serie A,AC Milan,Udinese,AH,3,300,63,21,https://wykjlhbsxparltxazxmk.supabase.co/storage/v1/object/public/bets-pdf/1378180_hdp_11.04.2026%2520AC%2520Milan%2520vs%2520Udinese%2520(hdp).pdf
2026-04-12,Serie A,Cagliari,Cremonese,1X2,2,200,63,31.5,https://wykjlhbsxparltxazxmk.supabase.co/storage/v1/object/public/bets-pdf/1378176_1x2_11.04.2026%2520Cagliari%2520vs%2520Cremonese%2520(1x2).pdf
2026-04-12,Serie A,Cagliari,Cremonese,AH,3,300,32.5,10.8,https://wykjlhbsxparltxazxmk.supabase.co/storage/v1/object/public/bets-pdf/1378176_hdp_11.04.2026%2520Cagliari%2520vs%2520Cremonese%2520(hdp).pdf
2026-04-12,Serie A,Torino,Hellas Verona,1X2,2,200,-61,-30.5,https://wykjlhbsxparltxazxmk.supabase.co/storage/v1/object/public/bets-pdf/1378183_1x2_11.04.2026%2520Torino%2520vs%2520Verona%2520(1x2).pdf
2026-04-12,Serie A,Torino,Hellas Verona,AH,1,100,0,0,https://wykjlhbsxparltxazxmk.supabase.co/storage/v1/object/public/bets-pdf/1378183_hdp_11.04.2026%2520Torino%2520vs%2520Verona%2520(hdp).pdf
2026-04-12,Serie A,Atalanta,Juventus,1X2,3,300,172,57.3,https://wykjlhbsxparltxazxmk.supabase.co/storage/v1/object/public/bets-pdf/1378174_1x2_11.04.2026%2520Atalanta%2520vs%2520Juventus%2520(1x2).pdf
2026-04-12,Serie A,Atalanta,Juventus,OU,2,200,-17,-8.5,https://wykjlhbsxparltxazxmk.supabase.co/storage/v1/object/public/bets-pdf/1378174_ou_11.04.2026%2520Atalanta%2520vs%2520Juventus%2520(ou).pdf
2026-04-12,Serie A,Atalanta,Juventus,AH,2,200,-55,-27.5,https://wykjlhbsxparltxazxmk.supabase.co/storage/v1/object/public/bets-pdf/1378174_hdp_11.04.2026%2520Atalanta%2520vs%2520Juventus%2520(hdp).pdf
2026-04-12,Ligue 1,Rennes,Angers,OU,2,200,-200,-100,https://wykjlhbsxparltxazxmk.supabase.co/storage/v1/object/public/bets-pdf/1387957_ou_11.04.2026%2520Stade%2520Rennais%2520vs%2520Angers%2520(ou).pdf
2026-04-12,Ligue 1,Rennes,Angers,AH,1,100,-50,-50,https://wykjlhbsxparltxazxmk.supabase.co/storage/v1/object/public/bets-pdf/1387957_hdp_11.04.2026%2520Stade%2520Rennais%2520vs%2520Angers%2520(hdp).pdf
2026-04-12,Ligue 1,Auxerre,Nantes,1X2,2,200,64,32,https://wykjlhbsxparltxazxmk.supabase.co/storage/v1/object/public/bets-pdf/1387950_1x2_11.04.2026%2520AJ%2520Auxerre%2520vs%2520Nantes%2520(1x2).pdf
2026-04-12,Ligue 1,Auxerre,Nantes,AH,2,200,142,71,https://wykjlhbsxparltxazxmk.supabase.co/storage/v1/object/public/bets-pdf/1387950_hdp_11.04.2026%2520AJ%2520Auxerre%2520vs%2520Nantes%2520(hdp).pdf
2026-04-12,Bundesliga,FC St. Pauli,Bayern München,AH,1,100,87,87,https://wykjlhbsxparltxazxmk.supabase.co/storage/v1/object/public/bets-pdf/1388566_hdp_11.04.2026%2520St.%2520Pauli%2520vs%2520Bayern%2520Munchen%2520(hdp).pdf
2026-04-12,Bundesliga,VfL Wolfsburg,Eintracht Frankfurt,1X2,1,100,65,65,https://wykjlhbsxparltxazxmk.supabase.co/storage/v1/object/public/bets-pdf/1388568_1x2_11.04.2026%2520VfL%2520Wolfsburg%2520vs%2520Eintracht%2520Frankfurt%2520(1x2).pdf
2026-04-12,Bundesliga,VfL Wolfsburg,Eintracht Frankfurt,AH,2,200,43,21.5,https://wykjlhbsxparltxazxmk.supabase.co/storage/v1/object/public/bets-pdf/1388568_hdp_11.04.2026%2520VfL%2520Wolfsburg%2520vs%2520Eintracht%2520Frankfurt%2520(hdp).pdf
2026-04-12,Bundesliga,RB Leipzig,Borussia Mönchengladbach,1X2,2,200,-91,-45.5,https://wykjlhbsxparltxazxmk.supabase.co/storage/v1/object/public/bets-pdf/1388565_1x2_11.04.2026%2520RB%2520Leipzig%2520vs%2520Borussia%2520Monchengladbach%2520(1x2).pdf
2026-04-12,Bundesliga,RB Leipzig,Borussia Mönchengladbach,OU,1,100,77,77,https://wykjlhbsxparltxazxmk.supabase.co/storage/v1/object/public/bets-pdf/1388565_ou_11.04.2026%2520RB%2520Leipzig%2520vs%2520Borussia%2520Monchengladbach%2520(ou).pdf
2026-04-12,Bundesliga,RB Leipzig,Borussia Mönchengladbach,AH,2,200,-50,-25,https://wykjlhbsxparltxazxmk.supabase.co/storage/v1/object/public/bets-pdf/1388565_hdp_11.04.2026%2520RB%2520Leipzig%2520vs%2520Borussia%2520Monchengladbach%2520(hdp).pdf
2026-04-12,Bundesliga,1. FC Heidenheim,Union Berlin,1X2,1,100,71,71,https://wykjlhbsxparltxazxmk.supabase.co/storage/v1/object/public/bets-pdf/1388563_1x2_11.04.2026%2520FC%2520Heidenheim%25201846%2520vs%2520Union%2520Berlin%2520(1x2).pdf
2026-04-12,Bundesliga,1. FC Heidenheim,Union Berlin,AH,3,300,-154,-51.3,https://wykjlhbsxparltxazxmk.supabase.co/storage/v1/object/public/bets-pdf/1388563_hdp_11.04.2026%2520FC%2520Heidenheim%25201846%2520vs%2520Union%2520Berlin%2520(hdp).pdf
2026-04-12,Bundesliga,Borussia Dortmund,Bayer Leverkusen,1X2,2,200,-18,-9,https://wykjlhbsxparltxazxmk.supabase.co/storage/v1/object/public/bets-pdf/1388561_1x2_11.04.2026%2520Borussia%2520Dortmund%2520vs%2520Bayer%252004%2520Leverkusen%2520(1x2).pdf
2026-04-12,Bundesliga,Borussia Dortmund,Bayer Leverkusen,AH,3,300,249,83,https://wykjlhbsxparltxazxmk.supabase.co/storage/v1/object/public/bets-pdf/1388561_hdp_11.04.2026%2520Borussia%2520Dortmund%2520vs%2520Bayer%252004%2520Leverkusen%2520(hdp).pdf
2026-04-12,Premier League,Brentford,Everton,1X2,2,200,86,43,https://wykjlhbsxparltxazxmk.supabase.co/storage/v1/object/public/bets-pdf/1379280_1x2_11.04.2026%2520Brentford%2520vs%2520Everton%2520(1x2).pdf
2026-04-12,Premier League,Brentford,Everton,OU,2,200,169,84.5,https://wykjlhbsxparltxazxmk.supabase.co/storage/v1/object/public/bets-pdf/1379280_ou_11.04.2026%2520Brentford%2520vs%2520Everton%2520(ou).pdf
2026-04-12,Premier League,Brentford,Everton,AH,1,100,65,65,https://wykjlhbsxparltxazxmk.supabase.co/storage/v1/object/public/bets-pdf/1379280_hdp_11.04.2026%2520Brentford%2520vs%2520Everton%2520(hdp).pdf
2026-04-12,Premier League,Liverpool,Fulham,1X2,2,200,-99.62,-49.8,https://wykjlhbsxparltxazxmk.supabase.co/storage/v1/object/public/bets-pdf/1379284_1x2_11.04.2026%2520Liverpool%2520vs%2520Fulham%2520(1x2).pdf
2026-04-12,Premier League,Liverpool,Fulham,AH,2,200,-200,-100,https://wykjlhbsxparltxazxmk.supabase.co/storage/v1/object/public/bets-pdf/1379284_hdp_11.04.2026%2520Liverpool%2520vs%2520Fulham%2520(hdp).pdf
2026-04-12,Premier League,Burnley,Brighton,1X2,2,200,-79,-39.5,https://wykjlhbsxparltxazxmk.supabase.co/storage/v1/object/public/bets-pdf/1379281_1x2_11.04.2026%2520Burnley%2520vs%2520Brighton%2520&%2520Hove%2520Albion%2520(1x2).pdf
2026-04-12,Premier League,Burnley,Brighton,AH,3,300,-300,-100,https://wykjlhbsxparltxazxmk.supabase.co/storage/v1/object/public/bets-pdf/1379281_hdp_11.04.2026%2520Burnley%2520vs%2520Brighton%2520&%2520Hove%2520Albion%2520(hdp).pdf
2026-04-12,Premier League,Arsenal,Bournemouth,1X2,2,200,68,34,https://wykjlhbsxparltxazxmk.supabase.co/storage/v1/object/public/bets-pdf/1379279_1x2_11.04.2026%2520Arsenal%2520vs%2520AFC%2520Bournemouth%2520(1x2).pdf
2026-04-12,Premier League,Arsenal,Bournemouth,AH,4,400,249,62.3,https://wykjlhbsxparltxazxmk.supabase.co/storage/v1/object/public/bets-pdf/1379279_hdp_11.04.2026%2520Arsenal%2520vs%2520AFC%2520Bournemouth%2520(hdp).pdf
2026-04-13,Ligue 1,Lyon,Lorient,1X2,2,200,-83,-41.5,https://wykjlhbsxparltxazxmk.supabase.co/storage/v1/object/public/bets-pdf/1387953_1x2_12.04.2026%2520Olympique%2520Lyonnais%2520vs%2520Lorient%2520(1x2).pdf
2026-04-13,Ligue 1,Lyon,Lorient,AH,2,200,-200,-100,https://wykjlhbsxparltxazxmk.supabase.co/storage/v1/object/public/bets-pdf/1387953_hdp_12.04.2026%2520Olympique%2520Lyonnais%2520vs%2520Lorient%2520(hdp).pdf
2026-04-13,Bundesliga,FSV Mainz 05,SC Freiburg,1X2,3,300,-135,-45,https://wykjlhbsxparltxazxmk.supabase.co/storage/v1/object/public/bets-pdf/1388564_1x2_12.04.2026%2520FSV%2520Mainz%252005%2520vs%2520SC%2520Freiburg%2520(1x2).pdf
2026-04-13,Bundesliga,FSV Mainz 05,SC Freiburg,AH,3,300,16.5,5.5,https://wykjlhbsxparltxazxmk.supabase.co/storage/v1/object/public/bets-pdf/1388564_hdp_12.04.2026%2520FSV%2520Mainz%252005%2520vs%2520SC%2520Freiburg%2520(hdp).pdf
2026-04-13,La Liga,Osasuna,Real Betis,1X2,3,300,-49,-16.3,https://wykjlhbsxparltxazxmk.supabase.co/storage/v1/object/public/bets-pdf/1391125_1x2_12.04.2026%2520CA%2520Osasuna%2520vs%2520Real%2520Betis%2520(1x2).pdf
2026-04-13,La Liga,Osasuna,Real Betis,AH,3,300,168,56,https://wykjlhbsxparltxazxmk.supabase.co/storage/v1/object/public/bets-pdf/1391125_hdp_31.01.2026%2520CA%2520Osasuna%2520vs%2520Villarreal%2520CF.pdf
2026-04-13,La Liga,Athletic Club,Villarreal,1X2,2,200,-9,-4.5,https://wykjlhbsxparltxazxmk.supabase.co/storage/v1/object/public/bets-pdf/1391119_1x2_12.04.2026%2520Athletic%2520Bilbao%2520vs%2520Villarreal%2520CF%2520(1x2).pdf
2026-04-13,La Liga,Athletic Club,Villarreal,OU,1,100,45,45,https://wykjlhbsxparltxazxmk.supabase.co/storage/v1/object/public/bets-pdf/1391119_ou_12.04.2026%2520Athletic%2520Bilbao%2520vs%2520Villarreal%2520CF%2520(OU).pdf
2026-04-13,La Liga,Athletic Club,Villarreal,AH,3,300,64,21.3,https://wykjlhbsxparltxazxmk.supabase.co/storage/v1/object/public/bets-pdf/1391119_hdp_12.04.2026%2520Athletic%2520Bilbao%2520vs%2520Villarreal%2520CF%2520(hdp).pdf
2026-04-13,La Liga,Celta Vigo,Oviedo,1X2,2,200,26,13,https://wykjlhbsxparltxazxmk.supabase.co/storage/v1/object/public/bets-pdf/1391121_1x2_12.04.2026%2520Celta%2520Vigo%2520vs%2520Real%2520Oviedo%2520(1x2).pdf
2026-04-13,La Liga,Celta Vigo,Oviedo,AH,3,300,-110,-36.7,https://wykjlhbsxparltxazxmk.supabase.co/storage/v1/object/public/bets-pdf/1391121_hdp_12.04.2026%2520Celta%2520Vigo%2520vs%2520Real%2520Oviedo%2520(hdp).pdf
2026-04-13,La Liga,Mallorca,Rayo Vallecano,1X2,1,100,46,46,https://wykjlhbsxparltxazxmk.supabase.co/storage/v1/object/public/bets-pdf/1391124_1x2_12.04.2026%2520RCD%2520Mallorca%2520vs%2520Rayo%2520Vallecano%2520(1x2).pdf
2026-04-13,La Liga,Mallorca,Rayo Vallecano,AH,2,200,-30,-15,https://wykjlhbsxparltxazxmk.supabase.co/storage/v1/object/public/bets-pdf/1391124_hdp_12.04.2026%2520RCD%2520Mallorca%2520vs%2520Rayo%2520Vallecano%2520(hdp).pdf
2026-04-13,Ligue 1,Toulouse,Lille,AH,2,200,164,82,https://wykjlhbsxparltxazxmk.supabase.co/storage/v1/object/public/bets-pdf/1387958_hdp_12.04.2026%2520Toulouse%2520vs%2520Lille%2520OSC%2520(hdp).pdf
2026-04-13,Ligue 1,Toulouse,Lille,1X2,1,100,36,36,https://wykjlhbsxparltxazxmk.supabase.co/storage/v1/object/public/bets-pdf/1387958_1x2_12.04.2026%2520Toulouse%2520vs%2520Lille%2520OSC%2520(1x2).pdf
2026-04-13,Ligue 1,Nice,Le Havre,1X2,2,200,83,41.5,https://wykjlhbsxparltxazxmk.supabase.co/storage/v1/object/public/bets-pdf/1387955_1x2_12.04.2026%2520OGC%2520Nice%2520vs%2520Le%2520Havre%2520(1x2).pdf
2026-04-13,Ligue 1,Nice,Le Havre,AH,3,300,31,10.3,https://wykjlhbsxparltxazxmk.supabase.co/storage/v1/object/public/bets-pdf/1387955_hdp_12.04.2026%2520OGC%2520Nice%2520vs%2520Le%2520Havre%2520(hdp).pdf
2026-04-13,Bundesliga,1. FC Köln,Werder Bremen,1X2,1,100,15,15,https://wykjlhbsxparltxazxmk.supabase.co/storage/v1/object/public/bets-pdf/1388562_1x2_12.04.2026%2520FC%2520Koln%2520vs%2520Werder%2520Bremen%2520(1x2).pdf
2026-04-13,Bundesliga,1. FC Köln,Werder Bremen,AH,2,200,0,0,https://wykjlhbsxparltxazxmk.supabase.co/storage/v1/object/public/bets-pdf/1388562_hdp_12.04.2026%2520FC%2520Koln%2520vs%2520Werder%2520Bremen%2520(hdp).pdf
2026-04-13,Serie A,Como,Inter,OU,3,300,289,96.3,https://wykjlhbsxparltxazxmk.supabase.co/storage/v1/object/public/bets-pdf/1378177_ou_12.04.2026%2520Como%2520vs%2520Inter%2520Milan%2520(OU).pdf
2026-04-13,Serie A,Como,Inter,1X2,3,300,-165,-55,https://wykjlhbsxparltxazxmk.supabase.co/storage/v1/object/public/bets-pdf/1378177_1x2_12.04.2026%2520Como%2520vs%2520Inter%2520Milan%2520(1x2).pdf
2026-04-13,Serie A,Como,Inter,AH,3,400,45,11.3,https://wykjlhbsxparltxazxmk.supabase.co/storage/v1/object/public/bets-pdf/1378177_hdp_12.04.2026%2520Como%2520vs%2520Inter%2520Milan%2520(hdp).pdf
2026-04-13,Serie A,Genoa,Sassuolo,1X2,1,100,50,50,https://wykjlhbsxparltxazxmk.supabase.co/storage/v1/object/public/bets-pdf/1378179_1x2_12.04.2026%2520Genoa%2520vs%2520Sassuolo%2520(1x2).pdf
2026-04-13,Serie A,Genoa,Sassuolo,AH,2,200,35,17.5,https://wykjlhbsxparltxazxmk.supabase.co/storage/v1/object/public/bets-pdf/1378179_hdp_12.04.2026%2520Genoa%2520vs%2520Sassuolo%2520(hdp).pdf
2026-04-13,Premier League,Chelsea,Manchester City,1X2,1,100,-100,-100,https://wykjlhbsxparltxazxmk.supabase.co/storage/v1/object/public/bets-pdf/1379282_1x2_12.04.2026%2520Chelsea%2520vs%2520Manchester%2520City%2520(1x2).pdf
2026-04-13,Premier League,Chelsea,Manchester City,AH,1,100,-100,-100,https://wykjlhbsxparltxazxmk.supabase.co/storage/v1/object/public/bets-pdf/1379282_hdp_12.04.2026%2520Chelsea%2520vs%2520Manchester%2520City%2520(hdp).pdf
2026-04-13,Premier League,Crystal Palace,Newcastle,1X2,2,200,-200,-100,https://wykjlhbsxparltxazxmk.supabase.co/storage/v1/object/public/bets-pdf/1379283_1x2_12.04.2026%2520Crystal%2520Palace%2520vs%2520Newcastle%2520United%2520(1x2).pdf
2026-04-13,Premier League,Crystal Palace,Newcastle,AH,3,300,253,84.3,https://wykjlhbsxparltxazxmk.supabase.co/storage/v1/object/public/bets-pdf/1379283_hdp_12.04.2026%2520Crystal%2520Palace%2520vs%2520Newcastle%2520United%2520(hdp).pdf
2026-04-13,Premier League,Nottingham Forest,Aston Villa,1X2,2,200,74,37,https://wykjlhbsxparltxazxmk.supabase.co/storage/v1/object/public/bets-pdf/1379286_1x2_12.04.2026%2520Nottingham%2520Forest%2520vs%2520Aston%2520Villa%2520(1x2).pdf
2026-04-13,Premier League,Nottingham Forest,Aston Villa,AH,2,200,157,78.5,https://wykjlhbsxparltxazxmk.supabase.co/storage/v1/object/public/bets-pdf/1379286_hdp_12.04.2026%2520Nottingham%2520Forest%2520vs%2520Aston%2520Villa%2520(hdp).pdf
2026-04-13,Premier League,Sunderland,Tottenham,1X2,2,200,95,47.5,https://wykjlhbsxparltxazxmk.supabase.co/storage/v1/object/public/bets-pdf/1379287_1x2_12.04.2026%2520Sunderland%2520vs%2520Tottenham%2520Hotspur%2520(1x2).pdf
2026-04-13,Premier League,Sunderland,Tottenham,AH,3,300,70,23.3,https://wykjlhbsxparltxazxmk.supabase.co/storage/v1/object/public/bets-pdf/1379287_hdp_12.04.2026%2520Sunderland%2520vs%2520Tottenham%2520Hotspur%2520(hdp).pdf
2026-04-13,Serie A,Fiorentina,Lazio,1X2,1,100,181,181,https://wykjlhbsxparltxazxmk.supabase.co/storage/v1/object/public/bets-pdf/1378178_1x2_14.04.2026%2520Fiorentina%2520vs%2520Lazio%2520(1x2).pdf
2026-04-13,Serie A,Fiorentina,Lazio,OU,1,100,89,89,https://wykjlhbsxparltxazxmk.supabase.co/storage/v1/object/public/bets-pdf/1378178_ou_14.04.2026%2520Fiorentina%2520vs%2520Lazio%2520(ou).pdf
2026-04-13,Serie A,Fiorentina,Lazio,AH,3,300,79.85,26.6,https://wykjlhbsxparltxazxmk.supabase.co/storage/v1/object/public/bets-pdf/1378178_hdp_14.04.2026%2520Fiorentina%2520vs%2520Lazio%2520(hdp).pdf
2026-04-13,Premier League,Manchester United,Leeds,1X2,1,100,-100,-100,https://wykjlhbsxparltxazxmk.supabase.co/storage/v1/object/public/bets-pdf/1379285_1x2_14.04.2026%2520Manchester%2520United%2520vs%2520Leeds%2520United%2520(1x2).pdf
2026-04-13,Premier League,Manchester United,Leeds,AH,3,300,26.5,8.8,https://wykjlhbsxparltxazxmk.supabase.co/storage/v1/object/public/bets-pdf/1379285_hdp_14.04.2026%2520Manchester%2520United%2520vs%2520Leeds%2520United%2520(hdp).pdf
2026-04-14,UEFA Champions League,Liverpool,Paris Saint Germain,1X2,5,500,496,99.2,https://wykjlhbsxparltxazxmk.supabase.co/storage/v1/object/public/bets-pdf/1534912_1x2_15.04.20256Liverpool%2520vs%2520PSG.pdf
2026-04-15,UEFA Champions League,Bayern München,Real Madrid,1X2,3,300,-142,-47.3,https://wykjlhbsxparltxazxmk.supabase.co/storage/v1/object/public/bets-pdf/1534911_1x2_16.04.2026%2520Bayern%2520Munchen%2520vs%2520Real%2520Madrid%2520(1x2).pdf
2026-04-15,UEFA Champions League,Bayern München,Real Madrid,OU,1,100,-50,-50,https://wykjlhbsxparltxazxmk.supabase.co/storage/v1/object/public/bets-pdf/1534911_ou_16.04.2026%2520Bayern%2520Munchen%2520vs%2520Real%2520Madrid%2520(ou).pdf
2026-04-15,UEFA Champions League,Bayern München,Real Madrid,AH,3,300,17.5,5.8,https://wykjlhbsxparltxazxmk.supabase.co/storage/v1/object/public/bets-pdf/1534911_hdp_16.04.2026%2520Bayern%2520Munchen%2520vs%2520Real%2520Madrid%2520(hdp).pdf
2026-04-15,UEFA Champions League,Arsenal,Sporting CP,1X2,1,100,169,169,https://wykjlhbsxparltxazxmk.supabase.co/storage/v1/object/public/bets-pdf/1534571_1x2_16.04.2026%2520Arsenal%2520vs%2520Sporting%2520Sporting%2520Lisbon_1x2).pdf
2026-04-15,UEFA Champions League,Arsenal,Sporting CP,AH,2,200,48,24,https://wykjlhbsxparltxazxmk.supabase.co/storage/v1/object/public/bets-pdf/1534571_hdp_16.04.2026%2520Arsenal%2520vs%2520Sporting%2520Sporting%2520Lisbon%2520(hdp).pdf
2026-04-15,UEFA Champions League,Arsenal,Sporting CP,1X2,8,1320,1359.9,103,https://wykjlhbsxparltxazxmk.supabase.co/storage/v1/object/public/bets-pdf/1534571_1x2_16.04.2026%2520Arsenal%2520vs%2520Sporting%2520Sporting%2520Lisbon_1x2).pdf
2026-04-15,UEFA Champions League,Arsenal,Sporting CP,AH,12,2045,1450.9,70.9,https://wykjlhbsxparltxazxmk.supabase.co/storage/v1/object/public/bets-pdf/1534571_hdp_16.04.2026%2520Arsenal%2520vs%2520Sporting%2520Sporting%2520Lisbon%2520(hdp).pdf
2026-04-15,UEFA Champions League,Bayern München,Real Madrid,1X2,3,495,645.3,130.4,https://wykjlhbsxparltxazxmk.supabase.co/storage/v1/object/public/bets-pdf/1534911_1x2_16.04.2026%2520Bayern%2520Munchen%2520vs%2520Real%2520Madrid%2520(1x2).pdf
2026-04-15,UEFA Champions League,Bayern München,Real Madrid,AH,5,1071,471.9,44.1,https://wykjlhbsxparltxazxmk.supabase.co/storage/v1/object/public/bets-pdf/1534911_hdp_16.04.2026%2520Bayern%2520Munchen%2520vs%2520Real%2520Madrid%2520(hdp).pdf
2026-04-15,UEFA Champions League,Bayern München,Real Madrid,OU,1,82,87.4,106.6,https://wykjlhbsxparltxazxmk.supabase.co/storage/v1/object/public/bets-pdf/1534911_ou_16.04.2026%2520Bayern%2520Munchen%2520vs%2520Real%2520Madrid%2520(ou).pdf
2026-04-19,Premier League,Brentford,Fulham,AH,2,200,183,91.5,https://wykjlhbsxparltxazxmk.supabase.co/storage/v1/object/public/bets-pdf/1379290_hdp_18.04.2026%2520Brentford%2520vs%2520Fulham%2520(hdp).pdf
2026-04-19,Premier League,Brentford,Fulham,1X2,1,100,183,183,https://wykjlhbsxparltxazxmk.supabase.co/storage/v1/object/public/bets-pdf/1379290_1x2_18.04.2026%2520Brentford%2520vs%2520Fulham%2520(1x2).pdf
2026-04-19,Bundesliga,1899 Hoffenheim,Borussia Dortmund,AH,3,300,100,33.3,https://wykjlhbsxparltxazxmk.supabase.co/storage/v1/object/public/bets-pdf/1388574_hdp_18.04.2026%2520TSG%25201899%2520Hoffenheim%2520vs%2520Borussia%2520Dortmund%2520(hdp).pdf
2026-04-19,Bundesliga,1899 Hoffenheim,Borussia Dortmund,1X2,1,100,43,43,https://wykjlhbsxparltxazxmk.supabase.co/storage/v1/object/public/bets-pdf/1388574_1x2_18.04.2026%2520TSG%25201899%2520Hoffenheim%2520vs%2520Borussia%2520Dortmund%2520(1x2).pdf
2026-04-19,Bundesliga,Union Berlin,VfL Wolfsburg,AH,3,300,-100,-33.3,https://wykjlhbsxparltxazxmk.supabase.co/storage/v1/object/public/bets-pdf/1388576_hdp_18.04.2026%2520Union%2520Berlin%2520vs%2520VfL%2520Wolfsburg%2520(hdp).pdf
2026-04-19,Bundesliga,Union Berlin,VfL Wolfsburg,OU,2,200,0,0,https://wykjlhbsxparltxazxmk.supabase.co/storage/v1/object/public/bets-pdf/1388576_ou_18.04.2026%2520Union%2520Berlin%2520vs%2520VfL%2520Wolfsburg%2520(ou).pdf
2026-04-19,Bundesliga,Union Berlin,VfL Wolfsburg,1X2,2,200,-24,-12,https://wykjlhbsxparltxazxmk.supabase.co/storage/v1/object/public/bets-pdf/1388576_1x2_18.04.2026%2520Union%2520Berlin%2520vs%2520VfL%2520Wolfsburg%2520(1x2).pdf
2026-04-19,Bundesliga,Werder Bremen,Hamburger SV,AH,3,300,-300,-100,https://wykjlhbsxparltxazxmk.supabase.co/storage/v1/object/public/bets-pdf/1388577_hdp_18.04.2026%2520Werder%2520Bremen%2520vs%2520Hamburger%2520SV%2520(hdp).pdf
2026-04-19,Bundesliga,Werder Bremen,Hamburger SV,1X2,2,200,-200,-100,https://wykjlhbsxparltxazxmk.supabase.co/storage/v1/object/public/bets-pdf/1388577_1x2_18.04.2026%2520Werder%2520Bremen%2520vs%2520Hamburger%2520SV%2520(1x2).pdf
2026-04-19,Premier League,Newcastle,Bournemouth,AH,3,300,-54,-18,https://wykjlhbsxparltxazxmk.supabase.co/storage/v1/object/public/bets-pdf/1379296_hdp_18.04.2026%2520Newcastle%2520United%2520vs%2520AFC%2520Bournemouth%2520(hdp).pdf
2026-04-19,Premier League,Newcastle,Bournemouth,1X2,1,100,168,168,https://wykjlhbsxparltxazxmk.supabase.co/storage/v1/object/public/bets-pdf/1379296_1x2_18.04.2026%2520Newcastle%2520United%2520vs%2520AFC%2520Bournemouth%2520(1x2).pdf
2026-04-19,Bundesliga,Eintracht Frankfurt,RB Leipzig,AH,3,300,-113,-37.7,https://wykjlhbsxparltxazxmk.supabase.co/storage/v1/object/public/bets-pdf/1388572_hdp_18.04.2026%2520Eintracht%2520Frankfurt%2520vs%2520RB%2520Leipzig%2520(hdp).pdf
2026-04-19,Bundesliga,Eintracht Frankfurt,RB Leipzig,OU,1,100,116,116,https://wykjlhbsxparltxazxmk.supabase.co/storage/v1/object/public/bets-pdf/1388572_ou_18.04.2026%2520Eintracht%2520Frankfurt%2520vs%2520RB%2520Leipzig%2520(ou).pdf
2026-04-19,Bundesliga,Eintracht Frankfurt,RB Leipzig,1X2,3,300,16,5.3,https://wykjlhbsxparltxazxmk.supabase.co/storage/v1/object/public/bets-pdf/1388572_1x2_18.04.2026%2520Eintracht%2520Frankfurt%2520vs%2520RB%2520Leipzig%2520(1x2).pdf
2026-04-19,Premier League,Tottenham,Brighton,AH,3,300,69,23,https://wykjlhbsxparltxazxmk.supabase.co/storage/v1/object/public/bets-pdf/1379298_hdp_18.04.2026%2520Tottenham%2520Hotspur%2520vs%2520Brighton%2520&%2520Hove%2520Albion%2520(hdp).pdf
2026-04-19,Premier League,Tottenham,Brighton,1X2,3,300,55,18.3,https://wykjlhbsxparltxazxmk.supabase.co/storage/v1/object/public/bets-pdf/1379298_1x2_18.04.2026%2520Tottenham%2520Hotspur%2520vs%2520Brighton%2520&%2520Hove%2520Albion%2520(1x2).pdf
2026-04-19,Premier League,Chelsea,Manchester United,AH,2,200,32,16,https://wykjlhbsxparltxazxmk.supabase.co/storage/v1/object/public/bets-pdf/1379291_hdp_18.04.2026%2520Chelsea%2520vs%2520Manchester%2520United%2520(hdp).pdf
2026-04-19,Premier League,Chelsea,Manchester United,1X2,2,200,100,50,https://wykjlhbsxparltxazxmk.supabase.co/storage/v1/object/public/bets-pdf/1379291_1x2_18.04.2026%2520Chelsea%2520vs%2520Manchester%2520United%2520(1x2).pdf
2026-04-19,Serie A,Napoli,Lazio,AH,2,200,-200,-100,https://wykjlhbsxparltxazxmk.supabase.co/storage/v1/object/public/bets-pdf/1378188_hdp_18.04.2026%2520A%2520Napoli%2520vs%2520Lazio.pdf
2026-04-19,Serie A,Napoli,Lazio,1X2,1,100,-100,-100,https://wykjlhbsxparltxazxmk.supabase.co/storage/v1/object/public/bets-pdf/1378188_1x2_18.04.2026%2520Napoli%2520vs%2520Lazio%2520(1x2).pdf
2026-04-19,Serie A,AS Roma,Atalanta,AH,3,300,217,72.3,https://wykjlhbsxparltxazxmk.supabase.co/storage/v1/object/public/bets-pdf/1378190_hdp_18.04.2026%2520A%2520AS%2520Roma%2520vs%2520Atalanta.pdf
2026-04-19,Serie A,AS Roma,Atalanta,OU,1,100,-100,-100,https://wykjlhbsxparltxazxmk.supabase.co/storage/v1/object/public/bets-pdf/1378190_ou_18.04.2026%2520AS%2520Roma%2520vs%2520Atalanta%2520(ou).pdf
2026-04-19,Serie A,AS Roma,Atalanta,1X2,2,200,48,24,https://wykjlhbsxparltxazxmk.supabase.co/storage/v1/object/public/bets-pdf/1378190_1x2_18.04.2026%2520AS%2520Roma%2520vs%2520Atalanta%2520(1x2).pdf
2026-04-19,Serie A,Udinese,Parma,AH,2,200,40,20,https://wykjlhbsxparltxazxmk.supabase.co/storage/v1/object/public/bets-pdf/1378192_hdp_18.04.2026%2520A%2520Udinese%2520vs%2520Parma.pdf
2026-04-19,Serie A,Udinese,Parma,1X2,1,100,52,52,https://wykjlhbsxparltxazxmk.supabase.co/storage/v1/object/public/bets-pdf/1378192_1x2_18.04.2026%2520Udinese%2520vs%2520Parma%2520(1x2).pdf
2026-04-19,Ligue 1,Lille,Nice,AH,2,200,190,95,https://wykjlhbsxparltxazxmk.supabase.co/storage/v1/object/public/bets-pdf/1387961_hdp_18.04.2026%2520Lille%2520OSC%2520vs%2520OGC%2520Nice%2520(hdp).pdf
2026-04-19,Ligue 1,Lille,Nice,1X2,1,100,210,210,https://wykjlhbsxparltxazxmk.supabase.co/storage/v1/object/public/bets-pdf/1387961_1x2_18.04.2026%2520Lille%2520OSC%2520vs%2520OGC%2520Nice%2520(1x2).pdf
2026-04-19,Ligue 1,Angers,Le Havre,AH,3,300,94.5,31.5,https://wykjlhbsxparltxazxmk.supabase.co/storage/v1/object/public/bets-pdf/1387959_hdp_18.04.2026%2520Angers%2520SCO%2520vs%2520Le%2520Havre%2520AC.pdf
2026-04-19,Ligue 1,Angers,Le Havre,OU,1,100,-100,-100,https://wykjlhbsxparltxazxmk.supabase.co/storage/v1/object/public/bets-pdf/1387959_ou_18.04.2026%2520Angers%2520vs%2520Le%2520Havre%2520(ou).pdf
2026-04-19,Ligue 1,Angers,Le Havre,1X2,2,200,47,23.5,https://wykjlhbsxparltxazxmk.supabase.co/storage/v1/object/public/bets-pdf/1387959_1x2_18.04.2026%2520Angers%2520vs%2520Le%2520Havre%2520(1x2).pdf
2026-04-19,Ligue 1,Lorient,Marseille,AH,3,300,-96,-32,https://wykjlhbsxparltxazxmk.supabase.co/storage/v1/object/public/bets-pdf/1387962_hdp_18.04.2026%2520Lorient%2520vs%2520Marseille.pdf
2026-04-19,Ligue 1,Lorient,Marseille,1X2,3,200,42,21,https://wykjlhbsxparltxazxmk.supabase.co/storage/v1/object/public/bets-pdf/1387962_1x2_18.04.2026%2520Lorient%2520vs%2520Olympique%2520de%2520Marseille%2520(1x2).pdf
2026-04-19,Bundesliga,FC St. Pauli,1. FC Köln,AH,1,100,0,0,https://wykjlhbsxparltxazxmk.supabase.co/storage/v1/object/public/bets-pdf/1388575_hdp_17.04.2026%2520St.%2520Pauli%2520vs%2520FC%2520Koln%2520(hdp).pdf
2026-04-19,Bundesliga,FC St. Pauli,1. FC Köln,OU,1,100,101,101,https://wykjlhbsxparltxazxmk.supabase.co/storage/v1/object/public/bets-pdf/1388575_ou_17.04.2026%2520St.%2520Pauli%2520vs%2520FC%2520Koln%2520(ou).pdf
2026-04-19,Bundesliga,FC St. Pauli,1. FC Köln,1X2,2,200,65,32.5,https://wykjlhbsxparltxazxmk.supabase.co/storage/v1/object/public/bets-pdf/1388575_1x2_17.04.2026%2520St.%2520Pauli%2520vs%2520FC%2520Koln%2520(1x2).pdf
2026-04-19,Serie A,Inter,Cagliari,AH,2,200,-200,-100,https://wykjlhbsxparltxazxmk.supabase.co/storage/v1/object/public/bets-pdf/1378185_hdp_17.04.2026%2520Inter%2520Milan%2520vs%2520Cagliari%2520(hdp).pdf
2026-04-19,Bundesliga,FC St. Pauli,1. FC Köln,1X2,3,200,-90,-45,https://wykjlhbsxparltxazxmk.supabase.co/storage/v1/object/public/bets-pdf/1388575_1x2_17.04.2026%2520St.%2520Pauli%2520vs%2520FC%2520Koln%2520(1x2).pdf
2026-04-19,Serie A,AS Roma,Atalanta,AH,3,1008,820.2,81.4,https://wykjlhbsxparltxazxmk.supabase.co/storage/v1/object/public/bets-pdf/1378190_hdp_18.04.2026%2520AS%2520Roma%2520vs%2520Atalanta%2520(hdp).pdf
2026-04-19,Serie A,AS Roma,Atalanta,OU,2,500,-500,-100,https://wykjlhbsxparltxazxmk.supabase.co/storage/v1/object/public/bets-pdf/1378190_ou_18.04.2026%2520AS%2520Roma%2520vs%2520Atalanta%2520(ou).pdf
2026-04-19,Serie A,Napoli,Lazio,1X2,1,250,-250,-100,https://wykjlhbsxparltxazxmk.supabase.co/storage/v1/object/public/bets-pdf/1378188_1x2_18.04.2026%2520Napoli%2520vs%2520Lazio%2520(1x2).pdf
2026-04-19,Serie A,Napoli,Lazio,AH,2,703,-703,-100,https://wykjlhbsxparltxazxmk.supabase.co/storage/v1/object/public/bets-pdf/1378188_hdp_18.04.2026%2520Napoli%2520vs%2520Lazio%2520(hdp).pdf
2026-04-19,Serie A,Udinese,Parma,1X2,1,250,140,56,https://wykjlhbsxparltxazxmk.supabase.co/storage/v1/object/public/bets-pdf/1378192_1x2_18.04.2026%2520Udinese%2520vs%2520Parma%2520(1x2).pdf
2026-04-19,Serie A,Udinese,Parma,AH,2,415,18.6,4.5,https://wykjlhbsxparltxazxmk.supabase.co/storage/v1/object/public/bets-pdf/1378192_hdp_18.04.2026%2520Udinese%2520vs%2520Parma%2520(hdp).pdf
2026-04-19,Ligue 1,Angers,Le Havre,1X2,2,557,90.5,16.2,https://wykjlhbsxparltxazxmk.supabase.co/storage/v1/object/public/bets-pdf/1387959_1x2_18.04.2026%2520Angers%2520vs%2520Le%2520Havre%2520(1x2).pdf
2026-04-19,Ligue 1,Angers,Le Havre,AH,3,750,237.5,31.7,https://wykjlhbsxparltxazxmk.supabase.co/storage/v1/object/public/bets-pdf/1387959_hdp_18.04.2026%2520Angers%2520vs%2520Le%2520Havre%2520(hdp).pdf
2026-04-19,Ligue 1,Angers,Le Havre,OU,2,500,-500,-100,https://wykjlhbsxparltxazxmk.supabase.co/storage/v1/object/public/bets-pdf/1387959_ou_18.04.2026%2520Angers%2520vs%2520Le%2520Havre%2520(ou).pdf
2026-04-19,Premier League,Brentford,Fulham,1X2,1,165,305.3,185,https://wykjlhbsxparltxazxmk.supabase.co/storage/v1/object/public/bets-pdf/1379290_1x2_18.04.2026%2520Brentford%2520vs%2520Fulham%2520(1x2).pdf
2026-04-19,Premier League,Brentford,Fulham,AH,1,165,161.7,98,https://wykjlhbsxparltxazxmk.supabase.co/storage/v1/object/public/bets-pdf/1379290_hdp_18.04.2026%2520Brentford%2520vs%2520Fulham.pdf
2026-04-19,Premier League,Chelsea,Manchester United,1X2,3,750,912.5,121.7,https://wykjlhbsxparltxazxmk.supabase.co/storage/v1/object/public/bets-pdf/1379291_1x2_18.04.2026%2520Chelsea%2520vs%2520Manchester%2520United%2520(1x2).pdf
2026-04-19,Premier League,Chelsea,Manchester United,AH,3,893,440.8,49.4,https://wykjlhbsxparltxazxmk.supabase.co/storage/v1/object/public/bets-pdf/1379291_hdp_18.04.2026%2520Chelsea%2520vs%2520Manchester%2520United.pdf
2026-04-19,Premier League,Chelsea,Manchester United,OU,1,250,-250,-100,https://wykjlhbsxparltxazxmk.supabase.co/storage/v1/object/public/bets-pdf/1379291_ou_12.04.2026%2520Chelsea%2520vs%2520Manchester%2520City%2520(1x2).pdf
2026-04-19,Bundesliga,Eintracht Frankfurt,RB Leipzig,1X2,3,750,-352.5,-47,https://wykjlhbsxparltxazxmk.supabase.co/storage/v1/object/public/bets-pdf/1388572_1x2_18.04.2026%2520Eintracht%2520Frankfurt%2520vs%2520RB%2520Leipzig%2520(1x2).pdf
2026-04-19,Bundesliga,Eintracht Frankfurt,RB Leipzig,AH,3,763,-295.5,-38.7,https://wykjlhbsxparltxazxmk.supabase.co/storage/v1/object/public/bets-pdf/1388572_hdp_18.04.2026%2520Eintracht%2520Frankfurt%2520vs%2520RB%2520Leipzig.pdf
2026-04-19,Bundesliga,Eintracht Frankfurt,RB Leipzig,OU,3,750,170,22.7,https://wykjlhbsxparltxazxmk.supabase.co/storage/v1/object/public/bets-pdf/1388572_ou_18.04.2026%2520Eintracht%2520Frankfurt%2520vs%2520RB%2520Leipzig%2520(ou).pdf
2026-04-19,Ligue 1,Lille,Nice,1X2,2,500,992.5,198.5,https://wykjlhbsxparltxazxmk.supabase.co/storage/v1/object/public/bets-pdf/1387961_1x2_18.04.2026%2520Lille%2520OSC%2520vs%2520OGC%2520Nice%2520(1x2).pdf
2026-04-19,Ligue 1,Lille,Nice,AH,3,778,746.9,96,https://wykjlhbsxparltxazxmk.supabase.co/storage/v1/object/public/bets-pdf/1387961_hdp_18.04.2026%2520Lille%2520OSC%2520vs%2520OGC%2520Nice.pdf
2026-04-19,Ligue 1,Lille,Nice,OU,1,250,-250,-100,https://wykjlhbsxparltxazxmk.supabase.co/storage/v1/object/public/bets-pdf/1387961_ou_18.04.2026%2520Lille%2520OSC%2520vs%2520OGC%2520Nice.pdf
2026-04-19,Ligue 1,Lorient,Marseille,1X2,2,500,82.5,16.5,https://wykjlhbsxparltxazxmk.supabase.co/storage/v1/object/public/bets-pdf/1387962_1x2_18.04.2026%2520Lorient%2520vs%2520Olympique%2520de%2520Marseille%2520(1x2).pdf
2026-04-19,Ligue 1,Lorient,Marseille,AH,3,750,-250,-33.3,https://wykjlhbsxparltxazxmk.supabase.co/storage/v1/object/public/bets-pdf/1387962_hdp_18.04.2026%2520Lorient%2520vs%2520Olympique%2520de%2520Marseille%2520(hdp).pdf
2026-04-19,Premier League,Newcastle,Bournemouth,1X2,2,500,417.5,83.5,https://wykjlhbsxparltxazxmk.supabase.co/storage/v1/object/public/bets-pdf/1379296_1x2_18.04.2026%2520Newcastle%2520United%2520vs%2520AFC%2520Bournemouth%2520(1x2).pdf
2026-04-19,Premier League,Newcastle,Bournemouth,AH,3,792,112.5,14.2,https://wykjlhbsxparltxazxmk.supabase.co/storage/v1/object/public/bets-pdf/1379296_hdp_18.04.2026%2520Newcastle%2520United%2520vs%2520AFC%2520Bournemouth.pdf
2026-04-19,Premier League,Tottenham,Brighton,1X2,3,750,162.5,21.7,https://wykjlhbsxparltxazxmk.supabase.co/storage/v1/object/public/bets-pdf/1379298_1x2_18.04.2026%2520Tottenham%2520Hotspur%2520vs%2520Brighton%2520&%2520Hove%2520Albion%2520(1x2).pdf
2026-04-19,Premier League,Tottenham,Brighton,AH,3,926,575,62.1,https://wykjlhbsxparltxazxmk.supabase.co/storage/v1/object/public/bets-pdf/1379298_hdp_18.04.2026%2520Tottenham%2520Hotspur%2520vs%2520Brighton%2520And%2520Hove%2520Albion.pdf
2026-04-19,Premier League,Tottenham,Brighton,OU,1,250,240,96,https://wykjlhbsxparltxazxmk.supabase.co/storage/v1/object/public/bets-pdf/1379298_ou_18.04.2026%2520Tottenham%2520Hotspur%2520vs%2520Brighton%2520And%2520Hove%2520Albion.pdf
2026-04-19,Bundesliga,1899 Hoffenheim,Borussia Dortmund,1X2,1,250,112.5,45,https://wykjlhbsxparltxazxmk.supabase.co/storage/v1/object/public/bets-pdf/1388574_1x2_18.04.2026%2520TSG%25201899%2520Hoffenheim%2520vs%2520Borussia%2520Dortmund%2520(1x2).pdf
2026-04-19,Bundesliga,1899 Hoffenheim,Borussia Dortmund,AH,2,500,-250,-50,https://wykjlhbsxparltxazxmk.supabase.co/storage/v1/object/public/bets-pdf/1388574_hdp_18.04.2026%2520TSG%2520Hoffenheim%2520vs%2520Borussia%2520Dortmund.pdf
2026-04-19,Bundesliga,Union Berlin,VfL Wolfsburg,1X2,2,500,-60,-12,https://wykjlhbsxparltxazxmk.supabase.co/storage/v1/object/public/bets-pdf/1388576_1x2_18.04.2026%2520Union%2520Berlin%2520vs%2520VfL%2520Wolfsburg%2520(1x2).pdf
2026-04-19,Bundesliga,Union Berlin,VfL Wolfsburg,AH,2,500,0,0,https://wykjlhbsxparltxazxmk.supabase.co/storage/v1/object/public/bets-pdf/1388576_hdp_18.04.2026%2520Union%2520Berlin%2520vs%2520VfL%2520Wolfsburg.pdf
2026-04-19,Bundesliga,Union Berlin,VfL Wolfsburg,OU,1,250,0,0,https://wykjlhbsxparltxazxmk.supabase.co/storage/v1/object/public/bets-pdf/1388576_ou_18.04.2026%2520Union%2520Berlin%2520vs%2520VfL%2520Wolfsburg%2520(ou).pdf
2026-04-19,Bundesliga,Werder Bremen,Hamburger SV,1X2,3,750,-415,-55.3,https://wykjlhbsxparltxazxmk.supabase.co/storage/v1/object/public/bets-pdf/1388577_1x2_18.04.2026%2520Werder%2520Bremen%2520vs%2520Hamburger%2520SV%2520(1x2).pdf
2026-04-19,Bundesliga,Werder Bremen,Hamburger SV,AH,3,804,-804,-100,https://wykjlhbsxparltxazxmk.supabase.co/storage/v1/object/public/bets-pdf/1388577_hdp_18.04.2026%2520Werder%2520Bremen%2520vs%2520Hamburger.pdf
2026-04-20,Ligue 1,Strasbourg,Rennes,1X2,3,500,117.5,23.5,https://wykjlhbsxparltxazxmk.supabase.co/storage/v1/object/public/bets-pdf/1387967_1x2_19.04.2026%2520RC%2520Strasbourg%2520vs%2520Stade%2520Rennais%2520(1x2).pdf
2026-04-20,Ligue 1,Strasbourg,Rennes,AH,3,1133,-1133,-100,https://wykjlhbsxparltxazxmk.supabase.co/storage/v1/object/public/bets-pdf/1387967_hdp_19.04.2026%2520RC%2520Strasbourg%2520Alsace%2520vs%2520Rennes.pdf
2026-04-20,Ligue 1,Strasbourg,Rennes,OU,1,250,-250,-100,https://wykjlhbsxparltxazxmk.supabase.co/storage/v1/object/public/bets-pdf/1387967_ou_19.04.2026%2520RC%2520Strasbourg%2520vs%2520Stade%2520Rennais%2520(ou).pdf
2026-04-20,Premier League,Nottingham Forest,Burnley,1X2,3,750,-750,-100,https://wykjlhbsxparltxazxmk.supabase.co/storage/v1/object/public/bets-pdf/1379297_1x2_19.04.2026%2520Nottingham%2520Forest%2520vs%2520Burnley%2520(1x2).pdf
2026-04-20,Premier League,Nottingham Forest,Burnley,AH,3,1008,56,5.6,https://wykjlhbsxparltxazxmk.supabase.co/storage/v1/object/public/bets-pdf/1379297_hdp_19.04.2026%2520Nottingham%2520Forest%2520vs%2520Burnley%2520(hdp).pdf
2026-04-20,Premier League,Nottingham Forest,Burnley,OU,2,500,525,105,https://wykjlhbsxparltxazxmk.supabase.co/storage/v1/object/public/bets-pdf/1379297_ou_19.04.2026%2520Nottingham%2520Forest%2520vs%2520Burnley%2520(hdp).pdf
2026-04-20,Ligue 1,Metz,Paris FC,1X2,3,582,-107.2,-18.4,https://wykjlhbsxparltxazxmk.supabase.co/storage/v1/object/public/bets-pdf/1387963_1x2_19.04.2026%2520Metz%2520vs%2520Paris%2520FC%2520(1x2).pdf
2026-04-20,Ligue 1,Metz,Paris FC,AH,3,761,289.7,38.1,https://wykjlhbsxparltxazxmk.supabase.co/storage/v1/object/public/bets-pdf/1387963_hdp_19.04.2026%2520Metz%2520vs%2520Paris%2520FC%2520(hdp).pdf
2026-04-20,Ligue 1,Metz,Paris FC,OU,1,250,0,0,https://wykjlhbsxparltxazxmk.supabase.co/storage/v1/object/public/bets-pdf/1387963_ou_19.04.2026%2520Metz%2520vs%2520Paris.pdf
2026-04-20,Premier League,Manchester City,Arsenal,1X2,3,750,-437.5,-58.3,https://wykjlhbsxparltxazxmk.supabase.co/storage/v1/object/public/bets-pdf/1379295_1x2_19.04.2026%2520Manchester%2520City%2520vs%2520Arsenal%2520(1x2).pdf
2026-04-20,Premier League,Manchester City,Arsenal,AH,3,784,-784,-100,https://wykjlhbsxparltxazxmk.supabase.co/storage/v1/object/public/bets-pdf/1379295_hdp_19.04.2026%2520Manchester%2520City%2520vs%2520Arsenal%2520(hdp).pdf
2026-04-20,Premier League,Manchester City,Arsenal,OU,3,783,-533,-68.1,https://wykjlhbsxparltxazxmk.supabase.co/storage/v1/object/public/bets-pdf/1379295_ou_19.04.2026%2520Manchester%2520City%2520vs%2520Arsenal%2520(ou).pdf
2026-04-20,Bundesliga,SC Freiburg,1. FC Heidenheim,1X2,3,943,-51.5,-5.5,https://wykjlhbsxparltxazxmk.supabase.co/storage/v1/object/public/bets-pdf/1388573_1x2_19.04.2026%2520SC%2520Freiburg%2520vs%2520FC%2520Heidenheim%25201846%2520(1x2).pdf
2026-04-20,Bundesliga,SC Freiburg,1. FC Heidenheim,AH,3,891,170.8,19.2,https://wykjlhbsxparltxazxmk.supabase.co/storage/v1/object/public/bets-pdf/1388573_hdp_19.04.2026%2520Freiburg%2520vs%2520Heidenheim.pdf
2026-04-20,Bundesliga,SC Freiburg,1. FC Heidenheim,OU,2,604,-52,-8.6,https://wykjlhbsxparltxazxmk.supabase.co/storage/v1/object/public/bets-pdf/1388573_ou_19.04.2026%2520SC%2520Freiburg%2520vs%2520FC%2520Heidenheim%25201846%2520(ou).pdf
2026-04-20,Premier League,Everton,Liverpool,1X2,3,750,-382.5,-51,https://wykjlhbsxparltxazxmk.supabase.co/storage/v1/object/public/bets-pdf/1379293_1x2_19.04.2026%2520Everton%2520vs%2520Liverpool%2520(1x2).pdf
2026-04-20,Premier League,Everton,Liverpool,AH,3,750,285,38,https://wykjlhbsxparltxazxmk.supabase.co/storage/v1/object/public/bets-pdf/1379293_hdp_19.04.2026%2520Everton%2520vs%2520Liverpool%2520(hdp).pdf
2026-04-20,Bundesliga,Borussia Mönchengladbach,FSV Mainz 05,1X2,1,250,-250,-100,https://wykjlhbsxparltxazxmk.supabase.co/storage/v1/object/public/bets-pdf/1388571_1x2_19.04.2026%2520Borussia%2520Monchengladbach%2520vs%2520FSV%2520Mainz%252005%2520(1x2).pdf
2026-04-20,Bundesliga,Borussia Mönchengladbach,FSV Mainz 05,AH,3,1104,853.2,77.3,https://wykjlhbsxparltxazxmk.supabase.co/storage/v1/object/public/bets-pdf/1388571_hdp_19.04.2026%2520Borussia%2520Monchengladbach%2520vs%2520FSV%2520Mainz%252005%2520(hdp).pdf
2026-04-20,Bundesliga,Borussia Mönchengladbach,FSV Mainz 05,OU,1,250,100,40,https://wykjlhbsxparltxazxmk.supabase.co/storage/v1/object/public/bets-pdf/1388571_ou_13.02.2026%2520Borussia%2520Dortmund%2520vs%2520FSV%2520Mainz%252005.pdf
2026-04-20,Bundesliga,Bayern München,VfB Stuttgart,1X2,3,750,-440,-58.7,https://wykjlhbsxparltxazxmk.supabase.co/storage/v1/object/public/bets-pdf/1388570_1x2_19.04.2026%2520Bayern%2520Munchen%2520vs%2520VfB%2520Stuttgart%2520(1x2).pdf
2026-04-20,Bundesliga,Bayern München,VfB Stuttgart,AH,3,750,-260,-34.7,https://wykjlhbsxparltxazxmk.supabase.co/storage/v1/object/public/bets-pdf/1388570_hdp_19.04.2026%2520Bayern%2520Munchen%2520vs%2520VfB%2520Stuttgart%2520(hdp).pdf
2026-04-20,Bundesliga,Bayern München,VfB Stuttgart,OU,3,525,-50,-9.5,https://wykjlhbsxparltxazxmk.supabase.co/storage/v1/object/public/bets-pdf/1388570_ou_19.04.2026%2520Bayern%2520Munich%2520vs%2520VfB%2520Stuttgart.pdf
2026-04-20,Premier League,Aston Villa,Sunderland,1X2,3,500,-162.5,-32.5,https://wykjlhbsxparltxazxmk.supabase.co/storage/v1/object/public/bets-pdf/1379289_1x2_19.04.2026%2520Aston%2520Villa%2520vs%2520Sunderland%2520(1x2).pdf
2026-04-20,Premier League,Aston Villa,Sunderland,AH,3,974,-500.3,-51.4,https://wykjlhbsxparltxazxmk.supabase.co/storage/v1/object/public/bets-pdf/1379289_hdp_19.04.2026%2520Aston%2520Villa%2520vs%2520Sunderland%2520(hdp).pdf
2026-04-20,Premier League,Aston Villa,Sunderland,OU,3,964,884.4,91.7,https://wykjlhbsxparltxazxmk.supabase.co/storage/v1/object/public/bets-pdf/1379289_ou_19.04.2026%2520Aston%2520Villa%2520vs%2520Sunderland.pdf
2026-04-20,Ligue 1,Monaco,Auxerre,1X2,2,500,137.5,27.5,https://wykjlhbsxparltxazxmk.supabase.co/storage/v1/object/public/bets-pdf/1387964_1x2_19.04.2026%2520AS%2520Monaco%2520vs%2520AJ%2520Auxerre%2520(1x2).pdf
2026-04-20,Ligue 1,Monaco,Auxerre,AH,3,847,0,0,https://wykjlhbsxparltxazxmk.supabase.co/storage/v1/object/public/bets-pdf/1387964_hdp_19.04.2026%2520AS%2520Monaco%2520vs%2520AJ%2520Auxerre%2520(hdp).pdf
2026-04-20,Ligue 1,Monaco,Auxerre,OU,1,250,0,0,https://wykjlhbsxparltxazxmk.supabase.co/storage/v1/object/public/bets-pdf/1387964_ou_19.04.2026%2520AS%2520Monaco%2520vs%2520AJ%2520Auxerre.pdf
2026-04-20,Serie A,Cremonese,Torino,1X2,3,750,262.5,35,https://wykjlhbsxparltxazxmk.supabase.co/storage/v1/object/public/bets-pdf/1378184_1x2_19.04.2026%2520Cremonese%2520vs%2520Torino%2520(1x2).pdf
2026-04-20,Serie A,Cremonese,Torino,AH,3,385,0,0,https://wykjlhbsxparltxazxmk.supabase.co/storage/v1/object/public/bets-pdf/1378184_hdp_19.04.2026%2520A%2520US%2520Cremonese%2520vs%2520Torino.pdf
2026-04-20,Serie A,Cremonese,Torino,OU,3,955,-955,-100,https://wykjlhbsxparltxazxmk.supabase.co/storage/v1/object/public/bets-pdf/1378184_ou_19.04.2026%2520A%2520US%2520Cremonese%2520vs%2520Torino.pdf
2026-04-20,Serie A,Pisa,Genoa,1X2,1,250,85,34,https://wykjlhbsxparltxazxmk.supabase.co/storage/v1/object/public/bets-pdf/1378189_1x2_19.04.2026%2520Pisa%2520vs%2520Genoa%2520(1x2).pdf
2026-04-20,Serie A,Pisa,Genoa,AH,2,548,0,0,https://wykjlhbsxparltxazxmk.supabase.co/storage/v1/object/public/bets-pdf/1378189_hdp_19.04.2026%2520A%2520Pisa%2520vs%2520Genoa.pdf
2026-04-20,Serie A,Pisa,Genoa,OU,1,250,-250,-100,https://wykjlhbsxparltxazxmk.supabase.co/storage/v1/object/public/bets-pdf/1378189_ou_19.04.2026%2520A%2520Pisa%2520vs%2520Genoa.pdf
2026-04-20,Serie A,Juventus,Bologna,AH,3,1071,-747.5,-69.8,https://wykjlhbsxparltxazxmk.supabase.co/storage/v1/object/public/bets-pdf/1378186_hdp_19.04.2026%2520A%2520Juventus%2520vs%2520Bologna.pdf
2026-04-20,Serie A,Hellas Verona,AC Milan,1X2,3,946,-419.7,-44.4,https://wykjlhbsxparltxazxmk.supabase.co/storage/v1/object/public/bets-pdf/1378193_1x2_19.04.2026%2520Verona%2520vs%2520AC%2520Milan%2520(1x2).pdf
2026-04-20,Serie A,Hellas Verona,AC Milan,AH,3,822,269.4,32.8,https://wykjlhbsxparltxazxmk.supabase.co/storage/v1/object/public/bets-pdf/1378193_hdp_19.04.2026%2520A%2520Hellas%2520Verona%2520vs%2520AC%2520Milan.pdf
2026-04-20,Serie A,Hellas Verona,AC Milan,OU,1,250,-250,-100,https://wykjlhbsxparltxazxmk.supabase.co/storage/v1/object/public/bets-pdf/1378193_ou_19.04.2026%2520A%2520Hellas%2520Verona%2520vs%2520AC%2520Milan.pdf
2026-04-20,Premier League,Nottingham Forest,Burnley,AH,3,609,-300.45,-49.3,https://wykjlhbsxparltxazxmk.supabase.co/storage/v1/object/public/bets-pdf/1379297_hdp_19.04.2026%2520Nottingham%2520Forest%2520vs%2520Burnley.pdf
2026-04-20,Premier League,Nottingham Forest,Burnley,1X2,1,165,-165,-100,https://wykjlhbsxparltxazxmk.supabase.co/storage/v1/object/public/bets-pdf/1379297_1x2_19.04.2026%2520Nottingham%2520Forest%2520vs%2520Burnley%2520(1x2).pdf
2026-04-20,Premier League,Aston Villa,Sunderland,AH,3,585,-585,-100,https://wykjlhbsxparltxazxmk.supabase.co/storage/v1/object/public/bets-pdf/1379289_hdp_19.04.2026%2520Aston%2520Villa%2520vs%2520Sunderland.pdf
2026-04-20,Premier League,Aston Villa,Sunderland,1X2,2,330,-102.3,-31,https://wykjlhbsxparltxazxmk.supabase.co/storage/v1/object/public/bets-pdf/1379289_1x2_19.04.2026%2520Aston%2520Villa%2520vs%2520Sunderland%2520(1x2).pdf
2026-04-20,Serie A,Juventus,Bologna,AH,2,438,-219,-50,https://wykjlhbsxparltxazxmk.supabase.co/storage/v1/object/public/bets-pdf/1378186_hdp_19.04.2026%2520Juventus%2520vs%2520Bologna%2520(hdp).pdf
2026-04-20,Serie A,Cremonese,Torino,AH,1,258,0,0,https://wykjlhbsxparltxazxmk.supabase.co/storage/v1/object/public/bets-pdf/1378184_hdp_19.04.2026%2520Cremonese%2520vs%2520Torino%2520(hdp).pdf
2026-04-20,Serie A,Cremonese,Torino,1X2,2,330,-19.8,-6,https://wykjlhbsxparltxazxmk.supabase.co/storage/v1/object/public/bets-pdf/1378184_1x2_19.04.2026%2520Cremonese%2520vs%2520Torino%2520(1x2).pdf
2026-04-20,Serie A,Hellas Verona,AC Milan,AH,495,3,74.25,2475,https://wykjlhbsxparltxazxmk.supabase.co/storage/v1/object/public/bets-pdf/1378193_hdp_19.04.2026%2520Verona%2520vs%2520AC%2520Milan%2520(hdp).pdf
2026-04-20,Serie A,Hellas Verona,AC Milan,1X2,2,459,-199.14,-43.4,https://wykjlhbsxparltxazxmk.supabase.co/storage/v1/object/public/bets-pdf/1378193_1x2_19.04.2026%2520Verona%2520vs%2520AC%2520Milan%2520(1x2).pdf
2026-04-20,Serie A,Pisa,Genoa,AH,3,501,0,0,https://wykjlhbsxparltxazxmk.supabase.co/storage/v1/object/public/bets-pdf/1378189_hdp_19.04.2026%2520Pisa%2520vs%2520Genoa%2520(hdp).pdf
2026-04-20,Serie A,Pisa,Genoa,1X2,1,173,60.55,35,https://wykjlhbsxparltxazxmk.supabase.co/storage/v1/object/public/bets-pdf/1378189_1x2_19.04.2026%2520Pisa%2520vs%2520Genoa%2520(1x2).pdf
2026-04-20,Premier League,Everton,Liverpool,AH,1,165,0,0,https://wykjlhbsxparltxazxmk.supabase.co/storage/v1/object/public/bets-pdf/1379293_hdp_19.04.2026%2520Everton%2520vs%2520Liverpool.pdf
2026-04-20,Premier League,Everton,Liverpool,OU,1,165,0,0,https://wykjlhbsxparltxazxmk.supabase.co/storage/v1/object/public/bets-pdf/1379293_ou_19.04.2026%2520Everton%2520vs%2520Liverpool%2520(ou).pdf
2026-04-20,Premier League,Everton,Liverpool,1X2,2,330,-80.85,-24.5,https://wykjlhbsxparltxazxmk.supabase.co/storage/v1/object/public/bets-pdf/1379293_1x2_19.04.2026%2520Everton%2520vs%2520Liverpool%2520(1x2).pdf
2026-04-20,Bundesliga,SC Freiburg,1. FC Heidenheim,AH,3,495,437.25,88.3,https://wykjlhbsxparltxazxmk.supabase.co/storage/v1/object/public/bets-pdf/1388573_hdp_19.04.2026%2520SC%2520Freiburg%2520vs%2520FC%2520Heidenheim%25201846%2520(hdp).pdf
2026-04-20,Bundesliga,SC Freiburg,1. FC Heidenheim,OU,1,165,87.45,53,https://wykjlhbsxparltxazxmk.supabase.co/storage/v1/object/public/bets-pdf/1388573_ou_19.04.2026%2520SC%2520Freiburg%2520vs%2520FC%2520Heidenheim%25201846%2520(ou).pdf
2026-04-20,Bundesliga,SC Freiburg,1. FC Heidenheim,1X2,1,295,57.4,19.5,https://wykjlhbsxparltxazxmk.supabase.co/storage/v1/object/public/bets-pdf/1388573_1x2_19.04.2026%2520SC%2520Freiburg%2520vs%2520FC%2520Heidenheim%25201846%2520(1x2).pdf
2026-04-20,Ligue 1,Strasbourg,Rennes,AH,2,540,-540,-100,https://wykjlhbsxparltxazxmk.supabase.co/storage/v1/object/public/bets-pdf/1387967_hdp_19.04.2026%2520RC%2520Strasbourg%2520vs%2520Stade%2520Rennais%2520(hdp).pdf
2026-04-20,Ligue 1,Strasbourg,Rennes,OU,1,165,-82.5,-50,https://wykjlhbsxparltxazxmk.supabase.co/storage/v1/object/public/bets-pdf/1387967_ou_19.04.2026%2520RC%2520Strasbourg%2520vs%2520Stade%2520Rennais%2520(ou).pdf
2026-04-20,Ligue 1,Strasbourg,Rennes,1X2,1,165,41.25,25,https://wykjlhbsxparltxazxmk.supabase.co/storage/v1/object/public/bets-pdf/1387967_1x2_19.04.2026%2520RC%2520Strasbourg%2520vs%2520Stade%2520Rennais%2520(1x2).pdf
2026-04-20,Ligue 1,Nantes,Stade Brestois 29,AH,3,615,514.47,83.7,https://wykjlhbsxparltxazxmk.supabase.co/storage/v1/object/public/bets-pdf/1387965_hdp_19.04.2026%2520Nantes%2520vs%2520Stade%2520Brestois%2520(hdp).pdf
2026-04-20,Ligue 1,Nantes,Stade Brestois 29,1X2,1,165,-165,-100,https://wykjlhbsxparltxazxmk.supabase.co/storage/v1/object/public/bets-pdf/1387965_1x2_19.04.2026%2520Nantes%2520vs%2520Stade%2520Brestois%2520(1x2).pdf
2026-04-20,Ligue 1,Monaco,Auxerre,AH,3,495,-19.8,-4,https://wykjlhbsxparltxazxmk.supabase.co/storage/v1/object/public/bets-pdf/1387964_hdp_19.04.2026%2520AS%2520Monaco%2520vs%2520AJ%2520Auxerre.pdf
2026-04-20,Ligue 1,Monaco,Auxerre,1X2,2,330,70.95,21.5,https://wykjlhbsxparltxazxmk.supabase.co/storage/v1/object/public/bets-pdf/1387964_1x2_19.04.2026%2520AS%2520Monaco%2520vs%2520AJ%2520Auxerre%2520(1x2).pdf
2026-04-20,Ligue 1,Metz,Paris FC,AH,3,495,-155.1,-31.3,https://wykjlhbsxparltxazxmk.supabase.co/storage/v1/object/public/bets-pdf/1387963_hdp_19.04.2026%2520Metz%2520vs%2520Paris.pdf
2026-04-20,Ligue 1,Metz,Paris FC,1X2,2,384,62.07,16.2,https://wykjlhbsxparltxazxmk.supabase.co/storage/v1/object/public/bets-pdf/1387963_1x2_19.04.2026%2520Metz%2520vs%2520Paris%2520FC%2520(1x2).pdf
2026-04-20,Bundesliga,Bayern München,VfB Stuttgart,AH,3,495,-77.55,-15.7,https://wykjlhbsxparltxazxmk.supabase.co/storage/v1/object/public/bets-pdf/1388570_hdp_19.04.2026%2520Bayern%2520Munich%2520vs%2520VfB%2520Stuttgart.pdf
2026-04-20,Bundesliga,Bayern München,VfB Stuttgart,1X2,2,330,-123.75,-37.5,https://wykjlhbsxparltxazxmk.supabase.co/storage/v1/object/public/bets-pdf/1388570_1x2_19.04.2026%2520Bayern%2520Munchen%2520vs%2520VfB%2520Stuttgart%2520(1x2).pdf
2026-04-20,Premier League,Manchester City,Arsenal,AH,4,507,-507,-100,https://wykjlhbsxparltxazxmk.supabase.co/storage/v1/object/public/bets-pdf/1379295_hdp_19.04.2026%2520Manchester%2520City%2520vs%2520Arsenal.pdf
2026-04-20,Premier League,Manchester City,Arsenal,OU,2,165,0,0,https://wykjlhbsxparltxazxmk.supabase.co/storage/v1/object/public/bets-pdf/1379295_ou_19.04.2026%2520Manchester%2520City%2520vs%2520Arsenal%2520(ou).pdf
2026-04-20,Premier League,Manchester City,Arsenal,1X2,1,165,-165,-100,https://wykjlhbsxparltxazxmk.supabase.co/storage/v1/object/public/bets-pdf/1379295_1x2_19.04.2026%2520Manchester%2520City%2520vs%2520Arsenal%2520(1x2).pdf
2026-04-20,Bundesliga,Borussia Mönchengladbach,FSV Mainz 05,AH,2,561,456.72,81.4,https://wykjlhbsxparltxazxmk.supabase.co/storage/v1/object/public/bets-pdf/1388571_hdp_19.04.2026%2520Borussia%2520Monchengladbach%2520vs%2520FSV%2520Mainz%252005.pdf
2026-04-20,Bundesliga,Borussia Mönchengladbach,FSV Mainz 05,1X2,1,165,-165,-100,https://wykjlhbsxparltxazxmk.supabase.co/storage/v1/object/public/bets-pdf/1388571_1x2_19.04.2026%2520Borussia%2520Monchengladbach%2520vs%2520FSV%2520Mainz%252005%2520(1x2).pdf
2026-04-20,Serie A,Lecce,Fiorentina,AH,2,435,155.1,35.7,https://wykjlhbsxparltxazxmk.supabase.co/storage/v1/object/public/bets-pdf/1378187_hdp_21.04.2026%2520Lecce%2520vs%2520Fiorentina%2520(hdp).pdf
2026-04-20,Serie A,Lecce,Fiorentina,1X2,1,330,-87.45,-26.5,https://wykjlhbsxparltxazxmk.supabase.co/storage/v1/object/public/bets-pdf/1378187_1x2_21.04.2026%2520Lecce%2520vs%2520Fiorentina%2520(1x2).pdf
2026-04-20,Premier League,Crystal Palace,West Ham,1X2,1,165,297,180,https://wykjlhbsxparltxazxmk.supabase.co/storage/v1/object/public/bets-pdf/1379292_1x2_21.04.2026%2520Crystal%2520Palace%2520vs%2520West%2520Ham%2520United%2520(1x2).pdf
2026-04-20,Süper Lig,Gaziantep FK,Kayserispor,OU,3,495,-13.2,-2.7,https://wykjlhbsxparltxazxmk.supabase.co/storage/v1/object/public/bets-pdf/1394696_ou_21.04.2026%2520Gaziantep%2520FK%2520vs%2520Kayserispor%2520(ou).pdf
2026-04-20,Süper Lig,Gaziantep FK,Kayserispor,1X2,1,165,66,40,https://wykjlhbsxparltxazxmk.supabase.co/storage/v1/object/public/bets-pdf/1394696_1x2_21.04.2026%2520Gaziantep%2520FK%2520vs%2520Kayserispor%2520(1x2).pdf
2026-04-20,Primeira Liga,Moreirense,Estoril,1X2,1,165,105,63.6,https://wykjlhbsxparltxazxmk.supabase.co/storage/v1/object/public/bets-pdf/1396503_1x2_21.04.2026%2520Moreirense%2520vs%2520Estoril%2520(1x2).pdf
2026-04-21,La Liga,Athletic Club,Osasuna,AH,2,467,236.38,50.6,https://wykjlhbsxparltxazxmk.supabase.co/storage/v1/object/public/bets-pdf/1391139_hdp_22.04.2026%2520Athletic%2520Bilbao%2520vs%2520CA%2520Osasuna%2520(hdp).pdf
2026-04-21,La Liga,Athletic Club,Osasuna,OU,2,350,-53,-15.1,https://wykjlhbsxparltxazxmk.supabase.co/storage/v1/object/public/bets-pdf/1391139_ou_22.04.2026%2520Athletic%2520Bilbao%2520vs%2520CA%2520Osasuna%2520(ou).pdf
2026-04-21,La Liga,Athletic Club,Osasuna,1X2,1,165,49.5,30,https://wykjlhbsxparltxazxmk.supabase.co/storage/v1/object/public/bets-pdf/1391139_1x2_22.04.2026%2520Athletic%2520Bilbao%2520vs%2520CA%2520Osasuna%2520(1x2).pdf
2026-04-21,La Liga,Mallorca,Valencia,AH,1,165,57.75,35,https://wykjlhbsxparltxazxmk.supabase.co/storage/v1/object/public/bets-pdf/1391144_hdp_22.04.2026%2520RCD%2520Mallorca%2520vs%2520alencia%2520CF%2520(hdp).pdf
2026-04-21,La Liga,Mallorca,Valencia,OU,1,151,53.61,35.5,https://wykjlhbsxparltxazxmk.supabase.co/storage/v1/object/public/bets-pdf/1391144_ou_22.04.2026%2520RCD%2520Mallorca%2520vs%2520alencia%2520CF%2520(ou).pdf
2026-04-21,La Liga,Mallorca,Valencia,1X2,3,330,346.5,105,https://wykjlhbsxparltxazxmk.supabase.co/storage/v1/object/public/bets-pdf/1391144_1x2_22.04.2026%2520RCD%2520Mallorca%2520vs%2520alencia%2520CF%2520(1x2).pdf
2026-04-21,La Liga,Girona,Real Betis,1X2,1,165,-165,-100,https://wykjlhbsxparltxazxmk.supabase.co/storage/v1/object/public/bets-pdf/1391142_1x2_22.04.2026%2520Girona%2520%2520vs%2520Real%2520Betis%2520(1x2).pdf
2026-04-21,La Liga,Real Madrid,Alaves,OU,1,200,-21.78,-10.9,https://wykjlhbsxparltxazxmk.supabase.co/storage/v1/object/public/bets-pdf/1391146_ou_22.04.2026%2520Real%2520Madrid%2520vs%2520Deportivo%2520Alaves%2520(ou).pdf
2026-04-22,Ligue 1,Paris Saint Germain,Nantes,OU,2,452,389.22,86.1,https://wykjlhbsxparltxazxmk.supabase.co/storage/v1/object/public/bets-pdf/1387929_ou_23.04.2026%2520Paris%2520Saint%2520Germain%2520vs%2520Nantes%2520(ou).pdf
2026-04-22,Eredivisie,Telstar,Sparta Rotterdam,1X2,1,165,-165,-100,https://wykjlhbsxparltxazxmk.supabase.co/storage/v1/object/public/bets-pdf/1381144_1x2_23.04.2026%2520Telstar%2520vs%2520Sparta%2520Rotterdam%2520(1x2).pdf
2026-04-22,La Liga,Real Sociedad,Getafe,1X2,1,165,113.85,69,https://wykjlhbsxparltxazxmk.supabase.co/storage/v1/object/public/bets-pdf/1391147_1x2_23.04.2026%2520Real%2520Sociedad%2520vs%2520Getafe%2520CF%2520(1x2).pdf
2026-04-22,La Liga,Real Sociedad,Getafe,OU,1,245,254.8,104,https://wykjlhbsxparltxazxmk.supabase.co/storage/v1/object/public/bets-pdf/1391147_ou_23.04.2026%2520Real%2520Sociedad%2520vs%2520Getafe%2520CF%2520(ou).pdf
2026-04-22,La Liga,Real Sociedad,Getafe,AH,2,439,-56.98,-13,https://wykjlhbsxparltxazxmk.supabase.co/storage/v1/object/public/bets-pdf/1391147_hdp_23.04.2026%2520Real%2520Sociedad%2520vs%2520Getafe%2520CF%2520(hdp).pdf
2026-04-24,La Liga,Oviedo,Villarreal,OU,1,700,0,0,https://wykjlhbsxparltxazxmk.supabase.co/storage/v1/object/public/bets-pdf/1391148_ou_24.04.2026%2520Real%2520Oviedo%2520vs%2520Villarreal%2520CF%2520(ou).pdf
2026-04-24,La Liga,Oviedo,Villarreal,1X2,1,165,-165,-100,https://wykjlhbsxparltxazxmk.supabase.co/storage/v1/object/public/bets-pdf/1391148_1x2_24.04.2026%2520Real%2520Oviedo%2520vs%2520Villarreal%2520CF%2520(1x2).pdf
2026-04-24,La Liga,Rayo Vallecano,Espanyol,AH,1,205,-205,-100,https://wykjlhbsxparltxazxmk.supabase.co/storage/v1/object/public/bets-pdf/1391145_hdp_24.04.2026%2520Rayo%2520Vallecano%2520vs%2520RCD%2520Espanyol%2520(hdp).pdf
2026-04-24,La Liga,Rayo Vallecano,Espanyol,OU,1,165,132,80,https://wykjlhbsxparltxazxmk.supabase.co/storage/v1/object/public/bets-pdf/1391145_ou_24.04.2026%2520Rayo%2520Vallecano%2520vs%2520RCD%2520Espanyol%2520(ou).pdf
2026-04-24,La Liga,Rayo Vallecano,Espanyol,1X2,1,165,-165,-100,https://wykjlhbsxparltxazxmk.supabase.co/storage/v1/object/public/bets-pdf/1391145_1x2_24.04.2026%2520Rayo%2520Vallecano%2520vs%2520RCD%2520Espanyol%2520(1x2).pdf
2026-04-24,La Liga,Levante,Sevilla,1X2,1,165,257.4,156,https://wykjlhbsxparltxazxmk.supabase.co/storage/v1/object/public/bets-pdf/1391143_1x2_24.04.2026%2520Levante%2520UD%2520vs%2520Sevilla%2520(1x2).pdf
2026-04-24,Eredivisie,GO Ahead Eagles,AZ Alkmaar,AH,1,196,77.42,39.5,https://wykjlhbsxparltxazxmk.supabase.co/storage/v1/object/public/bets-pdf/1381139_hdp_24.04.2026%2520Go%2520Ahead%2520Eagles%2520vs%2520AZ%2520Alkmaar%2520(hdp).pdf
2026-04-24,Eredivisie,GO Ahead Eagles,AZ Alkmaar,OU,1,165,178.2,108,https://wykjlhbsxparltxazxmk.supabase.co/storage/v1/object/public/bets-pdf/1381139_ou_24.04.2026%2520Go%2520Ahead%2520Eagles%2520vs%2520AZ%2520Alkmaar%2520(ou).pdf
2026-04-24,Eredivisie,GO Ahead Eagles,AZ Alkmaar,1X2,1,165,371.25,225,https://wykjlhbsxparltxazxmk.supabase.co/storage/v1/object/public/bets-pdf/1381139_1x2_24.04.2026%2520Go%2520Ahead%2520Eagles%2520vs%2520AZ%2520Alkmaar%2520(1x2).pdf
2026-04-24,Eredivisie,PSV Eindhoven,PEC Zwolle,AH,1,345,-345,-100,https://wykjlhbsxparltxazxmk.supabase.co/storage/v1/object/public/bets-pdf/1381143_hdp_24.04.2026%2520PSV%2520Eindhoven%2520vs%2520PEC%2520Zwolle%2520(hdp).pdf
2026-04-24,Eredivisie,PSV Eindhoven,PEC Zwolle,OU,3,638,-626.3,-98.2,https://wykjlhbsxparltxazxmk.supabase.co/storage/v1/object/public/bets-pdf/1381143_ou_24.04.2026%2520PSV%2520Eindhoven%2520vs%2520PEC%2520Zwolle%2520(ou).pdf
2026-04-24,Saudi Pro League,Damac,Al Okhdood,1X2,1,185,37,20,https://wykjlhbsxparltxazxmk.supabase.co/storage/v1/object/public/bets-pdf/1436170_1x2_24.04.2026%2520Damac%2520vs%2520Al%2520Okhdood%2520(1x2).pdf
2026-04-26,Saudi Pro League,Al-Fateh,Al Khaleej Saihat,1X2,1,165,-165,-100,https://wykjlhbsxparltxazxmk.supabase.co/storage/v1/object/public/bets-pdf/1436173_1x2_24.04.2026%2520Al%2520Fateh%2520vs%2520Al%2520Khaleej%2520Saihat.pdf
2026-04-26,Saudi Pro League,Al-Hazm,Al Riyadh,1X2,1,165,-165,-100,https://wykjlhbsxparltxazxmk.supabase.co/storage/v1/object/public/bets-pdf/1436166_1x2_24.04.2026%2520Al%2520Hazem%2520Rass%2520vs%2520Al%2520Riyadh.pdf
2026-04-26,Premier League,Sunderland,Nottingham Forest,1X2,1,165,108.9,66,https://wykjlhbsxparltxazxmk.supabase.co/storage/v1/object/public/bets-pdf/1379306_1x2_24.04.2026%2520Sunderland%2520vs%2520Nottingham%2520Forest.pdf
2026-04-26,Brazilian Serie A,Bahia,Santos,1X2,1,165,75.9,46,https://wykjlhbsxparltxazxmk.supabase.co/storage/v1/object/public/bets-pdf/1492232_1x2_25.04.2026%2520A%2520Bahia%2520BA%2520vs%2520Santos%2520SP.pdf
2026-04-26,Brazilian Serie A,Bahia,Santos,AH,3,560,469.1,83.8,https://wykjlhbsxparltxazxmk.supabase.co/storage/v1/object/public/bets-pdf/1492232_hdp_25.04.2026%2520A%2520Bahia%2520BA%2520vs%2520Santos%2520SP.pdf
2026-04-26,Brazilian Serie A,Botafogo,Internacional,AH,1,165,0,0,https://wykjlhbsxparltxazxmk.supabase.co/storage/v1/object/public/bets-pdf/1492233_hdp_25.04.2026%2520A%2520Botafogo%2520RJ%2520vs%2520Internacional%2520RS.pdf
2026-04-26,Eredivisie,NAC Breda,Ajax,AH,2,419,-419,-100,https://wykjlhbsxparltxazxmk.supabase.co/storage/v1/object/public/bets-pdf/1381142_hdp_25.04.2026%2520NAC%2520Breda%2520vs%2520Ajax%2520Amsterdam.pdf
2026-04-26,Eredivisie,NAC Breda,Ajax,OU,1,165,176.6,107,https://wykjlhbsxparltxazxmk.supabase.co/storage/v1/object/public/bets-pdf/1381142_ou_25.04.2026%2520NAC%2520Breda%2520vs%2520Ajax%2520Amsterdam.pdf
2026-04-26,Eredivisie,Twente,NEC Nijmegen,AH,1,186,0,0,https://wykjlhbsxparltxazxmk.supabase.co/storage/v1/object/public/bets-pdf/1381145_hdp_25.04.2026%2520Twente%2520Enschede%2520vs%2520NEC%2520Nijmegen.pdf
2026-04-26,Süper Lig,Eyüpspor,Gaziantep FK,1X2,1,165,-165,-100,https://wykjlhbsxparltxazxmk.supabase.co/storage/v1/object/public/bets-pdf/1394706_1x2_25.04.2026%2520Eyupspor%2520vs%2520Gaziantep.pdf
2026-04-26,Primeira Liga,Guimaraes,Rio Ave,1X2,1,165,-165,-100,https://wykjlhbsxparltxazxmk.supabase.co/storage/v1/object/public/bets-pdf/1396515_1x2_25.04.2026%2520Vitoria%2520Guimaraes%2520vs%2520Rio%2520Ave.pdf
2026-04-26,Premier League,West Ham,Everton,AH,1,435,0,0,https://wykjlhbsxparltxazxmk.supabase.co/storage/v1/object/public/bets-pdf/1379307_hdp_25.04.2026%2520West%2520Ham%2520United%2520vs%2520Everton%2520(hdp).pdf
2026-04-26,Premier League,West Ham,Everton,OU,1,165,151.8,92,https://wykjlhbsxparltxazxmk.supabase.co/storage/v1/object/public/bets-pdf/1379307_ou_25.04.2026%2520West%2520Ham%2520United%2520vs%2520Everton%2520(ou).pdf
2026-04-26,Bundesliga,Hamburger SV,1899 Hoffenheim,AH,1,301,264.9,88,https://wykjlhbsxparltxazxmk.supabase.co/storage/v1/object/public/bets-pdf/1388581_hdp_25.04.2026%2520Hamburger%2520vs%2520TSG%2520Hoffenheim.pdf
2026-04-26,Bundesliga,Hamburger SV,1899 Hoffenheim,OU,1,165,137,83,https://wykjlhbsxparltxazxmk.supabase.co/storage/v1/object/public/bets-pdf/1388581_ou_25.04.2026%2520Hamburger%2520vs%2520TSG%2520Hoffenheim.pdf
2026-04-26,Eredivisie,Heerenveen,Fortuna Sittard,1X2,1,165,14.9,9,https://wykjlhbsxparltxazxmk.supabase.co/storage/v1/object/public/bets-pdf/1381140_1x2_25.04.2026%2520Heerenveen%2520vs%2520Fortuna%2520Sittard.pdf
2026-04-26,Eredivisie,Heerenveen,Fortuna Sittard,AH,1,171,37.6,22,https://wykjlhbsxparltxazxmk.supabase.co/storage/v1/object/public/bets-pdf/1381140_hdp_25.04.2026%2520Heerenveen%2520vs%2520Fortuna%2520Sittard.pdf
2026-04-26,Bundesliga,1. FC Heidenheim,FC St. Pauli,1X2,1,165,90.8,55,https://wykjlhbsxparltxazxmk.supabase.co/storage/v1/object/public/bets-pdf/1388582_1x2_25.04.2026%2520Heidenheim%2520vs%2520St%2520Pauli.pdf
2026-04-26,Bundesliga,1. FC Köln,Bayer Leverkusen,1X2,1,165,66,40,https://wykjlhbsxparltxazxmk.supabase.co/storage/v1/object/public/bets-pdf/1388580_1x2_25.04.2026%2520Koln%2520vs%2520Bayer%2520Leverkusen.pdf
2026-04-26,Premier League,Liverpool,Crystal Palace,AH,1,305,-305,-100,https://wykjlhbsxparltxazxmk.supabase.co/storage/v1/object/public/bets-pdf/1379304_hdp_25.04.2026%2520Liverpool%2520vs%2520Crystal%2520Palace%2520(hdp).pdf
2026-04-26,Ligue 1,Lyon,Auxerre,1X2,1,165,-165,-100,https://wykjlhbsxparltxazxmk.supabase.co/storage/v1/object/public/bets-pdf/1387972_1x2_25.04.2026%2520Lyon%2520vs%2520AJ%2520Auxerre.pdf
2026-04-26,Ligue 1,Lyon,Auxerre,AH,1,165,-165,-100,https://wykjlhbsxparltxazxmk.supabase.co/storage/v1/object/public/bets-pdf/1387972_hdp_25.04.2026%2520Lyon%2520vs%2520AJ%2520Auxerre.pdf
2026-04-26,Ligue 1,Lyon,Auxerre,OU,1,179,-179,-100,https://wykjlhbsxparltxazxmk.supabase.co/storage/v1/object/public/bets-pdf/1387972_ou_25.04.2026%2520Lyon%2520vs%2520AJ%2520Auxerre.pdf
2026-04-26,Brazilian Serie A,Remo,Cruzeiro,AH,1,175,131.3,75,https://wykjlhbsxparltxazxmk.supabase.co/storage/v1/object/public/bets-pdf/1492238_hdp_25.04.2026%2520A%2520Remo%2520PA%2520vs%2520Cruzeiro%2520MG.pdf
2026-04-26,Ligue 1,Toulouse,Monaco,AH,1,177,212.4,120,https://wykjlhbsxparltxazxmk.supabase.co/storage/v1/object/public/bets-pdf/1387976_hdp_25.04.2026%2520Toulouse%2520vs%2520AS%2520Monaco.pdf
2026-04-28,Saudi Pro League,Al-Fateh,Al Khaleej Saihat,1X2,1,165,-165,-100,https://wykjlhbsxparltxazxmk.supabase.co/storage/v1/object/public/bets-pdf/1436173_1x2_24.04.2026%2520Al%2520Fateh%2520vs%2520Al%2520Khaleej%2520Saihat.pdf
2026-04-28,Saudi Pro League,Al-Hazm,Al Riyadh,1X2,1,165,-165,-100,https://wykjlhbsxparltxazxmk.supabase.co/storage/v1/object/public/bets-pdf/1436166_1x2_24.04.2026%2520Al%2520Hazem%2520Rass%2520vs%2520Al%2520Riyadh.pdf
2026-04-28,Premier League,Liverpool,Crystal Palace,AH,1,304,-304,-100,https://wykjlhbsxparltxazxmk.supabase.co/storage/v1/object/public/bets-pdf/1379304_hdp_25.04.2026%2520Liverpool%2520vs%2520Crystal%2520Palace%2520(hdp).pdf
2026-04-28,Premier League,West Ham,Everton,OU,1,165,166.65,101,https://wykjlhbsxparltxazxmk.supabase.co/storage/v1/object/public/bets-pdf/1379307_ou_25.04.2026%2520West%2520Ham%2520United%2520vs%2520Everton%2520(ou).pdf
2026-04-28,Premier League,West Ham,Everton,AH,1,434,0,0,https://wykjlhbsxparltxazxmk.supabase.co/storage/v1/object/public/bets-pdf/1379307_hdp_25.04.2026%2520West%2520Ham%2520United%2520vs%2520Everton%2520(hdp).pdf
2026-04-28,Serie A,Genoa,Como,AH,3,986,-986,-100,https://wykjlhbsxparltxazxmk.supabase.co/storage/v1/object/public/bets-pdf/1378197_hdp_26.04.2026%2520Genoa%2520vs%2520Como%2520(hdp).pdf
2026-04-28,Ligue 1,Lorient,Strasbourg,OU,1,1000,-1000,-100,https://wykjlhbsxparltxazxmk.supabase.co/storage/v1/object/public/bets-pdf/1387971_ou_26.04.2026%2520Lorient%2520vs%2520RC%2520Strasbourg%2520(ou).pdf
2026-04-28,Ligue 1,Le Havre,Metz,OU,1,1000,860,86,https://wykjlhbsxparltxazxmk.supabase.co/storage/v1/object/public/bets-pdf/1387970_ou_26.04.2026%2520Le%2520Havre%2520vs%2520Metz%2520(ou).pdf
2026-04-28,Ligue 1,Paris FC,Lille,OU,1,1000,870,87,https://wykjlhbsxparltxazxmk.supabase.co/storage/v1/object/public/bets-pdf/1387974_ou_26.04.2026%2520Paris%2520FC%2520vs%2520Lille%2520OSC%2520(ou).pdf
2026-04-28,Bundesliga,VfB Stuttgart,Werder Bremen,OU,1,1000,980,98,https://wykjlhbsxparltxazxmk.supabase.co/storage/v1/object/public/bets-pdf/1388585_ou_26.04.2026%2520VfB%2520Stuttgart%2520vs%2520Werder%2520Bremen%2520(ou).pdf
2026-04-28,FA Cup,Chelsea,Leeds,1X2,1,425,-425,-100,https://wykjlhbsxparltxazxmk.supabase.co/storage/v1/object/public/bets-pdf/1539715_1x2_26.04.2026%2520Chelsea%2520(N)%2520vs%2520Leeds%2520United%2520(1x2).pdf
2026-04-28,La Liga,Oviedo,Elche,AH,1,165,161.7,98,https://wykjlhbsxparltxazxmk.supabase.co/storage/v1/object/public/bets-pdf/1391136_hdp_26.04.2026%2520Real%2520Oviedo%2520vs%2520Elche%2520(hdp).pdf
2026-04-28,La Liga,Rayo Vallecano,Real Sociedad,OU,1,877,-741.57,-84.6,https://wykjlhbsxparltxazxmk.supabase.co/storage/v1/object/public/bets-pdf/1391135_ou_26.04.2026%2520Rayo%2520Vallecano%2520vs%2520Real%2520Sociedad%2520(ou).pdf
2026-04-28,La Liga,Osasuna,Sevilla,OU,1,1000,830,83,https://wykjlhbsxparltxazxmk.supabase.co/storage/v1/object/public/bets-pdf/1391134_ou_26.04.2026%2520CA%2520Osasuna%2520vs%2520Sevilla%2520(ou).pdf
2026-04-28,Süper Lig,Gençlerbirliği S.K.,Kocaelispor,OU,1,1000,-1000,-100,https://wykjlhbsxparltxazxmk.supabase.co/storage/v1/object/public/bets-pdf/1394708_ou_26.04.2026%2520Genclerbirligi%2520vs%2520Kocaelispor%2520(ou).pdf
2026-04-28,Serie A,Lazio,Udinese,OU,1,925,999,108,https://wykjlhbsxparltxazxmk.supabase.co/storage/v1/object/public/bets-pdf/1378198_ou_28.04.2026%2520Lazio%2520vs%2520Udinese%2520(ou).pdf
2026-04-28,Serie A,Cagliari,Atalanta,1X2,1,800,1000,125,https://wykjlhbsxparltxazxmk.supabase.co/storage/v1/object/public/bets-pdf/1378195_1x2_28.04.2026%2520Cagliari%2520vs%2520Atalanta%2520(1x2).pdf
2026-04-28,Premier League,Manchester United,Brentford,1X2,1,952,999.6,105,https://wykjlhbsxparltxazxmk.supabase.co/storage/v1/object/public/bets-pdf/1379305_1x2_28.04.2026%2520Manchester%2520United%2520vs%2520Brentford%2520(1x2).pdf
2026-04-28,La Liga,Espanyol,Levante,OU,1,1000,970,97,https://wykjlhbsxparltxazxmk.supabase.co/storage/v1/object/public/bets-pdf/1391132_ou_28.04.2026%2520RCD%2520Espanyol%2520vs%2520Levante%2520UD%2520(ou).pdf
2026-04-28,Süper Lig,Konyaspor,Trabzonspor,OU,1,1000,-1000,-100,https://wykjlhbsxparltxazxmk.supabase.co/storage/v1/object/public/bets-pdf/1394711_ou_28.04.2026%2520Konyaspor%2520vs%2520Trabzonspor%2520(ou).pdf
2026-04-28,Süper Lig,Beşiktaş,Fatih Karagümrük,OU,1,1000,810,81,https://wykjlhbsxparltxazxmk.supabase.co/storage/v1/object/public/bets-pdf/1394705_ou_28.04.2026%2520Besiktas%2520vs%2520Fatih%2520Karagumruk%2520(ou).pdf
2026-04-28,Primeira Liga,GIL Vicente,Casa Pia,OU,1,1000,900,90,https://wykjlhbsxparltxazxmk.supabase.co/storage/v1/object/public/bets-pdf/1396512_ou_28.04.2026%2520Gil%2520Vicente%2520vs%2520Casa%2520Pia%2520AC%2520(ou).pdf
2026-05-08,UEFA Europa Conference League,Crystal Palace,Shakhtar Donetsk,OU,1,200,190,95,https://wykjlhbsxparltxazxmk.supabase.co/storage/v1/object/public/bets-pdf/1540881_ou_08.05.2026%2520Crystal%2520Palace%2520vs%2520Shakhtar%2520Donetsk%2520(ou).pdf
2026-05-08,UEFA Europa League,SC Freiburg,SC Braga,1X2,1,200,-200,-100,https://wykjlhbsxparltxazxmk.supabase.co/storage/v1/object/public/bets-pdf/1540874_1x2_08.05.2026%2520SC%2520Freiburg%2520vs%2520Sporting%2520Braga%2520(1x2).pdf
2026-05-08,UEFA Europa Conference League,Strasbourg,Rayo Vallecano,1X2,1,200,550,275,https://wykjlhbsxparltxazxmk.supabase.co/storage/v1/object/public/bets-pdf/1540882_1x2_08.05.2026%2520RC%2520Strasbourg%2520vs%2520Rayo%2520Vallecano%2520(1x2).pdf
2026-05-08,UEFA Europa League,Aston Villa,Nottingham Forest,AH,1,200,-200,-100,https://wykjlhbsxparltxazxmk.supabase.co/storage/v1/object/public/bets-pdf/1540873_hdp_08.05.2026%2520Aston%2520Villa%2520vs%2520Nottingham%2520Forest%2520(hdp).pdf
2026-05-08,Premier League,Chelsea,Nottingham Forest,AH,1,925,999,108,https://wykjlhbsxparltxazxmk.supabase.co/storage/v1/object/public/bets-pdf/1379313_hdp_05.05.2026%2520Chelsea%2520vs%2520Nottingham%2520Forest%2520(hdp).pdf
2026-05-08,La Liga,Sevilla,Real Sociedad,AH,1,165,-165,-100,https://wykjlhbsxparltxazxmk.supabase.co/storage/v1/object/public/bets-pdf/1391156_hdp_05.05.2026%2520Sevilla%2520vs%2520Real%2520Sociedad%2520(hdp).pdf
2026-05-08,La Liga,Sevilla,Real Sociedad,OU,1,165,-165,-100,https://wykjlhbsxparltxazxmk.supabase.co/storage/v1/object/public/bets-pdf/1391156_ou_05.05.2026%2520Sevilla%2520vs%2520Real%2520Sociedad%2520(ou).pdf
2026-05-08,La Liga,Sevilla,Real Sociedad,1X2,1,165,-165,-100,https://wykjlhbsxparltxazxmk.supabase.co/storage/v1/object/public/bets-pdf/1391156_1x2_05.05.2026%2520Sevilla%2520vs%2520Real%2520Sociedad%2520(1x2).pdf
2026-05-08,Saudi Pro League,Al-Ittihad FC,Al Kholood,OU,1,250,-250,-100,https://wykjlhbsxparltxazxmk.supabase.co/storage/v1/object/public/bets-pdf/1436185_ou_05.05.2026%2520Al%2520Ittihad%2520Jeddah%2520vs%2520Al%2520Kholood%2520(ou).pdf
2026-05-08,Saudi Pro League,Al-Ittihad FC,Al Kholood,AH,1,165,-165,-100,https://wykjlhbsxparltxazxmk.supabase.co/storage/v1/object/public/bets-pdf/1436185_hdp_05.05.2026%2520Al%2520Ittihad%2520Jeddah%2520vs%2520Al%2520Kholood%2520(hdp).pdf
2026-05-08,Saudi Pro League,Al-Ettifaq,Al Najma,AH,1,165,173.25,105,https://wykjlhbsxparltxazxmk.supabase.co/storage/v1/object/public/bets-pdf/1436189_hdp_05.05.2026%2520Al%2520Ettifaq%2520vs%2520Al%2520Najma%2520Unaizah%2520(hdp).pdf
2026-05-08,Saudi Pro League,Al-Ettifaq,Al Najma,OU,1,165,145.2,88,https://wykjlhbsxparltxazxmk.supabase.co/storage/v1/object/public/bets-pdf/1436189_ou_05.05.2026%2520Al%2520Ettifaq%2520vs%2520Al%2520Najma%2520Unaizah%2520(ou).pdf
2026-05-08,Saudi Pro League,Al-Ettifaq,Al Najma,1X2,2,370,206.25,55.7,https://wykjlhbsxparltxazxmk.supabase.co/storage/v1/object/public/bets-pdf/1436189_1x2_05.05.2026%2520Al%2520Ettifaq%2520vs%2520Al%2520Najma%2520Unaizah%2520(1x2).pdf
2026-05-08,Serie A,Cremonese,Lazio,OU,1,500,-500,-100,https://wykjlhbsxparltxazxmk.supabase.co/storage/v1/object/public/bets-pdf/1378207_ou_05.05.2026%2520Cremonese%2520vs%2520Lazio%2520(ou).pdf
2026-05-08,Serie A,Cremonese,Lazio,1X2,1,208,-208,-100,https://wykjlhbsxparltxazxmk.supabase.co/storage/v1/object/public/bets-pdf/1378207_1x2_05.05.2026%2520Cremonese%2520vs%2520Lazio%2520(1x2).pdf
2026-05-14,La Liga,Espanyol,Athletic Club,AH,1,50,-50,-100,https://wykjlhbsxparltxazxmk.supabase.co/storage/v1/object/public/bets-pdf/1391172_hdp_14.05.2026%20RCD%20Espanyol%20vs%20Athletic%20Bilbao%20(hdp).pdf
2026-05-14,Ligue 1,Lens,Paris Saint Germain,AH,2,96,-0.78,-0.8,https://wykjlhbsxparltxazxmk.supabase.co/storage/v1/object/public/bets-pdf/1387952_hdp_14.05.2026%20RC%20Lens%20vs%20Paris%20Saint%20Germain%20(hdp).pdf
2026-05-14,La Liga,Villarreal,Sevilla,AH,2,100,44.5,44.5,https://wykjlhbsxparltxazxmk.supabase.co/storage/v1/object/public/bets-pdf/1391178_hdp_14.05.2026%20Villarreal%20CF%20vs%20Sevilla%20(hdp).pdf
2026-05-14,La Liga,Getafe,Mallorca,AH,1,50,-50,-100,https://wykjlhbsxparltxazxmk.supabase.co/storage/v1/object/public/bets-pdf/1391173_hdp_14.05.2026%20Getafe%20CF%20vs%20RCD%20Mallorca%20(hdp).pdf
2026-05-14,Ligue 1,Stade Brestois 29,Strasbourg,AH,1,50,0,0,https://wykjlhbsxparltxazxmk.supabase.co/storage/v1/object/public/bets-pdf/1387951_hdp_14.05.2026%20Stade%20Brestois%20vs%20RC%20Strasbourg%20(hdp).pdf
2026-05-14,Süper Lig,Alanyaspor,Kayserispor,1X2,1,165,-165,-100,https://wykjlhbsxparltxazxmk.supabase.co/storage/v1/object/public/bets-pdf/1394721_1x2_09.05.2026%20Alanyaspor%20vs%20Kayserispor%20(1x2).pdf
2026-05-14,Süper Lig,Kocaelispor,Fatih Karagümrük,1X2,1,165,-165,-100,https://wykjlhbsxparltxazxmk.supabase.co/storage/v1/object/public/bets-pdf/1394728_1x2_09.05.2026%20Kocaelispor%20vs%20Fatih%20Karagumruk%20(1x2).pdf
2026-05-14,Süper Lig,Beşiktaş,Trabzonspor,1X2,2,330,-54.45,-16.5,https://wykjlhbsxparltxazxmk.supabase.co/storage/v1/object/public/bets-pdf/1394723_1x2_09.05.2026%20Besiktas%20vs%20Trabzonspor%20(1x2).pdf
2026-05-14,Indian Super League,Jamshedpur,Bengaluru,1X2,1,165,130.35,79,https://wykjlhbsxparltxazxmk.supabase.co/storage/v1/object/public/bets-pdf/1521354_1x2_09.05.2026%20Jamshedpur%20FC%20vs%20Bengaluru%20FC%20(1x2).pdf
2026-05-14,Brazilian Serie A,Fluminense,Vitoria,1X2,2,330,181.5,55,https://wykjlhbsxparltxazxmk.supabase.co/storage/v1/object/public/bets-pdf/1492254_1x2_09.05.2026%20Fluminense%20RJ%20vs%20Vitoria%20BA%20(1x2).pdf
2026-05-14,La Liga,Atletico Madrid,Celta Vigo,1X2,2,330,-107.25,-32.5,https://wykjlhbsxparltxazxmk.supabase.co/storage/v1/object/public/bets-pdf/1391160_1x2_09.05.2026%20Atletico%20de%20Madrid%20vs%20Celta%20Vigo%20(1x2).pdf
2026-05-14,La Liga,Elche,Alaves,1X2,1,165,-165,-100,https://wykjlhbsxparltxazxmk.supabase.co/storage/v1/object/public/bets-pdf/1391162_1x2_09.05.2026%20Elche%20vs%20Deportivo%20Alaves%20(1x2).pdf
2026-05-14,Süper Lig,Göztepe,Gaziantep FK,1X2,1,165,-165,-100,https://wykjlhbsxparltxazxmk.supabase.co/storage/v1/object/public/bets-pdf/1394727_1x2_09.05.2026%20Goztepe%20AS%20vs%20Gaziantep%20FK%20(1x2).pdf
2026-05-14,Indian Super League,Goa,ATK Mohun Bagan,1X2,2,330,120.45,36.5,https://wykjlhbsxparltxazxmk.supabase.co/storage/v1/object/public/bets-pdf/1521353_1x2_09.05.2026%20FC%20Goa%20vs%20Mohun%20Bagan%20Super%20Giant%20(1x2).pdf
2026-05-14,Brazilian Serie A,Coritiba,Internacional,1X2,2,330,-41.25,-12.5,https://wykjlhbsxparltxazxmk.supabase.co/storage/v1/object/public/bets-pdf/1492253_1x2_09.05.2026%20Coritiba%20PR%20vs%20Internacional%20RS%20(1x2).pdf
2026-05-14,Serie A,Cagliari,Udinese,1X2,3,495,-237.6,-48,https://wykjlhbsxparltxazxmk.supabase.co/storage/v1/object/public/bets-pdf/1378214_1x2_09.05.2026%20Cagliari%20vs%20Udinese%20(1x2).pdf
2026-05-14,La Liga,Real Sociedad,Real Betis,1X2,1,165,-165,-100,https://wykjlhbsxparltxazxmk.supabase.co/storage/v1/object/public/bets-pdf/1391166_1x2_09.05.2026%20Real%20Sociedad%20vs%20Real%20Betis%20(1x2).pdf
2026-05-14,Premier League,Sunderland,Manchester United,1X2,1,165,234.3,142,https://wykjlhbsxparltxazxmk.supabase.co/storage/v1/object/public/bets-pdf/1379326_1x2_09.05.2026%20Sunderland%20vs%20Manchester%20United%20(1x2).pdf
2026-05-14,Premier League,Liverpool,Chelsea,1X2,2,330,36.3,11,https://wykjlhbsxparltxazxmk.supabase.co/storage/v1/object/public/bets-pdf/1379323_1x2_09.05.2026%20Liverpool%20vs%20Chelsea%20(1x2).pdf
2026-05-14,Bundesliga,VfL Wolfsburg,Bayern München,1X2,1,165,-165,-100,https://wykjlhbsxparltxazxmk.supabase.co/storage/v1/object/public/bets-pdf/1388604_1x2_09.05.2026%20VfL%20Wolfsburg%20vs%20Bayern%20Munchen%20(1x2).pdf
2026-05-14,Saudi Pro League,Al Najma,Al-Hazm,OU,1,165,475.2,288,https://wykjlhbsxparltxazxmk.supabase.co/storage/v1/object/public/bets-pdf/1436192_ou_10.05.2026%20Al%20Najma%20Unaizah%20vs%20Al%20Hazem%20FC%20(ou).pdf
2026-05-14,Saudi Pro League,Al Najma,Al-Hazm,1X2,1,165,298.65,181,https://wykjlhbsxparltxazxmk.supabase.co/storage/v1/object/public/bets-pdf/1436192_1x2_09.05.2026%20Al%20Najma%20Unaizah%20vs%20Al%20Hazem%20FC%20(1x2).pdf
2026-05-14,Saudi Pro League,Al Khaleej Saihat,Al-Ettifaq,1X2,2,330,-100.65,-30.5,https://wykjlhbsxparltxazxmk.supabase.co/storage/v1/object/public/bets-pdf/1436196_1x2_09.05.2026%20Al%20Najma%20Unaizah%20vs%20Al%20Hazem%20FC%20(1x2).pdf
2026-05-14,Süper Lig,Eyüpspor,Rizespor,1X2,1,229,43.51,19,https://wykjlhbsxparltxazxmk.supabase.co/storage/v1/object/public/bets-pdf/1394724_1x2_09.05.2026%20Eyupspor%20vs%20Caykur%20Rizespor%20(1x2).pdf
2026-05-15,La Liga,Girona,Real Sociedad,AH,1,15,13.2,88,https://wykjlhbsxparltxazxmk.supabase.co/storage/v1/object/public/bets-pdf/1391174_hdp_15.05.2026%20Girona%20vs%20Real%20Sociedad%20(hdp).pdf
2026-05-15,La Liga,Girona,Real Sociedad,OU,1,50,61.5,123,https://wykjlhbsxparltxazxmk.supabase.co/storage/v1/object/public/bets-pdf/1391174_ou_15.05.2026%20Girona%20vs%20Real%20Sociedad%20(ou).pdf
2026-05-15,La Liga,Girona,Real Sociedad,1X2,1,15,-15,-100,https://wykjlhbsxparltxazxmk.supabase.co/storage/v1/object/public/bets-pdf/1391174_1x2_15.05:2026%20Girona%20vs%20Real%20Sociedad%20(1x2).pdf
2026-05-15,La Liga,Real Madrid,Oviedo,OU,1,50,52,104,https://wykjlhbsxparltxazxmk.supabase.co/storage/v1/object/public/bets-pdf/1391176_ou_15.05.2026%20Real%20Madrid%20vs%20Real%20Oviedo%20(ou).pdf
2026-05-15,Saudi Pro League,Al-Fateh,Al Najma,OU,1,50,49,98,https://wykjlhbsxparltxazxmk.supabase.co/storage/v1/object/public/bets-pdf/1438974_ou_15.05.2026%20Al%20Fateh%20vs%20Al%20Najma%20Unaizah%20(ou).pdf
2026-05-15,Saudi Pro League,Al-Ettifaq,Al-Ittihad FC,OU,1,50,54.5,109,https://wykjlhbsxparltxazxmk.supabase.co/storage/v1/object/public/bets-pdf/1436202_ou_15.05.2026%20Al%20Ettifaq%20vs%20Al%20Ittihad%20Jeddah%20(ou).pdf
2026-05-15,La Liga,Valencia,Rayo Vallecano,OU,1,49,49.49,101,https://wykjlhbsxparltxazxmk.supabase.co/storage/v1/object/public/bets-pdf/1391177_ou_15.05.2026%20Valencia%20CF%20vs%20Rayo%20Vallecano%20(ou).pdf
2026-05-17,Premier League,Aston Villa,Liverpool,OU,1,164,-164,-100,https://wykjlhbsxparltxazxmk.supabase.co/storage/v1/object/public/bets-pdf/1379330_ou_16.05.2026%20Aston%20Villa%20vs%20Liverpool%20(ou).pdf
2026-05-17,Chinese Super League,Dalian Zhixing,Qingdao Youth Island,1X2,1,184,172.96,94,https://wykjlhbsxparltxazxmk.supabase.co/storage/v1/object/public/bets-pdf/1523151_1x2_16.05.2026%20Dalian%20Yingbo%20vs%20Qingdao%20West%20Coast%20FC%20(1x2).pdf
2026-05-17,Saudi Pro League,Damac,Al-Fayha,OU,1,200,130,65,https://wykjlhbsxparltxazxmk.supabase.co/storage/v1/object/public/bets-pdf/1436200_ou_16.05.2026%20Damac%20vs%20Al%20Fayha%20FC%20(ou).pdf
2026-05-17,Chinese Super League,Henan Jianye,Sichuan Jiuniu,1X2,1,60,-60,-100,https://wykjlhbsxparltxazxmk.supabase.co/storage/v1/object/public/bets-pdf/1523147_1x2_16.05.2026%20Henan%20FC%20vs%20Shenzhen%20Peng%20City%20(1x2).pdf
2026-05-17,Chinese Super League,Henan Jianye,Sichuan Jiuniu,AH,1,200,-200,-100,https://wykjlhbsxparltxazxmk.supabase.co/storage/v1/object/public/bets-pdf/1523147_hdp_16.05.2026%20Henan%20FC%20vs%20Shenzhen%20Peng%20City%20(hdp).pdf
2026-05-17,Chinese Super League,Henan Jianye,Sichuan Jiuniu,OU,1,200,84,42,https://wykjlhbsxparltxazxmk.supabase.co/storage/v1/object/public/bets-pdf/1523147_ou_16.05.2026%20Henan%20FC%20vs%20Shenzhen%20Peng%20City%20(ou).pdf
2026-05-17,Saudi Pro League,Al-Ahli Jeddah,Al Kholood,OU,1,200,196,98,https://wykjlhbsxparltxazxmk.supabase.co/storage/v1/object/public/bets-pdf/1436204_ou_17.05.2026%2520Al%2520Ahli%2520Jeddah%2520vs%2520Al%2520Kholood%2520(ou).pdf
2026-05-17,Saudi Pro League,Al-Hilal Saudi FC,NEOM,OU,1,200,178,89,https://wykjlhbsxparltxazxmk.supabase.co/storage/v1/object/public/bets-pdf/1436205_ou_17.05.2026%20Al%20Hilal%20Riyadh%20vs%20Neom%20SC%20(ou).pdf
2026-05-17,Saudi Pro League,Al Okhdood,Al Khaleej Saihat,1X2,1,72,-72,-100,https://wykjlhbsxparltxazxmk.supabase.co/storage/v1/object/public/bets-pdf/1436203_1x2_17.05.2026%20Al%20Okhdood%20vs%20Al%20Khaleej%20Saihat%20(1x2).pdf
2026-05-17,Saudi Pro League,Al Okhdood,Al Khaleej Saihat,AH,1,96,-96,-100,https://wykjlhbsxparltxazxmk.supabase.co/storage/v1/object/public/bets-pdf/1436203_hdp_17.05.2026%20Al%20Okhdood%20vs%20Al%20Khaleej%20Saihat%20(hdp).pdf
2026-05-17,Saudi Pro League,Al Okhdood,Al Khaleej Saihat,OU,1,200,0,0,https://wykjlhbsxparltxazxmk.supabase.co/storage/v1/object/public/bets-pdf/1436203_ou_17.05.2026%20Al%20Okhdood%20vs%20Al%20Khaleej%20Saihat%20(ou).pdf
2026-05-17,Brazilian Serie A,Atletico-MG,Mirassol,OU,1,200,-100,-50,https://wykjlhbsxparltxazxmk.supabase.co/storage/v1/object/public/bets-pdf/1492261_ou_17.05.2026%20Atletico%20Mineiro%20vs%20Mirassol%20SP%20(ou).pdf
2026-05-17,Bundesliga,Bayer Leverkusen,Hamburger SV,1X2,1,60,129,215,https://wykjlhbsxparltxazxmk.supabase.co/storage/v1/object/public/bets-pdf/1388605_1x2_17.05.2026%20Bayer%2004%20Leverkusen%20vs%20Hamburger%20SV%20(1x2).pdf
2026-05-17,Bundesliga,Bayer Leverkusen,Hamburger SV,AH,1,200,216,108,https://wykjlhbsxparltxazxmk.supabase.co/storage/v1/object/public/bets-pdf/1388605_hdp_17.05.2026%20Bayer%2004%20Leverkusen%20vs%20Hamburger%20SV%20(hdp).pdf
2026-05-17,Bundesliga,Bayer Leverkusen,Hamburger SV,OU,1,200,95,47.5,https://wykjlhbsxparltxazxmk.supabase.co/storage/v1/object/public/bets-pdf/1388605_ou_17.05.2026%20Bayer%2004%20Leverkusen%20vs%20Hamburger%20SV%20(ou).pdf
2026-05-17,Bundesliga,Borussia Mönchengladbach,1899 Hoffenheim,OU,1,200,99,49.5,https://wykjlhbsxparltxazxmk.supabase.co/storage/v1/object/public/bets-pdf/1388607_ou_17.05.2026%20Borussia%20Monchengladbach%20vs%20TSG%201899%20Hoffenheim%20(ou).pdf
2026-05-17,Primeira Liga,Casa Pia,Rio Ave,1X2,1,200,-200,-100,https://wykjlhbsxparltxazxmk.supabase.co/storage/v1/object/public/bets-pdf/1396536_1x2_17.05.2026%20Casa%20Pia%20AC%20vs%20Rio%20Ave%20(1x2).pdf
2026-05-17,Primeira Liga,Casa Pia,Rio Ave,AH,1,68,57.12,84,https://wykjlhbsxparltxazxmk.supabase.co/storage/v1/object/public/bets-pdf/1396536_hdp_17.05.2026%20Casa%20Pia%20AC%20vs%20Rio%20Ave%20(hdp).pdf
2026-05-17,FA Cup,Chelsea,Manchester City,1X2,3,71,248.5,350,https://wykjlhbsxparltxazxmk.supabase.co/storage/v1/object/public/bets-pdf/1542889_1x2_17.05.2026%20Chelsea%20vs%20Manchester%20City%20(1x2).pdf
2026-05-17,Bundesliga,Eintracht Frankfurt,VfB Stuttgart,OU,1,200,0,0,https://wykjlhbsxparltxazxmk.supabase.co/storage/v1/object/public/bets-pdf/1388608_ou_17.05.2026%20Eintracht%20Frankfurt%20vs%20VfB%20Stuttgart%20(ou).pdf
2026-05-17,Bundesliga,1. FC Heidenheim,FSV Mainz 05,OU,1,200,196,98,https://wykjlhbsxparltxazxmk.supabase.co/storage/v1/object/public/bets-pdf/1388610_ou_17.05.2026%20FC%20Heidenheim%201846%20vs%20FSV%20Mainz%2005%20(ou).pdf
2026-05-17,Primeira Liga,Famalicao,Alverca,1X2,1,60,-60,-100,https://wykjlhbsxparltxazxmk.supabase.co/storage/v1/object/public/bets-pdf/1396538_1x2_17.05.2026%20Famalicao%20vs%20FC%20Alverca%20(1x2).pdf
2026-05-17,Süper Lig,Fatih Karagümrük,Alanyaspor,OU,1,200,188,94,https://wykjlhbsxparltxazxmk.supabase.co/storage/v1/object/public/bets-pdf/1394733_ou_17.05.2026%20Fatih%20Karagumruk%20vs%20Alanyaspor%20(ou).pdf
2026-05-17,Brazilian Serie A,Fluminense,Sao Paulo,OU,1,200,-100,-50,https://wykjlhbsxparltxazxmk.supabase.co/storage/v1/object/public/bets-pdf/1492266_ou_17.05.2026%20Fluminense%20RJ%20vs%20Sao%20Paulo%20SP%20(ou).pdf
2026-05-17,Süper Lig,Gaziantep FK,Başakşehir,OU,1,200,192,96,https://wykjlhbsxparltxazxmk.supabase.co/storage/v1/object/public/bets-pdf/1394732_ou_17.05.2026%20Gaziantep%20FK%20vs%20Istanbul%20Basaksehir%20(ou).pdf
2026-05-17,Primeira Liga,Moreirense,AVS,1X2,2,136,-136,-100,https://wykjlhbsxparltxazxmk.supabase.co/storage/v1/object/public/bets-pdf/1396540_1x2_17.05.2026%20Moreirense%20vs%20AVS%20(1x2).pdf
2026-05-17,Primeira Liga,Nacional,Guimaraes,1X2,1,72,138.24,192,https://wykjlhbsxparltxazxmk.supabase.co/storage/v1/object/public/bets-pdf/1396541_1x2_17.05.2026%20Nacional%20da%20Madeira%20vs%20Vitoria%20Guimaraes%20(1x2).pdf
2026-05-17,Indian Super League,Odisha,Minerva Punjab,1X2,2,316,108,34.2,https://wykjlhbsxparltxazxmk.supabase.co/storage/v1/object/public/bets-pdf/1521278_1x2_17.05.2026%20Odisha%20FC%20vs%20Punjab%20FC%20(1x2).pdf
2026-05-17,Indian Super League,Odisha,Minerva Punjab,OU,1,200,-200,-100,https://wykjlhbsxparltxazxmk.supabase.co/storage/v1/object/public/bets-pdf/1521278_ou_17.05.2026%20Odisha%20FC%20vs%20Punjab%20FC%20(ou).pdf
2026-05-17,Brazilian Serie A,Palmeiras,Cruzeiro,1X2,1,60,111,185,https://wykjlhbsxparltxazxmk.supabase.co/storage/v1/object/public/bets-pdf/1492268_1x2_17.05.2026%20Palmeiras%20SP%20vs%20Cruzeiro%20MG%20(1x2).pdf
2026-05-17,Brazilian Serie A,Palmeiras,Cruzeiro,AH,1,136,137.36,101,https://wykjlhbsxparltxazxmk.supabase.co/storage/v1/object/public/bets-pdf/1492268_hdp_17.05.2026%20Palmeiras%20SP%20vs%20Cruzeiro%20MG%20(hdp).pdf
2026-05-17,Primeira Liga,FC Porto,Santa Clara,1X2,1,60,-60,-100,https://wykjlhbsxparltxazxmk.supabase.co/storage/v1/object/public/bets-pdf/1396539_1x2_17.05.2026%20Porto%20vs%20CD%20Santa%20Clara%20(1x2).pdf
2026-05-17,Primeira Liga,FC Porto,Santa Clara,AH,1,200,0,0,https://wykjlhbsxparltxazxmk.supabase.co/storage/v1/object/public/bets-pdf/1396539_hdp_17.05.2026%20Porto%20vs%20CD%20Santa%20Clara%20(hdp).pdf
2026-05-17,Bundesliga,SC Freiburg,RB Leipzig,OU,1,188,0,0,https://wykjlhbsxparltxazxmk.supabase.co/storage/v1/object/public/bets-pdf/1388609_ou_17.05.2026%20SC%20Freiburg%20vs%20RB%20Leipzig%20(ou).pdf
2026-05-17,Süper Lig,Samsunspor,Göztepe,1X2,1,104,64.48,62,https://wykjlhbsxparltxazxmk.supabase.co/storage/v1/object/public/bets-pdf/1394737_1x2_17.05.2026%20Samsunspor%20vs%20Goztepe%20AS%20(1x2).pdf
2026-05-17,Süper Lig,Samsunspor,Göztepe,OU,1,176,-176,-100,https://wykjlhbsxparltxazxmk.supabase.co/storage/v1/object/public/bets-pdf/1394737_ou_17.05.2026%20Samsunspor%20vs%20Goztepe%20AS%20(ou).pdf
2026-05-17,Chinese Super League,Shandong Luneng,Chongqing Tongliang Long,OU,1,200,0,0,https://wykjlhbsxparltxazxmk.supabase.co/storage/v1/object/public/bets-pdf/1523153_ou_17.05.2026%20Shandong%20Taishan%20vs%20Chongqing%20Tonglianglong%20(ou).pdf
2026-05-17,Primeira Liga,Sporting CP,GIL Vicente,OU,1,200,-200,-100,https://wykjlhbsxparltxazxmk.supabase.co/storage/v1/object/public/bets-pdf/1396542_ou_17.05.2026%20Sporting%20Lisbon%20vs%20Gil%20Vicente%20(ou).pdf
2026-05-17,Bundesliga,FC St. Pauli,VfL Wolfsburg,1X2,1,60,-60,-100,https://wykjlhbsxparltxazxmk.supabase.co/storage/v1/object/public/bets-pdf/1388611_1x2_17.05.2026%20St.%20Pauli%20vs%20VfL%20Wolfsburg%20(1x2).pdf
2026-05-17,Bundesliga,FC St. Pauli,VfL Wolfsburg,AH,1,128,104.96,82,https://wykjlhbsxparltxazxmk.supabase.co/storage/v1/object/public/bets-pdf/1388611_hdp_17.05.2026%20St.%20Pauli%20vs%20VfL%20Wolfsburg%20(hdp).pdf
2026-05-17,Bundesliga,FC St. Pauli,VfL Wolfsburg,OU,1,200,-200,-100,https://wykjlhbsxparltxazxmk.supabase.co/storage/v1/object/public/bets-pdf/1388611_ou_17.05.2026%20St.%20Pauli%20vs%20VfL%20Wolfsburg%20(ou).pdf
2026-05-17,Bundesliga,Union Berlin,FC Augsburg,OU,1,180,-180,-100,https://wykjlhbsxparltxazxmk.supabase.co/storage/v1/object/public/bets-pdf/1388612_ou_17.05.2026%20Union%20Berlin%20vs%20Augsburg%20(ou).pdf
2026-05-17,Bundesliga,Werder Bremen,Borussia Dortmund,1X2,2,148,-9.4,-6.4,https://wykjlhbsxparltxazxmk.supabase.co/storage/v1/object/public/bets-pdf/1388613_1x2_17.05.2026%20Werder%20Bremen%20vs%20Borussia%20Dortmund%20(1x2).pdf
2026-05-17,Chinese Super League,Wuhan Three Towns,Shenyang Urban,AH,1,144,0,0,https://wykjlhbsxparltxazxmk.supabase.co/storage/v1/object/public/bets-pdf/1523152_hdp_17.05.2026%20Wuhan%20Three%20Towns%20%20vs%20Liaoning%20Tieren%20(hdp).pdf
2026-05-17,J1 League,Yokohama F. Marinos,Kashiwa Reysol,OU,1,200,192,96,https://wykjlhbsxparltxazxmk.supabase.co/storage/v1/object/public/bets-pdf/1504811_ou_17.05.2026%20Yokohama%20F%20Marinos%20vs%20Kashiwa%20Reysol%20(ou).pdf
2026-05-17,Chinese Super League,Yunnan Yukun,Shanghai Shenhua,1X2,1,72,85.68,119,https://wykjlhbsxparltxazxmk.supabase.co/storage/v1/object/public/bets-pdf/1523154_1x2_17.05.2026%20Yunnan%20Yukun%20vs%20Shanghai%20Shenhua%20(1x2).pdf
2026-05-17,Chinese Super League,Yunnan Yukun,Shanghai Shenhua,AH,1,60,0,0,https://wykjlhbsxparltxazxmk.supabase.co/storage/v1/object/public/bets-pdf/1523154_hdp_17.05.2026%20Yunnan%20Yukun%20vs%20Shanghai%20Shenhua%20(hdp).pdf
2026-05-17,Chinese Super League,Yunnan Yukun,Shanghai Shenhua,OU,1,200,-200,-100,https://wykjlhbsxparltxazxmk.supabase.co/storage/v1/object/public/bets-pdf/1523154_ou_17.05.2026%20Yunnan%20Yukun%20vs%20Shanghai%20Shenhua%20(ou).pdf
2026-05-17,Süper Lig,Gaziantep FK,Başakşehir,1X2,1,156,-156,-100,https://wykjlhbsxparltxazxmk.supabase.co/storage/v1/object/public/bets-pdf/1394732_1x2_16.05.2026%20Caykur%20Rizespor%20vs%20Besiktas%20(1x2).pdf
2026-05-17,Süper Lig,Gaziantep FK,Başakşehir,OU,1,200,88,44,https://wykjlhbsxparltxazxmk.supabase.co/storage/v1/object/public/bets-pdf/1394732_ou_17.05.2026%20Gaziantep%20FK%20vs%20Istanbul%20Basaksehir%20(ou).pdf
2026-05-17,J1 League,Yokohama F. Marinos,Kashiwa Reysol,OU,1,100,92,92,https://wykjlhbsxparltxazxmk.supabase.co/storage/v1/object/public/bets-pdf/2026-05-17/17.05.2026%20Yokohama%20F%20Marinos%20vs%20Kashiwa%20Reysol.pdf
2026-05-17,Indian Super League,Odisha,Minerva Punjab,OU,1,100,-100,-100,https://wykjlhbsxparltxazxmk.supabase.co/storage/v1/object/public/bets-pdf/2026-05-17/17.05.2026%20Odisha%20vs%20Punjab.pdf
2026-05-17,Bundesliga,FC St. Pauli,VfL Wolfsburg,1X2,1,50,-50,-100,https://wykjlhbsxparltxazxmk.supabase.co/storage/v1/object/public/bets-pdf/2026-05-17/17.05.2026%20St%20Pauli%20vs%20VfL%20Wolfsburg.pdf
2026-05-17,Indian Super League,Odisha,Minerva Punjab,1X2,1,67,-67,-100,https://wykjlhbsxparltxazxmk.supabase.co/storage/v1/object/public/bets-pdf/2026-05-17/17.05.2026%20Odisha%20vs%20Punjab.pdf
2026-05-17,Chinese Super League,Henan Jianye,Sichuan Jiuniu,OU,1,100,42,42,https://wykjlhbsxparltxazxmk.supabase.co/storage/v1/object/public/bets-pdf/2026-05-17/17.05.2026%20Henan%20vs%20Shenzhen%20Peng%20City.pdf
2026-05-17,Chinese Super League,Henan Jianye,Sichuan Jiuniu,AH,1,100,-100,-100,https://wykjlhbsxparltxazxmk.supabase.co/storage/v1/object/public/bets-pdf/2026-05-17/17.05.2026%20Henan%20vs%20Shenzhen%20Peng%20City.pdf
2026-05-17,Chinese Super League,Henan Jianye,Sichuan Jiuniu,1X2,1,50,-50,-100,https://wykjlhbsxparltxazxmk.supabase.co/storage/v1/object/public/bets-pdf/2026-05-17/17.05.2026%20Henan%20vs%20Shenzhen%20Peng%20City.pdf
2026-05-17,Bundesliga,1. FC Heidenheim,FSV Mainz 05,OU,1,100,98,98,https://wykjlhbsxparltxazxmk.supabase.co/storage/v1/object/public/bets-pdf/2026-05-17/17.05.2026%20Heidenheim%20vs%20FSV%20Mainz%2005.pdf
2026-05-17,Chinese Super League,Dalian Zhixing,Qingdao Youth Island,1X2,1,99,99,100,https://wykjlhbsxparltxazxmk.supabase.co/storage/v1/object/public/bets-pdf/2026-05-17/17.05.2026%20Dalian%20Yingbo%20vs%20Qingdao%20West%20Coast.pdf
2026-05-17,Süper Lig,Rizespor,Beşiktaş,OU,1,100,43.5,43.5,https://wykjlhbsxparltxazxmk.supabase.co/storage/v1/object/public/bets-pdf/2026-05-17/17.05.2026%20Caykur%20Rizespor%20vs%20Besiktas%20JK.pdf
2026-05-17,Süper Lig,Rizespor,Beşiktaş,1X2,1,75,-75,-100,https://wykjlhbsxparltxazxmk.supabase.co/storage/v1/object/public/bets-pdf/2026-05-17/17.05.2026%20Caykur%20Rizespor%20vs%20Besiktas%20JK.pdf
2026-05-17,Bundesliga,Borussia Mönchengladbach,1899 Hoffenheim,OU,1,100,48.5,48.5,https://wykjlhbsxparltxazxmk.supabase.co/storage/v1/object/public/bets-pdf/2026-05-17/17.05.2026%20Borussia%20Monchengladbach%20vs%20TSG%20Hoffenheim.pdf
2026-05-17,Bundesliga,FC St. Pauli,VfL Wolfsburg,OU,1,100,-100,-100,https://wykjlhbsxparltxazxmk.supabase.co/storage/v1/object/public/bets-pdf/2026-05-17/17.05.2026%20St%20Pauli%20vs%20VfL%20Wolfsburg.pdf
2026-05-17,Bundesliga,Bayer Leverkusen,Hamburger SV,AH,1,100,106,106,https://wykjlhbsxparltxazxmk.supabase.co/storage/v1/object/public/bets-pdf/2026-05-17/17.05.2026%20Bayer%20Leverkusen%20vs%20Hamburger.pdf
2026-05-17,Bundesliga,Bayer Leverkusen,Hamburger SV,1X2,2,100,67.5,67.5,https://wykjlhbsxparltxazxmk.supabase.co/storage/v1/object/public/bets-pdf/2026-05-17/17.05.2026%20Bayer%20Leverkusen%20vs%20Hamburger.pdf
2026-05-17,Premier League,Aston Villa,Liverpool,OU,1,81,-81,-100,https://wykjlhbsxparltxazxmk.supabase.co/storage/v1/object/public/bets-pdf/2026-05-17/17.05.2026%20Aston%20Villa%20vs%20Liverpool.pdf
2026-05-17,Chinese Super League,Yunnan Yukun,Shanghai Shenhua,OU,2,200,6,3,https://wykjlhbsxparltxazxmk.supabase.co/storage/v1/object/public/bets-pdf/2026-05-17/17.05.2026%20Yunnan%20Yukun%20vs%20Shanghai%20Shenhua.pdf
2026-05-17,Chinese Super League,Yunnan Yukun,Shanghai Shenhua,1X2,1,55,78.1,142,https://wykjlhbsxparltxazxmk.supabase.co/storage/v1/object/public/bets-pdf/2026-05-17/17.05.2026%20Yunnan%20Yukun%20vs%20Shanghai%20Shenhua.pdf
2026-05-17,Eredivisie,PEC Zwolle,Feyenoord,AH,2,100,-100,-100,https://wykjlhbsxparltxazxmk.supabase.co/storage/v1/object/public/bets-pdf/2026-05-17/17.05.2026%20PEC%20Zwolle%20vs%20Feyenoord%20Rotterdam.pdf
2026-05-17,Eredivisie,PSV Eindhoven,Twente,1X2,2,100,-100,-100,https://wykjlhbsxparltxazxmk.supabase.co/storage/v1/object/public/bets-pdf/2026-05-17/17.05.2026%20PSV%20Eindhoven%20vs%20Twente%20Enschede.pdf
2026-05-17,Eredivisie,Sparta Rotterdam,Excelsior,1X2,2,200,124,62,https://wykjlhbsxparltxazxmk.supabase.co/storage/v1/object/public/bets-pdf/2026-05-17/17.05.2026%20Sparta%20Rotterdam%20vs%20Excelsior%20Rotterdam.pdf
2026-05-17,Eredivisie,Utrecht,Fortuna Sittard,AH,2,190,-190,-100,https://wykjlhbsxparltxazxmk.supabase.co/storage/v1/object/public/bets-pdf/2026-05-17/17.05.2026%20Utrecht%20vs%20Fortuna%20Sittard.pdf
2026-05-17,Eredivisie,FC Volendam,Telstar,1X2,1,50,85.5,171,https://wykjlhbsxparltxazxmk.supabase.co/storage/v1/object/public/bets-pdf/2026-05-17/17.05.2026%20Volendam%20vs%20Telstar%201963.pdf
2026-05-17,Eredivisie,FC Volendam,Telstar,OU,4,396,-396,-100,https://wykjlhbsxparltxazxmk.supabase.co/storage/v1/object/public/bets-pdf/2026-05-17/17.05.2026%20Volendam%20vs%20Telstar%201963.pdf
2026-05-17,J1 League,Yokohama F. Marinos,Kashima,OU,1,100,92,92,https://wykjlhbsxparltxazxmk.supabase.co/storage/v1/object/public/bets-pdf/2026-05-16/16.05.2026%20Yokohama%20F%20Marinos%20vs%20Kashiwa%20Reysol.pdf
2026-05-17,Serie A,Juventus,Fiorentina,1X2,2,167,243.8,146,https://wykjlhbsxparltxazxmk.supabase.co/storage/v1/object/public/bets-pdf/2026-05-17/17.05.2026%20Juventus%20vs%20Fiorentina.pdf
2026-05-17,Premier League,Manchester City,Nottingham Forest,1X2,2,100,-50,-50,https://wykjlhbsxparltxazxmk.supabase.co/storage/v1/object/public/bets-pdf/2026-05-17/17.05.2026%20Manchester%20United%20vs%20Nottingham%20Forest.pdf
2026-05-17,Eredivisie,Heerenveen,Ajax,1X2,4,230,23,10,https://wykjlhbsxparltxazxmk.supabase.co/storage/v1/object/public/bets-pdf/2026-05-17/17.05.2026%20Heerenveen%20vs%20Ajax%20Amsterdam.pdf
2026-05-17,Serie A,Genoa,AC Milan,OU,3,300,-300,-100,https://wykjlhbsxparltxazxmk.supabase.co/storage/v1/object/public/bets-pdf/2026-05-17/17.05.2026%20Genoa%20vs%20AC%20Milan.pdf
2026-05-17,Serie A,Genoa,AC Milan,1X2,1,50,-50,-100,https://wykjlhbsxparltxazxmk.supabase.co/storage/v1/object/public/bets-pdf/2026-05-17/17.05.2026%20Genoa%20vs%20AC%20Milan.pdf
2026-05-17,Premier League,Everton,Sunderland,OU,6,581,37,6.4,https://wykjlhbsxparltxazxmk.supabase.co/storage/v1/object/public/bets-pdf/2026-05-17/17.05.2026%20Everton%20vs%20Sunderland.pdf
2026-05-17,Premier League,Manchester City,Nottingham Forest,AH,2,101,-50,-49.5,https://wykjlhbsxparltxazxmk.supabase.co/storage/v1/object/public/bets-pdf/2026-05-17/17.05.2026%20Manchester%20United%20vs%20Nottingham%20Forest.pdf
2026-05-17,Premier League,Manchester City,Nottingham Forest,OU,7,688,103.5,15,https://wykjlhbsxparltxazxmk.supabase.co/storage/v1/object/public/bets-pdf/2026-05-17/17.05.2026%20Manchester%20United%20vs%20Nottingham%20Forest.pdf
2026-05-17,Eredivisie,NEC Nijmegen,GO Ahead Eagles,AH,2,200,194,97,https://wykjlhbsxparltxazxmk.supabase.co/storage/v1/object/public/bets-pdf/2026-05-17/17.05.2026%20NEC%20Nijmegen%20vs%20Go%20Ahead%20Eagles.pdf
2026-05-17,Eredivisie,PEC Zwolle,Feyenoord,1X2,1,50,-50,-100,https://wykjlhbsxparltxazxmk.supabase.co/storage/v1/object/public/bets-pdf/2026-05-17/17.05.2026%20PEC%20Zwolle%20vs%20Feyenoord%20Rotterdam.pdf
2026-05-17,Premier League,Everton,Sunderland,1X2,1,50,-50,-100,https://wykjlhbsxparltxazxmk.supabase.co/storage/v1/object/public/bets-pdf/2026-05-17/17.05.2026%20Everton%20vs%20Sunderland.pdf
2026-05-17,Premier League,Brentford,Crystal Palace,OU,4,400,-400,-100,https://wykjlhbsxparltxazxmk.supabase.co/storage/v1/object/public/bets-pdf/2026-05-17/17.05.2026%20Brentford%20vs%20Crystal%20Palace.pdf
2026-05-17,Premier League,Brentford,Crystal Palace,1X2,2,100,211,211,https://wykjlhbsxparltxazxmk.supabase.co/storage/v1/object/public/bets-pdf/2026-05-17/17.05.2026%20Brentford%20vs%20Crystal%20Palace.pdf
2026-05-17,Eredivisie,AZ Alkmaar,NAC Breda,1X2,2,109,121,111,https://wykjlhbsxparltxazxmk.supabase.co/storage/v1/object/public/bets-pdf/2026-05-17/17.05.2026%20AZ%20Alkmaar%20vs%20NAC%20Breda.pdf
2026-05-17,Serie A,AS Roma,Lazio,OU,3,300,-300,-100,https://wykjlhbsxparltxazxmk.supabase.co/storage/v1/object/public/bets-pdf/2026-05-17/17.05.2026%20AS%20Roma%20vs%20Lazio.pdf
2026-05-17,Serie A,Juventus,Fiorentina,OU,2,200,246,123,https://wykjlhbsxparltxazxmk.supabase.co/storage/v1/object/public/bets-pdf/2026-05-17/17.05.2026%20Juventus%20vs%20Fiorentina.pdf
2026-05-17,Serie A,Juventus,Fiorentina,AH,2,200,0,0,https://wykjlhbsxparltxazxmk.supabase.co/storage/v1/object/public/bets-pdf/2026-05-17/17.05.2026%20Juventus%20vs%20Fiorentina.pdf
2026-05-17,J1 League,Kawasaki Frontale,Machida Zelvia,OU,3,300,-300,-100,https://wykjlhbsxparltxazxmk.supabase.co/storage/v1/object/public/bets-pdf/2026-05-17/17.05.2026%20Kawasaki%20Frontale%20vs%20Machida%20Zelvia.pdf
2026-05-17,Süper Lig,Kayserispor,Konyaspor,AH,1,63,-63,-100,https://wykjlhbsxparltxazxmk.supabase.co/storage/v1/object/public/bets-pdf/2026-05-17/17.05.2026%20Kayserispor%20vs%20Konyaspor.pdf
2026-05-17,Süper Lig,Kayserispor,Konyaspor,OU,2,200,-100,-50,https://wykjlhbsxparltxazxmk.supabase.co/storage/v1/object/public/bets-pdf/2026-05-17/17.05.2026%20Kayserispor%20vs%20Konyaspor.pdf
2026-05-17,Eredivisie,Heracles,Groningen,1X2,3,167,61.2,36.6,https://wykjlhbsxparltxazxmk.supabase.co/storage/v1/object/public/bets-pdf/2026-05-17/17.05.2026%20Heracles%20Almelo%20vs%20Groningen.pdf
2026-05-17,Eredivisie,Heracles,Groningen,AH,2,139,132.1,95,https://wykjlhbsxparltxazxmk.supabase.co/storage/v1/object/public/bets-pdf/2026-05-17/17.05.2026%20Heracles%20Almelo%20vs%20Groningen.pdf
2026-05-17,Premier League,Leeds,Brighton,1X2,1,50,-50,-100,https://wykjlhbsxparltxazxmk.supabase.co/storage/v1/object/public/bets-pdf/2026-05-17/17.05.2026%20Leeds%20United%20vs%20Brighton%20And%20Hove%20Albion.pdf
2026-05-17,Premier League,Leeds,Brighton,OU,3,300,249,83,https://wykjlhbsxparltxazxmk.supabase.co/storage/v1/object/public/bets-pdf/2026-05-17/17.05.2026%20Leeds%20United%20vs%20Brighton%20And%20Hove%20Albion.pdf
2026-05-18,Saudi Pro League,Al Shabab,Al-Ittihad FC,1X2,1,176,-176,-100,https://wykjlhbsxparltxazxmk.supabase.co/storage/v1/object/public/bets-pdf/1391185_1x2_18.05.2026%2520Al%2520Shabab%2520Riyadh%2520vs%2520Al%2520Ittihad%2520Jeddah%2520(1x2).pdf
2026-05-18,Saudi Pro League,Al Shabab,Al-Ittihad FC,OU,1,200,-200,-100,https://wykjlhbsxparltxazxmk.supabase.co/storage/v1/object/public/bets-pdf/1391185_ou_18.05.2026%2520Al%2520Shabab%2520Riyadh%2520vs%2520Al%2520Ittihad%2520Jeddah%2520(ou).pdf
2026-05-18,Süper Lig,Antalyaspor,Kocaelispor,OU,1,200,212,106,https://wykjlhbsxparltxazxmk.supabase.co/storage/v1/object/public/bets-pdf/1394730_ou_18.05.2026%2520Antalyaspor%2520vs%2520Kocaelispor%2520(ou).pdf
2026-05-18,Serie A,Atalanta,Bologna,AH,1,96,-96,-100,https://wykjlhbsxparltxazxmk.supabase.co/storage/v1/object/public/bets-pdf/1378224_hdp_18.05.2026%2520Atalanta%2520vs%2520Bologna%2520(hdp).pdf
2026-05-18,Serie A,Atalanta,Bologna,OU,1,192,99.84,52,https://wykjlhbsxparltxazxmk.supabase.co/storage/v1/object/public/bets-pdf/1378224_ou_18.05.2026%2520Atalanta%2520vs%2520Bologna%2520(ou).pdf
2026-05-18,La Liga,Athletic Club,Celta Vigo,1X2,1,64,-64,-100,https://wykjlhbsxparltxazxmk.supabase.co/storage/v1/object/public/bets-pdf/1391179_1x2_18.05.2026%2520Athletic%2520Bilbao%2520vs%2520Celta%2520Vigo%2520(1x2).pdf
2026-05-18,La Liga,Athletic Club,Celta Vigo,OU,1,200,208,104,https://wykjlhbsxparltxazxmk.supabase.co/storage/v1/object/public/bets-pdf/1391179_ou_18.05.2026%2520Athletic%2520Bilbao%2520vs%2520Celta%2520Vigo%2520(ou).pdf
2026-05-18,Brazilian Serie A,Atletico Paranaense,Flamengo,OU,1,180,95.4,53,https://wykjlhbsxparltxazxmk.supabase.co/storage/v1/object/public/bets-pdf/1492260_ou_18.05.2026%2520Atl%2520Paranaense%2520vs%2520Flamengo%2520R%2520(ou).pdf
2026-05-18,La Liga,Atletico Madrid,Girona,OU,1,200,188,94,https://wykjlhbsxparltxazxmk.supabase.co/storage/v1/object/public/bets-pdf/1391180_ou_18.05.2026%2520Atletico%2520de%2520Madrid%2520vs%2520Girona%2520(ou).pdf
2026-05-18,Brazilian Serie A,Bahia,Gremio,1X2,2,196,5.6,2.9,https://wykjlhbsxparltxazxmk.supabase.co/storage/v1/object/public/bets-pdf/1492262_1x2_18.05.2026%2520Bahia%2520EC%2520BA%2520vs%2520Gremio%2520Porto%2520Alegrense%2520(1x2).pdf
2026-05-18,Brazilian Serie A,Bahia,Gremio,AH,1,200,218,109,https://wykjlhbsxparltxazxmk.supabase.co/storage/v1/object/public/bets-pdf/1492262_hdp_18.05.2026%2520Bahia%2520EC%2520BA%2520vs%2520Gremio%2520Porto%2520Alegrense%2520(hdp).pdf
2026-05-18,Brazilian Serie A,Bahia,Gremio,OU,1,200,-200,-100,https://wykjlhbsxparltxazxmk.supabase.co/storage/v1/object/public/bets-pdf/1492262_ou_18.05.2026%2520Bahia%2520EC%2520BA%2520vs%2520Gremio%2520Porto%2520Alegrense%2520(ou).pdf
2026-05-18,La Liga,Barcelona,Real Betis,AH,1,200,0,0,https://wykjlhbsxparltxazxmk.supabase.co/storage/v1/object/public/bets-pdf/1391181_hdp_18.05.2026%2520Barcelona%2520vs%2520Real%2520Betis%2520(hdp).pdf
2026-05-18,La Liga,Barcelona,Real Betis,OU,1,200,158,79,https://wykjlhbsxparltxazxmk.supabase.co/storage/v1/object/public/bets-pdf/1391181_ou_18.05.2026%2520Barcelona%2520vs%2520Real%2520Betis%2520(ou).pdf
2026-05-18,Brazilian Serie A,Botafogo,Corinthians,AH,1,200,-200,-100,https://wykjlhbsxparltxazxmk.supabase.co/storage/v1/object/public/bets-pdf/1492263_hdp_18.05.2026%2520Botafogo%2520RJ%2520vs%2520Corinthians%2520SP%2520(hdp).pdf
2026-05-18,Brazilian Serie A,Botafogo,Corinthians,OU,1,200,218,109,https://wykjlhbsxparltxazxmk.supabase.co/storage/v1/object/public/bets-pdf/1492263_ou_18.05.2026%2520Botafogo%2520RJ%2520vs%2520Corinthians%2520SP%2520(ou).pdf
2026-05-18,La Liga,Osasuna,Espanyol,1X2,1,88,-88,-100,https://wykjlhbsxparltxazxmk.supabase.co/storage/v1/object/public/bets-pdf/1379337_1x2_18.05.2026%2520CA%2520Osasuna%2520vs%2520RCD%2520Espanyol%2520(1x2).pdf
2026-05-18,Serie A,Cagliari,Torino,OU,2,388,-26,-6.7,https://wykjlhbsxparltxazxmk.supabase.co/storage/v1/object/public/bets-pdf/1378225_ou_18.05.2026%2520Cagliari%2520vs%2520Torino%2520(ou).pdf
2026-05-18,J1 League,JEF United Chiba,Kashima,OU,1,200,80,40,https://wykjlhbsxparltxazxmk.supabase.co/storage/v1/object/public/bets-pdf/1504813_ou_18.05.2026%2520JEF%2520United%2520Ichihara%2520Chiba%2520vs%2520Kashima%2520Antlers%2520(ou).pdf
2026-05-18,J1 League,Kyoto Sanga,Sanfrecce Hiroshima,OU,1,192,-192,-100,https://wykjlhbsxparltxazxmk.supabase.co/storage/v1/object/public/bets-pdf/1504816_ou_18.05.2026%2520Kyoto%2520Sanga%2520vs%2520Sanfrecce%2520Hiroshima%2520(ou).pdf
2026-05-18,Ligue 1,Nice,Metz,1X2,1,60,76.2,127,https://wykjlhbsxparltxazxmk.supabase.co/storage/v1/object/public/bets-pdf/1388001_1x2_18.05.2026%2520OGC%2520Nice%2520vs%2520Metz%2520(1x2).pdf
2026-05-18,Ligue 1,Nice,Metz,AH,1,200,200,100,https://wykjlhbsxparltxazxmk.supabase.co/storage/v1/object/public/bets-pdf/1388001_hdp_18.05.2026%2520OGC%2520vs%2520Nice%2520Metz%2520(hdp).pdf
2026-05-18,Ligue 1,Paris FC,Paris Saint Germain,AH,1,112,116.48,104,https://wykjlhbsxparltxazxmk.supabase.co/storage/v1/object/public/bets-pdf/1388002_hdp_18.05.2026%2520Paris%2520FC%2520vs%2520Paris%2520Saint%2520Germain%2520(hdp).pdf
2026-05-18,Ligue 1,Strasbourg,Monaco,1X2,1,156,-156,-100,https://wykjlhbsxparltxazxmk.supabase.co/storage/v1/object/public/bets-pdf/1388003_1x2_18.05.2026%2520RC%2520Strasbourg%2520vs%2520AS%2520Monaco%2520(1x2).pdf
2026-05-18,Ligue 1,Strasbourg,Monaco,OU,1,200,-200,-100,https://wykjlhbsxparltxazxmk.supabase.co/storage/v1/object/public/bets-pdf/1388003_ou_18.05.2026%2520RC%2520Strasbourg%2520vs%2520AS%2520Monaco%2520(ou).pdf
2026-05-18,Ligue 1,Stade Brestois 29,Angers,OU,1,200,-200,-100,https://wykjlhbsxparltxazxmk.supabase.co/storage/v1/object/public/bets-pdf/1387995_ou_18.05.2026%2520Stade%2520Brestois%2520vs%2520Angers%2520(ou).pdf
2026-05-18,Süper Lig,Trabzonspor,Gençlerbirliği S.K.,OU,1,172,-86,-50,https://wykjlhbsxparltxazxmk.supabase.co/storage/v1/object/public/bets-pdf/1394738_ou_18.05.2026%2520Trabzonspor%2520vs%2520Genclerbirligi%2520(ou).pdf
2026-05-18,Serie A,Udinese,Cremonese,OU,1,200,210,105,https://wykjlhbsxparltxazxmk.supabase.co/storage/v1/object/public/bets-pdf/1378233_ou_18.05.2026%2520Udinese%2520vs%2520Cremonese%2520(ou).pdf
2026-05-18,J1 League,V-varen Nagasaki,Vissel Kobe,AH,1,200,162,81,https://wykjlhbsxparltxazxmk.supabase.co/storage/v1/object/public/bets-pdf/1504812_hdp_18.05.2026%2520V-Varen%2520Nagasaki%2520vs%2520Vissel%2520Kobe%2520(hdp).pdf
2026-05-18,La Liga,Rayo Vallecano,Villarreal,AH,1,60,66.6,111,https://wykjlhbsxparltxazxmk.supabase.co/storage/v1/object/public/bets-pdf/1391185_hdp_18.05.2027%2520Rayo%2520Vallecano%2520vs%2520Villarreal%2520CF%2520(hdp).pdf
2026-05-18,Ligue 1,Marseille,Rennes,OU,1,200,206,103,https://wykjlhbsxparltxazxmk.supabase.co/storage/v1/object/public/bets-pdf/1387999_ou_18.05.2026%2520Olympique%2520de%2520Marseille%2520vs%2520Stade%2520Rennais%2520(ou).pdf
2026-05-18,Indian Super League,Kerala Blasters,Goa,1X2,2,100,189,189,https://wykjlhbsxparltxazxmk.supabase.co/storage/v1/object/public/bets-pdf/2026-05-19/19.05.2026%20Kerala%20Blasters%20vs%20Goa.pdf
2026-05-19,Premier League,Bournemouth,Manchester City,OU,2,400,360,90,https://wykjlhbsxparltxazxmk.supabase.co/storage/v1/object/public/bets-pdf/2026-05-19/19.05.2026%20AFC%20Bournemouth%20vs%20Manchester%20City.pdf
2026-05-19,Premier League,Bournemouth,Manchester City,1X2,2,184,-184,-100,https://wykjlhbsxparltxazxmk.supabase.co/storage/v1/object/public/bets-pdf/2026-05-19/19.05.2026%20AFC%20Bournemouth%20vs%20Manchester%20City.pdf
2026-05-19,Premier League,Chelsea,Tottenham,OU,2,368,334.8,91,https://wykjlhbsxparltxazxmk.supabase.co/storage/v1/object/public/bets-pdf/2026-05-19/19.05.2026%20Chelsea%20vs%20Tottenham%20Hotspur.pdf
2026-05-19,Chinese Super League,Chengdu Better City,SHANGHAI SIPG,1X2,2,128,-128,-100,https://wykjlhbsxparltxazxmk.supabase.co/storage/v1/object/public/bets-pdf/2026-05-19/19.05.2026%20Chengdu%20Rongcheng%20vs%20Shanghai%20Port.pdf
2026-05-19,Chinese Super League,Chengdu Better City,SHANGHAI SIPG,AH,2,192,-192,-100,https://wykjlhbsxparltxazxmk.supabase.co/storage/v1/object/public/bets-pdf/2026-05-19/19.05.2026%20Chengdu%20Rongcheng%20vs%20Shanghai%20Port.pdf
2026-05-19,Chinese Super League,Qingdao Youth Island,Beijing Guoan,AH,2,368,364.4,99,https://wykjlhbsxparltxazxmk.supabase.co/storage/v1/object/public/bets-pdf/2026-05-19/19.05.2026%20Qingdao%20West%20Coast%20vs%20Beijing%20Guoan.pdf
2026-05-19,Chinese Super League,Tianjin Teda,Henan Jianye,1X2,2,232,-232,-100,https://wykjlhbsxparltxazxmk.supabase.co/storage/v1/object/public/bets-pdf/2026-05-19/19.05.2026%20Tianjin%20Jinmen%20Tiger%20vs%20Henan.pdf
2026-05-19,Chinese Super League,Tianjin Teda,Henan Jianye,AH,2,400,252,63,https://wykjlhbsxparltxazxmk.supabase.co/storage/v1/object/public/bets-pdf/2026-05-19/19.05.2026%20Tianjin%20Jinmen%20Tiger%20vs%20Henan.pdf
2026-05-19,Chinese Super League,Tianjin Teda,Henan Jianye,OU,4,800,-8,-1,https://wykjlhbsxparltxazxmk.supabase.co/storage/v1/object/public/bets-pdf/2026-05-19/19.05.2026%20Tianjin%20Jinmen%20Tiger%20vs%20Henan.pdf
2026-05-19,Chinese Super League,Sichuan Jiuniu,Dalian Zhixing,1X2,2,120,-120,-100,https://wykjlhbsxparltxazxmk.supabase.co/storage/v1/object/public/bets-pdf/2026-05-19/19.05.2026%20Shenzhen%20Peng%20City%20vs%20Dalian%20Yingbo.pdf
2026-05-20,Chinese Super League,Chongqing Tongliang Long,Yunnan Yukun,OU,2,400,380,95,https://wykjlhbsxparltxazxmk.supabase.co/storage/v1/object/public/bets-pdf/2026-05-20/20.05.2026%20Chongqing%20Tongliang%20Long%20vs%20Yunnan%20Yukun.pdf
2026-05-20,Chinese Super League,Shenyang Urban,Qingdao Jonoon,1X2,2,120,-120,-100,https://wykjlhbsxparltxazxmk.supabase.co/storage/v1/object/public/bets-pdf/2026-05-20/20.05.2026%20Liaoning%20Tieren%20vs%20Qingdao%20Hainiu.pdf
2026-05-20,Chinese Super League,Shenyang Urban,Qingdao Jonoon,OU,2,400,172,43,https://wykjlhbsxparltxazxmk.supabase.co/storage/v1/object/public/bets-pdf/2026-05-20/20.05.2026%20Liaoning%20Tieren%20vs%20Qingdao%20Hainiu.pdf
2026-05-20,Chinese Super League,Shanghai Shenhua,Wuhan Three Towns,OU,2,400,0,0,https://wykjlhbsxparltxazxmk.supabase.co/storage/v1/object/public/bets-pdf/2026-05-20/20.05.2026%20Shanghai%20Shenhua%20vs%20Wuhan%20Three%20Towns.pdf
2026-05-20,Chinese Super League,Hangzhou Greentown,Shandong Luneng,1X2,2,256,-256,-100,https://wykjlhbsxparltxazxmk.supabase.co/storage/v1/object/public/bets-pdf/2026-05-20/20.05.2026%20Zhejiang%20vs%20Shandong%20Taishan.pdf
2026-05-20,Chinese Super League,Hangzhou Greentown,Shandong Luneng,OU,2,400,-400,-100,https://wykjlhbsxparltxazxmk.supabase.co/storage/v1/object/public/bets-pdf/2026-05-20/20.05.2026%20Zhejiang%20vs%20Shandong%20Taishan.pdf
2026-05-20,Chinese Super League,Chongqing Tongliang Long,Yunnan Yukun,AH,2,400,0,0,https://wykjlhbsxparltxazxmk.supabase.co/storage/v1/object/public/bets-pdf/2026-05-20/20.05.2026%20Chongqing%20Tongliang%20Long%20vs%20Yunnan%20Yukun.pdf
2026-05-20,Saudi Pro League,Al Najma,Al Shabab,1X2,4,240,25.2,10.5,https://wykjlhbsxparltxazxmk.supabase.co/storage/v1/object/public/bets-pdf/2026-05-20/20.05.2026%20Al%20Najma%20Unaizah%20vs%20Al%20Shabab%20Riyadh.pdf
2026-05-20,Saudi Pro League,Al Najma,Al Shabab,OU,2,400,400,100,https://wykjlhbsxparltxazxmk.supabase.co/storage/v1/object/public/bets-pdf/2026-05-20/20.05.2026%20Al%20Najma%20Unaizah%20vs%20Al%20Shabab%20Riyadh.pdf
2026-05-20,Premier League,Bournemouth,Manchester City,1X2,1,92,-92,-100,https://wykjlhbsxparltxazxmk.supabase.co/storage/v1/object/public/bets-pdf/1379331_1x2_20.05.2026%2520AFC%2520Bournemouth%2520vs%2520Manchester%2520City%2520(1x2).pdf
2026-05-20,Premier League,Bournemouth,Manchester City,OU,1,200,0,0,https://wykjlhbsxparltxazxmk.supabase.co/storage/v1/object/public/bets-pdf/1379331_ou_20.05.2026%2520AFC%2520Bournemouth%2520vs%2520Manchester%2520City%2520(ou).pdf
2026-05-20,Premier League,Chelsea,Tottenham,OU,1,184,-18.34,-10,https://wykjlhbsxparltxazxmk.supabase.co/storage/v1/object/public/bets-pdf/1379333_ou_20.05.2026%2520Chelsea%2520vs%2520Tottenham%2520Hotspur%2520(ou).pdf
2026-05-20,Chinese Super League,Chengdu Better City,SHANGHAI SIPG,1X2,1,64,-64,-100,https://wykjlhbsxparltxazxmk.supabase.co/storage/v1/object/public/bets-pdf/1523157_1x2_20.05.2026%2520Chengdu%2520Rongcheng%2520vs%2520Shanghai%2520Port%2520FC%2520(1x2).pdf
2026-05-20,Chinese Super League,Chengdu Better City,SHANGHAI SIPG,AH,1,96,-96,-100,https://wykjlhbsxparltxazxmk.supabase.co/storage/v1/object/public/bets-pdf/1523157_hdp_20.05.2026%2520Chengdu%2520Rongcheng%2520vs%2520Shanghai%2520Port%2520FC%2520(hdp).pdf
2026-05-20,Chinese Super League,Sichuan Jiuniu,Dalian Zhixing,1X2,1,60,-60,-100,https://wykjlhbsxparltxazxmk.supabase.co/storage/v1/object/public/bets-pdf/1523155_1x2_20.05.2026%2520Shenzhen%2520Peng%2520City%2520vs%2520Dalian%2520Yingbo%2520(1x2).pdf
2026-05-20,Chinese Super League,Tianjin Teda,Henan Jianye,1X2,1,116,-116,-100,https://wykjlhbsxparltxazxmk.supabase.co/storage/v1/object/public/bets-pdf/1523156_1x2_20.05.2026%2520Tianjin%2520Jinmen%2520Tiger%2520vs%2520Henan%2520FC%2520(1x2).pdf
2026-05-20,Chinese Super League,Tianjin Teda,Henan Jianye,AH,1,200,142,71,https://wykjlhbsxparltxazxmk.supabase.co/storage/v1/object/public/bets-pdf/1523156_hdp_20.05.2026%2520Tianjin%2520Jinmen%2520Tiger%2520vs%2520Henan%2520FC%2520(hdp).pdf
2026-05-20,Chinese Super League,Tianjin Teda,Henan Jianye,OU,2,400,18,4.5,https://wykjlhbsxparltxazxmk.supabase.co/storage/v1/object/public/bets-pdf/1523156_ou_20.05.2026%2520Tianjin%2520Jinmen%2520Tiger%2520vs%2520Henan%2520FC%2520(ou).pdf
2026-05-20,Saudi Pro League,Al Khaleej Saihat,Al-Ahli Jeddah,OU,1,200,0,0,https://wykjlhbsxparltxazxmk.supabase.co/storage/v1/object/public/bets-pdf/1436212_ou_21.05.2026%2520Al%2520Khaleej%2520Saihat%2520vs%2520Al%2520Ahli%2520Jeddah%2520(ou).pdf
2026-05-20,Saudi Pro League,Al Najma,Al Shabab,1X2,2,120,15,12.5,https://wykjlhbsxparltxazxmk.supabase.co/storage/v1/object/public/bets-pdf/1436212_1x2_21.05.2026%2520Al%2520Najma%2520Unaizah%2520vs%2520Al%2520Shabab%2520Riyadh%2520(1x2).pdf
2026-05-20,Saudi Pro League,Al Najma,Al Shabab,OU,1,200,186,93,https://wykjlhbsxparltxazxmk.supabase.co/storage/v1/object/public/bets-pdf/1436212_ou_21.05.2026%2520Al%2520Najma%2520Unaizah%2520vs%2520Al%2520Shabab%2520Riyadh%2520(ou).pdf
2026-05-20,Chinese Super League,Chongqing Tongliang Long,Yunnan Yukun,AH,1,200,0,0,https://wykjlhbsxparltxazxmk.supabase.co/storage/v1/object/public/bets-pdf/1523161_hdp_21.05.2026%2520Chongqing%2520Tonglianglong%2520vs%2520Yunnan%2520Yukun%2520(hdp).pdf
2026-05-20,Chinese Super League,Chongqing Tongliang Long,Yunnan Yukun,OU,1,200,194,97,https://wykjlhbsxparltxazxmk.supabase.co/storage/v1/object/public/bets-pdf/1523161_ou_21.05.2026%2520Chongqing%2520Tonglianglong%2520vs%2520Yunnan%2520Yukun%2520(ou).pdf
2026-05-20,Chinese Super League,Shenyang Urban,Qingdao Jonoon,1X2,1,60,-60,-100,https://wykjlhbsxparltxazxmk.supabase.co/storage/v1/object/public/bets-pdf/1523159_1x2_21.05.2026%2520Liaoning%2520Tieren%2520vs%2520Qingdao%2520Hainiu%2520(1x2).pdf
2026-05-20,Chinese Super League,Shenyang Urban,Qingdao Jonoon,OU,1,200,85,42.5,https://wykjlhbsxparltxazxmk.supabase.co/storage/v1/object/public/bets-pdf/1523159_ou_21.05.2026%2520Liaoning%2520Tieren%2520vs%2520Qingdao%2520Hainiu%2520(ou).pdf
2026-05-20,Chinese Super League,Shanghai Shenhua,Wuhan Three Towns,OU,1,200,0,0,https://wykjlhbsxparltxazxmk.supabase.co/storage/v1/object/public/bets-pdf/1523160_ou_21.05.2026%2520Shanghai%2520Shenhua%2520vs%2520Wuhan%2520Three%2520Towns%2520(ou).pdf
2026-05-20,Chinese Super League,Hangzhou Greentown,Shandong Luneng,1X2,1,128,-128,-100,https://wykjlhbsxparltxazxmk.supabase.co/storage/v1/object/public/bets-pdf/1523162_1x2_21.05.2026%2520Zhejiang%2520Professional%2520FC%2520vs%2520Shandong%2520Taishan%2520(1x2).pdf
2026-05-20,Chinese Super League,Hangzhou Greentown,Shandong Luneng,OU,1,200,-200,-100,https://wykjlhbsxparltxazxmk.supabase.co/storage/v1/object/public/bets-pdf/1523162_ou_21.05.2026%2520Zhejiang%2520Professional%2520FC%2520vs%2520Shandong%2520Taishan%2520(ou).pdf
2026-05-21,Indian Super League,Jamshedpur,Odisha,AH,2,400,444,111,https://wykjlhbsxparltxazxmk.supabase.co/storage/v1/object/public/bets-pdf/2026-05-21/21.05.2026%20Jamshedpur%20vs%20Odisha.pdf
2026-05-21,Eredivisie,Ajax,Groningen,OU,2,400,-400,-100,https://wykjlhbsxparltxazxmk.supabase.co/storage/v1/object/public/bets-pdf/2026-05-21/21.05.2026%20Ajax%20Amsterdam%20vs%20Groningen.pdf
2026-05-21,Indian Super League,Jamshedpur,Odisha,1X2,2,216,615.6,285,https://wykjlhbsxparltxazxmk.supabase.co/storage/v1/object/public/bets-pdf/2026-05-21/21.05.2026%20Jamshedpur%20vs%20Odisha.pdf
2026-05-21,Indian Super League,Jamshedpur,Odisha,OU,2,400,416,104,https://wykjlhbsxparltxazxmk.supabase.co/storage/v1/object/public/bets-pdf/2026-05-21/21.05.2026%20Jamshedpur%20vs%20Odisha.pdf
2026-05-21,Saudi Pro League,Al Riyadh,Al Okhdood,AH,1,100,-100,-100,https://wykjlhbsxparltxazxmk.supabase.co/storage/v1/object/public/bets-pdf/1438977_hdp_22.05.2026%2520Al%2520Riyadh%2520vs%2520Al%2520Okhdood%2520(hdp).pdf
2026-05-21,Saudi Pro League,Al-Fayha,Al-Hilal Saudi FC,OU,1,100,-100,-100,https://wykjlhbsxparltxazxmk.supabase.co/storage/v1/object/public/bets-pdf/1438977_ou_22.05.2026%2520Al%2520Fayha%2520FC%2520vs%2520Al%2520Hilal%2520Riyadh%2520(ou).pdf
2026-05-21,Saudi Pro League,Al-Hazm,Al Taawon,OU,1,100,51,51,https://wykjlhbsxparltxazxmk.supabase.co/storage/v1/object/public/bets-pdf/1438977_ou_22.05.2026%2520Al%2520Hazem%2520FC%2520vs%2520Al%2520Taawoun%2520Buraidah%2520(ou).pdf
2026-05-21,Indian Super League,Jamshedpur,Odisha,OU,1,100,79,79,https://wykjlhbsxparltxazxmk.supabase.co/storage/v1/object/public/bets-pdf/1521363_ou_22.05.2026%2520Jamshedpur%2520FC%2520vs%2520Odisha%2520FC%2520(ou).pdf
2026-05-21,Indian Super League,Inter Kashi,East Bengal II,AH,1,100,24,24,https://wykjlhbsxparltxazxmk.supabase.co/storage/v1/object/public/bets-pdf/1521362_hdp_22.05.2026%2520Inter%2520Kashi%2520vs%2520SC%2520East%2520Bengal%2520(hdp).pdf
2026-05-21,Indian Super League,ATK Mohun Bagan,SC Delhi,AH,1,100,103,103,https://wykjlhbsxparltxazxmk.supabase.co/storage/v1/object/public/bets-pdf/1521359_hdp_22.05.2026%2520Mohun%2520Bagan%2520Super%2520Giant%2520vs%2520Sporting%2520Delhi%2520(hdp).pdf
2026-05-21,Bundesliga,VfL Wolfsburg,SC Paderborn 07,AH,1,50,48.5,97,https://wykjlhbsxparltxazxmk.supabase.co/storage/v1/object/public/bets-pdf/1545417_hdp_22.05.2026%2520VfL%2520Wolfsburg%2520vs%2520SC%2520Paderborn%252007%2520(hdp).pdf
2026-05-21,Bundesliga,VfL Wolfsburg,SC Paderborn 07,OU,1,100,104,104,https://wykjlhbsxparltxazxmk.supabase.co/storage/v1/object/public/bets-pdf/1545417_ou_22.05.2026%2520VfL%2520Wolfsburg%2520vs%2520SC%2520Paderborn%252007%2520(ou).pdf
2026-05-21,Eredivisie,Ajax,Groningen,AH,1,100,85,85,https://wykjlhbsxparltxazxmk.supabase.co/storage/v1/object/public/bets-pdf/1545411_hdp_22.05.2026%2520Ajax%2520(N)%2520vs%2520Groningen%2520(hdp).pdf
2026-05-21,Eredivisie,Utrecht,Heerenveen,OU,1,100,-100,-100,https://wykjlhbsxparltxazxmk.supabase.co/storage/v1/object/public/bets-pdf/1545412_ou_22.05.2026%2520Utrecht%2520vs%2520SC%2520Heerenveen%2520(ou).pdf
2026-05-25,Brazilian Serie A,Gremio,Santos,OU,2,400,-400,-100,https://wykjlhbsxparltxazxmk.supabase.co/storage/v1/object/public/bets-pdf/2026-05-23/23.05.2026%20Gremio%20Porto%20Alegrense%20RS%20vs%20Santos%20SP.pdf
2026-05-25,J1 League,Kashiwa Reysol,JEF United Chiba,OU,2,400,-400,-100,https://wykjlhbsxparltxazxmk.supabase.co/storage/v1/object/public/bets-pdf/2026-05-23/23.05.2026%20Kashiwa%20Reysol%20vs%20Jef%20United%20Ichihara%20Chiba.pdf
2026-05-25,Serie A,Lazio,Pisa,AH,2,176,-176,-100,https://wykjlhbsxparltxazxmk.supabase.co/storage/v1/object/public/bets-pdf/2026-05-23/23.05.2026%20Lazio%20vs%20Pisa.pdf
2026-05-25,La Liga,Mallorca,Oviedo,AH,2,336,-336,-100,https://wykjlhbsxparltxazxmk.supabase.co/storage/v1/object/public/bets-pdf/2026-05-23/23.05.2026%20Mallorca%20vs%20Real%20Oviedo.pdf
2026-05-25,Brazilian Serie A,Mirassol,Fluminense,AH,2,400,-400,-100,https://wykjlhbsxparltxazxmk.supabase.co/storage/v1/object/public/bets-pdf/2026-05-23/23.05.2026%20Mirassol%20SP%20vs%20Fluminense%20RJ.pdf
2026-05-25,La Liga,Espanyol,Real Sociedad,1X2,4,272,-120,-44.1,https://wykjlhbsxparltxazxmk.supabase.co/storage/v1/object/public/bets-pdf/2026-05-23/23.05.2026%20RCD%20Espanyol%20vs%20Real%20Sociedad.pdf
2026-05-25,La Liga,Espanyol,Real Sociedad,OU,4,760,172,22.6,https://wykjlhbsxparltxazxmk.supabase.co/storage/v1/object/public/bets-pdf/2026-05-23/23.05.2026%20RCD%20Espanyol%20vs%20Real%20Sociedad.pdf
2026-05-25,J1 League,Sanfrecce Hiroshima,Nagoya Grampus,OU,2,400,-400,-100,https://wykjlhbsxparltxazxmk.supabase.co/storage/v1/object/public/bets-pdf/2026-05-23/23.05.2026%20Sanfrecce%20Hiroshima%20vs%20Nagoya%20Grampus.pdf
2026-05-25,Chinese Super League,SHANGHAI SIPG,Tianjin Teda,AH,2,120,94.8,79,https://wykjlhbsxparltxazxmk.supabase.co/storage/v1/object/public/bets-pdf/2026-05-23/23.05.2026%20Shanghai%20Port%20vs%20Tianjin%20Jinmen%20Tiger.pdf
2026-05-25,Chinese Super League,SHANGHAI SIPG,Tianjin Teda,OU,2,400,150,37.5,https://wykjlhbsxparltxazxmk.supabase.co/storage/v1/object/public/bets-pdf/2026-05-23/23.05.2026%20Shanghai%20Port%20vs%20Tianjin%20Jinmen%20Tiger.pdf
2026-05-25,Serie A,Parma,Sassuolo,1X2,2,352,-352,-100,https://wykjlhbsxparltxazxmk.supabase.co/storage/v1/object/public/bets-pdf/2026-05-24/24.05.2026%20Parma%20vs%20US%20Sassuolo.pdf
2026-05-25,J1 League,Avispa Fukuoka,Vissel Kobe,AH,2,400,-400,-100,https://wykjlhbsxparltxazxmk.supabase.co/storage/v1/object/public/bets-pdf/2026-05-23/23.05.2026%20Avispa%20Fukuoka%20vs%20Vissel%20Kobe.pdf
2026-05-25,La Liga,Celta Vigo,Sevilla,1X2,2,152,152,100,https://wykjlhbsxparltxazxmk.supabase.co/storage/v1/object/public/bets-pdf/2026-05-23/23.05.2026%20Celta%20Vigo%20vs%20Sevilla.pdf
2026-05-25,La Liga,Celta Vigo,Sevilla,AH,2,288,311,108,https://wykjlhbsxparltxazxmk.supabase.co/storage/v1/object/public/bets-pdf/2026-05-23/23.05.2026%20Celta%20Vigo%20vs%20Sevilla.pdf
2026-05-25,La Liga,Celta Vigo,Sevilla,OU,2,400,158,39.5,https://wykjlhbsxparltxazxmk.supabase.co/storage/v1/object/public/bets-pdf/2026-05-23/23.05.2026%20Celta%20Vigo%20vs%20Sevilla.pdf
2026-05-25,Chinese Super League,Dalian Zhixing,Chengdu Better City,1X2,2,216,-216,-100,https://wykjlhbsxparltxazxmk.supabase.co/storage/v1/object/public/bets-pdf/2026-05-23/23.05.2026%20Dalian%20Yingbo%20vs%20Chengdu%20Rongcheng.pdf
2026-05-25,Chinese Super League,Dalian Zhixing,Chengdu Better City,OU,2,400,-200,-50,https://wykjlhbsxparltxazxmk.supabase.co/storage/v1/object/public/bets-pdf/2026-05-23/23.05.2026%20Dalian%20Yingbo%20vs%20Chengdu%20Rongcheng.pdf
2026-05-25,La Liga,Getafe,Osasuna,1X2,2,272,-272,-100,https://wykjlhbsxparltxazxmk.supabase.co/storage/v1/object/public/bets-pdf/2026-05-23/23.05.2026%20Getafe%20vs%20Osasuna.pdf
2026-05-25,La Liga,Girona,Elche,AH,2,120,126,105,https://wykjlhbsxparltxazxmk.supabase.co/storage/v1/object/public/bets-pdf/2026-05-23/23.05.2026%20Girona%20vs%20Elche.pdf
2026-05-25,La Liga,Girona,Elche,OU,2,400,-200,-50,https://wykjlhbsxparltxazxmk.supabase.co/storage/v1/object/public/bets-pdf/2026-05-23/23.05.2026%20Girona%20vs%20Elche.pdf
2026-05-25,Premier League,Nottingham Forest,Bournemouth,AH,2,400,176,44,https://wykjlhbsxparltxazxmk.supabase.co/storage/v1/object/public/bets-pdf/2026-05-24/24.05.2026%20Nottingham%20Forest%20vs%20AFC%20Bournemouth.pdf
2026-05-25,Chinese Super League,Qingdao Jonoon,Chongqing Tongliang Long,1X2,2,120,-120,-100,https://wykjlhbsxparltxazxmk.supabase.co/storage/v1/object/public/bets-pdf/2026-05-24/24.05.2026%20Qingdao%20Hainiu%20vs%20Chongqing%20Tongliang%20Long.pdf
2026-05-25,Chinese Super League,Yunnan Yukun,Qingdao Youth Island,OU,2,400,-400,-100,https://wykjlhbsxparltxazxmk.supabase.co/storage/v1/object/public/bets-pdf/2026-05-24/24.05.2026%20Yunnan%20Yukun%20vs%20Qingdao%20West%20Coast.pdf
2026-05-25,Chinese Super League,Yunnan Yukun,Qingdao Youth Island,AH,2,360,338.4,94,https://wykjlhbsxparltxazxmk.supabase.co/storage/v1/object/public/bets-pdf/2026-05-24/24.05.2026%20Yunnan%20Yukun%20vs%20Qingdao%20West%20Coast.pdf
2026-05-25,Chinese Super League,Yunnan Yukun,Qingdao Youth Island,1X2,4,520,228,43.8,https://wykjlhbsxparltxazxmk.supabase.co/storage/v1/object/public/bets-pdf/2026-05-24/24.05.2026%20Yunnan%20Yukun%20vs%20Qingdao%20West%20Coast.pdf
2026-05-25,Premier League,West Ham,Leeds,1X2,2,144,-144,-100,https://wykjlhbsxparltxazxmk.supabase.co/storage/v1/object/public/bets-pdf/2026-05-24/24.05.2026%20West%20Ham%20United%20vs%20Leeds%20United.pdf
2026-05-25,Brazilian Serie A,Vitoria,Internacional,OU,2,400,-400,-100,https://wykjlhbsxparltxazxmk.supabase.co/storage/v1/object/public/bets-pdf/2026-05-23/23.05.2026%20Vitoria%20BA%20vs%20Internacional%20RS.pdf
2026-05-25,Premier League,Brighton,Manchester United,1X2,2,400,400,100,https://wykjlhbsxparltxazxmk.supabase.co/storage/v1/object/public/bets-pdf/2026-05-24/24.05.2026%20Brighton%20And%20Hove%20Albion%20vs%20Manchester%20United.pdf
2026-05-25,Premier League,Brighton,Manchester United,OU,2,400,160,40,https://wykjlhbsxparltxazxmk.supabase.co/storage/v1/object/public/bets-pdf/2026-05-24/24.05.2026%20Brighton%20And%20Hove%20Albion%20vs%20Manchester%20United.pdf
2026-05-25,Premier League,Crystal Palace,Arsenal,1X2,2,344,96.4,28,https://wykjlhbsxparltxazxmk.supabase.co/storage/v1/object/public/bets-pdf/2026-05-24/24.05.2026%20Crystal%20Palace%20vs%20Arsenal.pdf
2026-05-25,Premier League,Tottenham,Everton,1X2,2,216,49.6,23,https://wykjlhbsxparltxazxmk.supabase.co/storage/v1/object/public/bets-pdf/2026-05-24/24.05.2026%20Tottenham%20Hotspur%20vs%20Everton.pdf
2026-05-25,Chinese Super League,Shandong Luneng,Wuhan Three Towns,1X2,2,120,-120,-100,https://wykjlhbsxparltxazxmk.supabase.co/storage/v1/object/public/bets-pdf/2026-05-24/24.05.2026%20Shandong%20Taishan%20vs%20Wuhan%20Three%20Towns.pdf
2026-05-25,Premier League,Crystal Palace,Arsenal,AH,2,400,188,47,https://wykjlhbsxparltxazxmk.supabase.co/storage/v1/object/public/bets-pdf/2026-05-24/24.05.2026%20Crystal%20Palace%20vs%20Arsenal.pdf
2026-05-25,Premier League,Fulham,Newcastle,1X2,2,400,188,47,https://wykjlhbsxparltxazxmk.supabase.co/storage/v1/object/public/bets-pdf/2026-05-24/24.05.2026%20Fulham%20vs%20Newcastle%20United.pdf
2026-05-25,Premier League,Fulham,Newcastle,OU,1,200,162,81,https://wykjlhbsxparltxazxmk.supabase.co/storage/v1/object/public/bets-pdf/2026-05-24/24.05.2026%20Fulham%20vs%20Newcastle%20United.pdf
2026-05-25,Premier League,Liverpool,Brentford,1X2,4,528,-86.4,-16.4,https://wykjlhbsxparltxazxmk.supabase.co/storage/v1/object/public/bets-pdf/2026-05-24/24.05.2026%20Liverpool%20vs%20Brentford.pdf
2026-05-25,Premier League,Liverpool,Brentford,AH,2,208,196.6,94.5,https://wykjlhbsxparltxazxmk.supabase.co/storage/v1/object/public/bets-pdf/2026-05-24/24.05.2026%20Liverpool%20vs%20Brentford.pdf
2026-05-25,Premier League,Nottingham Forest,Bournemouth,1X2,1,84,122.6,146,https://wykjlhbsxparltxazxmk.supabase.co/storage/v1/object/public/bets-pdf/2026-05-24/24.05.2026%20Nottingham%20Forest%20vs%20AFC%20Bournemouth.pdf
2026-05-25,Chinese Super League,Beijing Guoan,Henan Jianye,1X2,2,120,184.8,154,https://wykjlhbsxparltxazxmk.supabase.co/storage/v1/object/public/bets-pdf/2026-05-24/24.05.2026%20Shanghai%20Shenhua%20vs%20Shenzhen%20Peng%20City.pdf
2026-05-25,Chinese Super League,Beijing Guoan,Henan Jianye,OU,2,400,360,90,https://wykjlhbsxparltxazxmk.supabase.co/storage/v1/object/public/bets-pdf/2026-05-24/24.05.2026%20Shanghai%20Shenhua%20vs%20Shenzhen%20Peng%20City.pdf
2026-06-02,Chinese Super League,Tianjin Teda,Dalian Zhixing,1X2,1,136,127.8,94,https://wykjlhbsxparltxazxmk.supabase.co/storage/v1/object/public/bets-pdf/2026-05-31/31.05.2026%20Tianjin%20Jinmen%20Tiger%20vs%20Dalian%20Yingbo.pdf
2026-06-02,Brazilian Serie A,Bahia,Botafogo,OU,1,176,0,0,https://wykjlhbsxparltxazxmk.supabase.co/storage/v1/object/public/bets-pdf/2026-05-30/30.05.2026%20Bahia%20BA%20vs%20Botafogo%20RJ.pdf
2026-06-02,Chinese Super League,Chongqing Tongliang Long,Beijing Guoan,OU,1,180,162,90,https://wykjlhbsxparltxazxmk.supabase.co/storage/v1/object/public/bets-pdf/2026-05-30/30.05.2026%20Chongqing%20Tongliang%20Long%20vs%20Beijing%20Guoan.pdf
2026-06-02,Brazilian Serie A,Gremio,Corinthians,1X2,1,60,-60,-100,https://wykjlhbsxparltxazxmk.supabase.co/storage/v1/object/public/bets-pdf/2026-05-30/30.05.2026%20Gremio%20Porto%20Alegrense%20RS%20vs%20Corinthians%20Paulista%20SP.pdf
2026-06-02,Brazilian Serie A,Gremio,Corinthians,OU,1,200,226,113,https://wykjlhbsxparltxazxmk.supabase.co/storage/v1/object/public/bets-pdf/2026-05-30/30.05.2026%20Gremio%20Porto%20Alegrense%20RS%20vs%20Corinthians%20Paulista%20SP.pdf
2026-06-02,J1 League,Kyoto Sanga,Kashiwa Reysol,OU,1,200,-200,-100,https://wykjlhbsxparltxazxmk.supabase.co/storage/v1/object/public/bets-pdf/2026-05-30/30.05.2026%20Kyoto%20Sanga%20vs%20Kashiwa%20Reysol.pdf
2026-06-02,J1 League,Nagoya Grampus,Machida Zelvia,OU,1,200,-200,-100,https://wykjlhbsxparltxazxmk.supabase.co/storage/v1/object/public/bets-pdf/2026-05-30/30.05.2026%20Nagoya%20Grampus%20vs%20Machida%20Zelvia.pdf
2026-06-02,Chinese Super League,Qingdao Youth Island,Shanghai Shenhua,1X2,1,112,-112,-100,https://wykjlhbsxparltxazxmk.supabase.co/storage/v1/object/public/bets-pdf/2026-05-30/30.05.2026%20Qingdao%20West%20Coast%20vs%20Shanghai%20Shenhua.pdf
2026-06-02,Chinese Super League,Qingdao Youth Island,Shanghai Shenhua,AH,1,60,57.6,96,https://wykjlhbsxparltxazxmk.supabase.co/storage/v1/object/public/bets-pdf/2026-05-30/30.05.2026%20Qingdao%20West%20Coast%20vs%20Shanghai%20Shenhua.pdf
2026-06-02,Chinese Super League,Qingdao Youth Island,Shanghai Shenhua,OU,1,200,162,81,https://wykjlhbsxparltxazxmk.supabase.co/storage/v1/object/public/bets-pdf/2026-05-30/30.05.2026%20Qingdao%20West%20Coast%20vs%20Shanghai%20Shenhua.pdf
2026-06-02,J1 League,Vissel Kobe,Kashima,OU,1,200,-200,-100,https://wykjlhbsxparltxazxmk.supabase.co/storage/v1/object/public/bets-pdf/2026-05-30/30.05.2026%20Vissel%20Kobe%20vs%20Kashima%20Antlers.pdf
2026-06-02,J1 League,Fagiano Okayama,Urawa,OU,1,200,208,104,https://wykjlhbsxparltxazxmk.supabase.co/storage/v1/object/public/bets-pdf/2026-05-31/31.05.2026%20Fagiano%20Okayama%20vs%20Urawa%20Red%20Diamonds.pdf
2026-06-02,Brazilian Serie A,Palmeiras,Chapecoense-sc,AH,1,200,0,0,https://wykjlhbsxparltxazxmk.supabase.co/storage/v1/object/public/bets-pdf/2026-05-31/31.05.2026%20Palmeiras%20SP%20vs%20Chapecoense%20SC.pdf
2026-06-02,Brazilian Serie A,RB Bragantino,Internacional,OU,2,384,-39.9,-10.4,https://wykjlhbsxparltxazxmk.supabase.co/storage/v1/object/public/bets-pdf/2026-05-31/31.05.2026%20Red%20Bull%20Bragantino%20SP%20vs%20Internacional%20RS.pdf
2026-06-02,J1 League,Shimizu S-pulse,Yokohama F. Marinos,OU,1,200,156,78,https://wykjlhbsxparltxazxmk.supabase.co/storage/v1/object/public/bets-pdf/2026-05-31/31.05.2026%20Shimizu%20S%20Pulse%20vs%20Yokohama%20F%20Marinos.pdf
2026-06-07,J1 League,JEF United Chiba,Avispa Fukuoka,OU,1,200,212,106,https://wykjlhbsxparltxazxmk.supabase.co/storage/v1/object/public/bets-pdf/2026-06-06/06.06.2026%20Jef%20United%20Ichihara%20Chiba%20vs%20Avispa%20Fukuoka.pdf
2026-06-07,J1 League,Kawasaki Frontale,Sanfrecce Hiroshima,1X2,1,60,-60,-100,https://wykjlhbsxparltxazxmk.supabase.co/storage/v1/object/public/bets-pdf/2026-06-06/06.06.2026%20Kawasaki%20Frontale%20vs%20Sanfrecce%20Hiroshima.pdf
2026-06-07,J1 League,Kashima,Vissel Kobe,OU,1,200,218,109,https://wykjlhbsxparltxazxmk.supabase.co/storage/v1/object/public/bets-pdf/2026-06-06/06.06.2026%20Kashima%20Antlers%20vs%20Vissel%20Kobe.pdf
2026-06-07,J1 League,JEF United Chiba,Avispa Fukuoka,OU,1,200,200,100,https://wykjlhbsxparltxazxmk.supabase.co/storage/v1/object/public/bets-pdf/1546316_ou_06.06.2026%2520JEF%2520United%2520Ichihara%2520Chiba%2520vs%2520Avispa%2520Fukuoka%2520(ou).pdf
2026-06-07,J1 League,Kashima,Vissel Kobe,OU,1,200,228,114,https://wykjlhbsxparltxazxmk.supabase.co/storage/v1/object/public/bets-pdf/1546317_ou_06.06.2026%2520Kashima%2520Antlers%2520vs%2520Vissel%2520Kobe%2520(ou).pdf
2026-06-07,J1 League,Kawasaki Frontale,Sanfrecce Hiroshima,AH,1,60,-60,-100,https://wykjlhbsxparltxazxmk.supabase.co/storage/v1/object/public/bets-pdf/1546407_hdp_06.06.2026%2520Kawasaki%2520Frontale%2520vs%2520Sanfrecce%2520Hiroshima%2520(hdp).pdf
2026-06-11,World Cup,Mexico,South Africa,OU,1,1000,0,0,https://wykjlhbsxparltxazxmk.supabase.co/storage/v1/object/public/bets-pdf/1489369_ou_12.06.2026%2520Mexico%2520vs%2520South%2520Africa%2520(ou2).pdf
2026-06-11,World Cup,Mexico,South Africa,AH,1,970,-485,-50,https://wykjlhbsxparltxazxmk.supabase.co/storage/v1/object/public/bets-pdf/1489369_hdp_12.06.2026%2520Mexico%2520vs%2520South%2520Africa%2520(hdp).pdf
2026-06-11,World Cup,Mexico,South Africa,OU,1,934,980.7,105,https://wykjlhbsxparltxazxmk.supabase.co/storage/v1/object/public/bets-pdf/1489369_ou_12.06.2026%2520Mexico%2520vs%2520South%2520Africa%2520(ou).pdf
2026-06-12,World Cup,South Korea,Czech Republic,1X2,1,510,999.6,196,https://wykjlhbsxparltxazxmk.supabase.co/storage/v1/object/public/bets-pdf/1538999_1x2_12.06.2026%2520Czech%2520Republic%2520vs%2520Korea%2520Republic%2520(1x2)2.pdf
2026-06-12,World Cup,South Korea,Czech Republic,1X2,1,487,993.48,204,https://wykjlhbsxparltxazxmk.supabase.co/storage/v1/object/public/bets-pdf/1538999_1x2_12.06.2026%2520Czech%2520Republic%2520vs%2520Korea%2520Republic%2520(1x2).pdf
2026-06-12,World Cup,South Korea,Czech Republic,AH,1,1000,850,85,https://wykjlhbsxparltxazxmk.supabase.co/storage/v1/object/public/bets-pdf/1538999_hdp_12.06.2026%2520Czech%2520Republic%2520vs%2520Korea%2520Republic%2520(hdp).pdf
2026-06-12,World Cup,South Korea,Czech Republic,1X2,1,3000,4590,153,https://wykjlhbsxparltxazxmk.supabase.co/storage/v1/object/public/bets-pdf/2026-06-12/12.06.2026%20South%20Korea%20vs%20Czech%20Republic%20(HGA).pdf
2026-06-12,World Cup,South Korea,Czech Republic,AH,1,3000,3360,112,https://wykjlhbsxparltxazxmk.supabase.co/storage/v1/object/public/bets-pdf/2026-06-12/12.06.2026%20South%20Korea%20vs%20Czech%20Republic%20(HGA).pdf
2026-06-12,World Cup,South Korea,Czech Republic,OU,1,3000,-3000,-100,https://wykjlhbsxparltxazxmk.supabase.co/storage/v1/object/public/bets-pdf/2026-06-12/12.06.2026%20South%20Korea%20vs%20Czech%20Republic%20(HGA).pdf
2026-06-12,World Cup,Canada,Bosnia & Herzegovina,OU,1,1000,466.25,46.6,https://wykjlhbsxparltxazxmk.supabase.co/storage/v1/object/public/bets-pdf/1539000_ou_13.06.2026%2520Canada%2520vs%2520Bosnia-Herzegovina%2520(ou).pdf
2026-06-12,World Cup,Canada,Bosnia & Herzegovina,AH,1,1000,-997.5,-99.7,https://wykjlhbsxparltxazxmk.supabase.co/storage/v1/object/public/bets-pdf/1539000_hdp_13.06.2026%2520Canada%2520vs%2520Bosnia-Herzegovina%2520(hdp).pdf
2026-06-12,World Cup,Canada,Bosnia & Herzegovina,1X2,1,1000,-997.5,-99.7,https://wykjlhbsxparltxazxmk.supabase.co/storage/v1/object/public/bets-pdf/1539000_1x2_13.06.2026%2520Canada%2520vs%2520Bosnia-Herzegovina%2520(1x2).pdf
2026-06-13,World Cup,USA,Paraguay,1X2,1,854,1001.32,117.3,https://wykjlhbsxparltxazxmk.supabase.co/storage/v1/object/public/bets-pdf/1489370_1x2_13.06.2026%2520USA%2520vs%2520Paraguay%2520(1x2).pdf
2026-06-13,World Cup,USA,Paraguay,AH,1,854,1001.32,117.3,https://wykjlhbsxparltxazxmk.supabase.co/storage/v1/object/public/bets-pdf/1489370_hdp_13.06.2026%2520USA%2520vs%2520Paraguay%2520(hdp).pdf
2026-06-13,World Cup,USA,Paraguay,OU,1,1000,912.5,91.3,https://wykjlhbsxparltxazxmk.supabase.co/storage/v1/object/public/bets-pdf/1489370_ou_13.06.2026%2520USA%2520vs%2520Paraguay%2520(ou).pdf
2026-06-13,World Cup,USA,Paraguay,1X2,1,3000,3000,100,https://wykjlhbsxparltxazxmk.supabase.co/storage/v1/object/public/bets-pdf/2026-06-13/13.06.2026%20USA%20vs%20Paraguay%20(HGA).pdf
2026-06-13,World Cup,USA,Paraguay,AH,1,3000,2700,90,https://wykjlhbsxparltxazxmk.supabase.co/storage/v1/object/public/bets-pdf/2026-06-13/13.06.2026%20USA%20vs%20Paraguay%20(HGA).pdf
2026-06-13,World Cup,USA,Paraguay,OU,1,3000,3300,110,https://wykjlhbsxparltxazxmk.supabase.co/storage/v1/object/public/bets-pdf/2026-06-13/13.06.2026%20USA%20vs%20Paraguay%20(HGA).pdf
2026-06-13,World Cup,Canada,Bosnia & Herzegovina,1X2,1,3000,-3000,-100,https://wykjlhbsxparltxazxmk.supabase.co/storage/v1/object/public/bets-pdf/2026-06-13/13.06.2026%20Canada%20vs%20Bosnia%20And%20Herzegovina%20(HGA).pdf
2026-06-13,World Cup,Canada,Bosnia & Herzegovina,AH,1,3000,-3000,-100,https://wykjlhbsxparltxazxmk.supabase.co/storage/v1/object/public/bets-pdf/2026-06-13/13.06.2026%20Canada%20vs%20Bosnia%20And%20Herzegovina%20(HGA).pdf
2026-06-13,World Cup,Canada,Bosnia & Herzegovina,OU,1,3000,1335,44.5,https://wykjlhbsxparltxazxmk.supabase.co/storage/v1/object/public/bets-pdf/2026-06-13/13.06.2026%20Canada%20vs%20Bosnia%20And%20Herzegovina%20(HGA).pdf
2026-06-14,World Cup,Qatar,Switzerland,OU,1,1000,-1000,-100,https://wykjlhbsxparltxazxmk.supabase.co/storage/v1/object/public/bets-pdf/1489373_ou_14.06.2026%2520Switzerland%2520vs%2520Qatar%2520(ou).pdf
2026-06-14,World Cup,Qatar,Switzerland,AH,1,1000,-1000,-100,https://wykjlhbsxparltxazxmk.supabase.co/storage/v1/object/public/bets-pdf/1489373_hdp_14.06.2026%2520Switzerland%2520vs%2520Qatar%2520(hdp).pdf
2026-06-14,World Cup,Haiti,Scotland,OU,1,1000,-1000,-100,https://wykjlhbsxparltxazxmk.supabase.co/storage/v1/object/public/bets-pdf/1489372_ou_14.06.2026%2520Scotland%2520vs%2520Haiti%2520(ou).pdf
2026-06-14,World Cup,Haiti,Scotland,AH,1,1000,0,0,https://wykjlhbsxparltxazxmk.supabase.co/storage/v1/object/public/bets-pdf/1489372_hdp_14.06.2026%2520Scotland%2520vs%2520Haiti%2520(hdp).pdf
2026-06-14,World Cup,Brazil,Morocco,OU,1,1000,500,50,https://wykjlhbsxparltxazxmk.supabase.co/storage/v1/object/public/bets-pdf/1489371_ou_14.06.2026%2520Brazil%2520vs%2520Morocco%2520(ou).pdf
2026-06-14,World Cup,Brazil,Morocco,AH,1,1000,-1000,-100,https://wykjlhbsxparltxazxmk.supabase.co/storage/v1/object/public/bets-pdf/1489371_hdp_14.06.2026%2520Brazil%2520vs%2520Morocco%2520(hdp).pdf
2026-06-14,World Cup,Brazil,Morocco,1X2,1,1000,-1000,-100,https://wykjlhbsxparltxazxmk.supabase.co/storage/v1/object/public/bets-pdf/1489371_1x2_14.06.2026%2520Brazil%2520vs%2520Morocco%2520(1x2).pdf
2026-06-15,World Cup,Australia,Türkiye,1X2,1,1000,-1000,-100,https://wykjlhbsxparltxazxmk.supabase.co/storage/v1/object/public/bets-pdf/1539001_1x2_14.06.2026%2520Turkey%2520vs%2520Australia%2520(1x2).pdf
2026-06-15,World Cup,Australia,Türkiye,AH,1,1000,-1000,-100,https://wykjlhbsxparltxazxmk.supabase.co/storage/v1/object/public/bets-pdf/1539001_hdp_14.06.2026%2520Turkey%2520vs%2520Australia%2520(hdp).pdf
2026-06-15,World Cup,Australia,Türkiye,OU,1,900,-900,-100,https://wykjlhbsxparltxazxmk.supabase.co/storage/v1/object/public/bets-pdf/1539001_ou_14.06.2026%2520Turkey%2520vs%2520Australia%2520(ou).pdf
2026-06-15,World Cup,Germany,Curaçao,AH,1,970,999.1,103,https://wykjlhbsxparltxazxmk.supabase.co/storage/v1/object/public/bets-pdf/1489374_hdp_14.06.2026%2520Germany%2520vs%2520Curacao%2520(hdp).pdf
2026-06-15,World Cup,Germany,Curaçao,OU,1,1000,920,92,https://wykjlhbsxparltxazxmk.supabase.co/storage/v1/object/public/bets-pdf/1489374_ou_14.06.2026%2520Germany%2520vs%2520Curacao%2520(ou).pdf
2026-06-15,World Cup,Netherlands,Japan,1X2,1,392,-392,-100,https://wykjlhbsxparltxazxmk.supabase.co/storage/v1/object/public/bets-pdf/1489376_1x2_14.06.2026%2520Netherlands%2520vs%2520Japan%2520(1x2).pdf
2026-06-15,World Cup,Netherlands,Japan,AH,1,862,499.96,58,https://wykjlhbsxparltxazxmk.supabase.co/storage/v1/object/public/bets-pdf/1489376_hdp_14.06.2026%2520Netherlands%2520vs%2520Japan%2520(hdp).pdf
2026-06-15,World Cup,Netherlands,Japan,OU,1,1000,-1000,-100,https://wykjlhbsxparltxazxmk.supabase.co/storage/v1/object/public/bets-pdf/1489376_ou_14.06.2026%2520Netherlands%2520vs%2520Japan%2520(ou).pdf
2026-06-15,World Cup,Ivory Coast,Ecuador,AH,1,833,-833,-100,https://wykjlhbsxparltxazxmk.supabase.co/storage/v1/object/public/bets-pdf/1489375_hdp_14.06.2026%2520Ecuador%2520vs%2520Ivory%2520Coast%2520(hdp).pdf
2026-06-15,World Cup,Ivory Coast,Ecuador,OU,1,961,999.44,104,https://wykjlhbsxparltxazxmk.supabase.co/storage/v1/object/public/bets-pdf/1489375_ou_16.04.2026%2520Ecuador%2520vs%2520Ivory%2520Coast%2520(ou).pdf
2026-06-15,World Cup,Sweden,Tunisia,AH,1,1000,860,86,https://wykjlhbsxparltxazxmk.supabase.co/storage/v1/object/public/bets-pdf/1539002_hdp_14.06.2026%2520Sweden%2520vs%2520Tunisia%2520(hdp).pdf
2026-06-15,World Cup,Sweden,Tunisia,OU,1,1000,-1000,-100,https://wykjlhbsxparltxazxmk.supabase.co/storage/v1/object/public/bets-pdf/1539002_ou_14.06.2026%2520Sweden%2520vs%2520Tunisia%2520(ou).pdf
2026-06-15,World Cup,Sweden,Tunisia,1X2,1,425,-425,-100,https://wykjlhbsxparltxazxmk.supabase.co/storage/v1/object/public/bets-pdf/1539002_1x2_14.06.2026%2520Sweden%2520vs%2520Tunisia%2520(1x2).pdf
2026-06-15,World Cup,Spain,Cape Verde Islands,AH,1,1300,1170,90,https://wykjlhbsxparltxazxmk.supabase.co/storage/v1/object/public/bets-pdf/2026-06-15/15.06.2026%20Spain%20vs%20Cape%20Verde%20(HGA).pdf
2026-06-15,World Cup,Spain,Cape Verde Islands,OU,3,10000,7640,76.4,https://wykjlhbsxparltxazxmk.supabase.co/storage/v1/object/public/bets-pdf/2026-06-15/15.06.2026%20Spain%20vs%20Cape%20Verde%20(HGA).pdf
2026-06-15,World Cup,Spain,Cape Verde Islands,AH,1,943,999.58,106,https://wykjlhbsxparltxazxmk.supabase.co/storage/v1/object/public/bets-pdf/1489380_hdp_16.05.2026%2520Spain%2520vs%2520Cape%2520Verde%2520(hdp2).pdf
2026-06-15,World Cup,Spain,Cape Verde Islands,OU,1,961,-961,-100,https://wykjlhbsxparltxazxmk.supabase.co/storage/v1/object/public/bets-pdf/1489380_ou_15.06.2026%2520Spain%2520vs%2520Cape%2520Verde%2520(ou).pdf
2026-06-15,World Cup,Netherlands,Japan,1X2,1,3000,-3000,-100,https://wykjlhbsxparltxazxmk.supabase.co/storage/v1/object/public/bets-pdf/2026-06-15/15.06.2026%20Netherlands%20vs%20Japan%20(HGA).pdf
2026-06-15,World Cup,Netherlands,Japan,AH,1,3000,2460,82,https://wykjlhbsxparltxazxmk.supabase.co/storage/v1/object/public/bets-pdf/2026-06-15/15.06.2026%20Netherlands%20vs%20Japan%20(HGA).pdf
2026-06-15,World Cup,Netherlands,Japan,OU,1,3000,-3000,-100,https://wykjlhbsxparltxazxmk.supabase.co/storage/v1/object/public/bets-pdf/2026-06-15/15.06.2026%20Netherlands%20vs%20Japan%20(HGA).pdf
2026-06-15,World Cup,Ivory Coast,Ecuador,AH,1,3000,-3000,-100,https://wykjlhbsxparltxazxmk.supabase.co/storage/v1/object/public/bets-pdf/2026-06-15/15.06.2026%20Ivory%20Coast%20vs%20Ecuador%20(HGA).pdf
2026-06-15,World Cup,Ivory Coast,Ecuador,OU,1,3000,1530,51,https://wykjlhbsxparltxazxmk.supabase.co/storage/v1/object/public/bets-pdf/2026-06-15/15.06.2026%20Ivory%20Coast%20vs%20Ecuador%20(HGA).pdf
2026-06-15,World Cup,Germany,Curaçao,AH,1,3000,3000,100,https://wykjlhbsxparltxazxmk.supabase.co/storage/v1/object/public/bets-pdf/2026-06-15/15.06.2026%20Germany%20vs%20Curacao%20(HGA).pdf
2026-06-15,World Cup,Germany,Curaçao,OU,1,3000,2790,93,https://wykjlhbsxparltxazxmk.supabase.co/storage/v1/object/public/bets-pdf/2026-06-15/15.06.2026%20Germany%20vs%20Curacao%20(HGA).pdf
2026-06-15,World Cup,Sweden,Tunisia,1X2,1,3000,-3000,-100,https://wykjlhbsxparltxazxmk.supabase.co/storage/v1/object/public/bets-pdf/2026-06-15/15.06.2026%20Sweden%20vs%20Tunisia%20(HGA).pdf
2026-06-15,World Cup,Sweden,Tunisia,AH,1,3000,-3000,-100,https://wykjlhbsxparltxazxmk.supabase.co/storage/v1/object/public/bets-pdf/2026-06-15/15.06.2026%20Sweden%20vs%20Tunisia%20(HGA).pdf
2026-06-15,World Cup,Sweden,Tunisia,OU,1,3000,-3000,-100,https://wykjlhbsxparltxazxmk.supabase.co/storage/v1/object/public/bets-pdf/2026-06-15/15.06.2026%20Sweden%20vs%20Tunisia%20(HGA).pdf
2026-06-15,World Cup,Belgium,Egypt,1X2,7,7000,-640,-9.1,https://wykjlhbsxparltxazxmk.supabase.co/storage/v1/object/public/bets-pdf/2026-06-15/15.06.2026%20Belgium%20vs%20Egypt%20(HGA).pdf
2026-06-15,World Cup,Belgium,Egypt,AH,2,3000,860,28.7,https://wykjlhbsxparltxazxmk.supabase.co/storage/v1/object/public/bets-pdf/2026-06-15/15.06.2026%20Belgium%20vs%20Egypt%20(HGA).pdf
2026-06-15,World Cup,Belgium,Egypt,OU,3,5212,4422.32,84.8,https://wykjlhbsxparltxazxmk.supabase.co/storage/v1/object/public/bets-pdf/2026-06-15/15.06.2026%20Belgium%20vs%20Egypt%20(HGA).pdf
2026-06-15,World Cup,Belgium,Egypt,OU,1,1000,920,92,https://wykjlhbsxparltxazxmk.supabase.co/storage/v1/object/public/bets-pdf/1489377_ou_16.06.2026%2520Belgium%2520vs%2520Egypt%2520(ou).pdf
2026-06-15,World Cup,Belgium,Egypt,AH,1,917,-917,-100,https://wykjlhbsxparltxazxmk.supabase.co/storage/v1/object/public/bets-pdf/1489377_hdp_16.06.2026%2520Belgium%2520vs%2520Egypt%2520(hdp).pdf
2026-06-16,World Cup,Saudi Arabia,Uruguay,1X2,2,2000,2200,110,https://wykjlhbsxparltxazxmk.supabase.co/storage/v1/object/public/bets-pdf/2026-06-15/15.06.2026%20Saudi%20Arabia%20vs%20Uruguay%20(HGA).pdf
2026-06-16,World Cup,Saudi Arabia,Uruguay,OU,1,1000,510,51,https://wykjlhbsxparltxazxmk.supabase.co/storage/v1/object/public/bets-pdf/2026-06-15/15.06.2026%20Saudi%20Arabia%20vs%20Uruguay%20(HGA).pdf
2026-06-16,World Cup,Saudi Arabia,Uruguay,AH,1,1000,820,82,https://wykjlhbsxparltxazxmk.supabase.co/storage/v1/object/public/bets-pdf/1489379_hdp_16.06.2026%2520Uruguay%2520vs%2520Saudi%2520Arabia%2520(hdp).pdf
2026-06-16,World Cup,Saudi Arabia,Uruguay,1X2,1,133,-133,-100,https://wykjlhbsxparltxazxmk.supabase.co/storage/v1/object/public/bets-pdf/1489379_1x2_16.06.2026%2520Uruguay%2520vs%2520Saudi%2520Arabia%2520(1x2).pdf
2026-06-16,World Cup,Saudi Arabia,Uruguay,OU,1,961,499.72,52,https://wykjlhbsxparltxazxmk.supabase.co/storage/v1/object/public/bets-pdf/1489379_ou_16.06.2026%2520Uruguay%2520vs%2520Saudi%2520Arabia%2520(ou).pdf
2026-06-16,World Cup,Iran,New Zealand,1X2,3,3000,-240,-8,https://wykjlhbsxparltxazxmk.supabase.co/storage/v1/object/public/bets-pdf/2026-06-16/16.06.2026%20Iran%20vs%20New%20Zealand%20(HGA).pdf
2026-06-16,World Cup,Iran,New Zealand,AH,1,1100,1012,92,https://wykjlhbsxparltxazxmk.supabase.co/storage/v1/object/public/bets-pdf/2026-06-16/16.06.2026%20Iran%20vs%20New%20Zealand%20(HGA).pdf
2026-06-16,World Cup,Iran,New Zealand,1X2,1,266,-265.34,-99.8,https://wykjlhbsxparltxazxmk.supabase.co/storage/v1/object/public/bets-pdf/2026-06-16/16.06.2026%20Iran%20vs%20New%20Zealand%20(1x2).pdf
2026-06-16,World Cup,Iran,New Zealand,AH,1,917,1001.82,109.2,https://wykjlhbsxparltxazxmk.supabase.co/storage/v1/object/public/bets-pdf/2026-06-16/16.06.2026%20Iran%20vs%20New%20Zealand%20(hdp).pdf
2026-06-16,World Cup,Iran,New Zealand,OU,1,1000,-997.5,-99.7,https://wykjlhbsxparltxazxmk.supabase.co/storage/v1/object/public/bets-pdf/2026-06-16/16.06.2026%20Iran%20vs%20New%20Zealand%20(ou).pdf
2026-06-17,World Cup,France,Senegal,OU,1,1000,850,85,https://wykjlhbsxparltxazxmk.supabase.co/storage/v1/object/public/bets-pdf/1489383_ou_17.06.2026%2520France%2520vs%2520Senegal%2520(ou).pdf
2026-06-17,World Cup,France,Senegal,AH,1,884,-884,-100,https://wykjlhbsxparltxazxmk.supabase.co/storage/v1/object/public/bets-pdf/1489383_hdp_17.06.2026%2520France%2520vs%2520Senegal%2520(hdp).pdf
2026-06-17,World Cup,Iraq,Norway,AH,1,917,-917,-100,https://wykjlhbsxparltxazxmk.supabase.co/storage/v1/object/public/bets-pdf/1539016_hdp_17.06.2026%2520Norway%2520vs%2520Iraq%2520(hdp).pdf
2026-06-17,World Cup,Iraq,Norway,OU,1,1000,-1000,-100,https://wykjlhbsxparltxazxmk.supabase.co/storage/v1/object/public/bets-pdf/1539016_ou_17.06.2026%2520Norway%2520vs%2520Iraq%2520(ou).pdf
2026-06-17,World Cup,Iraq,Norway,1X2,1,172,-172,-100,https://wykjlhbsxparltxazxmk.supabase.co/storage/v1/object/public/bets-pdf/1539016_1x2_17.06.2026%2520Norway%2520vs%2520Iraq%2520(1x2).pdf
2026-06-17,World Cup,Argentina,Algeria,AH,1,1000,-1000,-100,https://wykjlhbsxparltxazxmk.supabase.co/storage/v1/object/public/bets-pdf/1489381_hdp_17.06.2026%2520Argentina%2520vs%2520Algeria%2520(hdp).pdf
2026-06-17,World Cup,Argentina,Algeria,OU,1,1000,-1000,-100,https://wykjlhbsxparltxazxmk.supabase.co/storage/v1/object/public/bets-pdf/1489381_ou_17.06.2026%2520Argentina%2520vs%2520Algeria%2520(ou).pdf
2026-06-17,World Cup,Argentina,Algeria,1X2,1,303,-303,-100,https://wykjlhbsxparltxazxmk.supabase.co/storage/v1/object/public/bets-pdf/1489381_1x2_17.06.2026%2520Argentina%2520vs%2520Algeria%2520(1x2).pdf
2026-06-17,World Cup,Austria,Jordan,AH,1,877,999.78,114,https://wykjlhbsxparltxazxmk.supabase.co/storage/v1/object/public/bets-pdf/1489382_hdp_17.06.2026%2520Austria%2520vs%2520Jordan%2520(hdp).pdf
2026-06-17,World Cup,Austria,Jordan,OU,1,900,999,111,https://wykjlhbsxparltxazxmk.supabase.co/storage/v1/object/public/bets-pdf/1489382_ou_17.06.2026%2520Austria%2520vs%2520Jordan%2520(ou).pdf
2026-06-18,World Cup,Portugal,Congo DR,AH,1,1000,-1000,-100,https://wykjlhbsxparltxazxmk.supabase.co/storage/v1/object/public/bets-pdf/1539003_hdp_18.06.2026%2520Portugal%2520vs%2520DR%2520Congo%2520(hdp).pdf
2026-06-18,World Cup,Portugal,Congo DR,OU,1,1000,840,84,https://wykjlhbsxparltxazxmk.supabase.co/storage/v1/object/public/bets-pdf/1539003_ou_18.06.2026%2520Portugal%2520vs%2520DR%2520Congo%2520(ou).pdf
2026-06-18,World Cup,England,Croatia,AH,1,1000,940,94,https://wykjlhbsxparltxazxmk.supabase.co/storage/v1/object/public/bets-pdf/1489384_hdp_18.06.2026%2520England%2520vs%2520Croatia%2520(hdp).pdf
2026-06-18,World Cup,England,Croatia,OU,1,1000,870,87,https://wykjlhbsxparltxazxmk.supabase.co/storage/v1/object/public/bets-pdf/1489384_ou_18.06.2026%2520England%2520vs%2520Croatia%2520(ou).pdf
2026-06-18,World Cup,Ghana,Panama,AH,1,1000,-1000,-100,https://wykjlhbsxparltxazxmk.supabase.co/storage/v1/object/public/bets-pdf/1489385_hdp_18.06.2026%2520Ghana%2520vs%2520Panama%2520(hdp).pdf
2026-06-18,World Cup,Ghana,Panama,OU,1,877,-877,-100,https://wykjlhbsxparltxazxmk.supabase.co/storage/v1/object/public/bets-pdf/1489385_ou_18.06.2026%2520Ghana%2520vs%2520Panama%2520(ou).pdf
2026-06-18,World Cup,Uzbekistan,Colombia,AH,1,1000,880,88,https://wykjlhbsxparltxazxmk.supabase.co/storage/v1/object/public/bets-pdf/1489386_hdp_18.06.2026%2520Colombia%2520vs%2520Uzbekistan%2520(hdp).pdf
2026-06-18,World Cup,Uzbekistan,Colombia,OU,1,1000,-1000,-100,https://wykjlhbsxparltxazxmk.supabase.co/storage/v1/object/public/bets-pdf/1489386_ou_18.06.2026%2520Colombia%2520vs%2520Uzbekistan%2520(ou).pdf
2026-06-19,World Cup,Czechia,South Africa,AH,1,1000,-1000,-100,https://wykjlhbsxparltxazxmk.supabase.co/storage/v1/object/public/bets-pdf/1539004_hdp_19.06.2026%2520Czech%2520Republic%2520vs%2520South%2520Africa%2520(hdp).pdf
2026-06-19,World Cup,Czechia,South Africa,OU,1,1000,485,48.5,https://wykjlhbsxparltxazxmk.supabase.co/storage/v1/object/public/bets-pdf/1539004_ou_19.06.2026%2520Czech%2520Republic%2520vs%2520South%2520Africa%2520(ou).pdf
2026-06-19,World Cup,Czechia,South Africa,1X2,1,582,-582,-100,https://wykjlhbsxparltxazxmk.supabase.co/storage/v1/object/public/bets-pdf/1539004_1x2_19.06.2026%2520Czech%2520Republic%2520vs%2520South%2520Africa%2520(1x2).pdf
2026-06-19,World Cup,Switzerland,Bosnia & Herzegovina,AH,1,990,999.9,101,https://wykjlhbsxparltxazxmk.supabase.co/storage/v1/object/public/bets-pdf/1539005_hdp_19.06.2026%2520Switzerland%2520vs%2520Bosnia-Herzegovina%2520(hdp).pdf
2026-06-19,World Cup,Switzerland,Bosnia & Herzegovina,OU,1,1000,-1000,-100,https://wykjlhbsxparltxazxmk.supabase.co/storage/v1/object/public/bets-pdf/1539005_ou_19.06.2026%2520Switzerland%2520vs%2520Bosnia-Herzegovina%2520(ou).pdf
2026-06-19,World Cup,Canada,Qatar,AH,1,1000,940,94,https://wykjlhbsxparltxazxmk.supabase.co/storage/v1/object/public/bets-pdf/1489387_hdp_19.06.2026%2520Canada%2520vs%2520Qatar%2520(hdp).pdf
2026-06-19,World Cup,Canada,Qatar,OU,1,1000,-1000,-100,https://wykjlhbsxparltxazxmk.supabase.co/storage/v1/object/public/bets-pdf/1489387_ou_19.06.2026%2520Canada%2520vs%2520Qatar%2520(ou).pdf
2026-06-19,World Cup,Mexico,South Korea,AH,1,925,999,108,https://wykjlhbsxparltxazxmk.supabase.co/storage/v1/object/public/bets-pdf/1489388_hdp_19.06.2026%2520Mexico%2520vs%2520Korea%2520Republic%2520(hdp).pdf
2026-06-19,World Cup,Mexico,South Korea,OU,1,1000,880,88,https://wykjlhbsxparltxazxmk.supabase.co/storage/v1/object/public/bets-pdf/1489388_ou_19.06.2026%2520Mexico%2520vs%2520Korea%2520Republic%2520(ou).pdf
2026-06-20,World Cup,USA,Australia,AH,1,884,998.92,113,https://wykjlhbsxparltxazxmk.supabase.co/storage/v1/object/public/bets-pdf/1489391_hdp_20.06.2026%2520USA%2520vs%2520Australia%2520(hdp).pdf
2026-06-20,World Cup,USA,Australia,OU,1,1000,-1000,-100,https://wykjlhbsxparltxazxmk.supabase.co/storage/v1/object/public/bets-pdf/1489391_ou_20.06.2026%2520USA%2520vs%2520Australia%2520(ou).pdf
2026-06-20,World Cup,Scotland,Morocco,AH,1,1000,450,45,https://wykjlhbsxparltxazxmk.supabase.co/storage/v1/object/public/bets-pdf/1489390_hdp_20.06.2026%2520Morocco%2520vs%2520Scotland%2520(hdp).pdf
2026-06-20,World Cup,Scotland,Morocco,OU,1,965,887.8,92,https://wykjlhbsxparltxazxmk.supabase.co/storage/v1/object/public/bets-pdf/1489390_ou_20.06.2026%2520Morocco%2520vs%2520Scotland%2520(ou).pdf
2026-06-20,World Cup,Brazil,Haiti,AH,1,1000,870,87,https://wykjlhbsxparltxazxmk.supabase.co/storage/v1/object/public/bets-pdf/1489389_hdp_20.06.2026%2520Brazil%2520vs%2520Haiti%2520(hdp).pdf
2026-06-20,World Cup,Brazil,Haiti,OU,1,943,-943,-100,https://wykjlhbsxparltxazxmk.supabase.co/storage/v1/object/public/bets-pdf/1489389_ou_20.06.2026%2520Brazil%2520vs%2520Haiti%2520(ou).pdf
2026-06-20,World Cup,Türkiye,Paraguay,AH,1,900,-900,-100,https://wykjlhbsxparltxazxmk.supabase.co/storage/v1/object/public/bets-pdf/1539006_hdp_20.06.2026%2520Turkey%2520vs%2520Paraguay%2520(hdp).pdf
2026-06-20,World Cup,Türkiye,Paraguay,OU,1,934,999.38,107,https://wykjlhbsxparltxazxmk.supabase.co/storage/v1/object/public/bets-pdf/1539006_ou_20.06.2026%2520Turkey%2520vs%2520Paraguay%2520(ou).pdf
2026-06-21,World Cup,Netherlands,Sweden,AH,1,1000,930,93,https://wykjlhbsxparltxazxmk.supabase.co/storage/v1/object/public/bets-pdf/1539007_hdp_20.06.2026%2520Netherlands%2520vs%2520Sweden%2520(hdp).pdf
2026-06-21,World Cup,Netherlands,Sweden,OU,1,943,-943,-100,https://wykjlhbsxparltxazxmk.supabase.co/storage/v1/object/public/bets-pdf/1539007_ou_20.06.2026%2520Netherlands%2520vs%2520Sweden%2520(ou).pdf
2026-06-21,World Cup,Netherlands,Sweden,1X2,1,1000,710,71,https://wykjlhbsxparltxazxmk.supabase.co/storage/v1/object/public/bets-pdf/1539007_1x2_20.06.2026%2520Netherlands%2520vs%2520Sweden%2520(1x2).pdf
2026-06-21,World Cup,Germany,Ivory Coast,AH,1,900,-450,-50,https://wykjlhbsxparltxazxmk.supabase.co/storage/v1/object/public/bets-pdf/1489393_hdp_20.06.2026%2520Germany%2520vs%2520Ivory%2520Coast%2520(hdp).pdf
2026-06-21,World Cup,Germany,Ivory Coast,OU,1,914,0,0,https://wykjlhbsxparltxazxmk.supabase.co/storage/v1/object/public/bets-pdf/1489393_ou_20.06.2026%2520Germany%2520vs%2520Ivory%2520Coast%2520(ou).pdf
2026-06-21,World Cup,Ecuador,Curaçao,AH,1,1000,910,91,https://wykjlhbsxparltxazxmk.supabase.co/storage/v1/object/public/bets-pdf/1489392_hdp_20.06.2026%2520Ecuador%2520vs%2520Curacao%2520(hdp).pdf
2026-06-21,World Cup,Tunisia,Japan,AH,1,1000,970,97,https://wykjlhbsxparltxazxmk.supabase.co/storage/v1/object/public/bets-pdf/1489394_hdp_21.06.2026%2520Japan%2520vs%2520Tunisia%2520(hdp).pdf
2026-06-22,World Cup,Spain,Saudi Arabia,AH,1,1000,-1000,-100,https://wykjlhbsxparltxazxmk.supabase.co/storage/v1/object/public/bets-pdf/1489397_hdp_21.06.2026%2520Spain%2520vs%2520Saudi%2520Arabia%2520(hdp).pdf
2026-06-22,World Cup,Spain,Saudi Arabia,OU,1,1000,-1000,-100,https://wykjlhbsxparltxazxmk.supabase.co/storage/v1/object/public/bets-pdf/1489397_ou_21.06.2026%2520Spain%2520vs%2520Saudi%2520Arabia%2520(ou).pdf
2026-06-22,World Cup,Belgium,Iran,AH,1,1000,960,96,https://wykjlhbsxparltxazxmk.supabase.co/storage/v1/object/public/bets-pdf/1489395_hdp_21.06.2026%2520Belgium%2520vs%2520Iran%2520(hdp).pdf
2026-06-22,World Cup,Belgium,Iran,OU,1,1000,850,85,https://wykjlhbsxparltxazxmk.supabase.co/storage/v1/object/public/bets-pdf/1489395_ou_21.06.2026%2520Belgium%2520vs%2520Iran%2520(ou).pdf
2026-06-22,World Cup,Uruguay,Cape Verde Islands,AH,1,1000,830,83,https://wykjlhbsxparltxazxmk.supabase.co/storage/v1/object/public/bets-pdf/1489398_hdp_21.06.2026%2520Uruguay%2520vs%2520Cape%2520Verde%2520(hdp).pdf
2026-06-22,World Cup,Uruguay,Cape Verde Islands,OU,1,660,699.6,106,https://wykjlhbsxparltxazxmk.supabase.co/storage/v1/object/public/bets-pdf/1489398_ou_21.06.2026%2520Uruguay%2520vs%2520Cape%2520Verde%2520(ou).pdf
2026-06-22,World Cup,New Zealand,Egypt,AH,1,917,962.85,105,https://wykjlhbsxparltxazxmk.supabase.co/storage/v1/object/public/bets-pdf/1489396_hdp_21.06.2026%2520Egypt%2520vs%2520New%2520Zealand%2520(hdp).pdf
2026-06-22,World Cup,New Zealand,Egypt,OU,1,1000,810,81,https://wykjlhbsxparltxazxmk.supabase.co/storage/v1/object/public/bets-pdf/1489396_ou_21.06.2026%2520Egypt%2520vs%2520New%2520Zealand%2520(ou).pdf
2026-06-23,World Cup,Argentina,Austria,AH,1,892,999.04,112,https://wykjlhbsxparltxazxmk.supabase.co/storage/v1/object/public/bets-pdf/1489399_hdp_23.06.2026%2520Argentina%2520vs%2520Austria%2520(hdp).pdf
2026-06-23,World Cup,Argentina,Austria,OU,1,1000,-1000,-100,https://wykjlhbsxparltxazxmk.supabase.co/storage/v1/object/public/bets-pdf/1489399_ou_23.06.2026%2520Argentina%2520vs%2520Austria%2520(ou).pdf
2026-06-23,World Cup,France,Iraq,AH,1,1000,470,47,https://wykjlhbsxparltxazxmk.supabase.co/storage/v1/object/public/bets-pdf/1539017_hdp_23.06.2026%2520France%2520vs%2520Iraq%2520(hdp).pdf
2026-06-23,World Cup,France,Iraq,OU,1,1000,-1000,-100,https://wykjlhbsxparltxazxmk.supabase.co/storage/v1/object/public/bets-pdf/1539017_ou_23.06.2026%2520France%2520vs%2520Iraq%2520(ou).pdf
2026-06-23,World Cup,Norway,Senegal,AH,1,1000,980,98,https://wykjlhbsxparltxazxmk.supabase.co/storage/v1/object/public/bets-pdf/1489401_hdp_23.06.2026%2520Norway%2520vs%2520Senegal%2520(hdp).pdf
2026-06-23,World Cup,Norway,Senegal,OU,1,1000,990,99,https://wykjlhbsxparltxazxmk.supabase.co/storage/v1/object/public/bets-pdf/1489401_ou_23.06.2026%2520Norway%2520vs%2520Senegal%2520(ou).pdf
2026-06-23,World Cup,Norway,Senegal,1X2,1,775,999.75,129,https://wykjlhbsxparltxazxmk.supabase.co/storage/v1/object/public/bets-pdf/1489401_1x2_23.06.2026%2520Norway%2520vs%2520Senegal%2520(1x2).pdf
2026-06-23,World Cup,Jordan,Algeria,OU,1,1000,970,97,https://wykjlhbsxparltxazxmk.supabase.co/storage/v1/object/public/bets-pdf/1489400_ou_23.06.2026%2520Algeria%2520vs%2520Jordan%2520(ou).pdf
2026-06-24,World Cup,Portugal,Uzbekistan,AH,1,1000,960,96,https://wykjlhbsxparltxazxmk.supabase.co/storage/v1/object/public/bets-pdf/1489404_hdp_23.06.2026%2520Portugal%2520vs%2520Uzbekistan%2520(hdp).pdf
2026-06-24,World Cup,Portugal,Uzbekistan,OU,1,1000,-1000,-100,https://wykjlhbsxparltxazxmk.supabase.co/storage/v1/object/public/bets-pdf/1489404_ou_23.06.2026%2520Portugal%2520vs%2520Uzbekistan%2520(ou).pdf
2026-06-24,World Cup,England,Ghana,AH,1,1000,-1000,-100,https://wykjlhbsxparltxazxmk.supabase.co/storage/v1/object/public/bets-pdf/1489402_hdp_24.06.2026%2520England%2520vs%2520Ghana%2520(hdp).pdf
2026-06-24,World Cup,England,Ghana,OU,1,1000,-1000,-100,https://wykjlhbsxparltxazxmk.supabase.co/storage/v1/object/public/bets-pdf/1489402_ou_23.06.2026%2520England%2520vs%2520Ghana%2520(ou).pdf
2026-06-24,World Cup,Panama,Croatia,AH,1,884,-442,-50,https://wykjlhbsxparltxazxmk.supabase.co/storage/v1/object/public/bets-pdf/1489403_hdp_23.06.2026%2520Croatia%2520vs%2520Panama%2520(hdp).pdf
2026-06-24,World Cup,Panama,Croatia,OU,1,1000,990,99,https://wykjlhbsxparltxazxmk.supabase.co/storage/v1/object/public/bets-pdf/1489403_ou_23.06.2026%2520Croatia%2520vs%2520Panama%2520(ou).pdf
2026-06-24,World Cup,Colombia,Congo DR,AH,1,1000,0,0,https://wykjlhbsxparltxazxmk.supabase.co/storage/v1/object/public/bets-pdf/1539008_hdp_25.06.2026%2520Colombia%2520vs%2520DR%2520Congo%2520(hdp).pdf
2026-06-24,World Cup,Colombia,Congo DR,OU,1,1000,950,95,https://wykjlhbsxparltxazxmk.supabase.co/storage/v1/object/public/bets-pdf/1539008_ou_23.06.2026%2520Colombia%2520vs%2520DR%2520Congo%2520(ou).pdf
2026-06-25,World Cup,Switzerland,Canada,AH,1,854,-854,-100,https://wykjlhbsxparltxazxmk.supabase.co/storage/v1/object/public/bets-pdf/1489408_hdp_25.06.2026%2520Canada%2520vs%2520Switzerland%2520(hdp).pdf
2026-06-25,World Cup,Switzerland,Canada,OU,1,1000,-1000,-100,https://wykjlhbsxparltxazxmk.supabase.co/storage/v1/object/public/bets-pdf/1489408_ou_25.06.2026%2520Canada%2520vs%2520Switzerland%2520(ou).pdf
2026-06-25,World Cup,Bosnia & Herzegovina,Qatar,AH,1,961,999.44,104,https://wykjlhbsxparltxazxmk.supabase.co/storage/v1/object/public/bets-pdf/1539009_hdp_25.06.2026%2520Bosnia-Herzegovina%2520vs%2520Qatar%2520(hdp).pdf
2026-06-25,World Cup,Bosnia & Herzegovina,Qatar,OU,1,1000,870,87,https://wykjlhbsxparltxazxmk.supabase.co/storage/v1/object/public/bets-pdf/1539009_ou_25.06.2026%2520Bosnia-Herzegovina%2520vs%2520Qatar%2520(ou).pdf
2026-06-25,World Cup,Morocco,Haiti,AH,1,1000,0,0,https://wykjlhbsxparltxazxmk.supabase.co/storage/v1/object/public/bets-pdf/1489405_hdp_25.06.2026%2520Morocco%2520vs%2520Haiti%2520(hdp).pdf
2026-06-25,World Cup,Morocco,Haiti,OU,1,1000,860,86,https://wykjlhbsxparltxazxmk.supabase.co/storage/v1/object/public/bets-pdf/1489405_ou_25.06.2026%2520Morocco%2520vs%2520Haiti%2520(ou).pdf
2026-06-25,World Cup,Scotland,Brazil,AH,1,1000,940,94,https://wykjlhbsxparltxazxmk.supabase.co/storage/v1/object/public/bets-pdf/1489406_hdp_25.06.2026%2520Brazil%2520vs%2520Scotland%2520(hdp).pdf
2026-06-25,World Cup,Scotland,Brazil,OU,1,943,499.79,53,https://wykjlhbsxparltxazxmk.supabase.co/storage/v1/object/public/bets-pdf/1489406_ou_25.06.2026%2520Brazil%2520vs%2520Scotland%2520(ou).pdf
2026-06-25,World Cup,Czechia,Mexico,AH,1,990,999.9,101,https://wykjlhbsxparltxazxmk.supabase.co/storage/v1/object/public/bets-pdf/1539010_hdp_25.06.2026%2520Mexico%2520vs%2520Czech%2520Republic%2520(hdp).pdf
2026-06-25,World Cup,Czechia,Mexico,OU,1,943,999.58,106,https://wykjlhbsxparltxazxmk.supabase.co/storage/v1/object/public/bets-pdf/1539010_ou_25.06.2026%2520Mexico%2520vs%2520Czech%2520Republic%2520(ou).pdf
2026-06-25,World Cup,Czechia,Mexico,1X2,1,990,999.9,101,https://wykjlhbsxparltxazxmk.supabase.co/storage/v1/object/public/bets-pdf/1539010_1x2_25.06.2026%2520Mexico%2520vs%2520Czech%2520Republic%2520(1x2).pdf
2026-06-25,World Cup,South Africa,South Korea,AH,1,892,-892,-100,https://wykjlhbsxparltxazxmk.supabase.co/storage/v1/object/public/bets-pdf/1489407_hdp_25.06.2026%2520Korea%2520Republic%2520vs%2520South%2520Africa%2520(hdp).pdf
2026-06-25,World Cup,South Africa,South Korea,OU,1,961,-961,-100,https://wykjlhbsxparltxazxmk.supabase.co/storage/v1/object/public/bets-pdf/1489407_ou_25.06.2026%2520Korea%2520Republic%2520vs%2520South%2520Africa%2520(ou).pdf
2026-06-26,World Cup,Ecuador,Germany,AH,1,934,-934,-100,https://wykjlhbsxparltxazxmk.supabase.co/storage/v1/object/public/bets-pdf/1489410_hdp_26.06.2026%2520Germany%2520vs%2520Ecuador%2520(hdp).pdf
2026-06-26,World Cup,Ecuador,Germany,OU,1,917,0,0,https://wykjlhbsxparltxazxmk.supabase.co/storage/v1/object/public/bets-pdf/1489410_ou_26.06.2026%2520Germany%2520vs%2520Ecuador%2520(ou).pdf
2026-06-26,World Cup,Curaçao,Ivory Coast,AH,1,961,-480.5,-50,https://wykjlhbsxparltxazxmk.supabase.co/storage/v1/object/public/bets-pdf/1489409_hdp_26.06.2026%2520Ivory%2520Coast%2520vs%2520Curacao%2520(hdp).pdf
2026-06-26,World Cup,Curaçao,Ivory Coast,OU,1,1000,-1000,-100,https://wykjlhbsxparltxazxmk.supabase.co/storage/v1/object/public/bets-pdf/1489409_ou_26.06.2026%2520Ivory%2520Coast%2520vs%2520Curacao%2520(ou).pdf
2026-06-26,World Cup,Tunisia,Netherlands,AH,1,1000,-1000,-100,https://wykjlhbsxparltxazxmk.supabase.co/storage/v1/object/public/bets-pdf/1489412_hdp_26.06.2026%2520Netherlands%2520vs%2520Tunisia%2520(hdp).pdf
2026-06-26,World Cup,Tunisia,Netherlands,OU,1,900,999,111,https://wykjlhbsxparltxazxmk.supabase.co/storage/v1/object/public/bets-pdf/1489412_ou_26.06.2026%2520Netherlands%2520vs%2520Tunisia%2520(ou).pdf
2026-06-26,World Cup,Japan,Sweden,AH,1,1000,-1000,-100,https://wykjlhbsxparltxazxmk.supabase.co/storage/v1/object/public/bets-pdf/1539011_hdp_26.06.2026%2520Japan%2520vs%2520Sweden%2520(hdp).pdf
2026-06-26,World Cup,Japan,Sweden,OU,1,1000,980,98,https://wykjlhbsxparltxazxmk.supabase.co/storage/v1/object/public/bets-pdf/1539011_ou_26.06.2026%2520Japan%2520vs%2520Sweden%2520(ou).pdf
2026-06-26,World Cup,Japan,Sweden,1X2,1,1000,-1000,-100,https://wykjlhbsxparltxazxmk.supabase.co/storage/v1/object/public/bets-pdf/1539011_1x2_26.06.2026%2520Japan%2520vs%2520Sweden%2520(1x2).pdf
2026-06-26,World Cup,Türkiye,USA,AH,1,1000,-1000,-100,https://wykjlhbsxparltxazxmk.supabase.co/storage/v1/object/public/bets-pdf/1539012_hdp_26.06.2026%2520USA%2520vs%2520Turkey%2520(hdp).pdf
2026-06-26,World Cup,Türkiye,USA,OU,1,961,999.44,104,https://wykjlhbsxparltxazxmk.supabase.co/storage/v1/object/public/bets-pdf/1539012_ou_26.06.2026%2520USA%2520vs%2520Turkey%2520(ou).pdf
2026-06-26,World Cup,Türkiye,USA,1X2,1,734,-734,-100,https://wykjlhbsxparltxazxmk.supabase.co/storage/v1/object/public/bets-pdf/1539012_1x2_26.06.2026%2520USA%2520vs%2520Turkey%2520(1x2).pdf
2026-06-26,World Cup,Paraguay,Australia,AH,1,1000,425,42.5,https://wykjlhbsxparltxazxmk.supabase.co/storage/v1/object/public/bets-pdf/1489411_hdp_26.06.2026%2520Paraguay%2520vs%2520Australia%2520(hdp).pdf
2026-06-26,World Cup,Paraguay,Australia,OU,1,1000,930,93,https://wykjlhbsxparltxazxmk.supabase.co/storage/v1/object/public/bets-pdf/1489411_ou_26.06.2026%2520Paraguay%2520vs%2520Australia%2520(ou).pdf
2026-06-26,World Cup,Paraguay,Australia,1X2,1,602,-602,-100,https://wykjlhbsxparltxazxmk.supabase.co/storage/v1/object/public/bets-pdf/1489411_1x2_26.05.2026%2520Paraguay%2520vs%2520Australia%2520(1x2).pdf
2026-07-16,World Cup,New Zealand,Belgium,OU,1,1000,-1000,-100,https://wykjlhbsxparltxazxmk.supabase.co/storage/v1/object/public/bets-pdf/2026-06-27/27.06.2026%20New%20Zealand%20vs%20Belgium%20(HGA).pdf
2026-07-16,World Cup,England,Argentina,AH,1,1936,2090.88,108,https://wykjlhbsxparltxazxmk.supabase.co/storage/v1/object/public/bets-pdf/2026-07-15/15.07.2026%20England%20vs%20Argentina%20(HGA).pdf
2026-07-16,World Cup,England,Argentina,1X2,1,1000,2800,280,https://wykjlhbsxparltxazxmk.supabase.co/storage/v1/object/public/bets-pdf/2026-07-15/15.07.2026%20England%20vs%20Argentina%20(HGA).pdf
2026-07-16,World Cup,France,Spain,OU,1,3372,2967.36,88,https://wykjlhbsxparltxazxmk.supabase.co/storage/v1/object/public/bets-pdf/2026-07-14/14.07.2026%20France%20vs%20Spain%20(HGA).pdf
2026-07-16,World Cup,France,Spain,1X2,1,2448,1860.48,76,https://wykjlhbsxparltxazxmk.supabase.co/storage/v1/object/public/bets-pdf/2026-07-14/14.07.2026%20France%20vs%20Spain%20(HGA).pdf
2026-07-16,World Cup,Argentina,Switzerland,AH,1,1026,-1026,-100,https://wykjlhbsxparltxazxmk.supabase.co/storage/v1/object/public/bets-pdf/2026-07-12/12.07.2026%20Argentina%20vs%20Switzerland%20(HGA).pdf
2026-07-16,World Cup,Argentina,Switzerland,1X2,1,1000,-1000,-100,https://wykjlhbsxparltxazxmk.supabase.co/storage/v1/object/public/bets-pdf/2026-07-12/12.07.2026%20Argentina%20vs%20Switzerland%20(HGA).pdf
2026-07-16,World Cup,Norway,England,OU,1,2711,1138.62,42,https://wykjlhbsxparltxazxmk.supabase.co/storage/v1/object/public/bets-pdf/2026-07-11/11.07.2026%20Norway%20vs%20England%20(HGA).pdf
2026-07-16,World Cup,Norway,England,AH,1,1000,1020,102,https://wykjlhbsxparltxazxmk.supabase.co/storage/v1/object/public/bets-pdf/2026-07-11/11.07.2026%20Norway%20vs%20England%20(HGA).pdf
2026-07-16,World Cup,Spain,Belgium,AH,1,1000,1050,105,https://wykjlhbsxparltxazxmk.supabase.co/storage/v1/object/public/bets-pdf/2026-07-10/10.07.2026%20Spain%20vs%20Belgium%20(HGA).pdf
2026-07-16,World Cup,France,Morocco,OU,1,1642,-1642,-100,https://wykjlhbsxparltxazxmk.supabase.co/storage/v1/object/public/bets-pdf/2026-07-09/09.07.2026%20France%20vs%20Morocco%20(HGA).pdf
2026-07-16,World Cup,France,Morocco,AH,1,1000,-1000,-100,https://wykjlhbsxparltxazxmk.supabase.co/storage/v1/object/public/bets-pdf/2026-07-09/09.07.2026%20France%20vs%20Morocco%20(HGA).pdf
2026-07-16,World Cup,France,Morocco,1X2,1,1000,-1000,-100,https://wykjlhbsxparltxazxmk.supabase.co/storage/v1/object/public/bets-pdf/2026-07-09/09.07.2026%20France%20vs%20Morocco%20(HGA).pdf
2026-07-16,World Cup,Switzerland,Colombia,OU,1,2953,2923.47,99,https://wykjlhbsxparltxazxmk.supabase.co/storage/v1/object/public/bets-pdf/2026-07-07/07.07.2026%20Switzerland%20vs%20Colombia%20(HGA).pdf
2026-07-16,World Cup,Switzerland,Colombia,1X2,1,1102,1597.9,145,https://wykjlhbsxparltxazxmk.supabase.co/storage/v1/object/public/bets-pdf/2026-07-07/07.07.2026%20Switzerland%20vs%20Colombia%20(HGA).pdf
2026-07-16,World Cup,Argentina,Egypt,OU,1,1851,1925.04,104,https://wykjlhbsxparltxazxmk.supabase.co/storage/v1/object/public/bets-pdf/2026-07-07/07.07.2026%20Argentina%20vs%20Egypt%20(HGA).pdf
2026-07-16,World Cup,Argentina,Egypt,1X2,1,1000,-1000,-100,https://wykjlhbsxparltxazxmk.supabase.co/storage/v1/object/public/bets-pdf/2026-07-07/07.07.2026%20Argentina%20vs%20Egypt%20(HGA).pdf
2026-07-16,World Cup,Portugal,Spain,OU,1,4053,3363.99,83,https://wykjlhbsxparltxazxmk.supabase.co/storage/v1/object/public/bets-pdf/2026-07-06/06.07.2026%20Portugal%20vs%20Spain%20(HGA).pdf
2026-07-16,World Cup,Portugal,Spain,AH,1,1000,-1000,-100,https://wykjlhbsxparltxazxmk.supabase.co/storage/v1/object/public/bets-pdf/2026-07-06/06.07.2026%20Portugal%20vs%20Spain%20(HGA).pdf
2026-07-16,World Cup,Portugal,Spain,1X2,1,1514,-1514,-100,https://wykjlhbsxparltxazxmk.supabase.co/storage/v1/object/public/bets-pdf/2026-07-06/06.07.2026%20Portugal%20vs%20Spain%20(HGA).pdf
2026-07-16,World Cup,Mexico,England,1X2,1,1065,-1065,-100,https://wykjlhbsxparltxazxmk.supabase.co/storage/v1/object/public/bets-pdf/2026-07-06/06.07.2026%20Mexico%20vs%20England%20(HGA).pdf
2026-07-16,World Cup,Brazil,Norway,OU,1,2026,1580.28,78,https://wykjlhbsxparltxazxmk.supabase.co/storage/v1/object/public/bets-pdf/2026-07-05/05.07.2026%20Brazil%20vs%20Norway%20(HGA).pdf
2026-07-16,World Cup,Brazil,Norway,AH,1,2326,-2326,-100,https://wykjlhbsxparltxazxmk.supabase.co/storage/v1/object/public/bets-pdf/2026-07-05/05.07.2026%20Brazil%20vs%20Norway%20(HGA).pdf
2026-07-16,World Cup,Brazil,Norway,1X2,1,1655,-1655,-100,https://wykjlhbsxparltxazxmk.supabase.co/storage/v1/object/public/bets-pdf/2026-07-05/05.07.2026%20Brazil%20vs%20Norway%20(HGA).pdf
2026-07-16,World Cup,Canada,Morocco,AH,2,3876,-1826,-47.1,https://wykjlhbsxparltxazxmk.supabase.co/storage/v1/object/public/bets-pdf/2026-07-04/04.07.2026%20Canada%20vs%20Morocco%20(HGA).pdf
2026-07-16,World Cup,Canada,Morocco,1X2,1,1527,-1527,-100,https://wykjlhbsxparltxazxmk.supabase.co/storage/v1/object/public/bets-pdf/2026-07-04/04.07.2026%20Canada%20vs%20Morocco%20(HGA).pdf
2026-07-16,World Cup,Colombia,Ghana,AH,1,2594,2230.84,86,https://wykjlhbsxparltxazxmk.supabase.co/storage/v1/object/public/bets-pdf/2026-07-04/04.07.2026%20Colombia%20vs%20Ghana%20(HGA).pdf
2026-07-16,World Cup,Argentina,Cape Verde Islands,OU,1,2511,-2511,-100,https://wykjlhbsxparltxazxmk.supabase.co/storage/v1/object/public/bets-pdf/2026-07-03/03.07.2026%20Argentina%20vs%20Cape%20Verde%20Islands%20(HGA).pdf
2026-07-16,World Cup,Argentina,Cape Verde Islands,AH,1,2701,2511.93,93,https://wykjlhbsxparltxazxmk.supabase.co/storage/v1/object/public/bets-pdf/2026-07-03/03.07.2026%20Argentina%20vs%20Cape%20Verde%20Islands%20(HGA).pdf
2026-07-16,World Cup,Argentina,Cape Verde Islands,1X2,1,1130,-1130,-100,https://wykjlhbsxparltxazxmk.supabase.co/storage/v1/object/public/bets-pdf/2026-07-03/03.07.2026%20Argentina%20vs%20Cape%20Verde%20Islands%20(HGA).pdf
2026-07-16,World Cup,Australia,Egypt,OU,1,2572,1131.68,44,https://wykjlhbsxparltxazxmk.supabase.co/storage/v1/object/public/bets-pdf/2026-07-03/03.07.2026%20Australia%20vs%20Egypt%20(HGA).pdf
2026-07-16,World Cup,Australia,Egypt,AH,1,2406,-2406,-100,https://wykjlhbsxparltxazxmk.supabase.co/storage/v1/object/public/bets-pdf/2026-07-03/03.07.2026%20Australia%20vs%20Egypt%20(HGA).pdf
2026-07-16,World Cup,Australia,Egypt,1X2,2,2476,-596,-24.1,https://wykjlhbsxparltxazxmk.supabase.co/storage/v1/object/public/bets-pdf/2026-07-03/03.07.2026%20Australia%20vs%20Egypt%20(HGA).pdf
2026-07-16,World Cup,Switzerland,Algeria,OU,1,2681,-2681,-100,https://wykjlhbsxparltxazxmk.supabase.co/storage/v1/object/public/bets-pdf/2026-07-03/03.07.2026%20Switzerland%20vs%20Algeria%20(HGA).pdf
2026-07-16,World Cup,Portugal,Croatia,1X2,1,2200,1474,67,https://wykjlhbsxparltxazxmk.supabase.co/storage/v1/object/public/bets-pdf/2026-07-02/02.07.2026%20Portugal%20vs%20Croatia%20(HGA).pdf
2026-07-16,World Cup,Belgium,Senegal,OU,1,3229,3229,100,https://wykjlhbsxparltxazxmk.supabase.co/storage/v1/object/public/bets-pdf/2026-07-01/01.07.2026%20Belgium%20vs%20Senegal%20(HGA).pdf
2026-07-16,World Cup,Belgium,Senegal,AH,1,2890,2918.9,101,https://wykjlhbsxparltxazxmk.supabase.co/storage/v1/object/public/bets-pdf/2026-07-01/01.07.2026%20Belgium%20vs%20Senegal%20(HGA).pdf
2026-07-16,World Cup,Belgium,Senegal,1X2,1,2391,7173,300,https://wykjlhbsxparltxazxmk.supabase.co/storage/v1/object/public/bets-pdf/2026-07-01/01.07.2026%20Belgium%20vs%20Senegal%20(HGA).pdf
2026-07-16,World Cup,England,Congo DR,OU,1,1929,0,0,https://wykjlhbsxparltxazxmk.supabase.co/storage/v1/object/public/bets-pdf/2026-07-01/01.07.2026%20England%20vs%20Congo%20DR%20(HGA).pdf
2026-07-16,World Cup,England,Congo DR,AH,1,2368,-2368,-100,https://wykjlhbsxparltxazxmk.supabase.co/storage/v1/object/public/bets-pdf/2026-07-01/01.07.2026%20England%20vs%20Congo%20DR%20(HGA).pdf
2026-07-16,World Cup,England,Congo DR,1X2,2,2596,-2596,-100,https://wykjlhbsxparltxazxmk.supabase.co/storage/v1/object/public/bets-pdf/2026-07-01/01.07.2026%20England%20vs%20Congo%20DR%20(HGA).pdf
2026-07-16,World Cup,Mexico,Ecuador,OU,1,2986,3284.6,110,https://wykjlhbsxparltxazxmk.supabase.co/storage/v1/object/public/bets-pdf/2026-07-01/01.07.2026%20Mexico%20vs%20Ecuador%20(HGA).pdf
2026-07-16,World Cup,Ivory Coast,Norway,AH,1,1000,0,0,https://wykjlhbsxparltxazxmk.supabase.co/storage/v1/object/public/bets-pdf/2026-06-30/30.06.2026%20Ivory%20Coast%20vs%20Norway%20(HGA).pdf
2026-07-16,World Cup,Netherlands,Morocco,OU,1,2768,2601.92,94,https://wykjlhbsxparltxazxmk.supabase.co/storage/v1/object/public/bets-pdf/2026-06-30/30.06.2026%20Netherlands%20vs%20Morocco%20(HGA).pdf
2026-07-16,World Cup,Netherlands,Morocco,1X2,1,1000,-1000,-100,https://wykjlhbsxparltxazxmk.supabase.co/storage/v1/object/public/bets-pdf/2026-06-30/30.06.2026%20Netherlands%20vs%20Morocco%20(HGA).pdf
2026-07-16,World Cup,Brazil,Japan,OU,1,1772,868.28,49,https://wykjlhbsxparltxazxmk.supabase.co/storage/v1/object/public/bets-pdf/2026-06-29/29.06.2026%20Brazil%20vs%20Japan%20(HGA).pdf
2026-07-16,World Cup,South Africa,Canada,OU,2,5516,2721.09,49.3,https://wykjlhbsxparltxazxmk.supabase.co/storage/v1/object/public/bets-pdf/2026-06-28/28.06.2026%20South%20Africa%20vs%20Canada%20(HGA).pdf
2026-07-16,World Cup,South Africa,Canada,AH,1,1000,1000,100,https://wykjlhbsxparltxazxmk.supabase.co/storage/v1/object/public/bets-pdf/2026-06-28/28.06.2026%20South%20Africa%20vs%20Canada%20(HGA).pdf
2026-07-16,World Cup,Algeria,Austria,OU,1,1923,2115.3,110,https://wykjlhbsxparltxazxmk.supabase.co/storage/v1/object/public/bets-pdf/2026-06-28/28.06.2026%20Algeria%20vs%20Austria%20(HGA).pdf
2026-07-16,World Cup,Algeria,Austria,AH,1,2427,0,0,https://wykjlhbsxparltxazxmk.supabase.co/storage/v1/object/public/bets-pdf/2026-06-28/28.06.2026%20Algeria%20vs%20Austria%20(HGA).pdf
2026-07-16,World Cup,Algeria,Austria,1X2,1,1411,-1411,-100,https://wykjlhbsxparltxazxmk.supabase.co/storage/v1/object/public/bets-pdf/2026-06-28/28.06.2026%20Algeria%20vs%20Austria%20(HGA).pdf
2026-07-16,World Cup,Congo DR,Uzbekistan,1X2,1,1000,-1000,-100,https://wykjlhbsxparltxazxmk.supabase.co/storage/v1/object/public/bets-pdf/2026-06-27/27.06.2026%20Congo%20DR%20vs%20Uzbekistan%20(HGA).pdf
2026-07-16,World Cup,Colombia,Portugal,OU,1,2375,1947.5,82,https://wykjlhbsxparltxazxmk.supabase.co/storage/v1/object/public/bets-pdf/2026-06-27/27.06.2026%20Colombia%20vs%20Portugal%20(HGA).pdf
2026-07-16,World Cup,Colombia,Portugal,AH,2,3307,1020,30.8,https://wykjlhbsxparltxazxmk.supabase.co/storage/v1/object/public/bets-pdf/2026-06-27/27.06.2026%20Colombia%20vs%20Portugal%20(HGA).pdf
2026-07-16,World Cup,Colombia,Portugal,1X2,1,1000,2200,220,https://wykjlhbsxparltxazxmk.supabase.co/storage/v1/object/public/bets-pdf/2026-06-27/27.06.2026%20Colombia%20vs%20Portugal%20(HGA).pdf
2026-07-16,World Cup,Croatia,Ghana,OU,1,4500,-4500,-100,https://wykjlhbsxparltxazxmk.supabase.co/storage/v1/object/public/bets-pdf/2026-06-27/27.06.2026%20Croatia%20vs%20Ghana%20(HGA).pdf
2026-07-16,World Cup,Croatia,Ghana,AH,1,1521,-1521,-100,https://wykjlhbsxparltxazxmk.supabase.co/storage/v1/object/public/bets-pdf/2026-06-27/27.06.2026%20Croatia%20vs%20Ghana%20(HGA).pdf
2026-07-16,World Cup,New Zealand,Belgium,AH,2,4991,-2096,-42,https://wykjlhbsxparltxazxmk.supabase.co/storage/v1/object/public/bets-pdf/2026-06-27/27.06.2026%20New%20Zealand%20vs%20Belgium%20(HGA).pdf
2026-07-16,World Cup,Egypt,Iran,OU,1,1000,-500,-50,https://wykjlhbsxparltxazxmk.supabase.co/storage/v1/object/public/bets-pdf/2026-06-27/27.06.2026%20Egypt%20vs%20Iran%20(HGA).pdf
2026-07-16,World Cup,Egypt,Iran,AH,2,2000,-500,-25,https://wykjlhbsxparltxazxmk.supabase.co/storage/v1/object/public/bets-pdf/2026-06-27/27.06.2026%20Egypt%20vs%20Iran%20(HGA).pdf
2026-07-16,World Cup,Egypt,Iran,1X2,1,1000,-1000,-100,https://wykjlhbsxparltxazxmk.supabase.co/storage/v1/object/public/bets-pdf/2026-06-27/27.06.2026%20Egypt%20vs%20Iran%20(HGA).pdf
2026-07-16,World Cup,Uruguay,Spain,OU,1,1000,-1000,-100,https://wykjlhbsxparltxazxmk.supabase.co/storage/v1/object/public/bets-pdf/2026-06-27/27.06.2026%20Uruguay%20vs%20Spain%20(HGA).pdf
2026-07-16,World Cup,Uruguay,Spain,AH,1,1000,890,89,https://wykjlhbsxparltxazxmk.supabase.co/storage/v1/object/public/bets-pdf/2026-06-27/27.06.2026%20Uruguay%20vs%20Spain%20(HGA).pdf
2026-07-16,World Cup,Cape Verde Islands,Saudi Arabia,OU,1,1000,-1000,-100,https://wykjlhbsxparltxazxmk.supabase.co/storage/v1/object/public/bets-pdf/2026-06-27/27.06.2026%20Cape%20Verde%20Islands%20vs%20Saudi%20Arabia%20(HGA).pdf
2026-07-16,World Cup,Cape Verde Islands,Saudi Arabia,AH,2,2100,0,0,https://wykjlhbsxparltxazxmk.supabase.co/storage/v1/object/public/bets-pdf/2026-06-27/27.06.2026%20Cape%20Verde%20Islands%20vs%20Saudi%20Arabia%20(HGA).pdf
2026-07-16,World Cup,Cape Verde Islands,Saudi Arabia,1X2,1,1000,-1000,-100,https://wykjlhbsxparltxazxmk.supabase.co/storage/v1/object/public/bets-pdf/2026-06-27/27.06.2026%20Cape%20Verde%20Islands%20vs%20Saudi%20Arabia%20(HGA).pdf
2026-07-16,World Cup,Norway,France,OU,2,3416,-1400,-41,https://wykjlhbsxparltxazxmk.supabase.co/storage/v1/object/public/bets-pdf/2026-06-26/26.06.2026%20Norway%20vs%20France%20(HGA).pdf
2026-07-16,World Cup,Norway,France,AH,2,2000,-2000,-100,https://wykjlhbsxparltxazxmk.supabase.co/storage/v1/object/public/bets-pdf/2026-06-26/26.06.2026%20Norway%20vs%20France%20(HGA).pdf
2026-07-16,World Cup,Senegal,Iraq,OU,1,1000,840,84,https://wykjlhbsxparltxazxmk.supabase.co/storage/v1/object/public/bets-pdf/2026-06-26/26.06.2026%20Senegal%20vs%20Iraq%20(HGA).pdf
2026-07-16,World Cup,Senegal,Iraq,AH,1,1000,980,98,https://wykjlhbsxparltxazxmk.supabase.co/storage/v1/object/public/bets-pdf/2026-06-26/26.06.2026%20Senegal%20vs%20Iraq%20(HGA).pdf
2026-07-16,World Cup,England,Congo DR,OU,1,1929,0,0,https://wykjlhbsxparltxazxmk.supabase.co/storage/v1/object/public/bets-pdf/2026-07-02/02.07.2026%20England%20vs%20Congo%20DR%20(ou).pdf
2026-07-16,World Cup,England,Congo DR,1X2,2,3126,-3126,-100,https://wykjlhbsxparltxazxmk.supabase.co/storage/v1/object/public/bets-pdf/2026-07-02/02.07.2026%20England%20vs%20Congo%20DR%20(1x2).pdf
2026-07-16,World Cup,Mexico,Ecuador,OU,1,2999,3358.88,112,https://wykjlhbsxparltxazxmk.supabase.co/storage/v1/object/public/bets-pdf/2026-07-01/01.07.2026%20Mexico%20vs%20Ecuador%20(ou).pdf
2026-07-16,World Cup,Croatia,Ghana,OU,1,4500,-4500,-100,https://wykjlhbsxparltxazxmk.supabase.co/storage/v1/object/public/bets-pdf/2026-06-28/28.06.2026%20Croatia%20vs%20Ghana%20(ou).pdf
2026-07-16,World Cup,Croatia,Ghana,AH,1,1594,-1594,-100,https://wykjlhbsxparltxazxmk.supabase.co/storage/v1/object/public/bets-pdf/2026-06-28/28.06.2026%20Croatia%20vs%20Ghana%20(hdp).pdf
2026-07-16,World Cup,New Zealand,Belgium,OU,1,1000,-1000,-100,https://wykjlhbsxparltxazxmk.supabase.co/storage/v1/object/public/bets-pdf/2026-06-27/27.06.2026%20New%20Zealand%20vs%20Belgium%20(ou).pdf
2026-07-16,World Cup,New Zealand,Belgium,AH,1,1500,1395,93,https://wykjlhbsxparltxazxmk.supabase.co/storage/v1/object/public/bets-pdf/2026-06-27/27.06.2026%20New%20Zealand%20vs%20Belgium%20(hdp).pdf
2026-07-16,World Cup,Egypt,Iran,OU,1,1000,-500,-50,https://wykjlhbsxparltxazxmk.supabase.co/storage/v1/object/public/bets-pdf/2026-06-27/27.06.2026%20Egypt%20vs%20Iran%20(ou).pdf
2026-07-16,World Cup,Egypt,Iran,1X2,1,1000,-1000,-100,https://wykjlhbsxparltxazxmk.supabase.co/storage/v1/object/public/bets-pdf/2026-06-27/27.06.2026%20Egypt%20vs%20Iran%20(1x2).pdf
2026-07-16,World Cup,Paraguay,Australia,OU,2,2900,-980,-33.8,https://wykjlhbsxparltxazxmk.supabase.co/storage/v1/object/public/bets-pdf/2026-06-26/26.06.2026%20Paraguay%20vs%20Australia%20(ou).pdf
2026-07-16,World Cup,Paraguay,Australia,AH,2,2742,425,15.5,https://wykjlhbsxparltxazxmk.supabase.co/storage/v1/object/public/bets-pdf/2026-06-26/26.06.2026%20Paraguay%20vs%20Australia%20(hdp).pdf
2026-07-16,World Cup,Paraguay,Australia,1X2,1,1000,-1000,-100,https://wykjlhbsxparltxazxmk.supabase.co/storage/v1/object/public/bets-pdf/2026-06-26/26.06.2026%20Paraguay%20vs%20Australia%20(1x2).pdf
2026-07-16,World Cup,Portugal,Spain,OU,1,4050,3321,82,https://wykjlhbsxparltxazxmk.supabase.co/storage/v1/object/public/bets-pdf/2026-07-07/07.07.2026%20Portugal%20vs%20Spain%20(ou).pdf
2026-07-16,World Cup,Argentina,Egypt,OU,2,4765,-815.08,-17.1,https://wykjlhbsxparltxazxmk.supabase.co/storage/v1/object/public/bets-pdf/2026-07-08/08.07.2026%20Argentina%20vs%20Egypt%20(ou).pdf
2026-07-16,World Cup,Switzerland,Colombia,1X2,1,1093,1573.92,144,https://wykjlhbsxparltxazxmk.supabase.co/storage/v1/object/public/bets-pdf/2026-07-08/08.07.2026%20Switzerland%20vs%20Colombia%20(1x2).pdf
2026-07-16,World Cup,Switzerland,Colombia,AH,1,2918,0,0,https://wykjlhbsxparltxazxmk.supabase.co/storage/v1/object/public/bets-pdf/2026-07-08/08.07.2026%20Switzerland%20vs%20Colombia%20(hdp).pdf
2026-07-16,World Cup,Switzerland,Colombia,OU,1,2961,2961,100,https://wykjlhbsxparltxazxmk.supabase.co/storage/v1/object/public/bets-pdf/2026-07-08/08.07.2026%20Switzerland%20vs%20Colombia%20(ou).pdf
2026-07-16,World Cup,France,Morocco,1X2,1,1000,-1000,-100,https://wykjlhbsxparltxazxmk.supabase.co/storage/v1/object/public/bets-pdf/2026-07-10/10.07.2026%20France%20vs%20Morocco%20(1x2).pdf
2026-07-16,World Cup,France,Morocco,AH,1,1000,-1000,-100,https://wykjlhbsxparltxazxmk.supabase.co/storage/v1/object/public/bets-pdf/2026-07-10/10.07.2026%20France%20vs%20Morocco%20(hdp).pdf
2026-07-16,World Cup,France,Spain,1X2,1,2400,1752,73,https://wykjlhbsxparltxazxmk.supabase.co/storage/v1/object/public/bets-pdf/2026-07-15/15.07.2026%20France%20vs%20Spain%20(1x2).pdf
2026-07-16,World Cup,Algeria,Austria,AH,1,2494,0,0,https://wykjlhbsxparltxazxmk.supabase.co/storage/v1/object/public/bets-pdf/2026-06-28/28.06.2026%20Algeria%20vs%20Austria%20(hdp).pdf
2026-07-16,World Cup,South Africa,Canada,1X2,1,1525,5185,340,https://wykjlhbsxparltxazxmk.supabase.co/storage/v1/object/public/bets-pdf/2026-06-29/29.06.2026%20South%20Africa%20vs%20Canada%20(1x2).pdf
2026-07-16,World Cup,South Africa,Canada,OU,1,1611,789.39,49,https://wykjlhbsxparltxazxmk.supabase.co/storage/v1/object/public/bets-pdf/2026-06-29/29.06.2026%20South%20Africa%20vs%20Canada%20(ou).pdf
2026-07-16,World Cup,Brazil,Japan,OU,1,1772,868.28,49,https://wykjlhbsxparltxazxmk.supabase.co/storage/v1/object/public/bets-pdf/2026-06-30/30.06.2026%20Brazil%20vs%20Japan%20(ou).pdf
2026-07-16,World Cup,Uruguay,Spain,OU,1,1000,-1000,-100,https://wykjlhbsxparltxazxmk.supabase.co/storage/v1/object/public/bets-pdf/2026-06-27/27.06.2026%20Uruguay%20vs%20Spain%20(ou).pdf
2026-07-16,World Cup,Uruguay,Spain,AH,1,1000,890,89,https://wykjlhbsxparltxazxmk.supabase.co/storage/v1/object/public/bets-pdf/2026-06-27/27.06.2026%20Uruguay%20vs%20Spain%20(hdp).pdf
2026-07-16,World Cup,Türkiye,USA,OU,1,1000,1040,104,https://wykjlhbsxparltxazxmk.supabase.co/storage/v1/object/public/bets-pdf/2026-06-26/26.06.2026%20Turkiye%20vs%20USA%20(ou).pdf
2026-07-16,World Cup,Türkiye,USA,AH,1,1000,-1000,-100,https://wykjlhbsxparltxazxmk.supabase.co/storage/v1/object/public/bets-pdf/2026-06-26/26.06.2026%20Turkiye%20vs%20USA%20(hdp).pdf
2026-07-16,World Cup,Cape Verde Islands,Saudi Arabia,OU,1,1000,-1000,-100,https://wykjlhbsxparltxazxmk.supabase.co/storage/v1/object/public/bets-pdf/2026-06-27/27.06.2026%20Cape%20Verde%20Islands%20vs%20Saudi%20Arabia%20(ou).pdf
2026-07-16,World Cup,Cape Verde Islands,Saudi Arabia,AH,2,2100,0,0,https://wykjlhbsxparltxazxmk.supabase.co/storage/v1/object/public/bets-pdf/2026-06-27/27.06.2026%20Cape%20Verde%20Islands%20vs%20Saudi%20Arabia%20(hdp).pdf
2026-07-16,World Cup,Cape Verde Islands,Saudi Arabia,1X2,1,1000,-1000,-100,https://wykjlhbsxparltxazxmk.supabase.co/storage/v1/object/public/bets-pdf/2026-06-27/27.06.2026%20Cape%20Verde%20Islands%20vs%20Saudi%20Arabia%20(1x2).pdf
2026-07-16,World Cup,Senegal,Iraq,OU,1,1000,870,87,https://wykjlhbsxparltxazxmk.supabase.co/storage/v1/object/public/bets-pdf/2026-06-27/27.06.2026%20Senegal%20vs%20Iraq%20(ou).pdf
2026-07-16,World Cup,Senegal,Iraq,AH,1,1100,1067,97,https://wykjlhbsxparltxazxmk.supabase.co/storage/v1/object/public/bets-pdf/2026-06-27/27.06.2026%20Senegal%20vs%20Iraq%20(hdp).pdf
2026-07-16,World Cup,Norway,France,OU,1,1400,-1400,-100,https://wykjlhbsxparltxazxmk.supabase.co/storage/v1/object/public/bets-pdf/2026-06-27/27.06.2026%20Norway%20vs%20France%20(ou).pdf
2026-07-16,World Cup,Norway,France,AH,1,1000,-1000,-100,https://wykjlhbsxparltxazxmk.supabase.co/storage/v1/object/public/bets-pdf/2026-06-27/27.06.2026%20Norway%20vs%20France%20(hdp).pdf
2026-07-16,World Cup,Egypt,Iran,AH,2,2013,-500,-24.8,https://wykjlhbsxparltxazxmk.supabase.co/storage/v1/object/public/bets-pdf/2026-06-27/27.06.2026%20Egypt%20vs%20Iran%20(hdp).pdf
2026-07-16,World Cup,France,Spain,AH,1,2574,2779.92,108,https://wykjlhbsxparltxazxmk.supabase.co/storage/v1/object/public/bets-pdf/2026-07-15/15.07.2026%20France%20vs%20Spain%20(hdp).pdf
2026-07-16,World Cup,Netherlands,Morocco,1X2,1,1000,-1000,-100,https://wykjlhbsxparltxazxmk.supabase.co/storage/v1/object/public/bets-pdf/2026-06-30/30.06.2026%20Netherlands%20vs%20Morocco%20(1x2).pdf
2026-07-16,World Cup,Portugal,Spain,1X2,1,1514,-1514,-100,https://wykjlhbsxparltxazxmk.supabase.co/storage/v1/object/public/bets-pdf/2026-07-07/07.07.2026%20Portugal%20vs%20Spain%20(1x2).pdf
2026-07-16,World Cup,Mexico,England,OU,1,1729,1642.55,95,https://wykjlhbsxparltxazxmk.supabase.co/storage/v1/object/public/bets-pdf/2026-07-06/06.07.2026%20Mexico%20vs%20England%20(ou).pdf
2026-07-16,World Cup,Mexico,England,1X2,1,1154,-1154,-100,https://wykjlhbsxparltxazxmk.supabase.co/storage/v1/object/public/bets-pdf/2026-07-06/06.07.2026%20Mexico%20vs%20England%20(1x2).pdf
2026-07-16,World Cup,Brazil,Norway,OU,1,2094,1717.08,82,https://wykjlhbsxparltxazxmk.supabase.co/storage/v1/object/public/bets-pdf/2026-07-06/06.07.2026%20Brazil%20vs%20Norway%20(ou).pdf
2026-07-16,World Cup,Brazil,Norway,AH,1,2339,-2339,-100,https://wykjlhbsxparltxazxmk.supabase.co/storage/v1/object/public/bets-pdf/2026-07-06/06.07.2026%20Brazil%20vs%20Norway%20(hdp).pdf
2026-07-16,World Cup,Brazil,Norway,1X2,1,1724,-1724,-100,https://wykjlhbsxparltxazxmk.supabase.co/storage/v1/object/public/bets-pdf/2026-07-06/06.07.2026%20Brazil%20vs%20Norway%20(1x2).pdf
2026-07-16,World Cup,Canada,Morocco,AH,2,3846,-1776,-46.2,https://wykjlhbsxparltxazxmk.supabase.co/storage/v1/object/public/bets-pdf/2026-07-05/05.07.2026%20Canada%20vs%20Morocco%20(hdp).pdf
2026-07-16,World Cup,Canada,Morocco,1X2,1,1497,-1497,-100,https://wykjlhbsxparltxazxmk.supabase.co/storage/v1/object/public/bets-pdf/2026-07-05/05.07.2026%20Canada%20vs%20Morocco%20(1x2).pdf
2026-07-16,World Cup,Colombia,Ghana,AH,1,2570,2158.8,84,https://wykjlhbsxparltxazxmk.supabase.co/storage/v1/object/public/bets-pdf/2026-07-04/04.07.2026%20Colombia%20vs%20Ghana%20(hdp).pdf
2026-07-16,World Cup,France,Spain,OU,1,3344,2808.96,84,https://wykjlhbsxparltxazxmk.supabase.co/storage/v1/object/public/bets-pdf/2026-07-15/15.07.2026%20France%20vs%20Spain%20(ou).pdf
2026-07-16,World Cup,England,Argentina,1X2,1,1000,2850,285,https://wykjlhbsxparltxazxmk.supabase.co/storage/v1/object/public/bets-pdf/2026-07-16/16.07.2026%20England%20vs%20Argentina%20(1x2).pdf
2026-07-16,World Cup,England,Argentina,AH,1,1990,2248.7,113,https://wykjlhbsxparltxazxmk.supabase.co/storage/v1/object/public/bets-pdf/2026-07-16/16.07.2026%20England%20vs%20Argentina%20(hdp).pdf
2026-07-16,World Cup,Türkiye,USA,1X2,2,2000,-2000,-100,https://wykjlhbsxparltxazxmk.supabase.co/storage/v1/object/public/bets-pdf/2026-06-26/26.06.2026%20Turkiye%20vs%20USA%20(1x2).pdf
2026-07-16,World Cup,Congo DR,Uzbekistan,1X2,1,1598,-1598,-100,https://wykjlhbsxparltxazxmk.supabase.co/storage/v1/object/public/bets-pdf/2026-06-28/28.06.2026%20Congo%20DR%20vs%20Uzbekistan%20(1x2).pdf
2026-07-16,World Cup,Colombia,Portugal,OU,1,2656,2868.48,108,https://wykjlhbsxparltxazxmk.supabase.co/storage/v1/object/public/bets-pdf/2026-06-28/28.06.2026%20Colombia%20vs%20Portugal%20(ou).pdf
2026-07-16,World Cup,Netherlands,Morocco,OU,1,2728,2455.2,90,https://wykjlhbsxparltxazxmk.supabase.co/storage/v1/object/public/bets-pdf/2026-06-30/30.06.2026%20Netherlands%20vs%20Morocco%20(ou).pdf
2026-07-16,World Cup,Ivory Coast,Norway,1X2,1,1228,-1228,-100,https://wykjlhbsxparltxazxmk.supabase.co/storage/v1/object/public/bets-pdf/2026-07-01/01.07.2026%20Ivory%20Coast%20vs%20Norway%20(1x2).pdf
2026-07-16,World Cup,Ivory Coast,Norway,OU,1,1695,1610.25,95,https://wykjlhbsxparltxazxmk.supabase.co/storage/v1/object/public/bets-pdf/2026-07-01/01.07.2026%20Ivory%20Coast%20vs%20Norway%20(ou).pdf
2026-07-16,World Cup,Mexico,Ecuador,AH,1,1000,1120,112,https://wykjlhbsxparltxazxmk.supabase.co/storage/v1/object/public/bets-pdf/2026-07-01/01.07.2026%20Mexico%20vs%20Ecuador%20(hdp).pdf
2026-07-16,World Cup,Colombia,Portugal,AH,1,2844,0,0,https://wykjlhbsxparltxazxmk.supabase.co/storage/v1/object/public/bets-pdf/2026-06-28/28.06.2026%20Colombia%20vs%20Portugal%20(hdp).pdf
2026-07-16,World Cup,Colombia,Portugal,1X2,1,1000,2200,220,https://wykjlhbsxparltxazxmk.supabase.co/storage/v1/object/public/bets-pdf/2026-06-28/28.06.2026%20Colombia%20vs%20Portugal%20(1x2).pdf
2026-07-16,World Cup,Argentina,Cape Verde Islands,OU,1,1769,-1769,-100,https://wykjlhbsxparltxazxmk.supabase.co/storage/v1/object/public/bets-pdf/2026-07-04/04.07.2026%20Argentina%20vs%20Cape%20Verde%20Islands%20(ou).pdf
2026-07-16,World Cup,Argentina,Cape Verde Islands,AH,1,2681,2439.71,91,https://wykjlhbsxparltxazxmk.supabase.co/storage/v1/object/public/bets-pdf/2026-07-04/04.07.2026%20Argentina%20vs%20Cape%20Verde%20Islands%20(hdp).pdf
2026-07-16,World Cup,Argentina,Cape Verde Islands,1X2,1,1043,-1043,-100,https://wykjlhbsxparltxazxmk.supabase.co/storage/v1/object/public/bets-pdf/2026-07-04/04.07.2026%20Argentina%20vs%20Cape%20Verde%20Islands%20(1x2).pdf
2026-07-16,World Cup,Australia,Egypt,OU,1,2628,1222.02,46.5,https://wykjlhbsxparltxazxmk.supabase.co/storage/v1/object/public/bets-pdf/2026-07-04/04.07.2026%20Australia%20vs%20Egypt%20(ou).pdf
2026-07-16,World Cup,Australia,Egypt,AH,1,2235,-2235,-100,https://wykjlhbsxparltxazxmk.supabase.co/storage/v1/object/public/bets-pdf/2026-07-04/04.07.2026%20Australia%20vs%20Egypt%20(hdp).pdf
2026-07-16,World Cup,Australia,Egypt,1X2,1,1000,900,90,https://wykjlhbsxparltxazxmk.supabase.co/storage/v1/object/public/bets-pdf/2026-07-04/04.07.2026%20Australia%20vs%20Egypt%20(1x2).pdf
2026-07-16,World Cup,Switzerland,Algeria,OU,1,2672,-2672,-100,https://wykjlhbsxparltxazxmk.supabase.co/storage/v1/object/public/bets-pdf/2026-07-03/03.07.2026%20Switzerland%20vs%20Algeria%20(ou).pdf
2026-07-16,World Cup,Portugal,Croatia,1X2,1,2158,1402.7,65,https://wykjlhbsxparltxazxmk.supabase.co/storage/v1/object/public/bets-pdf/2026-07-03/03.07.2026%20Portugal%20vs%20Croatia%20(1x2).pdf
2026-07-16,World Cup,Belgium,Senegal,OU,1,3259,3421.95,105,https://wykjlhbsxparltxazxmk.supabase.co/storage/v1/object/public/bets-pdf/2026-07-02/02.07.2026%20Belgium%20vs%20Senegal%20(ou).pdf
2026-07-16,World Cup,Belgium,Senegal,AH,1,2865,2807.7,98,https://wykjlhbsxparltxazxmk.supabase.co/storage/v1/object/public/bets-pdf/2026-07-02/02.07.2026%20Belgium%20vs%20Senegal%20(hdp).pdf
2026-07-16,World Cup,Belgium,Senegal,1X2,1,2321,6150.65,265,https://wykjlhbsxparltxazxmk.supabase.co/storage/v1/object/public/bets-pdf/2026-07-02/02.07.2026%20Belgium%20vs%20Senegal%20(1x2).pdf
