match_date,league,home_team,away_team,final_score,market,selection,line,entry_odds,entry_minute,score_at_entry,model_key,source,stake,result,profit_loss
2026-06-06,J1 League,Kashima Antlers,Vissel Kobe,2-0,AH,AWAY,-0.25,1.94,0,0-0,oddsflow_prematch_edge,APIFOOTBALL,10,LOST,-10
2026-06-06,J1 League,Kashima Antlers,Vissel Kobe,2-0,AH,AWAY,-0.25,1.86,0,0-0,oddsflow_prematch_edge,NOVA88,27,LOST,-27
2026-06-06,J1 League,Kashima Antlers,Vissel Kobe,2-0,OU,UNDER,1.5,1.79,50,0-0,oddsflow_beta,APIFOOTBALL,4,LOST,-4
2026-06-06,J1 League,Kashima Antlers,Vissel Kobe,2-0,OU,UNDER,1.5,1.79,50,0-0,oddsflow_handicap_sniper,APIFOOTBALL,4,LOST,-4
2026-06-06,J1 League,Kashima Antlers,Vissel Kobe,2-0,OU,UNDER,1.5,1.79,50,0-0,oddsflow_active_trader,APIFOOTBALL,4,LOST,-4
2026-06-06,J1 League,JEF United Chiba,Avispa Fukuoka,1-2,OU,UNDER,3.5,2,67,1-1,oddsflow_handicap_sniper,APIFOOTBALL,5,WON,5
2026-06-06,J1 League,JEF United Chiba,Avispa Fukuoka,1-2,OU,UNDER,3.5,2,67,1-1,oddsflow_active_trader,APIFOOTBALL,5,WON,5
2026-06-06,J1 League,JEF United Chiba,Avispa Fukuoka,1-2,OU,UNDER,3.5,2,67,1-1,oddsflow_handicap_sniper,NOVA88,50,WON,50
2026-06-06,J1 League,JEF United Chiba,Avispa Fukuoka,1-2,OU,UNDER,3.5,2,67,1-1,oddsflow_active_trader,NOVA88,50,WON,50
2026-06-06,J1 League,Kashima Antlers,Vissel Kobe,2-0,OU,UNDER,2.5,2.07,69,1-0,oddsflow_beta,APIFOOTBALL,5,WON,5.35
2026-06-06,J1 League,Kashima Antlers,Vissel Kobe,2-0,OU,UNDER,2.5,2.07,69,1-0,oddsflow_beta,NOVA88,50,WON,53.5
2026-06-06,J1 League,Kashima Antlers,Vissel Kobe,2-0,OU,UNDER,1.5,2.14,69,1-0,oddsflow_beta,HGA,100,LOST,-100
2026-06-06,J1 League,Kashima Antlers,Vissel Kobe,2-0,OU,UNDER,2.5,2.07,69,1-0,oddsflow_active_trader,APIFOOTBALL,5,WON,5.35
2026-06-06,J1 League,Kashima Antlers,Vissel Kobe,2-0,OU,UNDER,2.5,2.07,69,1-0,oddsflow_handicap_sniper,APIFOOTBALL,5,WON,5.35
2026-06-06,J1 League,Kashima Antlers,Vissel Kobe,2-0,OU,UNDER,2.5,2.07,69,1-0,oddsflow_active_trader,NOVA88,50,WON,53.5
2026-06-06,J1 League,Kashima Antlers,Vissel Kobe,2-0,OU,UNDER,2.5,2.07,69,1-0,oddsflow_handicap_sniper,NOVA88,50,WON,53.5
2026-06-06,J1 League,Urawa Red Diamonds,Fagiano Okayama,0-2,OU,UNDER,2.5,2.04,40,0-1,oddsflow_handicap_sniper,APIFOOTBALL,4,WON,4.16
2026-06-06,J1 League,Yokohama F. Marinos,Shimizu S-Pulse,3-0,AH,HOME,-0.25,2.04,0,0-0,oddsflow_prematch_edge,APIFOOTBALL,10,WON,10.4
2026-06-06,J1 League,Yokohama F. Marinos,Shimizu S-Pulse,3-0,AH,HOME,-0.25,2.04,0,0-0,oddsflow_prematch_edge,NOVA88,25,WON,26
2026-06-06,J1 League,Kawasaki Frontale,Sanfrecce Hiroshima,0-1,OU,UNDER,2.75,2.01,0,0-0,oddsflow_prematch_edge,APIFOOTBALL,10,WON,10.1
2026-06-06,J1 League,Kawasaki Frontale,Sanfrecce Hiroshima,0-1,AH,HOME,0.5,1.82,35,0-0,oddsflow_core_strategy,APIFOOTBALL,4,LOST,-4
2026-06-06,J1 League,Kawasaki Frontale,Sanfrecce Hiroshima,0-1,AH,HOME,0.5,1.82,35,0-0,oddsflow_active_trader,APIFOOTBALL,4,LOST,-4
2026-06-06,J1 League,Kawasaki Frontale,Sanfrecce Hiroshima,0-1,AH,HOME,0.5,1.82,35,0-0,oddsflow_core_strategy,NOVA88,15,LOST,-15
2026-06-06,J1 League,Kawasaki Frontale,Sanfrecce Hiroshima,0-1,AH,HOME,0.5,1.82,35,0-0,oddsflow_active_trader,NOVA88,15,LOST,-15
2026-06-06,J1 League,Kawasaki Frontale,Sanfrecce Hiroshima,0-1,AH,HOME,0.5,1.81,35,0-0,oddsflow_core_strategy,HGA,50,LOST,-50
2026-06-06,J1 League,Kawasaki Frontale,Sanfrecce Hiroshima,0-1,AH,HOME,0.5,1.81,35,0-0,oddsflow_active_trader,HGA,50,LOST,-50
2026-06-06,J1 League,Kawasaki Frontale,Sanfrecce Hiroshima,0-1,AH,HOME,0.5,1.84,35,0-0,oddsflow_handicap_sniper,APIFOOTBALL,4,LOST,-4
2026-06-06,J1 League,Kawasaki Frontale,Sanfrecce Hiroshima,0-1,AH,HOME,0.5,1.84,35,0-0,oddsflow_handicap_sniper,NOVA88,15,LOST,-15
2026-06-06,J1 League,Kawasaki Frontale,Sanfrecce Hiroshima,0-1,AH,HOME,0.5,1.83,35,0-0,oddsflow_handicap_sniper,HGA,50,LOST,-50
2026-06-06,J1 League,Kawasaki Frontale,Sanfrecce Hiroshima,0-1,AH,HOME,0.5,1.89,42,0-0,oddsflow_beta,APIFOOTBALL,4,LOST,-4
2026-06-06,J1 League,Kawasaki Frontale,Sanfrecce Hiroshima,0-1,AH,HOME,0.5,1.89,42,0-0,oddsflow_beta,NOVA88,25,LOST,-25
2026-06-06,J1 League,Kawasaki Frontale,Sanfrecce Hiroshima,0-1,AH,HOME,0.5,1.93,42,0-0,oddsflow_beta,HGA,56,LOST,-56
2026-06-06,J1 League,Kawasaki Frontale,Sanfrecce Hiroshima,0-1,OU,UNDER,2.5,2.06,47,0-1,oddsflow_beta,APIFOOTBALL,4,WON,4.24
2026-06-06,J1 League,Kawasaki Frontale,Sanfrecce Hiroshima,0-1,OU,UNDER,2.5,2.06,47,0-1,oddsflow_active_trader,APIFOOTBALL,4,WON,4.24
2026-06-06,J1 League,Kawasaki Frontale,Sanfrecce Hiroshima,0-1,OU,UNDER,2.5,2.06,47,0-1,oddsflow_handicap_sniper,APIFOOTBALL,4,WON,4.24
2026-06-06,J1 League,Kawasaki Frontale,Sanfrecce Hiroshima,0-1,AH,HOME,1,2,75,0-1,oddsflow_handicap_sniper,APIFOOTBALL,4,WON,4
2026-06-06,J1 League,Kawasaki Frontale,Sanfrecce Hiroshima,0-1,AH,HOME,1,2,75,0-1,oddsflow_active_trader,APIFOOTBALL,4,WON,4
2026-06-06,J1 League,Kawasaki Frontale,Sanfrecce Hiroshima,0-1,AH,HOME,1,2,76,0-1,oddsflow_core_strategy,APIFOOTBALL,3.5,WON,3.5
2026-06-10,Brasileirão Série B,Goias,Novorizontino,0-4,OU,OVER,2,2.01,0,0-0,oddsflow_prematch_edge,APIFOOTBALL,10,WON,10.1
2026-06-10,Brasileirão Série B,Goias,Novorizontino,0-4,AH,AWAY,0,2.375,10,0-0,oddsflow_core_strategy,APIFOOTBALL,4,WON,5.5
2026-06-10,Brasileirão Série B,Ceara,Avai,2-1,AH,AWAY,-1,2.5,35,1-0,oddsflow_active_trader,APIFOOTBALL,5,WON,7.5
2026-06-10,Brasileirão Série B,Ceara,Avai,2-1,AH,AWAY,-1,2.5,35,1-0,oddsflow_handicap_sniper,APIFOOTBALL,5,WON,7.5
2026-06-10,Brasileirão Série B,Ceara,Avai,2-1,OU,OVER,3.5,1.8,64,2-1,oddsflow_active_trader,APIFOOTBALL,4,LOST,-4
2026-06-10,Brasileirão Série B,Ceara,Avai,2-1,OU,OVER,3.5,1.97,64,2-1,oddsflow_active_trader,NOVA88,47,LOST,-47
2026-06-10,Brasileirão Série B,Ceara,Avai,2-1,OU,OVER,3.5,2,69,2-1,oddsflow_core_strategy,APIFOOTBALL,500,LOST,-500
2026-06-10,Brasileirão Série B,Ceara,Avai,2-1,AH,AWAY,-1,2.675,74,2-1,oddsflow_beta,APIFOOTBALL,6,WON,10.05
2026-06-11,Brasileirão Série B,Sport Recife,Athletic Club,1-1,AH,HOME,-0.75,2.08,0,0-0,oddsflow_prematch_edge,APIFOOTBALL,10,LOST,-10
2026-06-11,Brasileirão Série B,Sport Recife,Athletic Club,1-1,OU,OVER,1.5,2,35,0-0,oddsflow_active_trader,APIFOOTBALL,4,WON,4
2026-06-11,Brasileirão Série B,Sport Recife,Athletic Club,1-1,OU,OVER,1.5,2,35,0-0,oddsflow_handicap_sniper,APIFOOTBALL,4,WON,4
2026-06-11,Brasileirão Série B,Sport Recife,Athletic Club,1-1,1X2,HOME,0,2.2,37,0-0,oddsflow_active_trader,APIFOOTBALL,4,LOST,-4
2026-06-11,Brasileirão Série B,Sport Recife,Athletic Club,1-1,AH,AWAY,0,2.75,43,0-0,oddsflow_active_trader,APIFOOTBALL,4,VOID,0
2026-06-11,Brasileirão Série B,Sport Recife,Athletic Club,1-1,AH,AWAY,0,2.75,43,0-0,oddsflow_handicap_sniper,APIFOOTBALL,4,VOID,0
2026-06-11,Brasileirão Série B,Sport Recife,Athletic Club,1-1,AH,AWAY,0,2.75,43,0-0,oddsflow_core_strategy,APIFOOTBALL,4,VOID,0
2026-06-11,Brasileirão Série B,Sport Recife,Athletic Club,1-1,AH,AWAY,0,2.75,44,0-0,oddsflow_beta,APIFOOTBALL,4,VOID,0
2026-06-11,Brasileirão Série B,Sport Recife,Athletic Club,1-1,OU,OVER,1.5,2.5,44,0-0,oddsflow_beta,APIFOOTBALL,4,WON,6
2026-06-11,Brasileirão Série B,Sport Recife,Athletic Club,1-1,OU,OVER,0.5,1.533,56,0-0,oddsflow_active_trader,APIFOOTBALL,4,WON,2.13
2026-06-11,Brasileirão Série B,Sport Recife,Athletic Club,1-1,OU,OVER,0.5,1.533,56,0-0,oddsflow_handicap_sniper,APIFOOTBALL,4,WON,2.13
2026-06-11,FIFA World Cup,Mexico,South Africa,2-0,OU,UNDER,2,1.85,57,1-0,oddsflow_worldcup_full,APIFOOTBALL,3000,VOID,0
2026-06-11,FIFA World Cup,Mexico,South Africa,2-0,AH,AWAY,-1,1.8,57,1-0,oddsflow_worldcup_full,APIFOOTBALL,3000,VOID,0
2026-06-11,FIFA World Cup,Mexico,South Africa,2-0,OU,UNDER,2,2.19,60,1-0,oddsflow_worldcup_full,NOVA88,3000,VOID,0
2026-06-11,FIFA World Cup,Mexico,South Africa,2-0,AH,AWAY,-0.75,2.23,60,1-0,oddsflow_worldcup_full,NOVA88,3000,HALF_LOST,-1500
2026-06-11,FIFA World Cup,Mexico,South Africa,2-0,OU,UNDER,1.75,2.08,60,1-0,oddsflow_worldcup_full,HGA,3000,HALF_LOST,-1500
2026-06-11,FIFA World Cup,Mexico,South Africa,2-0,AH,AWAY,-0.5,2.11,60,1-0,oddsflow_worldcup_full,HGA,3000,LOST,-3000
2026-06-11,FIFA World Cup,Mexico,South Africa,2-0,OU,UNDER,2.5,1.615,65,2-0,oddsflow_worldcup_full,APIFOOTBALL,3000,WON,1845
2026-06-11,FIFA World Cup,Mexico,South Africa,2-0,OU,UNDER,2.5,1.62,65,2-0,oddsflow_worldcup_full,NOVA88,3000,WON,1860
2026-06-11,FIFA World Cup,Mexico,South Africa,2-0,OU,UNDER,2.5,1.59,65,2-0,oddsflow_worldcup_full,HGA,3000,WON,1770
2026-06-12,FIFA World Cup,South Korea,Czechia,2-1,1X2,HOME,0,2.62,0,0-0,oddsflow_worldcup_prematch,APIFOOTBALL,3000,WON,4860
2026-06-12,FIFA World Cup,South Korea,Czechia,2-1,AH,HOME,0,1.8,0,0-0,oddsflow_worldcup_prematch,APIFOOTBALL,3000,WON,2400
2026-06-12,FIFA World Cup,South Korea,Czechia,2-1,OU,UNDER,2.5,1.57,0,0-0,oddsflow_worldcup_prematch,APIFOOTBALL,3000,LOST,-3000
2026-06-12,FIFA World Cup,South Korea,Czechia,2-1,1X2,HOME,0,3.5,0,0-0,oddsflow_worldcup_prematch,NOVA88,3000,WON,7500
2026-06-12,FIFA World Cup,South Korea,Czechia,2-1,AH,HOME,-0.25,1.8,0,0-0,oddsflow_worldcup_prematch,NOVA88,3000,WON,2400
2026-06-12,FIFA World Cup,South Korea,Czechia,2-1,OU,UNDER,1.75,2.04,0,0-0,oddsflow_worldcup_prematch,NOVA88,3000,LOST,-3000
2026-06-12,FIFA World Cup,South Korea,Czechia,2-1,1X2,HOME,0,2.53,0,0-0,oddsflow_worldcup_prematch,HGA,3000,WON,4590
2026-06-12,FIFA World Cup,South Korea,Czechia,2-1,AH,HOME,-0.25,2.12,0,0-0,oddsflow_worldcup_prematch,HGA,3000,WON,3360
2026-06-12,FIFA World Cup,South Korea,Czechia,2-1,OU,UNDER,1.75,1.93,0,0-0,oddsflow_worldcup_prematch,HGA,3000,LOST,-3000
2026-06-12,FIFA World Cup,Canada,Bosnia & Herzegovina,1-1,AH,HOME,-0.5,1.8,0,0-0,oddsflow_worldcup_prematch,APIFOOTBALL,3000,LOST,-3000
2026-06-12,FIFA World Cup,Canada,Bosnia & Herzegovina,1-1,1X2,HOME,0,1.8,0,0-0,oddsflow_worldcup_prematch,APIFOOTBALL,3000,LOST,-3000
2026-06-12,FIFA World Cup,Canada,Bosnia & Herzegovina,1-1,OU,UNDER,2.5,1.666,0,0-0,oddsflow_worldcup_prematch,APIFOOTBALL,3000,WON,1998
2026-06-12,FIFA World Cup,Canada,Bosnia & Herzegovina,1-1,AH,HOME,-0.5,1.9,9,0-0,oddsflow_worldcup_full,APIFOOTBALL,3000,LOST,-3000
2026-06-12,FIFA World Cup,Canada,Bosnia & Herzegovina,1-1,OU,UNDER,2.5,1.666,9,0-0,oddsflow_worldcup_full,APIFOOTBALL,3000,WON,1998
2026-06-12,FIFA World Cup,Canada,Bosnia & Herzegovina,1-1,1X2,HOME,0,1.909,9,0-0,oddsflow_worldcup_full,APIFOOTBALL,3000,LOST,-3000
2026-06-12,FIFA World Cup,Canada,Bosnia & Herzegovina,1-1,AH,HOME,-0.5,1.93,9,0-0,oddsflow_worldcup_full,HGA,3000,LOST,-3000
2026-06-12,FIFA World Cup,Canada,Bosnia & Herzegovina,1-1,OU,UNDER,2.25,1.89,9,0-0,oddsflow_worldcup_full,HGA,3000,HALF_WON,1335
2026-06-12,FIFA World Cup,Canada,Bosnia & Herzegovina,1-1,1X2,HOME,0,1.93,9,0-0,oddsflow_worldcup_full,HGA,3000,LOST,-3000
2026-06-12,FIFA World Cup,Canada,Bosnia & Herzegovina,1-1,AH,HOME,-0.25,1.92,9,0-0,oddsflow_worldcup_full,NOVA88,3000,HALF_LOST,-1500
2026-06-12,FIFA World Cup,Canada,Bosnia & Herzegovina,1-1,OU,UNDER,2.25,1.94,9,0-0,oddsflow_worldcup_full,NOVA88,3000,HALF_WON,1410
2026-06-12,FIFA World Cup,Canada,Bosnia & Herzegovina,1-1,1X2,HOME,0,1.91,9,0-0,oddsflow_worldcup_full,NOVA88,3000,LOST,-3000
2026-06-13,FIFA World Cup,USA,Paraguay,4-1,AH,AWAY,0,3,0,0-0,oddsflow_worldcup_prematch,APIFOOTBALL,1000,LOST,-1000
2026-06-13,FIFA World Cup,USA,Paraguay,4-1,1X2,HOME,0,1.91,0,0-0,oddsflow_worldcup_prematch,APIFOOTBALL,1000,WON,910
2026-06-13,FIFA World Cup,USA,Paraguay,4-1,OU,OVER,2.5,2.5,0,0-0,oddsflow_worldcup_prematch,APIFOOTBALL,3000,WON,4500
2026-06-13,FIFA World Cup,USA,Paraguay,4-1,AH,HOME,-0.25,1.8,0,0-0,oddsflow_worldcup_prematch,APIFOOTBALL,3000,WON,2400
2026-06-13,FIFA World Cup,USA,Paraguay,4-1,1X2,HOME,0,2.1,0,0-0,oddsflow_worldcup_prematch,APIFOOTBALL,3000,WON,3300
2026-06-13,FIFA World Cup,USA,Paraguay,4-1,OU,OVER,2.25,2.1,0,0-0,oddsflow_worldcup_prematch,HGA,3000,WON,3300
2026-06-13,FIFA World Cup,USA,Paraguay,4-1,AH,HOME,-0.5,1.9,0,0-0,oddsflow_worldcup_prematch,HGA,3000,WON,2700
2026-06-13,FIFA World Cup,USA,Paraguay,4-1,1X2,HOME,0,2,0,0-0,oddsflow_worldcup_prematch,HGA,3000,WON,3000
2026-06-13,FIFA World Cup,USA,Paraguay,4-1,OU,OVER,2.25,1.88,0,0-0,oddsflow_worldcup_prematch,NOVA88,3000,WON,2640
2026-06-13,FIFA World Cup,USA,Paraguay,4-1,AH,HOME,-0.25,2.12,0,0-0,oddsflow_worldcup_prematch,NOVA88,3000,WON,3360
2026-06-13,FIFA World Cup,USA,Paraguay,4-1,1X2,HOME,0,2.12,0,0-0,oddsflow_worldcup_prematch,NOVA88,3000,WON,3360
2026-06-13,FIFA World Cup,Qatar,Switzerland,1-1,AH,HOME,1,3.45,0,0-0,oddsflow_worldcup_prematch,APIFOOTBALL,1000,WON,2450
2026-06-13,FIFA World Cup,Qatar,Switzerland,1-1,OU,UNDER,2.5,2.1,0,0-0,oddsflow_worldcup_prematch,APIFOOTBALL,1000,WON,1100
2026-06-13,FIFA World Cup,Qatar,Switzerland,1-1,AH,AWAY,1.75,1.8,0,0-0,oddsflow_worldcup_prematch,APIFOOTBALL,3000,LOST,-3000
2026-06-13,FIFA World Cup,Qatar,Switzerland,1-1,OU,OVER,2.5,1.62,0,0-0,oddsflow_worldcup_prematch,APIFOOTBALL,3000,LOST,-3000
2026-06-13,FIFA World Cup,Qatar,Switzerland,1-1,AH,AWAY,1.75,1.84,0,0-0,oddsflow_worldcup_prematch,NOVA88,3000,LOST,-3000
2026-06-13,FIFA World Cup,Qatar,Switzerland,1-1,OU,OVER,2.25,1.96,0,0-0,oddsflow_worldcup_prematch,NOVA88,3000,HALF_LOST,-1500
2026-06-13,FIFA World Cup,Brazil,Morocco,1-1,AH,HOME,-0.75,1.88,0,0-0,oddsflow_worldcup_prematch,APIFOOTBALL,3000,LOST,-3000
2026-06-13,FIFA World Cup,Brazil,Morocco,1-1,OU,UNDER,2.5,2.2,0,0-0,oddsflow_worldcup_prematch,APIFOOTBALL,3000,WON,3600
2026-06-13,FIFA World Cup,Brazil,Morocco,1-1,AH,HOME,-0.25,1.89,0,0-0,oddsflow_worldcup_prematch,NOVA88,3000,HALF_LOST,-1500
2026-06-13,FIFA World Cup,Brazil,Morocco,1-1,OU,UNDER,2.25,1.92,0,0-0,oddsflow_worldcup_prematch,NOVA88,3000,HALF_WON,1380
2026-06-13,FIFA World Cup,Qatar,Switzerland,1-1,1X2,AWAY,0,1.5,0,0-0,oddsflow_worldcup_prematch,NOVA88,3000,LOST,-3000
2026-06-13,FIFA World Cup,Qatar,Switzerland,1-1,AH,AWAY,1.5,1.98,0,0-0,oddsflow_worldcup_prematch,HGA,3000,LOST,-3000
2026-06-13,FIFA World Cup,Qatar,Switzerland,1-1,OU,OVER,2.25,2.05,0,0-0,oddsflow_worldcup_prematch,HGA,3000,HALF_LOST,-1500
2026-06-13,FIFA World Cup,Qatar,Switzerland,1-1,1X2,AWAY,0,1.02,0,0-0,oddsflow_worldcup_prematch,HGA,3000,LOST,-3000
2026-06-13,FIFA World Cup,Brazil,Morocco,1-1,AH,HOME,-0.75,1.89,0,0-0,oddsflow_worldcup_prematch,HGA,3000,LOST,-3000
2026-06-13,FIFA World Cup,Brazil,Morocco,1-1,OU,UNDER,2.25,1.98,0,0-0,oddsflow_worldcup_prematch,HGA,3000,HALF_WON,1470
2026-06-13,FIFA World Cup,Brazil,Morocco,1-1,1X2,HOME,0,1.68,0,0-0,oddsflow_worldcup_prematch,HGA,3000,LOST,-3000
2026-06-14,FIFA World Cup,Haiti,Scotland,0-1,AH,AWAY,1,1.88,0,0-0,oddsflow_worldcup_prematch,APIFOOTBALL,3000,VOID,0
2026-06-14,FIFA World Cup,Haiti,Scotland,0-1,OU,OVER,2.5,2.3,0,0-0,oddsflow_worldcup_prematch,APIFOOTBALL,3000,LOST,-3000
2026-06-14,FIFA World Cup,Haiti,Scotland,0-1,AH,AWAY,-0.25,2.05,0,0-0,oddsflow_worldcup_prematch,NOVA88,3000,WON,3150
2026-06-14,FIFA World Cup,Haiti,Scotland,0-1,OU,OVER,2.25,2.09,0,0-0,oddsflow_worldcup_prematch,NOVA88,3000,LOST,-3000
2026-06-14,FIFA World Cup,Australia,Türkiye,2-0,AH,AWAY,0.75,1.9,0,0-0,oddsflow_worldcup_prematch,APIFOOTBALL,3000,LOST,-3000
2026-06-14,FIFA World Cup,Australia,Türkiye,2-0,OU,OVER,2.5,2,0,0-0,oddsflow_worldcup_prematch,APIFOOTBALL,3000,LOST,-3000
2026-06-14,FIFA World Cup,Australia,Türkiye,2-0,AH,AWAY,-0.25,2.01,0,0-0,oddsflow_worldcup_prematch,NOVA88,3000,LOST,-3000
2026-06-14,FIFA World Cup,Australia,Türkiye,2-0,OU,OVER,2.25,2.11,0,0-0,oddsflow_worldcup_prematch,NOVA88,3000,HALF_LOST,-1500
2026-06-14,FIFA World Cup,Haiti,Scotland,0-1,AH,AWAY,-1,1.88,0,0-0,oddsflow_worldcup_prematch,HGA,3000,WON,2640
2026-06-14,FIFA World Cup,Haiti,Scotland,0-1,OU,OVER,2.75,1.83,0,0-0,oddsflow_worldcup_prematch,HGA,3000,LOST,-3000
2026-06-14,FIFA World Cup,Australia,Türkiye,2-0,AH,AWAY,-0.75,1.91,0,0-0,oddsflow_worldcup_prematch,HGA,3000,LOST,-3000
2026-06-14,FIFA World Cup,Australia,Türkiye,2-0,OU,OVER,2.5,2.06,0,0-0,oddsflow_worldcup_prematch,HGA,3000,LOST,-3000
2026-06-14,FIFA World Cup,Australia,Türkiye,2-0,1X2,AWAY,0,1.71,0,0-0,oddsflow_worldcup_prematch,HGA,3000,LOST,-3000
2026-06-14,Brasileirão Série B,São Bernardo,Sport Recife,0-0,AH,HOME,-0.5,2.425,10,0-0,oddsflow_core_strategy,APIFOOTBALL,4,LOST,-4
2026-06-14,Brasileirão Série B,Juventude,Ponte Preta,3-0,AH,AWAY,-1,2.15,10,0-0,oddsflow_core_strategy,APIFOOTBALL,4,LOST,-4
2026-06-14,FIFA World Cup,Netherlands,Japan,2-2,AH,AWAY,-0.5,1.8,0,0-0,oddsflow_worldcup_prematch,APIFOOTBALL,3000,WON,2400
2026-06-14,FIFA World Cup,Netherlands,Japan,2-2,OU,UNDER,2.5,1.8,0,0-0,oddsflow_worldcup_prematch,APIFOOTBALL,3000,LOST,-3000
2026-06-14,FIFA World Cup,Netherlands,Japan,2-2,1X2,AWAY,0,3.7,0,0-0,oddsflow_worldcup_prematch,APIFOOTBALL,3000,LOST,-3000
2026-06-14,FIFA World Cup,Netherlands,Japan,2-2,AH,AWAY,-0.5,1.85,0,0-0,oddsflow_worldcup_prematch,NOVA88,3000,WON,2550
2026-06-14,FIFA World Cup,Netherlands,Japan,2-2,OU,UNDER,2.5,2.07,0,0-0,oddsflow_worldcup_prematch,NOVA88,3000,LOST,-3000
2026-06-14,FIFA World Cup,Netherlands,Japan,2-2,1X2,AWAY,0,3.55,0,0-0,oddsflow_worldcup_prematch,NOVA88,3000,LOST,-3000
2026-06-14,FIFA World Cup,Netherlands,Japan,2-2,AH,AWAY,-0.5,1.82,0,0-0,oddsflow_worldcup_prematch,HGA,3000,WON,2460
2026-06-14,FIFA World Cup,Netherlands,Japan,2-2,OU,UNDER,2.5,1.8,0,0-0,oddsflow_worldcup_prematch,HGA,3000,LOST,-3000
2026-06-14,FIFA World Cup,Netherlands,Japan,2-2,1X2,AWAY,0,3.75,0,0-0,oddsflow_worldcup_prematch,HGA,3000,LOST,-3000
2026-06-14,FIFA World Cup,Germany,Curaçao,7-1,AH,HOME,-3.5,1.9,0,0-0,oddsflow_worldcup_prematch,APIFOOTBALL,3000,WON,2700
2026-06-14,FIFA World Cup,Germany,Curaçao,7-1,OU,OVER,4.5,2.1,0,0-0,oddsflow_worldcup_prematch,APIFOOTBALL,3000,WON,3300
2026-06-14,FIFA World Cup,Germany,Curaçao,7-1,AH,HOME,-3.75,2.05,0,0-0,oddsflow_worldcup_prematch,NOVA88,3000,WON,3150
2026-06-14,FIFA World Cup,Germany,Curaçao,7-1,OU,OVER,4.5,1.94,0,0-0,oddsflow_worldcup_prematch,NOVA88,3000,WON,2820
2026-06-14,FIFA World Cup,Ivory Coast,Ecuador,1-0,AH,AWAY,0.25,2.12,0,0-0,oddsflow_worldcup_prematch,APIFOOTBALL,3000,LOST,-3000
2026-06-14,FIFA World Cup,Ivory Coast,Ecuador,1-0,OU,UNDER,1.5,2.3,0,0-0,oddsflow_worldcup_prematch,APIFOOTBALL,3000,WON,3900
2026-06-14,FIFA World Cup,Ivory Coast,Ecuador,1-0,AH,AWAY,0.5,2.14,0,0-0,oddsflow_worldcup_prematch,HGA,3000,LOST,-3000
2026-06-14,FIFA World Cup,Ivory Coast,Ecuador,1-0,OU,UNDER,1.75,2.02,0,0-0,oddsflow_worldcup_prematch,HGA,3000,WON,3060
2026-06-14,FIFA World Cup,Ivory Coast,Ecuador,1-0,AH,AWAY,0.25,2.2,0,0-0,oddsflow_worldcup_prematch,NOVA88,3000,LOST,-3000
2026-06-14,FIFA World Cup,Ivory Coast,Ecuador,1-0,OU,UNDER,1.75,2.04,0,0-0,oddsflow_worldcup_prematch,NOVA88,3000,WON,3120
2026-06-14,FIFA World Cup,Germany,Curaçao,7-1,AH,HOME,-3.75,2,0,0-0,oddsflow_worldcup_prematch,HGA,3000,WON,3000
2026-06-14,FIFA World Cup,Germany,Curaçao,7-1,OU,OVER,4.25,1.93,0,0-0,oddsflow_worldcup_prematch,HGA,3000,WON,2790
2026-06-14,Brasileirão Série B,Athletic Club,Goias,1-1,AH,AWAY,0,2.5,10,0-0,oddsflow_core_strategy,APIFOOTBALL,4,VOID,0
2026-06-14,Brasileirão Série B,Cuiaba,Vila Nova,1-0,AH,AWAY,-0.5,1.79,10,0-0,oddsflow_core_strategy,APIFOOTBALL,4,LOST,-4
2026-06-14,Brasileirão Série B,Cuiaba,Vila Nova,1-0,AH,AWAY,-0.5,1.79,10,0-0,oddsflow_core_strategy,NOVA88,50,LOST,-50
2026-06-14,Brasileirão Série B,Novorizontino,Nautico Recife,2-2,AH,HOME,-0.5,2.075,10,0-0,oddsflow_core_strategy,APIFOOTBALL,4,LOST,-4
2026-06-14,Brasileirão Série B,Botafogo SP,Operario-PR,2-1,AH,AWAY,0,2.2,10,0-0,oddsflow_core_strategy,APIFOOTBALL,5,LOST,-5
2026-06-14,Brasileirão Série B,Novorizontino,Nautico Recife,2-2,AH,AWAY,0,2.6,11,0-0,oddsflow_core_strategy,APIFOOTBALL,4,VOID,0
2026-06-15,FIFA World Cup,Sweden,Tunisia,5-1,OU,UNDER,2.5,1.67,0,0-0,oddsflow_worldcup_prematch,APIFOOTBALL,3000,LOST,-3000
2026-06-15,FIFA World Cup,Sweden,Tunisia,5-1,OU,UNDER,2.25,1.95,0,0-0,oddsflow_worldcup_prematch,HGA,3000,LOST,-3000
2026-06-15,FIFA World Cup,Sweden,Tunisia,5-1,AH,AWAY,0.5,1.88,0,0-0,oddsflow_worldcup_prematch,APIFOOTBALL,3000,LOST,-3000
2026-06-15,FIFA World Cup,Sweden,Tunisia,5-1,AH,AWAY,0.5,1.94,0,0-0,oddsflow_worldcup_prematch,HGA,3000,LOST,-3000
2026-06-15,FIFA World Cup,Sweden,Tunisia,5-1,AH,AWAY,0.5,1.98,0,0-0,oddsflow_worldcup_prematch,NOVA88,3000,LOST,-3000
2026-06-15,FIFA World Cup,Sweden,Tunisia,5-1,1X2,DRAW,0,3.4,0,0-0,oddsflow_worldcup_prematch,APIFOOTBALL,3000,LOST,-3000
2026-06-15,FIFA World Cup,Sweden,Tunisia,5-1,1X2,DRAW,0,3.35,0,0-0,oddsflow_worldcup_prematch,HGA,3000,LOST,-3000
2026-06-15,FIFA World Cup,Sweden,Tunisia,5-1,1X2,DRAW,0,3.4,0,0-0,oddsflow_worldcup_prematch,NOVA88,3000,LOST,-3000
2026-06-15,FIFA World Cup,Sweden,Tunisia,5-1,OU,UNDER,2.25,1.98,0,0-0,oddsflow_worldcup_prematch,NOVA88,3000,LOST,-3000
2026-06-15,FIFA World Cup,Saudi Arabia,Uruguay,1-1,1X2,DRAW,0,4.25,0,0-0,oddsflow_worldcup_prematch,APIFOOTBALL,1000,WON,3250
2026-06-15,FIFA World Cup,Saudi Arabia,Uruguay,1-1,1X2,HOME,0,7.8,0,0-0,oddsflow_worldcup_prematch,APIFOOTBALL,1000,LOST,-1000
2026-06-15,FIFA World Cup,Saudi Arabia,Uruguay,1-1,AH,HOME,1.25,1.82,0,0-0,oddsflow_worldcup_prematch,APIFOOTBALL,2000,WON,1640
2026-06-15,FIFA World Cup,Saudi Arabia,Uruguay,1-1,1X2,DRAW,0,4.25,0,0-0,oddsflow_worldcup_prematch,NOVA88,1000,WON,3250
2026-06-15,FIFA World Cup,Saudi Arabia,Uruguay,1-1,AH,HOME,1.25,1.81,0,0-0,oddsflow_worldcup_prematch,NOVA88,2000,WON,1620
2026-06-15,FIFA World Cup,Saudi Arabia,Uruguay,1-1,1X2,DRAW,0,4.2,0,0-0,oddsflow_worldcup_prematch,HGA,1000,WON,3200
2026-06-15,FIFA World Cup,Saudi Arabia,Uruguay,1-1,1X2,HOME,0,8,0,0-0,oddsflow_worldcup_prematch,NOVA88,1000,LOST,-1000
2026-06-15,FIFA World Cup,Saudi Arabia,Uruguay,1-1,AH,HOME,1,2.05,0,0-0,oddsflow_worldcup_prematch,APIFOOTBALL,1500,WON,1575
2026-06-15,FIFA World Cup,Belgium,Egypt,1-1,OU,UNDER,2.5,1.89,0,0-0,oddsflow_worldcup_prematch,APIFOOTBALL,1000,WON,890
2026-06-15,FIFA World Cup,Belgium,Egypt,1-1,OU,UNDER,2.5,1.93,0,0-0,oddsflow_worldcup_prematch,NOVA88,1000,WON,930
2026-06-15,FIFA World Cup,Belgium,Egypt,1-1,OU,UNDER,2.5,1.8,0,0-0,oddsflow_worldcup_prematch,HGA,1000,WON,800
2026-06-15,FIFA World Cup,Spain,Cape Verde Islands,0-0,AH,AWAY,-2.75,2.02,0,0-0,oddsflow_worldcup_prematch,APIFOOTBALL,1300,WON,1326
2026-06-15,FIFA World Cup,Spain,Cape Verde Islands,0-0,AH,AWAY,-2.75,2.05,0,0-0,oddsflow_worldcup_prematch,NOVA88,1300,WON,1365
2026-06-15,FIFA World Cup,Spain,Cape Verde Islands,0-0,AH,AWAY,-2.75,1.9,0,0-0,oddsflow_worldcup_prematch,HGA,1300,WON,1170
2026-06-15,FIFA World Cup,Belgium,Egypt,1-1,AH,HOME,-1,2.02,0,0-0,oddsflow_worldcup_prematch,APIFOOTBALL,1000,LOST,-1000
2026-06-15,FIFA World Cup,Belgium,Egypt,1-1,1X2,HOME,0,1.57,0,0-0,oddsflow_worldcup_prematch,APIFOOTBALL,1000,LOST,-1000
2026-06-15,FIFA World Cup,Belgium,Egypt,1-1,AH,HOME,-1,2.08,0,0-0,oddsflow_worldcup_prematch,NOVA88,1000,LOST,-1000
2026-06-15,FIFA World Cup,Belgium,Egypt,1-1,1X2,HOME,0,1.59,0,0-0,oddsflow_worldcup_prematch,NOVA88,1000,LOST,-1000
2026-06-15,FIFA World Cup,Belgium,Egypt,1-1,AH,HOME,-1,2.06,0,0-0,oddsflow_worldcup_prematch,HGA,1000,LOST,-1000
2026-06-15,FIFA World Cup,Belgium,Egypt,1-1,1X2,HOME,0,1.6,0,0-0,oddsflow_worldcup_prematch,HGA,1000,LOST,-1000
2026-06-15,FIFA World Cup,Spain,Cape Verde Islands,0-0,OU,OVER,3.5,1.91,0,0-0,oddsflow_worldcup_prematch,APIFOOTBALL,1000,LOST,-1000
2026-06-15,FIFA World Cup,Spain,Cape Verde Islands,0-0,OU,OVER,3.75,2.03,0,0-0,oddsflow_worldcup_prematch,NOVA88,1000,LOST,-1000
2026-06-15,FIFA World Cup,Spain,Cape Verde Islands,0-0,OU,OVER,3.75,2.03,0,0-0,oddsflow_worldcup_prematch,HGA,1000,LOST,-1000
2026-06-15,FIFA World Cup,Saudi Arabia,Uruguay,1-1,OU,UNDER,2.25,2.02,0,0-0,oddsflow_worldcup_prematch,NOVA88,1000,HALF_WON,510
2026-06-15,FIFA World Cup,Saudi Arabia,Uruguay,1-1,OU,UNDER,2.25,2.02,0,0-0,oddsflow_worldcup_prematch,HGA,1000,HALF_WON,510
2026-06-15,FIFA World Cup,Saudi Arabia,Uruguay,1-1,AH,HOME,1.25,1.72,0,0-0,oddsflow_worldcup_prematch,APIFOOTBALL,2500,WON,1800
2026-06-15,FIFA World Cup,Spain,Cape Verde Islands,0-0,OU,UNDER,2.5,1.727,35,0-0,oddsflow_worldcup_blend,APIFOOTBALL,2793,WON,2030.51
2026-06-15,FIFA World Cup,Spain,Cape Verde Islands,0-0,OU,UNDER,2.25,2.01,35,0-0,oddsflow_worldcup_blend,NOVA88,4500,WON,4545
2026-06-15,FIFA World Cup,Spain,Cape Verde Islands,0-0,OU,UNDER,2.25,1.96,35,0-0,oddsflow_worldcup_blend,HGA,4500,WON,4320
2026-06-15,FIFA World Cup,Spain,Cape Verde Islands,0-0,OU,UNDER,2.5,1.727,35,0-0,oddsflow_worldcup_sniper,APIFOOTBALL,2793,WON,2030.51
2026-06-15,FIFA World Cup,Spain,Cape Verde Islands,0-0,OU,UNDER,2.25,1.99,35,0-0,oddsflow_worldcup_sniper,NOVA88,4500,WON,4455
2026-06-15,FIFA World Cup,Spain,Cape Verde Islands,0-0,OU,UNDER,2.25,1.96,35,0-0,oddsflow_worldcup_sniper,HGA,4500,WON,4320
2026-06-15,FIFA World Cup,Belgium,Egypt,1-1,AH,AWAY,-1,1.925,11,0-0,oddsflow_worldcup_full,APIFOOTBALL,200,WON,185
2026-06-15,FIFA World Cup,Belgium,Egypt,1-1,AH,AWAY,-1,1.99,11,0-0,oddsflow_worldcup_full,NOVA88,2079,WON,2058.21
2026-06-15,FIFA World Cup,Belgium,Egypt,1-1,AH,AWAY,-1,1.93,11,0-0,oddsflow_worldcup_full,HGA,2000,WON,1860
2026-06-15,FIFA World Cup,Belgium,Egypt,1-1,OU,UNDER,3.5,1.5,35,0-1,oddsflow_worldcup_sniper,APIFOOTBALL,1039,WON,519.5
2026-06-15,FIFA World Cup,Belgium,Egypt,1-1,OU,UNDER,3,1.94,35,0-1,oddsflow_worldcup_sniper,NOVA88,2195,WON,2063.3
2026-06-15,FIFA World Cup,Belgium,Egypt,1-1,OU,UNDER,3,1.86,35,0-1,oddsflow_worldcup_sniper,HGA,2084,WON,1792.24
2026-06-15,FIFA World Cup,Belgium,Egypt,1-1,OU,UNDER,3.5,1.5,35,0-1,oddsflow_worldcup_blend,APIFOOTBALL,1079,WON,539.5
2026-06-15,FIFA World Cup,Belgium,Egypt,1-1,OU,UNDER,3,1.94,35,0-1,oddsflow_worldcup_blend,NOVA88,2237,WON,2102.78
2026-06-15,FIFA World Cup,Belgium,Egypt,1-1,OU,UNDER,3,1.86,35,0-1,oddsflow_worldcup_blend,HGA,2128,WON,1830.08
2026-06-15,FIFA World Cup,Belgium,Egypt,1-1,OU,UNDER,2.5,2.375,36,0-1,oddsflow_worldcup_blend,APIFOOTBALL,1000,WON,1375
2026-06-15,FIFA World Cup,Belgium,Egypt,1-1,OU,UNDER,2.5,2.375,36,0-1,oddsflow_worldcup_sniper,APIFOOTBALL,1000,WON,1375
2026-06-15,FIFA World Cup,Belgium,Egypt,1-1,1X2,AWAY,0,2.5,41,0-1,oddsflow_worldcup_sniper,APIFOOTBALL,1000,LOST,-1000
2026-06-15,FIFA World Cup,Belgium,Egypt,1-1,1X2,AWAY,0,2.75,41,0-1,oddsflow_worldcup_sniper,NOVA88,1007,LOST,-1007
2026-06-15,FIFA World Cup,Belgium,Egypt,1-1,1X2,AWAY,0,2.59,41,0-1,oddsflow_worldcup_sniper,HGA,1000,LOST,-1000
2026-06-15,FIFA World Cup,Belgium,Egypt,1-1,1X2,AWAY,0,2.5,41,0-1,oddsflow_worldcup_blend,APIFOOTBALL,1000,LOST,-1000
2026-06-15,FIFA World Cup,Belgium,Egypt,1-1,1X2,AWAY,0,2.75,41,0-1,oddsflow_worldcup_blend,NOVA88,1000,LOST,-1000
2026-06-15,FIFA World Cup,Belgium,Egypt,1-1,1X2,AWAY,0,2.59,41,0-1,oddsflow_worldcup_blend,HGA,1000,LOST,-1000
2026-06-15,FIFA World Cup,Belgium,Egypt,1-1,OU,UNDER,2.5,1.571,61,0-1,oddsflow_worldcup_hybrid,APIFOOTBALL,1179,WON,673.21
2026-06-15,FIFA World Cup,Belgium,Egypt,1-1,1X2,AWAY,0,1.833,61,0-1,oddsflow_worldcup_hybrid,APIFOOTBALL,1000,LOST,-1000
2026-06-15,FIFA World Cup,Belgium,Egypt,1-1,1X2,AWAY,0,1.87,61,0-1,oddsflow_worldcup_hybrid,NOVA88,1000,LOST,-1000
2026-06-15,FIFA World Cup,Belgium,Egypt,1-1,1X2,AWAY,0,1.85,61,0-1,oddsflow_worldcup_hybrid,HGA,1000,LOST,-1000
2026-06-15,FIFA World Cup,Belgium,Egypt,1-1,1X2,DRAW,0,2.05,67,1-1,oddsflow_worldcup_hybrid,APIFOOTBALL,1000,WON,1050
2026-06-15,FIFA World Cup,Belgium,Egypt,1-1,1X2,DRAW,0,2.12,67,1-1,oddsflow_worldcup_hybrid,HGA,1000,WON,1120
2026-06-15,FIFA World Cup,Belgium,Egypt,1-1,1X2,DRAW,0,2.05,67,1-1,oddsflow_worldcup_sniper,APIFOOTBALL,1000,WON,1050
2026-06-15,FIFA World Cup,Belgium,Egypt,1-1,1X2,DRAW,0,2.12,67,1-1,oddsflow_worldcup_sniper,HGA,1000,WON,1120
2026-06-15,FIFA World Cup,Belgium,Egypt,1-1,1X2,DRAW,0,2.05,67,1-1,oddsflow_worldcup_blend,APIFOOTBALL,1000,WON,1050
2026-06-15,FIFA World Cup,Belgium,Egypt,1-1,1X2,DRAW,0,2.12,67,1-1,oddsflow_worldcup_blend,HGA,1000,WON,1120
2026-06-15,FIFA World Cup,Saudi Arabia,Uruguay,1-1,AH,AWAY,1,2.05,10,0-0,oddsflow_worldcup_full,APIFOOTBALL,200,LOST,-200
2026-06-15,FIFA World Cup,Saudi Arabia,Uruguay,1-1,AH,AWAY,1,2.6,35,0-0,oddsflow_worldcup_blend,APIFOOTBALL,1000,LOST,-1000
2026-06-15,FIFA World Cup,Saudi Arabia,Uruguay,1-1,AH,AWAY,1,2.6,35,0-0,oddsflow_worldcup_sniper,APIFOOTBALL,1000,LOST,-1000
2026-06-15,FIFA World Cup,Saudi Arabia,Uruguay,1-1,OU,OVER,1.5,2.2,36,0-0,oddsflow_worldcup_sniper,APIFOOTBALL,1000,WON,1200
2026-06-15,FIFA World Cup,Saudi Arabia,Uruguay,1-1,1X2,HOME,0,2.3,42,1-0,oddsflow_worldcup_sniper,APIFOOTBALL,1000,LOST,-1000
2026-06-15,FIFA World Cup,Saudi Arabia,Uruguay,1-1,1X2,HOME,0,3.6,42,1-0,oddsflow_worldcup_sniper,NOVA88,1180,LOST,-1180
2026-06-15,FIFA World Cup,Saudi Arabia,Uruguay,1-1,1X2,HOME,0,2.4,42,1-0,oddsflow_worldcup_sniper,HGA,1000,LOST,-1000
2026-06-15,FIFA World Cup,Saudi Arabia,Uruguay,1-1,1X2,HOME,0,2.3,42,1-0,oddsflow_worldcup_blend,APIFOOTBALL,1000,LOST,-1000
2026-06-15,FIFA World Cup,Saudi Arabia,Uruguay,1-1,1X2,HOME,0,3.45,42,1-0,oddsflow_worldcup_blend,NOVA88,1000,LOST,-1000
2026-06-15,FIFA World Cup,Saudi Arabia,Uruguay,1-1,OU,OVER,1.5,1.533,65,1-0,oddsflow_worldcup_blend,APIFOOTBALL,1000,WON,533
2026-06-16,FIFA World Cup,Iran,New Zealand,2-2,1X2,AWAY,0,4.85,0,0-0,oddsflow_worldcup_prematch,APIFOOTBALL,1000,LOST,-1000
2026-06-16,FIFA World Cup,Iran,New Zealand,2-2,OU,UNDER,2,2.03,0,0-0,oddsflow_worldcup_prematch,APIFOOTBALL,1000,LOST,-1000
2026-06-16,FIFA World Cup,Iran,New Zealand,2-2,AH,AWAY,-0.5,2.04,0,0-0,oddsflow_worldcup_prematch,APIFOOTBALL,1100,WON,1144
2026-06-16,FIFA World Cup,Iran,New Zealand,2-2,1X2,AWAY,0,4.75,0,0-0,oddsflow_worldcup_prematch,NOVA88,1000,LOST,-1000
2026-06-16,FIFA World Cup,Iran,New Zealand,2-2,OU,UNDER,2,2.07,0,0-0,oddsflow_worldcup_prematch,NOVA88,1000,LOST,-1000
2026-06-16,FIFA World Cup,Iran,New Zealand,2-2,AH,AWAY,-0.5,2.05,0,0-0,oddsflow_worldcup_prematch,NOVA88,1100,WON,1155
2026-06-16,FIFA World Cup,Iran,New Zealand,2-2,1X2,AWAY,0,4.33,0,0-0,oddsflow_worldcup_prematch,HGA,1000,LOST,-1000
2026-06-16,FIFA World Cup,Iran,New Zealand,2-2,AH,AWAY,-0.5,1.92,0,0-0,oddsflow_worldcup_prematch,HGA,1100,WON,1012
2026-06-16,Brasileirão Série B,Criciuma,Ceara,1-1,AH,AWAY,-0.5,1.85,26,1-0,oddsflow_core_strategy,APIFOOTBALL,4,WON,3.4
2026-06-16,Brasileirão Série B,Criciuma,Ceara,1-1,AH,AWAY,0,2.675,26,1-0,oddsflow_core_strategy,APIFOOTBALL,4,WON,6.7
2026-06-16,FIFA World Cup,Iran,New Zealand,2-2,AH,AWAY,-0.5,1.8,33,1-1,oddsflow_worldcup_full,APIFOOTBALL,200,WON,160
2026-06-16,Brasileirão Série B,Criciuma,Ceara,1-1,AH,AWAY,0,2.15,75,1-0,oddsflow_active_trader,APIFOOTBALL,4,WON,4.6
2026-06-16,Brasileirão Série B,Londrina,Avai,3-2,AH,AWAY,0,2.5,78,2-2,oddsflow_active_trader,APIFOOTBALL,4,LOST,-4
2026-06-16,Brasileirão Série B,Londrina,Avai,3-2,1X2,DRAW,0,1.533,78,2-2,oddsflow_active_trader,APIFOOTBALL,4,LOST,-4
2026-06-16,Brasileirão Série B,Criciuma,Ceara,1-1,AH,AWAY,0,2.19,75,1-0,oddsflow_active_trader,NOVA88,50,WON,59.5
2026-06-16,Brasileirão Série B,Londrina,Avai,3-2,AH,AWAY,0,2.51,78,2-2,oddsflow_active_trader,NOVA88,50,LOST,-50
2026-06-16,Brasileirão Série B,Criciuma,Ceara,1-1,AH,AWAY,0,2.14,75,1-0,oddsflow_active_trader,HGA,100,WON,114
2026-06-16,Brasileirão Série B,Londrina,Avai,3-2,AH,AWAY,0,2.34,78,2-2,oddsflow_active_trader,HGA,100,LOST,-100
2026-06-16,Brasileirão Série B,Criciuma,Ceara,1-1,AH,AWAY,0,2.15,75,1-0,oddsflow_handicap_sniper,APIFOOTBALL,4,WON,4.6
2026-06-16,Brasileirão Série B,Londrina,Avai,3-2,AH,AWAY,0,2.5,78,2-2,oddsflow_handicap_sniper,APIFOOTBALL,4,LOST,-4
2026-06-16,Brasileirão Série B,Criciuma,Ceara,1-1,AH,AWAY,0,2.19,75,1-0,oddsflow_handicap_sniper,NOVA88,50,WON,59.5
2026-06-16,Brasileirão Série B,Londrina,Avai,3-2,1X2,DRAW,0,1.533,78,2-2,oddsflow_handicap_sniper,APIFOOTBALL,4,LOST,-4
2026-06-16,Brasileirão Série B,Londrina,Avai,3-2,AH,AWAY,0,2.51,78,2-2,oddsflow_handicap_sniper,NOVA88,50,LOST,-50
2026-06-16,Brasileirão Série B,Criciuma,Ceara,1-1,AH,AWAY,0,2.14,75,1-0,oddsflow_handicap_sniper,HGA,100,WON,114
2026-06-16,Brasileirão Série B,Londrina,Avai,3-2,AH,AWAY,0,2.34,78,2-2,oddsflow_handicap_sniper,HGA,100,LOST,-100
2026-06-16,FIFA World Cup,Iran,New Zealand,2-2,AH,AWAY,0,2.75,35,1-1,oddsflow_worldcup_blend,APIFOOTBALL,1000,VOID,0
2026-06-16,FIFA World Cup,Iran,New Zealand,2-2,AH,AWAY,0,2.675,35,1-1,oddsflow_worldcup_hybrid,APIFOOTBALL,1000,VOID,0
2026-06-16,FIFA World Cup,Iran,New Zealand,2-2,AH,AWAY,0,2.675,35,1-1,oddsflow_worldcup_sniper,APIFOOTBALL,1000,VOID,0
2026-06-16,Brasileirão Série B,Londrina,Avai,3-2,AH,AWAY,0,2.05,85,2-2,oddsflow_core_strategy,APIFOOTBALL,3.5,LOST,-3.5
2026-06-16,Brasileirão Série B,Londrina,Avai,3-2,AH,AWAY,0,2.38,85,2-2,oddsflow_core_strategy,NOVA88,50,LOST,-50
2026-06-16,FIFA World Cup,Iran,New Zealand,2-2,1X2,DRAW,0,2.75,43,1-1,oddsflow_worldcup_sniper,APIFOOTBALL,1000,WON,1750
2026-06-16,FIFA World Cup,Iran,New Zealand,2-2,1X2,DRAW,0,2.67,43,1-1,oddsflow_worldcup_sniper,NOVA88,1000,WON,1670
2026-06-16,FIFA World Cup,Iran,New Zealand,2-2,1X2,DRAW,0,2.76,43,1-1,oddsflow_worldcup_sniper,HGA,1000,WON,1760
2026-06-16,FIFA World Cup,Iran,New Zealand,2-2,OU,UNDER,3.5,1.727,47,1-1,oddsflow_worldcup_blend,APIFOOTBALL,1000,LOST,-1000
2026-06-16,FIFA World Cup,Iran,New Zealand,2-2,OU,UNDER,3.5,1.727,47,1-1,oddsflow_worldcup_sniper,APIFOOTBALL,1000,LOST,-1000
2026-06-16,FIFA World Cup,Iran,New Zealand,2-2,1X2,DRAW,0,2.6,51,1-1,oddsflow_worldcup_blend,APIFOOTBALL,1000,WON,1600
2026-06-16,FIFA World Cup,Iran,New Zealand,2-2,1X2,AWAY,0,1.727,55,1-2,oddsflow_worldcup_sniper,APIFOOTBALL,1000,LOST,-1000
2026-06-16,FIFA World Cup,Iran,New Zealand,2-2,1X2,AWAY,0,1.727,55,1-2,oddsflow_worldcup_blend,APIFOOTBALL,1000,LOST,-1000
2026-06-16,FIFA World Cup,Iran,New Zealand,2-2,1X2,AWAY,0,1.75,55,1-2,oddsflow_worldcup_sniper,NOVA88,1000,LOST,-1000
2026-06-16,FIFA World Cup,Iran,New Zealand,2-2,1X2,AWAY,0,1.75,55,1-2,oddsflow_worldcup_sniper,HGA,1000,LOST,-1000
2026-06-16,FIFA World Cup,France,Senegal,3-1,AH,AWAY,-1,1.775,10,0-0,oddsflow_worldcup_full,APIFOOTBALL,200,LOST,-200
2026-06-16,FIFA World Cup,France,Senegal,3-1,AH,AWAY,-1,1.9,10,0-0,oddsflow_worldcup_full,HGA,1476,LOST,-1476
2026-06-16,FIFA World Cup,France,Senegal,3-1,OU,OVER,2.5,1.73,0,0-0,oddsflow_worldcup_prematch,APIFOOTBALL,1000,WON,730
2026-06-16,FIFA World Cup,Iraq,Norway,1-4,AH,HOME,1.75,2.02,0,0-0,oddsflow_worldcup_prematch,APIFOOTBALL,1000,LOST,-1000
2026-06-16,FIFA World Cup,Iraq,Norway,1-4,OU,UNDER,2.5,2.3,0,0-0,oddsflow_worldcup_prematch,APIFOOTBALL,1000,LOST,-1000
2026-06-16,FIFA World Cup,Iraq,Norway,1-4,1X2,DRAW,0,7,0,0-0,oddsflow_worldcup_prematch,APIFOOTBALL,1000,LOST,-1000
2026-06-16,FIFA World Cup,Iraq,Norway,1-4,AH,HOME,1.75,2.09,0,0-0,oddsflow_worldcup_prematch,NOVA88,1000,LOST,-1000
2026-06-16,FIFA World Cup,Iraq,Norway,1-4,OU,UNDER,3,1.81,0,0-0,oddsflow_worldcup_prematch,NOVA88,1000,LOST,-1000
2026-06-16,FIFA World Cup,Iraq,Norway,1-4,1X2,DRAW,0,6.8,0,0-0,oddsflow_worldcup_prematch,NOVA88,1000,LOST,-1000
2026-06-16,FIFA World Cup,France,Senegal,3-1,OU,UNDER,1.5,2,42,0-0,oddsflow_worldcup_blend,APIFOOTBALL,1000,LOST,-1000
2026-06-16,FIFA World Cup,France,Senegal,3-1,OU,UNDER,1.5,2,42,0-0,oddsflow_worldcup_sniper,APIFOOTBALL,1000,LOST,-1000
2026-06-16,FIFA World Cup,France,Senegal,3-1,1X2,DRAW,0,3,42,0-0,oddsflow_worldcup_sniper,APIFOOTBALL,1000,LOST,-1000
2026-06-16,FIFA World Cup,France,Senegal,3-1,1X2,DRAW,0,2.81,42,0-0,oddsflow_worldcup_sniper,NOVA88,1000,LOST,-1000
2026-06-16,FIFA World Cup,France,Senegal,3-1,AH,AWAY,-0.5,1.925,44,0-0,oddsflow_worldcup_blend,APIFOOTBALL,1000,LOST,-1000
2026-06-16,FIFA World Cup,France,Senegal,3-1,AH,AWAY,-0.5,1.95,44,0-0,oddsflow_worldcup_blend,NOVA88,1000,LOST,-1000
2026-06-16,FIFA World Cup,France,Senegal,3-1,AH,AWAY,-0.5,1.925,44,0-0,oddsflow_worldcup_sniper,APIFOOTBALL,1000,LOST,-1000
2026-06-16,FIFA World Cup,France,Senegal,3-1,AH,AWAY,-0.5,1.95,44,0-0,oddsflow_worldcup_sniper,NOVA88,1000,LOST,-1000
2026-06-16,FIFA World Cup,France,Senegal,3-1,1X2,DRAW,0,2.75,52,0-0,oddsflow_worldcup_blend,APIFOOTBALL,1000,LOST,-1000
2026-06-16,FIFA World Cup,France,Senegal,3-1,AH,AWAY,0,2.75,67,1-0,oddsflow_worldcup_blend,APIFOOTBALL,1000,LOST,-1000
2026-06-16,FIFA World Cup,France,Senegal,3-1,AH,AWAY,0,2.75,67,1-0,oddsflow_worldcup_sniper,APIFOOTBALL,1000,LOST,-1000
2026-06-16,FIFA World Cup,Iraq,Norway,1-4,AH,HOME,0.5,2.6,30,0-1,oddsflow_worldcup_full,APIFOOTBALL,200,LOST,-200
2026-06-16,FIFA World Cup,Iraq,Norway,1-4,AH,HOME,1,2.2,35,0-1,oddsflow_worldcup_sniper,APIFOOTBALL,1000,LOST,-1000
2026-06-16,FIFA World Cup,Iraq,Norway,1-4,OU,UNDER,3.5,1.5,35,0-1,oddsflow_worldcup_sniper,APIFOOTBALL,1056,LOST,-1056
2026-06-16,FIFA World Cup,Iraq,Norway,1-4,OU,UNDER,3,1.88,35,0-1,oddsflow_worldcup_sniper,NOVA88,2132,LOST,-2132
2026-06-16,FIFA World Cup,Iraq,Norway,1-4,AH,HOME,1,2.2,35,0-1,oddsflow_worldcup_blend,APIFOOTBALL,1000,LOST,-1000
2026-06-16,FIFA World Cup,Iraq,Norway,1-4,OU,UNDER,3.5,1.5,35,0-1,oddsflow_worldcup_blend,APIFOOTBALL,1024,LOST,-1024
2026-06-16,FIFA World Cup,Iraq,Norway,1-4,OU,UNDER,3,1.88,35,0-1,oddsflow_worldcup_blend,NOVA88,2098,LOST,-2098
2026-06-16,FIFA World Cup,Iraq,Norway,1-4,OU,UNDER,2.5,2.375,35,0-1,oddsflow_worldcup_sniper,APIFOOTBALL,1000,LOST,-1000
2026-06-16,FIFA World Cup,Iraq,Norway,1-4,OU,UNDER,2.5,2.375,35,0-1,oddsflow_worldcup_blend,APIFOOTBALL,1000,LOST,-1000
2026-06-16,FIFA World Cup,Iraq,Norway,1-4,AH,HOME,1.5,1.725,39,0-1,oddsflow_worldcup_blend,APIFOOTBALL,1103,LOST,-1103
2026-06-16,FIFA World Cup,Iraq,Norway,1-4,1X2,DRAW,0,4,42,1-1,oddsflow_worldcup_sniper,APIFOOTBALL,1000,LOST,-1000
2026-06-16,FIFA World Cup,Iraq,Norway,1-4,1X2,DRAW,0,3.9,42,1-1,oddsflow_worldcup_sniper,NOVA88,1000,LOST,-1000
2026-06-16,FIFA World Cup,Iraq,Norway,1-4,AH,HOME,0.5,2.675,43,1-2,oddsflow_worldcup_blend,APIFOOTBALL,1000,LOST,-1000
2026-06-16,FIFA World Cup,Iraq,Norway,1-4,OU,UNDER,4.5,2.2,43,1-2,oddsflow_worldcup_blend,APIFOOTBALL,1000,LOST,-1000
2026-06-16,FIFA World Cup,Iraq,Norway,1-4,AH,HOME,0.5,2.675,43,1-2,oddsflow_worldcup_sniper,APIFOOTBALL,1000,LOST,-1000
2026-06-16,FIFA World Cup,Iraq,Norway,1-4,OU,UNDER,4.5,2.2,43,1-2,oddsflow_worldcup_sniper,APIFOOTBALL,1000,LOST,-1000
2026-06-16,FIFA World Cup,Iraq,Norway,1-4,AH,AWAY,1,2.425,46,1-2,oddsflow_worldcup_blend,APIFOOTBALL,1000,WON,1425
2026-06-16,FIFA World Cup,Iraq,Norway,1-4,AH,AWAY,1,2.425,46,1-2,oddsflow_worldcup_sniper,APIFOOTBALL,1000,WON,1425
2026-06-16,Brasileirão Série B,Fortaleza EC,America Mineiro,0-3,AH,HOME,-0.5,1.7,20,0-0,oddsflow_core_strategy,APIFOOTBALL,4,LOST,-4
2026-06-16,FIFA World Cup,Iraq,Norway,1-4,OU,OVER,3.5,1.533,64,1-2,oddsflow_worldcup_blend,APIFOOTBALL,1000,WON,533
2026-06-16,FIFA World Cup,Iraq,Norway,1-4,OU,OVER,3.5,1.533,64,1-2,oddsflow_worldcup_sniper,APIFOOTBALL,1000,WON,533
2026-06-16,Brasileirão Série B,Fortaleza EC,America Mineiro,0-3,AH,AWAY,-1,1.75,28,0-0,oddsflow_core_strategy,APIFOOTBALL,4,WON,3
2026-06-17,FIFA World Cup,Argentina,Algeria,3-0,AH,AWAY,-1.25,1.82,0,0-0,oddsflow_worldcup_prematch,APIFOOTBALL,1800,LOST,-1800
2026-06-17,FIFA World Cup,Argentina,Algeria,3-0,OU,UNDER,2.5,1.91,0,0-0,oddsflow_worldcup_prematch,APIFOOTBALL,1000,LOST,-1000
2026-06-17,FIFA World Cup,Argentina,Algeria,3-0,1X2,DRAW,0,4.5,0,0-0,oddsflow_worldcup_prematch,APIFOOTBALL,1000,LOST,-1000
2026-06-17,FIFA World Cup,Argentina,Algeria,3-0,1X2,AWAY,0,8,0,0-0,oddsflow_worldcup_prematch,APIFOOTBALL,1000,LOST,-1000
2026-06-17,FIFA World Cup,Argentina,Algeria,3-0,AH,AWAY,-1.25,1.84,0,0-0,oddsflow_worldcup_prematch,NOVA88,1700,LOST,-1700
2026-06-17,FIFA World Cup,Argentina,Algeria,3-0,OU,UNDER,2.5,1.87,0,0-0,oddsflow_worldcup_prematch,NOVA88,1000,LOST,-1000
2026-06-17,FIFA World Cup,Argentina,Algeria,3-0,1X2,DRAW,0,4.3,0,0-0,oddsflow_worldcup_prematch,NOVA88,1000,LOST,-1000
2026-06-17,FIFA World Cup,Argentina,Algeria,3-0,1X2,AWAY,0,6.3,0,0-0,oddsflow_worldcup_prematch,NOVA88,1000,LOST,-1000
2026-06-17,FIFA World Cup,Austria,Jordan,3-1,AH,HOME,-1.25,1.82,0,0-0,oddsflow_worldcup_prematch,APIFOOTBALL,1000,WON,820
2026-06-17,FIFA World Cup,Austria,Jordan,3-1,OU,OVER,2.5,1.8,0,0-0,oddsflow_worldcup_prematch,APIFOOTBALL,1000,WON,800
2026-06-17,FIFA World Cup,Austria,Jordan,3-1,AH,HOME,-1.25,1.84,0,0-0,oddsflow_worldcup_prematch,NOVA88,1000,WON,840
2026-06-17,FIFA World Cup,Austria,Jordan,3-1,OU,OVER,2.75,2.11,0,0-0,oddsflow_worldcup_prematch,NOVA88,1000,WON,1110
2026-06-17,FIFA World Cup,Argentina,Algeria,3-0,AH,AWAY,-1,1.875,12,0-0,oddsflow_worldcup_full,APIFOOTBALL,200,LOST,-200
2026-06-17,FIFA World Cup,Argentina,Algeria,3-0,AH,AWAY,-1,1.87,12,0-0,oddsflow_worldcup_full,NOVA88,1166,LOST,-1166
2026-06-17,FIFA World Cup,Argentina,Algeria,3-0,AH,AWAY,-0.5,1.95,35,1-0,oddsflow_worldcup_sniper,APIFOOTBALL,1000,LOST,-1000
2026-06-17,FIFA World Cup,Argentina,Algeria,3-0,AH,AWAY,-0.5,2,35,1-0,oddsflow_worldcup_sniper,NOVA88,1000,LOST,-1000
2026-06-17,FIFA World Cup,Argentina,Algeria,3-0,AH,AWAY,-0.5,1.925,35,1-0,oddsflow_worldcup_blend,APIFOOTBALL,1000,LOST,-1000
2026-06-17,FIFA World Cup,Argentina,Algeria,3-0,AH,AWAY,-0.5,2,35,1-0,oddsflow_worldcup_blend,NOVA88,1000,LOST,-1000
2026-06-17,FIFA World Cup,Argentina,Algeria,3-0,OU,UNDER,2.5,1.727,48,1-0,oddsflow_worldcup_sniper,APIFOOTBALL,1000,LOST,-1000
2026-06-17,FIFA World Cup,Argentina,Algeria,3-0,OU,UNDER,2.5,1.727,48,1-0,oddsflow_worldcup_blend,APIFOOTBALL,1000,LOST,-1000
2026-06-17,FIFA World Cup,Argentina,Algeria,3-0,AH,AWAY,0,2.75,61,2-0,oddsflow_worldcup_sniper,APIFOOTBALL,1000,LOST,-1000
2026-06-17,FIFA World Cup,Austria,Jordan,3-1,AH,AWAY,-0.5,2.1,44,1-0,oddsflow_worldcup_full,APIFOOTBALL,200,LOST,-200
2026-06-17,FIFA World Cup,Austria,Jordan,3-1,AH,AWAY,-0.5,2.1,44,1-0,oddsflow_worldcup_blend,APIFOOTBALL,1000,LOST,-1000
2026-06-17,FIFA World Cup,Austria,Jordan,3-1,OU,UNDER,2.5,2,44,1-0,oddsflow_worldcup_blend,APIFOOTBALL,1000,LOST,-1000
2026-06-17,FIFA World Cup,Austria,Jordan,3-1,AH,AWAY,-0.5,2.1,44,1-0,oddsflow_worldcup_sniper,APIFOOTBALL,1000,LOST,-1000
2026-06-17,FIFA World Cup,Austria,Jordan,3-1,OU,UNDER,2.5,2,44,1-0,oddsflow_worldcup_sniper,APIFOOTBALL,1000,LOST,-1000
2026-06-17,FIFA World Cup,Austria,Jordan,3-1,AH,AWAY,-0.5,1.975,53,1-1,oddsflow_worldcup_hybrid,APIFOOTBALL,1000,LOST,-1000
2026-06-17,FIFA World Cup,Austria,Jordan,3-1,1X2,DRAW,0,2.5,53,1-1,oddsflow_worldcup_hybrid,APIFOOTBALL,1000,LOST,-1000
2026-06-17,FIFA World Cup,Austria,Jordan,3-1,AH,AWAY,-0.5,2.03,53,1-1,oddsflow_worldcup_hybrid,NOVA88,1000,LOST,-1000
2026-06-17,FIFA World Cup,Austria,Jordan,3-1,1X2,DRAW,0,2.5,53,1-1,oddsflow_worldcup_hybrid,NOVA88,1000,LOST,-1000
2026-06-17,FIFA World Cup,Austria,Jordan,3-1,1X2,DRAW,0,2.5,55,1-1,oddsflow_worldcup_sniper,APIFOOTBALL,1000,LOST,-1000
2026-06-17,FIFA World Cup,Austria,Jordan,3-1,1X2,DRAW,0,2.44,55,1-1,oddsflow_worldcup_sniper,NOVA88,1000,LOST,-1000
2026-06-17,FIFA World Cup,Austria,Jordan,3-1,OU,OVER,2.5,1.533,63,1-1,oddsflow_worldcup_sniper,APIFOOTBALL,1000,WON,533
2026-06-17,FIFA World Cup,Austria,Jordan,3-1,OU,OVER,2.5,1.533,63,1-1,oddsflow_worldcup_blend,APIFOOTBALL,1000,WON,533
2026-06-17,FIFA World Cup,Austria,Jordan,3-1,OU,OVER,2.5,1.533,63,1-1,oddsflow_worldcup_hybrid,APIFOOTBALL,1000,WON,533
2026-06-17,FIFA World Cup,Austria,Jordan,3-1,1X2,DRAW,0,2.05,66,1-1,oddsflow_worldcup_blend,APIFOOTBALL,1000,LOST,-1000
2026-06-17,FIFA World Cup,Portugal,Congo DR,1-1,AH,HOME,-1.5,1.85,0,0-0,oddsflow_worldcup_prematch,APIFOOTBALL,1000,LOST,-1000
2026-06-17,FIFA World Cup,Portugal,Congo DR,1-1,OU,UNDER,2.5,2,0,0-0,oddsflow_worldcup_prematch,APIFOOTBALL,1000,WON,1000
2026-06-17,FIFA World Cup,Portugal,Congo DR,1-1,AH,HOME,-1.5,1.92,0,0-0,oddsflow_worldcup_prematch,NOVA88,1000,LOST,-1000
2026-06-17,FIFA World Cup,Portugal,Congo DR,1-1,AH,HOME,-1.5,1.91,0,0-0,oddsflow_worldcup_prematch,HGA,1000,LOST,-1000
2026-06-17,FIFA World Cup,England,Croatia,4-2,AH,HOME,-0.75,1.92,0,0-0,oddsflow_worldcup_prematch,APIFOOTBALL,1000,WON,920
2026-06-17,FIFA World Cup,England,Croatia,4-2,OU,OVER,2.5,2.1,0,0-0,oddsflow_worldcup_prematch,APIFOOTBALL,1100,WON,1210
2026-06-17,FIFA World Cup,England,Croatia,4-2,AH,HOME,-0.75,1.94,0,0-0,oddsflow_worldcup_prematch,NOVA88,1000,WON,940
2026-06-17,FIFA World Cup,England,Croatia,4-2,OU,OVER,2.25,1.88,0,0-0,oddsflow_worldcup_prematch,NOVA88,1100,WON,968
2026-06-17,FIFA World Cup,England,Croatia,4-2,AH,HOME,-0.75,1.93,0,0-0,oddsflow_worldcup_prematch,HGA,1000,WON,930
2026-06-17,FIFA World Cup,England,Croatia,4-2,OU,OVER,2.25,1.82,0,0-0,oddsflow_worldcup_prematch,HGA,1100,WON,902
2026-06-17,FIFA World Cup,Ghana,Panama,1-0,AH,AWAY,-0.25,1.85,0,0-0,oddsflow_worldcup_prematch,APIFOOTBALL,1600,LOST,-1600
2026-06-17,FIFA World Cup,Ghana,Panama,1-0,OU,OVER,2.5,2.38,0,0-0,oddsflow_worldcup_prematch,APIFOOTBALL,1000,LOST,-1000
2026-06-17,FIFA World Cup,Ghana,Panama,1-0,1X2,AWAY,0,3.2,0,0-0,oddsflow_worldcup_prematch,APIFOOTBALL,1000,LOST,-1000
2026-06-17,FIFA World Cup,Ghana,Panama,1-0,AH,AWAY,-0.25,1.92,0,0-0,oddsflow_worldcup_prematch,NOVA88,1500,LOST,-1500
2026-06-17,FIFA World Cup,Ghana,Panama,1-0,OU,OVER,2.25,2.13,0,0-0,oddsflow_worldcup_prematch,NOVA88,1000,LOST,-1000
2026-06-17,FIFA World Cup,Ghana,Panama,1-0,1X2,AWAY,0,3.2,0,0-0,oddsflow_worldcup_prematch,NOVA88,1000,LOST,-1000
2026-06-17,FIFA World Cup,Ghana,Panama,1-0,AH,AWAY,-0.25,1.86,0,0-0,oddsflow_worldcup_prematch,HGA,1600,LOST,-1600
2026-06-17,FIFA World Cup,Ghana,Panama,1-0,OU,OVER,2.25,2.12,0,0-0,oddsflow_worldcup_prematch,HGA,1000,LOST,-1000
2026-06-17,FIFA World Cup,Ghana,Panama,1-0,1X2,AWAY,0,3.3,0,0-0,oddsflow_worldcup_prematch,HGA,1000,LOST,-1000
2026-06-17,FIFA World Cup,England,Croatia,4-2,1X2,HOME,0,1.7,0,0-0,oddsflow_worldcup_prematch,APIFOOTBALL,1000,WON,700
2026-06-17,FIFA World Cup,England,Croatia,4-2,1X2,HOME,0,1.71,0,0-0,oddsflow_worldcup_prematch,NOVA88,1000,WON,710
2026-06-17,FIFA World Cup,England,Croatia,4-2,1X2,HOME,0,1.71,0,0-0,oddsflow_worldcup_prematch,HGA,1000,WON,710
2026-06-17,FIFA World Cup,England,Croatia,4-2,AH,AWAY,-0.5,1.95,18,1-0,oddsflow_worldcup_full,APIFOOTBALL,200,LOST,-200
2026-06-17,FIFA World Cup,England,Croatia,4-2,AH,AWAY,-0.5,2.02,18,1-0,oddsflow_worldcup_full,NOVA88,1076,LOST,-1076
2026-06-17,FIFA World Cup,England,Croatia,4-2,AH,AWAY,-0.5,1.95,18,1-0,oddsflow_worldcup_full,HGA,1000,LOST,-1000
2026-06-17,FIFA World Cup,England,Croatia,4-2,AH,AWAY,-0.5,1.825,35,1-0,oddsflow_worldcup_sniper,APIFOOTBALL,1000,LOST,-1000
2026-06-17,FIFA World Cup,England,Croatia,4-2,AH,AWAY,-0.5,1.825,35,1-0,oddsflow_worldcup_hybrid,APIFOOTBALL,1000,LOST,-1000
2026-06-17,FIFA World Cup,England,Croatia,4-2,OU,UNDER,2.5,2.3,35,1-0,oddsflow_worldcup_sniper,APIFOOTBALL,1000,LOST,-1000
2026-06-17,FIFA World Cup,England,Croatia,4-2,OU,UNDER,2.5,2.3,35,1-0,oddsflow_worldcup_hybrid,APIFOOTBALL,1000,LOST,-1000
2026-06-17,FIFA World Cup,England,Croatia,4-2,AH,AWAY,-0.5,1.88,35,1-0,oddsflow_worldcup_sniper,NOVA88,1061,LOST,-1061
2026-06-17,FIFA World Cup,England,Croatia,4-2,AH,AWAY,-0.5,1.88,35,1-0,oddsflow_worldcup_hybrid,NOVA88,1171,LOST,-1171
2026-06-17,FIFA World Cup,England,Croatia,4-2,AH,AWAY,-0.5,1.84,35,1-0,oddsflow_worldcup_sniper,HGA,1000,LOST,-1000
2026-06-17,FIFA World Cup,England,Croatia,4-2,AH,AWAY,-0.5,1.84,35,1-0,oddsflow_worldcup_hybrid,HGA,1086,LOST,-1086
2026-06-17,FIFA World Cup,England,Croatia,4-2,AH,AWAY,-0.5,1.825,35,1-0,oddsflow_worldcup_blend,APIFOOTBALL,1000,LOST,-1000
2026-06-17,FIFA World Cup,England,Croatia,4-2,OU,UNDER,2.5,2.3,35,1-0,oddsflow_worldcup_blend,APIFOOTBALL,1000,LOST,-1000
2026-06-17,FIFA World Cup,England,Croatia,4-2,AH,AWAY,-0.5,1.88,35,1-0,oddsflow_worldcup_blend,NOVA88,1133,LOST,-1133
2026-06-17,FIFA World Cup,England,Croatia,4-2,AH,AWAY,-0.5,1.85,35,1-0,oddsflow_worldcup_blend,HGA,1070,LOST,-1070
2026-06-17,FIFA World Cup,England,Croatia,4-2,OU,UNDER,3.5,2.2,36,1-0,oddsflow_worldcup_blend,APIFOOTBALL,1000,LOST,-1000
2026-06-17,FIFA World Cup,England,Croatia,4-2,1X2,HOME,0,1.8,36,1-0,oddsflow_worldcup_blend,APIFOOTBALL,1000,WON,800
2026-06-17,FIFA World Cup,England,Croatia,4-2,OU,UNDER,3.75,1.92,36,1-0,oddsflow_worldcup_blend,NOVA88,2492,LOST,-2492
2026-06-17,FIFA World Cup,England,Croatia,4-2,1X2,DRAW,0,3,37,1-1,oddsflow_worldcup_hybrid,APIFOOTBALL,1000,LOST,-1000
2026-06-17,FIFA World Cup,England,Croatia,4-2,1X2,DRAW,0,2.95,37,1-1,oddsflow_worldcup_hybrid,NOVA88,1000,LOST,-1000
2026-06-17,FIFA World Cup,England,Croatia,4-2,1X2,DRAW,0,2.99,37,1-1,oddsflow_worldcup_hybrid,HGA,1000,LOST,-1000
2026-06-17,FIFA World Cup,England,Croatia,4-2,1X2,DRAW,0,2.875,41,1-1,oddsflow_worldcup_sniper,APIFOOTBALL,1000,LOST,-1000
2026-06-17,FIFA World Cup,England,Croatia,4-2,1X2,DRAW,0,2.93,41,1-1,oddsflow_worldcup_sniper,NOVA88,1000,LOST,-1000
2026-06-17,FIFA World Cup,England,Croatia,4-2,1X2,DRAW,0,2.99,41,1-1,oddsflow_worldcup_sniper,HGA,1000,LOST,-1000
2026-06-17,FIFA World Cup,England,Croatia,4-2,AH,AWAY,0,2.75,43,2-1,oddsflow_worldcup_sniper,APIFOOTBALL,1000,LOST,-1000
2026-06-17,FIFA World Cup,England,Croatia,4-2,AH,AWAY,0,2.75,43,2-1,oddsflow_worldcup_blend,APIFOOTBALL,1000,LOST,-1000
2026-06-17,FIFA World Cup,England,Croatia,4-2,AH,AWAY,0,2.75,43,2-1,oddsflow_worldcup_hybrid,APIFOOTBALL,1000,LOST,-1000
2026-06-17,FIFA World Cup,England,Croatia,4-2,OU,UNDER,4.5,1.727,47,2-1,oddsflow_worldcup_sniper,APIFOOTBALL,1000,LOST,-1000
2026-06-17,FIFA World Cup,England,Croatia,4-2,OU,UNDER,4.5,1.727,47,2-1,oddsflow_worldcup_blend,APIFOOTBALL,1000,LOST,-1000
2026-06-17,FIFA World Cup,England,Croatia,4-2,OU,UNDER,4.5,1.727,47,2-1,oddsflow_worldcup_hybrid,APIFOOTBALL,1000,LOST,-1000
2026-06-17,FIFA World Cup,England,Croatia,4-2,OU,OVER,4.5,2.2,51,2-2,oddsflow_worldcup_sniper,APIFOOTBALL,1000,WON,1200
2026-06-17,FIFA World Cup,England,Croatia,4-2,OU,UNDER,5.5,1.666,51,2-2,oddsflow_worldcup_blend,APIFOOTBALL,1000,LOST,-1000
2026-06-17,FIFA World Cup,England,Croatia,4-2,OU,UNDER,5.5,1.666,51,2-2,oddsflow_worldcup_hybrid,APIFOOTBALL,1000,LOST,-1000
2026-06-17,FIFA World Cup,England,Croatia,4-2,OU,UNDER,5.25,2.02,51,2-2,oddsflow_worldcup_blend,HGA,1630,LOST,-1630
2026-06-17,FIFA World Cup,England,Croatia,4-2,OU,UNDER,5.25,2.02,51,2-2,oddsflow_worldcup_hybrid,NOVA88,1583,LOST,-1583
2026-06-17,FIFA World Cup,England,Croatia,4-2,OU,UNDER,5.25,2.02,51,2-2,oddsflow_worldcup_hybrid,HGA,1583,LOST,-1583
2026-06-17,FIFA World Cup,England,Croatia,4-2,OU,UNDER,5.5,1.666,51,2-2,oddsflow_worldcup_sniper,APIFOOTBALL,1000,LOST,-1000
2026-06-17,FIFA World Cup,England,Croatia,4-2,OU,UNDER,5.25,2.05,51,2-2,oddsflow_worldcup_sniper,NOVA88,1559,LOST,-1559
2026-06-17,FIFA World Cup,England,Croatia,4-2,OU,UNDER,6.5,1.727,48,3-2,oddsflow_worldcup_sniper,APIFOOTBALL,1000,WON,727
2026-06-17,FIFA World Cup,England,Croatia,4-2,OU,UNDER,6.5,1.727,48,3-2,oddsflow_worldcup_blend,APIFOOTBALL,1000,WON,727
2026-06-17,FIFA World Cup,England,Croatia,4-2,OU,UNDER,6.5,1.727,50,3-2,oddsflow_worldcup_hybrid,APIFOOTBALL,1000,WON,727
2026-06-17,FIFA World Cup,Ghana,Panama,1-0,AH,AWAY,0,1.8,24,0-0,oddsflow_worldcup_full,APIFOOTBALL,200,LOST,-200
2026-06-17,FIFA World Cup,Ghana,Panama,1-0,AH,AWAY,0,1.81,24,0-0,oddsflow_worldcup_full,NOVA88,1000,LOST,-1000
2026-06-17,FIFA World Cup,Ghana,Panama,1-0,AH,AWAY,0,1.81,24,0-0,oddsflow_worldcup_full,HGA,1000,LOST,-1000
2026-06-17,FIFA World Cup,Ghana,Panama,1-0,AH,AWAY,0,1.85,35,0-0,oddsflow_worldcup_sniper,APIFOOTBALL,1000,LOST,-1000
2026-06-17,FIFA World Cup,Ghana,Panama,1-0,1X2,HOME,0,3.2,35,0-0,oddsflow_worldcup_sniper,APIFOOTBALL,1000,WON,2200
2026-06-17,FIFA World Cup,Ghana,Panama,1-0,AH,AWAY,0,1.89,35,0-0,oddsflow_worldcup_sniper,NOVA88,1000,LOST,-1000
2026-06-17,FIFA World Cup,Ghana,Panama,1-0,1X2,HOME,0,3.35,35,0-0,oddsflow_worldcup_sniper,NOVA88,1000,WON,2350
2026-06-17,FIFA World Cup,Ghana,Panama,1-0,AH,AWAY,0,1.87,35,0-0,oddsflow_worldcup_sniper,HGA,1000,LOST,-1000
2026-06-17,FIFA World Cup,Ghana,Panama,1-0,1X2,HOME,0,3.4,35,0-0,oddsflow_worldcup_sniper,HGA,1000,WON,2400
2026-06-17,FIFA World Cup,Ghana,Panama,1-0,AH,AWAY,0,1.85,35,0-0,oddsflow_worldcup_blend,APIFOOTBALL,1000,LOST,-1000
2026-06-17,FIFA World Cup,Ghana,Panama,1-0,AH,AWAY,0,1.89,35,0-0,oddsflow_worldcup_blend,NOVA88,1001,LOST,-1001
2026-06-17,FIFA World Cup,Ghana,Panama,1-0,AH,AWAY,0,1.87,35,0-0,oddsflow_worldcup_blend,HGA,1000,LOST,-1000
2026-06-17,FIFA World Cup,Ghana,Panama,1-0,1X2,DRAW,0,2.25,50,0-0,oddsflow_worldcup_sniper,APIFOOTBALL,1000,LOST,-1000
2026-06-17,FIFA World Cup,Ghana,Panama,1-0,OU,OVER,0.5,1.533,54,0-0,oddsflow_worldcup_sniper,APIFOOTBALL,1000,WON,533
2026-06-17,FIFA World Cup,Ghana,Panama,1-0,OU,OVER,0.5,1.533,54,0-0,oddsflow_worldcup_blend,APIFOOTBALL,1000,WON,533
2026-06-17,FIFA World Cup,Ghana,Panama,1-0,1X2,DRAW,0,1.909,59,0-0,oddsflow_worldcup_blend,APIFOOTBALL,1000,LOST,-1000
2026-06-18,FIFA World Cup,Uzbekistan,Colombia,1-3,AH,AWAY,1.25,1.85,0,0-0,oddsflow_worldcup_prematch,APIFOOTBALL,1500,WON,1275
2026-06-18,FIFA World Cup,Uzbekistan,Colombia,1-3,OU,UNDER,2.5,1.91,0,0-0,oddsflow_worldcup_prematch,APIFOOTBALL,1000,LOST,-1000
2026-06-18,FIFA World Cup,Uzbekistan,Colombia,1-3,AH,AWAY,1.25,1.89,0,0-0,oddsflow_worldcup_prematch,NOVA88,1400,WON,1246
2026-06-18,FIFA World Cup,Uzbekistan,Colombia,1-3,OU,UNDER,2.5,1.93,0,0-0,oddsflow_worldcup_prematch,NOVA88,1000,LOST,-1000
2026-06-18,FIFA World Cup,Uzbekistan,Colombia,1-3,AH,AWAY,1.25,1.85,0,0-0,oddsflow_worldcup_prematch,HGA,1500,WON,1275
2026-06-18,FIFA World Cup,Uzbekistan,Colombia,1-3,OU,UNDER,2.5,1.96,0,0-0,oddsflow_worldcup_prematch,HGA,1000,LOST,-1000
2026-06-18,FIFA World Cup,Uzbekistan,Colombia,1-3,AH,HOME,1,2.675,13,0-0,oddsflow_worldcup_full,APIFOOTBALL,200,LOST,-200
2026-06-18,FIFA World Cup,Czechia,South Africa,1-1,AH,HOME,-0.5,1.88,0,0-0,oddsflow_worldcup_prematch,APIFOOTBALL,1000,LOST,-1000
2026-06-18,FIFA World Cup,Czechia,South Africa,1-1,AH,HOME,-0.5,1.86,0,0-0,oddsflow_worldcup_prematch,NOVA88,1000,LOST,-1000
2026-06-18,FIFA World Cup,Czechia,South Africa,1-1,OU,UNDER,2.25,1.98,0,0-0,oddsflow_worldcup_prematch,NOVA88,1000,HALF_WON,490
2026-06-18,FIFA World Cup,Czechia,South Africa,1-1,AH,HOME,-0.5,1.82,0,0-0,oddsflow_worldcup_prematch,HGA,1000,LOST,-1000
2026-06-18,FIFA World Cup,Czechia,South Africa,1-1,OU,UNDER,2.25,1.96,0,0-0,oddsflow_worldcup_prematch,HGA,1000,HALF_WON,480
2026-06-18,FIFA World Cup,Switzerland,Bosnia & Herzegovina,4-1,AH,HOME,-1,2,0,0-0,oddsflow_worldcup_prematch,APIFOOTBALL,1000,WON,1000
2026-06-18,FIFA World Cup,Switzerland,Bosnia & Herzegovina,4-1,OU,UNDER,2.5,1.8,0,0-0,oddsflow_worldcup_prematch,APIFOOTBALL,1000,LOST,-1000
2026-06-18,FIFA World Cup,Switzerland,Bosnia & Herzegovina,4-1,AH,HOME,-1,2,0,0-0,oddsflow_worldcup_prematch,NOVA88,1000,WON,1000
2026-06-18,FIFA World Cup,Switzerland,Bosnia & Herzegovina,4-1,OU,UNDER,2.5,1.92,0,0-0,oddsflow_worldcup_prematch,NOVA88,1000,LOST,-1000
2026-06-18,FIFA World Cup,Switzerland,Bosnia & Herzegovina,4-1,AH,HOME,-1,1.99,0,0-0,oddsflow_worldcup_prematch,HGA,1000,WON,990
2026-06-18,FIFA World Cup,Switzerland,Bosnia & Herzegovina,4-1,OU,UNDER,2.5,1.91,0,0-0,oddsflow_worldcup_prematch,HGA,1000,LOST,-1000
2026-06-18,FIFA World Cup,Canada,Qatar,6-0,AH,HOME,-1.5,1.85,0,0-0,oddsflow_worldcup_prematch,APIFOOTBALL,1000,WON,850
2026-06-18,FIFA World Cup,Canada,Qatar,6-0,OU,UNDER,2.5,2.1,0,0-0,oddsflow_worldcup_prematch,APIFOOTBALL,1000,LOST,-1000
2026-06-18,FIFA World Cup,Canada,Qatar,6-0,AH,HOME,-1.5,1.94,0,0-0,oddsflow_worldcup_prematch,NOVA88,1000,WON,940
2026-06-18,FIFA World Cup,Canada,Qatar,6-0,AH,HOME,-1.5,1.91,0,0-0,oddsflow_worldcup_prematch,HGA,1000,WON,910
2026-06-18,FIFA World Cup,Czechia,South Africa,1-1,1X2,HOME,0,1.85,0,0-0,oddsflow_worldcup_prematch,APIFOOTBALL,1000,LOST,-1000
2026-06-18,FIFA World Cup,Czechia,South Africa,1-1,1X2,HOME,0,1.86,0,0-0,oddsflow_worldcup_prematch,NOVA88,1000,LOST,-1000
2026-06-18,FIFA World Cup,Czechia,South Africa,1-1,1X2,HOME,0,1.82,0,0-0,oddsflow_worldcup_prematch,HGA,1000,LOST,-1000
2026-06-18,FIFA World Cup,Czechia,South Africa,1-1,AH,HOME,-0.5,2.15,10,1-0,oddsflow_worldcup_full,APIFOOTBALL,200,LOST,-200
2026-06-18,FIFA World Cup,Czechia,South Africa,1-1,AH,HOME,-0.5,2.425,35,1-0,oddsflow_worldcup_sniper,APIFOOTBALL,1000,LOST,-1000
2026-06-18,FIFA World Cup,Czechia,South Africa,1-1,AH,HOME,-0.5,2.425,35,1-0,oddsflow_worldcup_hybrid,APIFOOTBALL,1000,LOST,-1000
2026-06-18,FIFA World Cup,Czechia,South Africa,1-1,AH,HOME,-0.5,2.425,35,1-0,oddsflow_worldcup_blend,APIFOOTBALL,1000,LOST,-1000
2026-06-18,FIFA World Cup,Czechia,South Africa,1-1,AH,AWAY,0,2.375,42,1-0,oddsflow_worldcup_sniper,APIFOOTBALL,1000,WON,1375
2026-06-18,FIFA World Cup,Czechia,South Africa,1-1,AH,AWAY,0,2.25,45,1-0,oddsflow_worldcup_blend,APIFOOTBALL,1000,WON,1250
2026-06-18,FIFA World Cup,Czechia,South Africa,1-1,OU,UNDER,2.5,1.615,47,1-0,oddsflow_worldcup_sniper,APIFOOTBALL,1000,WON,615
2026-06-18,FIFA World Cup,Czechia,South Africa,1-1,OU,UNDER,2.5,1.615,48,1-0,oddsflow_worldcup_blend,APIFOOTBALL,1000,WON,615
2026-06-18,FIFA World Cup,Czechia,South Africa,1-1,AH,AWAY,0,2.3,50,1-0,oddsflow_worldcup_hybrid,APIFOOTBALL,1000,WON,1300
2026-06-18,FIFA World Cup,Czechia,South Africa,1-1,OU,UNDER,2.5,1.571,50,1-0,oddsflow_worldcup_hybrid,APIFOOTBALL,1000,WON,571
2026-06-18,FIFA World Cup,Czechia,South Africa,1-1,OU,OVER,1.5,1.533,62,1-0,oddsflow_worldcup_blend,APIFOOTBALL,1000,WON,533
2026-06-18,FIFA World Cup,Czechia,South Africa,1-1,OU,OVER,1.5,1.533,62,1-0,oddsflow_worldcup_hybrid,APIFOOTBALL,1000,WON,533
2026-06-18,FIFA World Cup,Czechia,South Africa,1-1,OU,OVER,1.5,1.533,62,1-0,oddsflow_worldcup_sniper,APIFOOTBALL,1000,WON,533
2026-06-18,FIFA World Cup,Switzerland,Bosnia & Herzegovina,4-1,AH,AWAY,-0.5,1.825,63,0-0,oddsflow_worldcup_sniper,APIFOOTBALL,1247,LOST,-1247
2026-06-18,FIFA World Cup,Switzerland,Bosnia & Herzegovina,4-1,AH,AWAY,-0.5,1.825,63,0-0,oddsflow_worldcup_blend,APIFOOTBALL,1218,LOST,-1218
2026-06-18,FIFA World Cup,Switzerland,Bosnia & Herzegovina,4-1,1X2,DRAW,0,2.25,63,0-0,oddsflow_worldcup_sniper,APIFOOTBALL,1000,LOST,-1000
2026-06-18,FIFA World Cup,Switzerland,Bosnia & Herzegovina,4-1,AH,AWAY,-0.5,1.85,63,0-0,oddsflow_worldcup_sniper,NOVA88,2096,LOST,-2096
2026-06-18,FIFA World Cup,Switzerland,Bosnia & Herzegovina,4-1,1X2,DRAW,0,2.25,63,0-0,oddsflow_worldcup_blend,APIFOOTBALL,1000,LOST,-1000
2026-06-18,FIFA World Cup,Switzerland,Bosnia & Herzegovina,4-1,AH,AWAY,-0.5,1.85,63,0-0,oddsflow_worldcup_blend,NOVA88,2045,LOST,-2045
2026-06-18,FIFA World Cup,Switzerland,Bosnia & Herzegovina,4-1,AH,AWAY,-0.5,1.82,63,0-0,oddsflow_worldcup_sniper,HGA,2048,LOST,-2048
2026-06-18,FIFA World Cup,Switzerland,Bosnia & Herzegovina,4-1,1X2,DRAW,0,2.23,63,0-0,oddsflow_worldcup_sniper,NOVA88,1005,LOST,-1005
2026-06-18,FIFA World Cup,Switzerland,Bosnia & Herzegovina,4-1,AH,AWAY,-0.5,1.82,63,0-0,oddsflow_worldcup_blend,HGA,1996,LOST,-1996
2026-06-18,FIFA World Cup,Switzerland,Bosnia & Herzegovina,4-1,1X2,DRAW,0,2.23,63,0-0,oddsflow_worldcup_blend,NOVA88,1000,LOST,-1000
2026-06-18,FIFA World Cup,Switzerland,Bosnia & Herzegovina,4-1,AH,AWAY,-0.5,1.825,63,0-0,oddsflow_worldcup_full,APIFOOTBALL,200,LOST,-200
2026-06-18,FIFA World Cup,Switzerland,Bosnia & Herzegovina,4-1,1X2,DRAW,0,2.15,63,0-0,oddsflow_worldcup_sniper,HGA,1000,LOST,-1000
2026-06-18,FIFA World Cup,Switzerland,Bosnia & Herzegovina,4-1,1X2,DRAW,0,2.15,63,0-0,oddsflow_worldcup_blend,HGA,1000,LOST,-1000
2026-06-18,FIFA World Cup,Switzerland,Bosnia & Herzegovina,4-1,AH,AWAY,-0.5,1.85,63,0-0,oddsflow_worldcup_full,NOVA88,2064,LOST,-2064
2026-06-18,FIFA World Cup,Switzerland,Bosnia & Herzegovina,4-1,AH,AWAY,-0.5,1.82,63,0-0,oddsflow_worldcup_full,HGA,2016,LOST,-2016
2026-06-18,FIFA World Cup,Switzerland,Bosnia & Herzegovina,4-1,AH,AWAY,0,2.75,79,1-0,oddsflow_worldcup_sniper,APIFOOTBALL,1000,LOST,-1000
2026-06-18,FIFA World Cup,Switzerland,Bosnia & Herzegovina,4-1,AH,AWAY,0,2.75,79,1-0,oddsflow_worldcup_blend,APIFOOTBALL,1000,LOST,-1000
2026-06-19,FIFA World Cup,Mexico,South Korea,1-0,AH,HOME,-0.5,2.05,0,0-0,oddsflow_worldcup_prematch,APIFOOTBALL,1000,WON,1050
2026-06-19,FIFA World Cup,Mexico,South Korea,1-0,AH,HOME,-0.5,2.11,0,0-0,oddsflow_worldcup_prematch,NOVA88,1000,WON,1110
2026-06-19,FIFA World Cup,Mexico,South Korea,1-0,OU,UNDER,2.25,1.89,0,0-0,oddsflow_worldcup_prematch,NOVA88,1000,WON,890
2026-06-19,FIFA World Cup,Mexico,South Korea,1-0,AH,HOME,-0.5,2.07,0,0-0,oddsflow_worldcup_prematch,HGA,1000,WON,1070
2026-06-19,FIFA World Cup,Mexico,South Korea,1-0,OU,UNDER,2.25,1.89,0,0-0,oddsflow_worldcup_prematch,HGA,1000,WON,890
2026-06-19,FIFA World Cup,Mexico,South Korea,1-0,1X2,HOME,0,2,0,0-0,oddsflow_worldcup_prematch,APIFOOTBALL,1000,WON,1000
2026-06-19,FIFA World Cup,Mexico,South Korea,1-0,1X2,HOME,0,2.11,0,0-0,oddsflow_worldcup_prematch,NOVA88,1000,WON,1110
2026-06-19,FIFA World Cup,Mexico,South Korea,1-0,1X2,HOME,0,2.07,0,0-0,oddsflow_worldcup_prematch,HGA,1000,WON,1070
2026-06-19,Brasileirão Série B,Sport Recife,Atletico Goianiense,1-1,AH,AWAY,-0.5,1.8,10,0-0,oddsflow_core_strategy,APIFOOTBALL,4,WON,3.2
2026-06-19,Brasileirão Série B,Sport Recife,Atletico Goianiense,1-1,AH,AWAY,-0.5,1.83,10,0-0,oddsflow_core_strategy,NOVA88,23,WON,19.09
2026-06-19,Brasileirão Série B,Sport Recife,Atletico Goianiense,1-1,AH,AWAY,-0.5,1.81,10,0-0,oddsflow_core_strategy,HGA,50,WON,40.5
2026-06-19,Brasileirão Série B,Sport Recife,Atletico Goianiense,1-1,AH,AWAY,0,2.75,11,0-0,oddsflow_core_strategy,APIFOOTBALL,4,VOID,0
2026-06-19,FIFA World Cup,Mexico,South Korea,1-0,AH,HOME,-0.5,2.025,10,0-0,oddsflow_worldcup_full,APIFOOTBALL,200,WON,205
2026-06-19,FIFA World Cup,Mexico,South Korea,1-0,AH,HOME,-0.5,2.07,10,0-0,oddsflow_worldcup_full,NOVA88,1269,WON,1357.83
2026-06-19,FIFA World Cup,Mexico,South Korea,1-0,AH,HOME,-0.5,2.05,10,0-0,oddsflow_worldcup_full,HGA,1240,WON,1302
2026-06-19,FIFA World Cup,Mexico,South Korea,1-0,AH,HOME,-0.5,2.15,36,0-0,oddsflow_worldcup_blend,APIFOOTBALL,1000,WON,1150
2026-06-19,FIFA World Cup,Mexico,South Korea,1-0,1X2,HOME,0,2.2,36,0-0,oddsflow_worldcup_blend,APIFOOTBALL,1000,WON,1200
2026-06-19,FIFA World Cup,Mexico,South Korea,1-0,1X2,HOME,0,2.31,36,0-0,oddsflow_worldcup_blend,NOVA88,1000,WON,1310
2026-06-19,FIFA World Cup,Mexico,South Korea,1-0,AH,HOME,-0.5,2.15,36,0-0,oddsflow_worldcup_sniper,APIFOOTBALL,1000,WON,1150
2026-06-19,FIFA World Cup,Mexico,South Korea,1-0,1X2,HOME,0,2.21,36,0-0,oddsflow_worldcup_blend,HGA,1000,WON,1210
2026-06-19,FIFA World Cup,Mexico,South Korea,1-0,1X2,HOME,0,2.2,36,0-0,oddsflow_worldcup_sniper,APIFOOTBALL,1000,WON,1200
2026-06-19,FIFA World Cup,Mexico,South Korea,1-0,1X2,HOME,0,2.31,36,0-0,oddsflow_worldcup_sniper,NOVA88,1000,WON,1310
2026-06-19,FIFA World Cup,Mexico,South Korea,1-0,1X2,HOME,0,2.21,36,0-0,oddsflow_worldcup_sniper,HGA,1000,WON,1210
2026-06-19,FIFA World Cup,Mexico,South Korea,1-0,AH,AWAY,0,2.75,38,0-0,oddsflow_worldcup_blend,APIFOOTBALL,1000,LOST,-1000
2026-06-19,FIFA World Cup,Mexico,South Korea,1-0,AH,AWAY,0,2.75,38,0-0,oddsflow_worldcup_sniper,APIFOOTBALL,1000,LOST,-1000
2026-06-19,FIFA World Cup,Mexico,South Korea,1-0,OU,OVER,0.5,1.533,50,0-0,oddsflow_worldcup_sniper,APIFOOTBALL,1000,WON,533
2026-06-19,FIFA World Cup,Mexico,South Korea,1-0,OU,OVER,0.5,1.533,50,0-0,oddsflow_worldcup_blend,APIFOOTBALL,1000,WON,533
2026-06-19,FIFA World Cup,Mexico,South Korea,1-0,OU,OVER,1.5,1.571,51,1-0,oddsflow_worldcup_blend,APIFOOTBALL,1000,LOST,-1000
2026-06-19,FIFA World Cup,Mexico,South Korea,1-0,OU,OVER,2,2.12,51,1-0,oddsflow_worldcup_blend,HGA,1945,LOST,-1945
2026-06-19,FIFA World Cup,Mexico,South Korea,1-0,OU,OVER,1.5,1.571,51,1-0,oddsflow_worldcup_sniper,APIFOOTBALL,1000,LOST,-1000
2026-06-19,FIFA World Cup,Mexico,South Korea,1-0,OU,OVER,2,2.12,51,1-0,oddsflow_worldcup_sniper,HGA,1945,LOST,-1945
2026-06-19,FIFA World Cup,USA,Australia,2-0,AH,HOME,-1,2.02,0,0-0,oddsflow_worldcup_prematch,APIFOOTBALL,1000,WON,1020
2026-06-19,FIFA World Cup,USA,Australia,2-0,OU,OVER,2.5,1.91,0,0-0,oddsflow_worldcup_prematch,APIFOOTBALL,1000,LOST,-1000
2026-06-19,FIFA World Cup,USA,Australia,2-0,AH,HOME,-1,2.12,0,0-0,oddsflow_worldcup_prematch,NOVA88,1000,WON,1120
2026-06-19,FIFA World Cup,USA,Australia,2-0,OU,OVER,2.5,1.91,0,0-0,oddsflow_worldcup_prematch,NOVA88,1000,LOST,-1000
2026-06-19,FIFA World Cup,USA,Australia,2-0,AH,HOME,-1,2.1,0,0-0,oddsflow_worldcup_prematch,HGA,1000,WON,1100
2026-06-19,FIFA World Cup,USA,Australia,2-0,OU,OVER,2.5,1.91,0,0-0,oddsflow_worldcup_prematch,HGA,1000,LOST,-1000
2026-06-19,FIFA World Cup,Scotland,Morocco,0-1,AH,AWAY,0.75,1.85,0,0-0,oddsflow_worldcup_prematch,APIFOOTBALL,1000,HALF_WON,425
2026-06-19,FIFA World Cup,Scotland,Morocco,0-1,OU,UNDER,2.5,1.67,0,0-0,oddsflow_worldcup_prematch,APIFOOTBALL,1000,WON,670
2026-06-19,FIFA World Cup,Scotland,Morocco,0-1,AH,AWAY,0.75,1.9,0,0-0,oddsflow_worldcup_prematch,NOVA88,1000,HALF_WON,450
2026-06-19,FIFA World Cup,Scotland,Morocco,0-1,OU,UNDER,2.25,1.91,0,0-0,oddsflow_worldcup_prematch,NOVA88,1000,WON,910
2026-06-19,FIFA World Cup,Scotland,Morocco,0-1,AH,AWAY,0.75,1.86,0,0-0,oddsflow_worldcup_prematch,HGA,1000,HALF_WON,430
2026-06-19,FIFA World Cup,Scotland,Morocco,0-1,OU,UNDER,2.25,1.9,0,0-0,oddsflow_worldcup_prematch,HGA,1000,WON,900
2026-06-19,FIFA World Cup,USA,Australia,2-0,AH,AWAY,-0.5,2.2,26,1-0,oddsflow_worldcup_full,APIFOOTBALL,200,LOST,-200
2026-06-19,FIFA World Cup,Scotland,Morocco,0-1,AH,HOME,0.5,1.85,25,0-1,oddsflow_worldcup_full,APIFOOTBALL,200,WON,170
2026-06-19,FIFA World Cup,Scotland,Morocco,0-1,AH,HOME,0.5,1.84,25,0-1,oddsflow_worldcup_full,HGA,2657,WON,2231.88
2026-06-19,FIFA World Cup,Scotland,Morocco,0-1,AH,HOME,0.5,1.85,36,0-1,oddsflow_worldcup_blend,APIFOOTBALL,1578,WON,1341.3
2026-06-19,FIFA World Cup,Scotland,Morocco,0-1,OU,UNDER,2.5,2,36,0-1,oddsflow_worldcup_blend,APIFOOTBALL,1000,WON,1000
2026-06-19,FIFA World Cup,Scotland,Morocco,0-1,AH,HOME,0.5,1.85,36,0-1,oddsflow_worldcup_blend,HGA,2713,WON,2306.05
2026-06-19,FIFA World Cup,Scotland,Morocco,0-1,OU,UNDER,2.5,1.97,36,0-1,oddsflow_worldcup_blend,NOVA88,1649,WON,1599.53
2026-06-19,FIFA World Cup,Scotland,Morocco,0-1,AH,HOME,0.5,1.85,36,0-1,oddsflow_worldcup_sniper,APIFOOTBALL,1641,WON,1394.85
2026-06-19,FIFA World Cup,Scotland,Morocco,0-1,AH,HOME,0.5,1.85,36,0-1,oddsflow_worldcup_sniper,HGA,2829,WON,2404.65
2026-06-19,FIFA World Cup,Scotland,Morocco,0-1,OU,UNDER,2.5,1.666,50,0-1,oddsflow_worldcup_sniper,APIFOOTBALL,1585,WON,1055.61
2026-06-19,FIFA World Cup,Scotland,Morocco,0-1,OU,UNDER,2.25,2.05,50,0-1,oddsflow_worldcup_sniper,NOVA88,2775,WON,2913.75
2026-06-19,FIFA World Cup,Scotland,Morocco,0-1,OU,UNDER,2.25,1.98,50,0-1,oddsflow_worldcup_sniper,HGA,2715,WON,2660.7
2026-06-20,FIFA World Cup,Brazil,Haiti,3-0,AH,HOME,-2.5,1.82,0,0-0,oddsflow_worldcup_prematch,APIFOOTBALL,2300,WON,1886
2026-06-20,FIFA World Cup,Brazil,Haiti,3-0,OU,OVER,3.5,1.8,0,0-0,oddsflow_worldcup_prematch,APIFOOTBALL,1500,LOST,-1500
2026-06-20,FIFA World Cup,Brazil,Haiti,3-0,AH,HOME,-2.5,1.88,0,0-0,oddsflow_worldcup_prematch,NOVA88,2100,WON,1848
2026-06-20,FIFA World Cup,Brazil,Haiti,3-0,OU,OVER,3.5,1.81,0,0-0,oddsflow_worldcup_prematch,NOVA88,1500,LOST,-1500
2026-06-20,FIFA World Cup,Brazil,Haiti,3-0,AH,HOME,-2.75,1.86,0,0-0,oddsflow_worldcup_prematch,HGA,2100,HALF_WON,903
2026-06-20,FIFA World Cup,Brazil,Haiti,3-0,OU,OVER,3.5,1.84,0,0-0,oddsflow_worldcup_prematch,HGA,1400,LOST,-1400
2026-06-20,FIFA World Cup,Türkiye,Paraguay,0-1,AH,HOME,-0.5,2.05,0,0-0,oddsflow_worldcup_prematch,APIFOOTBALL,1000,LOST,-1000
2026-06-20,FIFA World Cup,Türkiye,Paraguay,0-1,OU,UNDER,2.5,1.8,0,0-0,oddsflow_worldcup_prematch,APIFOOTBALL,1000,WON,800
2026-06-20,FIFA World Cup,Türkiye,Paraguay,0-1,1X2,HOME,0,2.05,0,0-0,oddsflow_worldcup_prematch,APIFOOTBALL,1000,LOST,-1000
2026-06-20,FIFA World Cup,Türkiye,Paraguay,0-1,AH,HOME,-0.5,2.11,0,0-0,oddsflow_worldcup_prematch,NOVA88,1000,LOST,-1000
2026-06-20,FIFA World Cup,Türkiye,Paraguay,0-1,OU,UNDER,2.25,2.07,0,0-0,oddsflow_worldcup_prematch,NOVA88,1000,WON,1070
2026-06-20,FIFA World Cup,Türkiye,Paraguay,0-1,1X2,HOME,0,2.11,0,0-0,oddsflow_worldcup_prematch,NOVA88,1000,LOST,-1000
2026-06-20,FIFA World Cup,Türkiye,Paraguay,0-1,AH,HOME,-0.5,1.83,0,0-0,oddsflow_worldcup_prematch,HGA,1000,LOST,-1000
2026-06-20,FIFA World Cup,Türkiye,Paraguay,0-1,OU,UNDER,2.25,2.07,0,0-0,oddsflow_worldcup_prematch,HGA,1000,WON,1070
2026-06-20,FIFA World Cup,Türkiye,Paraguay,0-1,1X2,HOME,0,2.05,0,0-0,oddsflow_worldcup_prematch,HGA,1000,LOST,-1000
2026-06-20,FIFA World Cup,Brazil,Haiti,3-0,AH,AWAY,-1.5,2.15,35,1-0,oddsflow_worldcup_hybrid,APIFOOTBALL,1939,LOST,-1939
2026-06-20,FIFA World Cup,Brazil,Haiti,3-0,OU,UNDER,3.5,1.727,35,1-0,oddsflow_worldcup_hybrid,APIFOOTBALL,2507,WON,1822.59
2026-06-20,FIFA World Cup,Brazil,Haiti,3-0,OU,UNDER,3.25,2.01,35,1-0,oddsflow_worldcup_hybrid,NOVA88,4086,HALF_WON,2063.43
2026-06-20,FIFA World Cup,Brazil,Haiti,3-0,OU,UNDER,3.25,1.99,35,1-0,oddsflow_worldcup_hybrid,HGA,4082,HALF_WON,2020.59
2026-06-20,FIFA World Cup,Brazil,Haiti,3-0,AH,AWAY,-1.5,2.15,35,1-0,oddsflow_worldcup_blend,APIFOOTBALL,1948,LOST,-1948
2026-06-20,FIFA World Cup,Brazil,Haiti,3-0,AH,AWAY,-1.5,2.15,35,1-0,oddsflow_worldcup_sniper,APIFOOTBALL,1924,LOST,-1924
2026-06-20,FIFA World Cup,Brazil,Haiti,3-0,OU,UNDER,3.5,1.727,35,1-0,oddsflow_worldcup_blend,APIFOOTBALL,2523,WON,1834.22
2026-06-20,FIFA World Cup,Brazil,Haiti,3-0,OU,UNDER,3.5,1.727,35,1-0,oddsflow_worldcup_sniper,APIFOOTBALL,2495,WON,1813.87
2026-06-20,FIFA World Cup,Brazil,Haiti,3-0,OU,UNDER,3.25,2.01,35,1-0,oddsflow_worldcup_blend,NOVA88,4109,HALF_WON,2075.04
2026-06-20,FIFA World Cup,Brazil,Haiti,3-0,OU,UNDER,3.25,2.01,35,1-0,oddsflow_worldcup_sniper,NOVA88,4068,HALF_WON,2054.34
2026-06-20,FIFA World Cup,Brazil,Haiti,3-0,OU,UNDER,3.25,1.99,35,1-0,oddsflow_worldcup_blend,HGA,4105,HALF_WON,2031.98
2026-06-20,FIFA World Cup,Brazil,Haiti,3-0,OU,UNDER,3.25,1.99,35,1-0,oddsflow_worldcup_sniper,HGA,4064,HALF_WON,2011.68
2026-06-20,FIFA World Cup,Brazil,Haiti,3-0,OU,UNDER,4.5,1.666,38,2-0,oddsflow_worldcup_hybrid,APIFOOTBALL,2030,WON,1351.98
2026-06-20,FIFA World Cup,Brazil,Haiti,3-0,OU,UNDER,4.5,1.666,38,2-0,oddsflow_worldcup_blend,APIFOOTBALL,2018,WON,1343.99
2026-06-20,FIFA World Cup,Brazil,Haiti,3-0,OU,UNDER,4.5,1.666,38,2-0,oddsflow_worldcup_sniper,APIFOOTBALL,2029,WON,1351.31
2026-06-20,FIFA World Cup,Netherlands,Sweden,5-1,AH,HOME,-0.75,1.9,0,0-0,oddsflow_worldcup_prematch,APIFOOTBALL,1000,WON,900
2026-06-20,FIFA World Cup,Netherlands,Sweden,5-1,OU,UNDER,2.5,2.3,0,0-0,oddsflow_worldcup_prematch,APIFOOTBALL,1000,LOST,-1000
2026-06-20,FIFA World Cup,Netherlands,Sweden,5-1,1X2,HOME,0,1.7,0,0-0,oddsflow_worldcup_prematch,APIFOOTBALL,1000,WON,700
2026-06-20,FIFA World Cup,Netherlands,Sweden,5-1,AH,HOME,-0.75,1.87,0,0-0,oddsflow_worldcup_prematch,NOVA88,1000,WON,870
2026-06-20,FIFA World Cup,Netherlands,Sweden,5-1,OU,UNDER,3,1.82,0,0-0,oddsflow_worldcup_prematch,NOVA88,1000,LOST,-1000
2026-06-20,FIFA World Cup,Netherlands,Sweden,5-1,AH,HOME,-0.75,1.87,0,0-0,oddsflow_worldcup_prematch,HGA,1000,WON,870
2026-06-20,FIFA World Cup,Netherlands,Sweden,5-1,OU,UNDER,3,1.82,0,0-0,oddsflow_worldcup_prematch,HGA,1000,LOST,-1000
2026-06-20,FIFA World Cup,Germany,Ivory Coast,2-1,AH,HOME,-1,1.8,0,0-0,oddsflow_worldcup_prematch,APIFOOTBALL,1000,VOID,0
2026-06-20,FIFA World Cup,Germany,Ivory Coast,2-1,OU,UNDER,2.5,2.38,0,0-0,oddsflow_worldcup_prematch,APIFOOTBALL,1000,LOST,-1000
2026-06-20,FIFA World Cup,Germany,Ivory Coast,2-1,AH,HOME,-1.25,2.07,0,0-0,oddsflow_worldcup_prematch,NOVA88,1000,HALF_LOST,-500
2026-06-20,FIFA World Cup,Germany,Ivory Coast,2-1,OU,UNDER,3,1.9,0,0-0,oddsflow_worldcup_prematch,NOVA88,1000,VOID,0
2026-06-20,FIFA World Cup,Germany,Ivory Coast,2-1,AH,HOME,-1.25,2.07,0,0-0,oddsflow_worldcup_prematch,HGA,1000,HALF_LOST,-500
2026-06-20,FIFA World Cup,Germany,Ivory Coast,2-1,OU,UNDER,3,1.9,0,0-0,oddsflow_worldcup_prematch,HGA,1000,VOID,0
2026-06-20,FIFA World Cup,Netherlands,Sweden,5-1,AH,AWAY,0,2.75,35,2-0,oddsflow_worldcup_blend,APIFOOTBALL,1524,LOST,-1524
2026-06-20,FIFA World Cup,Netherlands,Sweden,5-1,OU,OVER,4.5,2.375,35,2-0,oddsflow_worldcup_blend,APIFOOTBALL,1022,WON,1405.25
2026-06-20,FIFA World Cup,Netherlands,Sweden,5-1,AH,AWAY,0,2.75,35,2-0,oddsflow_worldcup_sniper,APIFOOTBALL,1524,LOST,-1524
2026-06-20,FIFA World Cup,Netherlands,Sweden,5-1,OU,OVER,4.5,2.375,35,2-0,oddsflow_worldcup_sniper,APIFOOTBALL,1038,WON,1427.25
2026-06-20,FIFA World Cup,Netherlands,Sweden,5-1,OU,OVER,3.5,1.5,39,2-0,oddsflow_worldcup_blend,APIFOOTBALL,1513,WON,756.5
2026-06-20,FIFA World Cup,Netherlands,Sweden,5-1,OU,OVER,4,1.94,39,2-0,oddsflow_worldcup_blend,NOVA88,3204,WON,3011.76
2026-06-20,FIFA World Cup,Netherlands,Sweden,5-1,OU,OVER,4,1.94,39,2-0,oddsflow_worldcup_blend,HGA,3204,WON,3011.76
2026-06-20,FIFA World Cup,Netherlands,Sweden,5-1,OU,OVER,3.5,1.5,39,2-0,oddsflow_worldcup_sniper,APIFOOTBALL,1480,WON,740
2026-06-20,FIFA World Cup,Netherlands,Sweden,5-1,OU,OVER,4,1.94,39,2-0,oddsflow_worldcup_sniper,NOVA88,3159,WON,2969.46
2026-06-20,FIFA World Cup,Netherlands,Sweden,5-1,OU,OVER,4,1.94,39,2-0,oddsflow_worldcup_sniper,HGA,3159,WON,2969.46
2026-06-20,FIFA World Cup,Germany,Ivory Coast,2-1,AH,AWAY,-1,1.925,10,0-0,oddsflow_worldcup_full,APIFOOTBALL,200,VOID,0
2026-06-20,FIFA World Cup,Germany,Ivory Coast,2-1,AH,AWAY,-1,1.99,10,0-0,oddsflow_worldcup_full,NOVA88,3622,VOID,0
2026-06-20,FIFA World Cup,Germany,Ivory Coast,2-1,AH,AWAY,-1,1.94,10,0-0,oddsflow_worldcup_full,HGA,3598,VOID,0
2026-06-20,FIFA World Cup,Germany,Ivory Coast,2-1,OU,UNDER,3.5,1.727,35,0-1,oddsflow_worldcup_blend,APIFOOTBALL,2234,WON,1624.12
2026-06-20,FIFA World Cup,Germany,Ivory Coast,2-1,OU,UNDER,3.25,2.02,35,0-1,oddsflow_worldcup_blend,NOVA88,3694,HALF_WON,1883.94
2026-06-20,FIFA World Cup,Germany,Ivory Coast,2-1,OU,UNDER,3.25,2.02,35,0-1,oddsflow_worldcup_blend,HGA,3694,HALF_WON,1883.94
2026-06-20,FIFA World Cup,Germany,Ivory Coast,2-1,OU,UNDER,3.5,1.727,35,0-1,oddsflow_worldcup_sniper,APIFOOTBALL,2205,WON,1603.04
2026-06-20,FIFA World Cup,Germany,Ivory Coast,2-1,OU,UNDER,3.25,2.01,35,0-1,oddsflow_worldcup_sniper,NOVA88,3649,HALF_WON,1842.74
2026-06-20,FIFA World Cup,Germany,Ivory Coast,2-1,OU,UNDER,3.25,2.02,35,0-1,oddsflow_worldcup_sniper,HGA,3653,HALF_WON,1863.03
2026-06-20,FIFA World Cup,Germany,Ivory Coast,2-1,1X2,AWAY,0,2.5,35,0-1,oddsflow_worldcup_blend,APIFOOTBALL,1000,LOST,-1000
2026-06-20,FIFA World Cup,Germany,Ivory Coast,2-1,1X2,AWAY,0,2.65,35,0-1,oddsflow_worldcup_blend,NOVA88,1387,LOST,-1387
2026-06-20,FIFA World Cup,Germany,Ivory Coast,2-1,1X2,AWAY,0,2.56,35,0-1,oddsflow_worldcup_blend,HGA,1319,LOST,-1319
2026-06-20,FIFA World Cup,Germany,Ivory Coast,2-1,1X2,AWAY,0,2.5,35,0-1,oddsflow_worldcup_sniper,APIFOOTBALL,1000,LOST,-1000
2026-06-20,FIFA World Cup,Germany,Ivory Coast,2-1,1X2,AWAY,0,2.65,35,0-1,oddsflow_worldcup_sniper,NOVA88,2260,LOST,-2260
2026-06-20,FIFA World Cup,Germany,Ivory Coast,2-1,1X2,AWAY,0,2.56,35,0-1,oddsflow_worldcup_sniper,HGA,2211,LOST,-2211
2026-06-20,FIFA World Cup,Germany,Ivory Coast,2-1,OU,UNDER,2.5,2.5,45,0-1,oddsflow_worldcup_blend,APIFOOTBALL,1000,LOST,-1000
2026-06-20,FIFA World Cup,Germany,Ivory Coast,2-1,OU,UNDER,2.5,2.5,45,0-1,oddsflow_worldcup_sniper,APIFOOTBALL,1000,LOST,-1000
2026-06-20,FIFA World Cup,Germany,Ivory Coast,2-1,1X2,DRAW,0,2.05,69,1-1,oddsflow_worldcup_blend,APIFOOTBALL,1000,LOST,-1000
2026-06-20,FIFA World Cup,Germany,Ivory Coast,2-1,1X2,DRAW,0,2.05,69,1-1,oddsflow_worldcup_sniper,APIFOOTBALL,1000,LOST,-1000
2026-06-20,FIFA World Cup,Germany,Ivory Coast,2-1,1X2,DRAW,0,2.06,69,1-1,oddsflow_worldcup_blend,NOVA88,1000,LOST,-1000
2026-06-20,FIFA World Cup,Germany,Ivory Coast,2-1,1X2,DRAW,0,2.06,69,1-1,oddsflow_worldcup_sniper,NOVA88,1056,LOST,-1056
2026-06-20,FIFA World Cup,Germany,Ivory Coast,2-1,1X2,DRAW,0,2.09,69,1-1,oddsflow_worldcup_blend,HGA,1000,LOST,-1000
2026-06-20,FIFA World Cup,Germany,Ivory Coast,2-1,1X2,DRAW,0,2.09,69,1-1,oddsflow_worldcup_sniper,HGA,1102,LOST,-1102
2026-06-20,Brasileirão Série B,Ceara,Botafogo SP,0-1,AH,HOME,-0.5,1.85,10,0-0,oddsflow_core_strategy,APIFOOTBALL,4,LOST,-4
2026-06-20,Brasileirão Série B,Ceara,Botafogo SP,0-1,AH,HOME,-0.5,1.87,10,0-0,oddsflow_core_strategy,NOVA88,20,LOST,-20
2026-06-21,FIFA World Cup,Ecuador,Curaçao,0-0,AH,AWAY,-2.25,1.92,0,0-0,oddsflow_worldcup_prematch,APIFOOTBALL,2300,WON,2116
2026-06-21,FIFA World Cup,Ecuador,Curaçao,0-0,OU,UNDER,2.5,2.38,0,0-0,oddsflow_worldcup_prematch,APIFOOTBALL,1100,WON,1518
2026-06-21,FIFA World Cup,Ecuador,Curaçao,0-0,1X2,AWAY,0,19,0,0-0,oddsflow_worldcup_prematch,APIFOOTBALL,1000,LOST,-1000
2026-06-21,FIFA World Cup,Ecuador,Curaçao,0-0,AH,AWAY,-2.25,1.91,0,0-0,oddsflow_worldcup_prematch,NOVA88,2300,WON,2093
2026-06-21,FIFA World Cup,Ecuador,Curaçao,0-0,OU,UNDER,3,1.94,0,0-0,oddsflow_worldcup_prematch,NOVA88,1500,WON,1410
2026-06-21,FIFA World Cup,Ecuador,Curaçao,0-0,1X2,AWAY,0,23,0,0-0,oddsflow_worldcup_prematch,NOVA88,1000,LOST,-1000
2026-06-21,FIFA World Cup,Ecuador,Curaçao,0-0,AH,AWAY,-2.25,1.91,0,0-0,oddsflow_worldcup_prematch,HGA,2300,WON,2093
2026-06-21,FIFA World Cup,Ecuador,Curaçao,0-0,OU,UNDER,3,1.94,0,0-0,oddsflow_worldcup_prematch,HGA,1500,WON,1410
2026-06-21,FIFA World Cup,Ecuador,Curaçao,0-0,1X2,AWAY,0,23,0,0-0,oddsflow_worldcup_prematch,HGA,1000,LOST,-1000
2026-06-21,FIFA World Cup,Tunisia,Japan,0-4,AH,AWAY,1,1.95,0,0-0,oddsflow_worldcup_prematch,APIFOOTBALL,1000,WON,950
2026-06-21,FIFA World Cup,Tunisia,Japan,0-4,OU,OVER,2.5,2.1,0,0-0,oddsflow_worldcup_prematch,APIFOOTBALL,1000,WON,1100
2026-06-21,FIFA World Cup,Tunisia,Japan,0-4,AH,AWAY,1,1.93,0,0-0,oddsflow_worldcup_prematch,NOVA88,1000,WON,930
2026-06-21,FIFA World Cup,Tunisia,Japan,0-4,OU,OVER,2.25,1.84,0,0-0,oddsflow_worldcup_prematch,NOVA88,1100,WON,924
2026-06-21,FIFA World Cup,Tunisia,Japan,0-4,AH,AWAY,1,1.93,0,0-0,oddsflow_worldcup_prematch,HGA,1000,WON,930
2026-06-21,FIFA World Cup,Tunisia,Japan,0-4,OU,OVER,2.25,1.84,0,0-0,oddsflow_worldcup_prematch,HGA,1100,WON,924
2026-06-21,FIFA World Cup,Tunisia,Japan,0-4,AH,AWAY,1,2.3,17,0-1,oddsflow_worldcup_full,APIFOOTBALL,200,WON,260
2026-06-21,FIFA World Cup,Tunisia,Japan,0-4,AH,AWAY,1,2.75,35,0-2,oddsflow_worldcup_hybrid,APIFOOTBALL,1000,WON,1750
2026-06-21,FIFA World Cup,Tunisia,Japan,0-4,AH,AWAY,1,2.75,35,0-2,oddsflow_worldcup_sniper,APIFOOTBALL,1000,WON,1750
2026-06-21,FIFA World Cup,Tunisia,Japan,0-4,AH,AWAY,1,2.75,35,0-2,oddsflow_worldcup_blend,APIFOOTBALL,1000,WON,1750
2026-06-21,FIFA World Cup,Tunisia,Japan,0-4,OU,OVER,3.5,1.727,35,0-2,oddsflow_worldcup_hybrid,APIFOOTBALL,1495,WON,1086.87
2026-06-21,FIFA World Cup,Tunisia,Japan,0-4,OU,OVER,3.5,1.727,35,0-2,oddsflow_worldcup_sniper,APIFOOTBALL,1537,WON,1117.4
2026-06-21,FIFA World Cup,Tunisia,Japan,0-4,OU,OVER,3.5,1.727,35,0-2,oddsflow_worldcup_blend,APIFOOTBALL,1480,WON,1075.96
2026-06-21,FIFA World Cup,Tunisia,Japan,0-4,OU,OVER,3.5,1.84,35,0-2,oddsflow_worldcup_hybrid,NOVA88,2433,WON,2043.72
2026-06-21,FIFA World Cup,Tunisia,Japan,0-4,OU,OVER,3.5,1.84,35,0-2,oddsflow_worldcup_sniper,NOVA88,2499,WON,2099.16
2026-06-21,FIFA World Cup,Tunisia,Japan,0-4,OU,OVER,3.5,1.84,35,0-2,oddsflow_worldcup_blend,NOVA88,2408,WON,2022.72
2026-06-21,FIFA World Cup,Tunisia,Japan,0-4,OU,OVER,3.75,2.04,35,0-2,oddsflow_worldcup_hybrid,HGA,2649,HALF_WON,1377.48
2026-06-21,FIFA World Cup,Tunisia,Japan,0-4,OU,OVER,3.75,2.04,35,0-2,oddsflow_worldcup_sniper,HGA,2708,HALF_WON,1408.16
2026-06-21,FIFA World Cup,Tunisia,Japan,0-4,OU,OVER,3.75,2.04,35,0-2,oddsflow_worldcup_blend,HGA,2627,HALF_WON,1366.04
2026-06-21,FIFA World Cup,Tunisia,Japan,0-4,OU,OVER,2.5,1.533,58,0-2,oddsflow_worldcup_blend,APIFOOTBALL,1000,WON,533
2026-06-21,FIFA World Cup,Tunisia,Japan,0-4,OU,OVER,2.5,1.533,58,0-2,oddsflow_worldcup_sniper,APIFOOTBALL,1000,WON,533
2026-06-21,Brasileirão Série B,Avai,Cuiaba,1-0,AH,AWAY,0,1.875,10,0-0,oddsflow_core_strategy,APIFOOTBALL,7,LOST,-7
2026-06-21,Brasileirão Série B,Avai,Cuiaba,1-0,AH,AWAY,0,1.9,10,0-0,oddsflow_core_strategy,NOVA88,50,LOST,-50
2026-06-21,Brasileirão Série B,Avai,Cuiaba,1-0,AH,AWAY,0,1.87,10,0-0,oddsflow_core_strategy,HGA,100,LOST,-100
2026-06-21,Brasileirão Série B,Avai,Cuiaba,1-0,AH,AWAY,0.5,2.5,18,0-0,oddsflow_core_strategy,APIFOOTBALL,4,LOST,-4
2026-06-21,FIFA World Cup,Spain,Saudi Arabia,4-0,AH,AWAY,-2.75,1.9,0,0-0,oddsflow_worldcup_prematch,APIFOOTBALL,2100,LOST,-2100
2026-06-21,FIFA World Cup,Spain,Saudi Arabia,4-0,OU,UNDER,3.5,1.91,0,0-0,oddsflow_worldcup_prematch,APIFOOTBALL,1300,LOST,-1300
2026-06-21,FIFA World Cup,Spain,Saudi Arabia,4-0,AH,AWAY,-2.75,1.9,0,0-0,oddsflow_worldcup_prematch,NOVA88,2100,LOST,-2100
2026-06-21,FIFA World Cup,Spain,Saudi Arabia,4-0,OU,UNDER,3.5,2.01,0,0-0,oddsflow_worldcup_prematch,NOVA88,1200,LOST,-1200
2026-06-21,FIFA World Cup,Spain,Saudi Arabia,4-0,AH,AWAY,-2.75,1.89,0,0-0,oddsflow_worldcup_prematch,HGA,2100,LOST,-2100
2026-06-21,FIFA World Cup,Spain,Saudi Arabia,4-0,OU,UNDER,3.5,1.99,0,0-0,oddsflow_worldcup_prematch,HGA,1200,LOST,-1200
2026-06-21,FIFA World Cup,Belgium,Iran,0-0,AH,AWAY,-1.25,1.92,0,0-0,oddsflow_worldcup_prematch,APIFOOTBALL,1000,WON,920
2026-06-21,FIFA World Cup,Belgium,Iran,0-0,OU,UNDER,2.5,2,0,0-0,oddsflow_worldcup_prematch,APIFOOTBALL,1000,WON,1000
2026-06-21,FIFA World Cup,Belgium,Iran,0-0,AH,AWAY,-1.25,1.95,0,0-0,oddsflow_worldcup_prematch,NOVA88,1000,WON,950
2026-06-21,FIFA World Cup,Belgium,Iran,0-0,OU,UNDER,2.75,1.85,0,0-0,oddsflow_worldcup_prematch,NOVA88,1000,WON,850
2026-06-21,FIFA World Cup,Belgium,Iran,0-0,AH,AWAY,-1.25,1.94,0,0-0,oddsflow_worldcup_prematch,HGA,1000,WON,940
2026-06-21,FIFA World Cup,Belgium,Iran,0-0,OU,UNDER,2.75,1.83,0,0-0,oddsflow_worldcup_prematch,HGA,1000,WON,830
2026-06-21,FIFA World Cup,Uruguay,Cape Verde Islands,2-2,AH,AWAY,-1,2.05,0,0-0,oddsflow_worldcup_prematch,APIFOOTBALL,1000,WON,1050
2026-06-21,FIFA World Cup,Uruguay,Cape Verde Islands,2-2,OU,OVER,2.5,2.2,0,0-0,oddsflow_worldcup_prematch,APIFOOTBALL,1000,WON,1200
2026-06-21,FIFA World Cup,Uruguay,Cape Verde Islands,2-2,1X2,DRAW,0,4.33,0,0-0,oddsflow_worldcup_prematch,APIFOOTBALL,1000,WON,3330
2026-06-21,FIFA World Cup,Uruguay,Cape Verde Islands,2-2,AH,AWAY,-1.25,1.82,0,0-0,oddsflow_worldcup_prematch,NOVA88,1200,WON,984
2026-06-21,FIFA World Cup,Uruguay,Cape Verde Islands,2-2,OU,OVER,2.25,2.06,0,0-0,oddsflow_worldcup_prematch,NOVA88,1000,WON,1060
2026-06-21,FIFA World Cup,Uruguay,Cape Verde Islands,2-2,1X2,DRAW,0,4.1,0,0-0,oddsflow_worldcup_prematch,NOVA88,1000,WON,3100
2026-06-21,FIFA World Cup,Uruguay,Cape Verde Islands,2-2,AH,AWAY,-1.25,1.8,0,0-0,oddsflow_worldcup_prematch,HGA,1200,WON,960
2026-06-21,FIFA World Cup,Uruguay,Cape Verde Islands,2-2,OU,OVER,2.25,2.03,0,0-0,oddsflow_worldcup_prematch,HGA,1000,WON,1030
2026-06-21,FIFA World Cup,Uruguay,Cape Verde Islands,2-2,1X2,DRAW,0,4.3,0,0-0,oddsflow_worldcup_prematch,HGA,1000,WON,3300
2026-06-21,Brasileirão Série B,CRB,Fortaleza EC,1-1,AH,AWAY,0,1.85,11,1-0,oddsflow_core_strategy,APIFOOTBALL,8,WON,6.8
2026-06-21,Brasileirão Série B,CRB,Fortaleza EC,1-1,AH,AWAY,0,1.94,11,1-0,oddsflow_core_strategy,NOVA88,50,WON,47
2026-06-21,Brasileirão Série B,CRB,Fortaleza EC,1-1,AH,AWAY,0,1.84,11,1-0,oddsflow_core_strategy,HGA,100,WON,84
2026-06-21,Brasileirão Série B,São Bernardo,Juventude,0-1,AH,AWAY,0,1.9,10,0-0,oddsflow_core_strategy,APIFOOTBALL,4,WON,3.6
2026-06-21,Brasileirão Série B,São Bernardo,Juventude,0-1,AH,AWAY,0,1.97,10,0-0,oddsflow_core_strategy,NOVA88,48,WON,46.56
2026-06-21,Brasileirão Série B,São Bernardo,Juventude,0-1,AH,AWAY,0,1.87,10,0-0,oddsflow_core_strategy,HGA,83,WON,72.21
2026-06-21,FIFA World Cup,Uruguay,Cape Verde Islands,2-2,OU,UNDER,2.5,2.5,35,0-1,oddsflow_worldcup_blend,APIFOOTBALL,1142,LOST,-1142
2026-06-21,FIFA World Cup,Uruguay,Cape Verde Islands,2-2,OU,UNDER,2.5,2.5,35,0-1,oddsflow_worldcup_sniper,APIFOOTBALL,1132,LOST,-1132
2026-06-21,FIFA World Cup,Uruguay,Cape Verde Islands,2-2,OU,UNDER,2.75,2.11,35,0-1,oddsflow_worldcup_blend,NOVA88,2453,LOST,-2453
2026-06-21,FIFA World Cup,Uruguay,Cape Verde Islands,2-2,OU,UNDER,2.75,2.11,35,0-1,oddsflow_worldcup_sniper,NOVA88,2425,LOST,-2425
2026-06-21,FIFA World Cup,Uruguay,Cape Verde Islands,2-2,OU,UNDER,3,1.78,35,0-1,oddsflow_worldcup_blend,HGA,2043,LOST,-2043
2026-06-21,FIFA World Cup,Uruguay,Cape Verde Islands,2-2,1X2,AWAY,0,2.5,44,0-1,oddsflow_worldcup_sniper,APIFOOTBALL,1000,LOST,-1000
2026-06-21,FIFA World Cup,Uruguay,Cape Verde Islands,2-2,1X2,AWAY,0,2.5,44,0-1,oddsflow_worldcup_blend,APIFOOTBALL,1000,LOST,-1000
2026-06-21,FIFA World Cup,Uruguay,Cape Verde Islands,2-2,1X2,AWAY,0,2.61,44,0-1,oddsflow_worldcup_sniper,NOVA88,2102,LOST,-2102
2026-06-21,FIFA World Cup,Uruguay,Cape Verde Islands,2-2,1X2,AWAY,0,2.61,44,0-1,oddsflow_worldcup_blend,NOVA88,1152,LOST,-1152
2026-06-21,FIFA World Cup,Uruguay,Cape Verde Islands,2-2,AH,AWAY,-0.5,2.2,44,1-1,oddsflow_worldcup_full,APIFOOTBALL,200,WON,240
2026-06-21,FIFA World Cup,Uruguay,Cape Verde Islands,2-2,AH,AWAY,-0.5,2.2,44,1-1,oddsflow_worldcup_sniper,APIFOOTBALL,1000,WON,1200
2026-06-21,FIFA World Cup,Uruguay,Cape Verde Islands,2-2,AH,AWAY,-0.5,2.2,44,1-1,oddsflow_worldcup_blend,APIFOOTBALL,1000,WON,1200
2026-06-21,FIFA World Cup,Uruguay,Cape Verde Islands,2-2,1X2,DRAW,0,3.1,44,1-1,oddsflow_worldcup_sniper,APIFOOTBALL,1000,WON,2100
2026-06-21,FIFA World Cup,Uruguay,Cape Verde Islands,2-2,1X2,DRAW,0,3.1,44,1-1,oddsflow_worldcup_blend,APIFOOTBALL,1000,WON,2100
2026-06-21,FIFA World Cup,Uruguay,Cape Verde Islands,2-2,1X2,DRAW,0,3.05,44,1-1,oddsflow_worldcup_sniper,NOVA88,1447,WON,2966.35
2026-06-21,FIFA World Cup,Uruguay,Cape Verde Islands,2-2,1X2,DRAW,0,3.05,44,1-1,oddsflow_worldcup_blend,NOVA88,1000,WON,2050
2026-06-21,FIFA World Cup,Uruguay,Cape Verde Islands,2-2,1X2,DRAW,0,3.2,44,1-1,oddsflow_worldcup_sniper,HGA,1515,WON,3333
2026-06-21,FIFA World Cup,Uruguay,Cape Verde Islands,2-2,1X2,DRAW,0,3.2,44,1-1,oddsflow_worldcup_blend,HGA,1000,WON,2200
2026-06-21,FIFA World Cup,Uruguay,Cape Verde Islands,2-2,AH,AWAY,-0.5,2.2,48,2-1,oddsflow_worldcup_hybrid,APIFOOTBALL,1281,WON,1537.2
2026-06-21,FIFA World Cup,Uruguay,Cape Verde Islands,2-2,OU,UNDER,4.5,1.666,48,2-1,oddsflow_worldcup_hybrid,APIFOOTBALL,1961,WON,1306.03
2026-06-21,FIFA World Cup,Uruguay,Cape Verde Islands,2-2,OU,UNDER,4.25,1.97,48,2-1,oddsflow_worldcup_hybrid,NOVA88,3214,HALF_WON,1558.79
2026-06-21,FIFA World Cup,Uruguay,Cape Verde Islands,2-2,OU,UNDER,4.25,1.93,48,2-1,oddsflow_worldcup_hybrid,HGA,3186,HALF_WON,1481.49
2026-06-21,FIFA World Cup,Uruguay,Cape Verde Islands,2-2,OU,UNDER,4.5,1.666,48,2-1,oddsflow_worldcup_sniper,APIFOOTBALL,1177,WON,783.88
2026-06-21,FIFA World Cup,Uruguay,Cape Verde Islands,2-2,OU,UNDER,4.5,1.666,48,2-1,oddsflow_worldcup_blend,APIFOOTBALL,1193,WON,794.54
2026-06-21,FIFA World Cup,Uruguay,Cape Verde Islands,2-2,OU,UNDER,4.25,1.93,48,2-1,oddsflow_worldcup_sniper,HGA,3188,HALF_WON,1482.42
2026-06-22,FIFA World Cup,New Zealand,Egypt,1-3,AH,AWAY,1,1.98,0,0-0,oddsflow_worldcup_prematch,APIFOOTBALL,1000,WON,980
2026-06-22,FIFA World Cup,New Zealand,Egypt,1-3,OU,OVER,2.5,2,0,0-0,oddsflow_worldcup_prematch,APIFOOTBALL,1000,WON,1000
2026-06-22,FIFA World Cup,New Zealand,Egypt,1-3,AH,AWAY,1,2.05,0,0-0,oddsflow_worldcup_prematch,NOVA88,1000,WON,1050
2026-06-22,FIFA World Cup,New Zealand,Egypt,1-3,OU,OVER,2.25,1.81,0,0-0,oddsflow_worldcup_prematch,NOVA88,1200,WON,972
2026-06-22,FIFA World Cup,New Zealand,Egypt,1-3,AH,AWAY,1,2.03,0,0-0,oddsflow_worldcup_prematch,HGA,1000,WON,1030
2026-06-22,FIFA World Cup,New Zealand,Egypt,1-3,OU,OVER,2.5,2.06,0,0-0,oddsflow_worldcup_prematch,HGA,1000,WON,1060
2026-06-22,FIFA World Cup,New Zealand,Egypt,1-3,AH,HOME,0.5,2.2,10,0-0,oddsflow_worldcup_full,APIFOOTBALL,200,LOST,-200
2026-06-22,FIFA World Cup,New Zealand,Egypt,1-3,1X2,HOME,0,2.25,35,1-0,oddsflow_worldcup_blend,APIFOOTBALL,1000,LOST,-1000
2026-06-22,FIFA World Cup,New Zealand,Egypt,1-3,1X2,HOME,0,3.5,35,1-0,oddsflow_worldcup_blend,NOVA88,1629,LOST,-1629
2026-06-22,FIFA World Cup,New Zealand,Egypt,1-3,1X2,HOME,0,2.19,35,1-0,oddsflow_worldcup_blend,HGA,1000,LOST,-1000
2026-06-22,FIFA World Cup,New Zealand,Egypt,1-3,1X2,HOME,0,2.25,35,1-0,oddsflow_worldcup_sniper,APIFOOTBALL,1000,LOST,-1000
2026-06-22,FIFA World Cup,New Zealand,Egypt,1-3,1X2,HOME,0,3.5,35,1-0,oddsflow_worldcup_sniper,NOVA88,2001,LOST,-2001
2026-06-22,FIFA World Cup,New Zealand,Egypt,1-3,1X2,HOME,0,2.19,35,1-0,oddsflow_worldcup_sniper,HGA,1215,LOST,-1215
2026-06-22,FIFA World Cup,New Zealand,Egypt,1-3,AH,AWAY,1,2.675,41,1-0,oddsflow_worldcup_blend,APIFOOTBALL,1000,WON,1675
2026-06-22,FIFA World Cup,New Zealand,Egypt,1-3,AH,AWAY,1,2.675,41,1-0,oddsflow_worldcup_sniper,APIFOOTBALL,1000,WON,1675
2026-06-22,FIFA World Cup,New Zealand,Egypt,1-3,OU,UNDER,2.5,2,46,1-0,oddsflow_worldcup_blend,APIFOOTBALL,1000,LOST,-1000
2026-06-22,FIFA World Cup,New Zealand,Egypt,1-3,OU,UNDER,2.5,2,46,1-0,oddsflow_worldcup_sniper,APIFOOTBALL,1000,LOST,-1000
2026-06-22,FIFA World Cup,New Zealand,Egypt,1-3,1X2,DRAW,0,2.2,59,1-1,oddsflow_worldcup_sniper,APIFOOTBALL,1000,LOST,-1000
2026-06-22,FIFA World Cup,New Zealand,Egypt,1-3,1X2,DRAW,0,2.24,59,1-1,oddsflow_worldcup_sniper,HGA,1000,LOST,-1000
2026-06-22,FIFA World Cup,New Zealand,Egypt,1-3,1X2,DRAW,0,2.2,60,1-1,oddsflow_worldcup_blend,APIFOOTBALL,1000,LOST,-1000
2026-06-22,FIFA World Cup,New Zealand,Egypt,1-3,OU,OVER,2.5,1.571,64,1-1,oddsflow_worldcup_blend,APIFOOTBALL,1000,WON,571
2026-06-22,FIFA World Cup,New Zealand,Egypt,1-3,OU,OVER,2.5,1.571,64,1-1,oddsflow_worldcup_sniper,APIFOOTBALL,1000,WON,571
2026-06-22,FIFA World Cup,Argentina,Austria,2-0,AH,HOME,-1.25,2.05,0,0-0,oddsflow_worldcup_prematch,APIFOOTBALL,1400,WON,1470
2026-06-22,FIFA World Cup,Argentina,Austria,2-0,OU,OVER,2.5,1.91,0,0-0,oddsflow_worldcup_prematch,APIFOOTBALL,1000,LOST,-1000
2026-06-22,FIFA World Cup,Argentina,Austria,2-0,AH,HOME,-1.25,2.12,0,0-0,oddsflow_worldcup_prematch,NOVA88,1300,WON,1456
2026-06-22,FIFA World Cup,Argentina,Austria,2-0,OU,OVER,2.5,1.98,0,0-0,oddsflow_worldcup_prematch,NOVA88,1000,LOST,-1000
2026-06-22,FIFA World Cup,Argentina,Austria,2-0,AH,HOME,-1.25,2.09,0,0-0,oddsflow_worldcup_prematch,HGA,1400,WON,1526
2026-06-22,FIFA World Cup,Argentina,Austria,2-0,OU,OVER,2.5,1.95,0,0-0,oddsflow_worldcup_prematch,HGA,1000,LOST,-1000
2026-06-22,FIFA World Cup,France,Iraq,3-0,AH,HOME,-2.75,1.92,0,0-0,oddsflow_worldcup_prematch,APIFOOTBALL,1000,HALF_WON,460
2026-06-22,FIFA World Cup,France,Iraq,3-0,OU,OVER,3.5,1.8,0,0-0,oddsflow_worldcup_prematch,APIFOOTBALL,1000,LOST,-1000
2026-06-22,FIFA World Cup,France,Iraq,3-0,AH,HOME,-2.75,1.95,0,0-0,oddsflow_worldcup_prematch,NOVA88,1000,HALF_WON,475
2026-06-22,FIFA World Cup,France,Iraq,3-0,OU,OVER,3.5,1.86,0,0-0,oddsflow_worldcup_prematch,NOVA88,1000,LOST,-1000
2026-06-22,FIFA World Cup,France,Iraq,3-0,AH,HOME,-2.75,1.94,0,0-0,oddsflow_worldcup_prematch,HGA,1000,HALF_WON,470
2026-06-22,FIFA World Cup,France,Iraq,3-0,OU,OVER,3.75,2.07,0,0-0,oddsflow_worldcup_prematch,HGA,1000,LOST,-1000
2026-06-22,FIFA World Cup,Argentina,Austria,2-0,AH,HOME,-1.5,2.5,13,0-0,oddsflow_worldcup_full,APIFOOTBALL,200,WON,300
2026-06-22,FIFA World Cup,Argentina,Austria,2-0,1X2,HOME,0,1.666,36,0-0,oddsflow_worldcup_sniper,APIFOOTBALL,1000,WON,666
2026-06-22,FIFA World Cup,Argentina,Austria,2-0,1X2,HOME,0,1.666,36,0-0,oddsflow_worldcup_blend,APIFOOTBALL,1000,WON,666
2026-06-22,FIFA World Cup,Argentina,Austria,2-0,1X2,HOME,0,1.66,36,0-0,oddsflow_worldcup_sniper,NOVA88,1000,WON,660
2026-06-22,FIFA World Cup,Argentina,Austria,2-0,1X2,HOME,0,1.69,36,0-0,oddsflow_worldcup_sniper,HGA,1000,WON,690
2026-06-22,FIFA World Cup,Argentina,Austria,2-0,AH,HOME,-0.5,1.975,39,1-0,oddsflow_worldcup_sniper,APIFOOTBALL,1000,WON,975
2026-06-22,FIFA World Cup,Argentina,Austria,2-0,AH,HOME,-0.5,2.07,39,1-0,oddsflow_worldcup_sniper,NOVA88,1000,WON,1070
2026-06-22,FIFA World Cup,Argentina,Austria,2-0,AH,HOME,-0.5,1.975,39,1-0,oddsflow_worldcup_blend,APIFOOTBALL,1000,WON,975
2026-06-22,FIFA World Cup,Argentina,Austria,2-0,AH,HOME,-0.5,2.07,39,1-0,oddsflow_worldcup_blend,NOVA88,1000,WON,1070
2026-06-22,FIFA World Cup,Argentina,Austria,2-0,OU,UNDER,2.5,1.727,45,1-0,oddsflow_worldcup_sniper,APIFOOTBALL,1000,WON,727
2026-06-22,FIFA World Cup,Argentina,Austria,2-0,OU,UNDER,2.5,1.727,45,1-0,oddsflow_worldcup_blend,APIFOOTBALL,1000,WON,727
2026-06-22,FIFA World Cup,Argentina,Austria,2-0,AH,AWAY,0,2.75,49,1-0,oddsflow_worldcup_blend,APIFOOTBALL,1000,LOST,-1000
2026-06-22,FIFA World Cup,Argentina,Austria,2-0,AH,AWAY,0,2.75,49,1-0,oddsflow_worldcup_sniper,APIFOOTBALL,1000,LOST,-1000
2026-06-22,FIFA World Cup,Argentina,Austria,2-0,OU,OVER,1.5,1.533,62,1-0,oddsflow_worldcup_sniper,APIFOOTBALL,1000,WON,533
2026-06-22,FIFA World Cup,Argentina,Austria,2-0,OU,OVER,1.5,1.533,62,1-0,oddsflow_worldcup_blend,APIFOOTBALL,1000,WON,533
2026-06-22,FIFA World Cup,France,Iraq,3-0,AH,AWAY,-1.5,2.35,31,1-0,oddsflow_worldcup_full,APIFOOTBALL,200,LOST,-200
2026-06-22,FIFA World Cup,France,Iraq,3-0,AH,AWAY,-1.5,2.25,35,1-0,oddsflow_worldcup_sniper,APIFOOTBALL,1000,LOST,-1000
2026-06-22,FIFA World Cup,France,Iraq,3-0,AH,AWAY,-1.5,2.25,35,1-0,oddsflow_worldcup_blend,APIFOOTBALL,1000,LOST,-1000
2026-06-22,FIFA World Cup,France,Iraq,3-0,OU,OVER,3.5,2.375,38,1-0,oddsflow_worldcup_blend,APIFOOTBALL,1000,LOST,-1000
2026-06-22,FIFA World Cup,France,Iraq,3-0,OU,OVER,2.5,1.5,38,1-0,oddsflow_worldcup_sniper,APIFOOTBALL,1000,WON,500
2026-06-22,FIFA World Cup,France,Iraq,3-0,OU,OVER,2.5,1.5,38,1-0,oddsflow_worldcup_blend,APIFOOTBALL,1000,WON,500
2026-06-22,FIFA World Cup,France,Iraq,3-0,OU,OVER,3.5,2.5,39,1-0,oddsflow_worldcup_sniper,APIFOOTBALL,1000,LOST,-1000
2026-06-22,FIFA World Cup,France,Iraq,3-0,AH,AWAY,-1,2.75,44,1-0,oddsflow_worldcup_sniper,APIFOOTBALL,1000,LOST,-1000
2026-06-22,FIFA World Cup,France,Iraq,3-0,AH,AWAY,-1,2.75,44,1-0,oddsflow_worldcup_blend,APIFOOTBALL,1000,LOST,-1000
2026-06-22,Brasileirão Série B,Ponte Preta,Novorizontino,0-2,AH,AWAY,0.5,1.95,11,0-0,oddsflow_core_strategy,APIFOOTBALL,6,WON,5.7
2026-06-22,Brasileirão Série B,Ponte Preta,Novorizontino,0-2,AH,AWAY,0.5,2.06,11,0-0,oddsflow_core_strategy,NOVA88,50,WON,53
2026-06-22,Brasileirão Série B,Ponte Preta,Novorizontino,0-2,AH,AWAY,0.5,2,11,0-0,oddsflow_core_strategy,HGA,100,WON,100
2026-06-23,FIFA World Cup,Norway,Senegal,3-2,AH,HOME,-0.25,1.9,0,0-0,oddsflow_worldcup_prematch,APIFOOTBALL,1200,WON,1080
2026-06-23,FIFA World Cup,Norway,Senegal,3-2,OU,OVER,2.5,1.8,0,0-0,oddsflow_worldcup_prematch,APIFOOTBALL,1000,WON,800
2026-06-23,FIFA World Cup,Norway,Senegal,3-2,1X2,HOME,0,2.15,0,0-0,oddsflow_worldcup_prematch,APIFOOTBALL,1000,WON,1150
2026-06-23,FIFA World Cup,Norway,Senegal,3-2,AH,HOME,-0.25,1.98,0,0-0,oddsflow_worldcup_prematch,NOVA88,1000,WON,980
2026-06-23,FIFA World Cup,Norway,Senegal,3-2,OU,OVER,2.5,1.99,0,0-0,oddsflow_worldcup_prematch,NOVA88,1000,WON,990
2026-06-23,FIFA World Cup,Norway,Senegal,3-2,1X2,HOME,0,2.29,0,0-0,oddsflow_worldcup_prematch,NOVA88,1000,WON,1290
2026-06-23,FIFA World Cup,Norway,Senegal,3-2,AH,HOME,-0.25,1.94,0,0-0,oddsflow_worldcup_prematch,HGA,1100,WON,1034
2026-06-23,FIFA World Cup,Norway,Senegal,3-2,OU,OVER,2.5,1.94,0,0-0,oddsflow_worldcup_prematch,HGA,1000,WON,940
2026-06-23,FIFA World Cup,Norway,Senegal,3-2,1X2,HOME,0,2.23,0,0-0,oddsflow_worldcup_prematch,HGA,1000,WON,1230
2026-06-23,FIFA World Cup,Jordan,Algeria,1-2,AH,AWAY,1,1.88,0,0-0,oddsflow_worldcup_prematch,APIFOOTBALL,1000,VOID,0
2026-06-23,FIFA World Cup,Jordan,Algeria,1-2,OU,OVER,2.5,1.91,0,0-0,oddsflow_worldcup_prematch,APIFOOTBALL,1000,WON,910
2026-06-23,FIFA World Cup,Jordan,Algeria,1-2,AH,AWAY,1,1.91,0,0-0,oddsflow_worldcup_prematch,NOVA88,1000,VOID,0
2026-06-23,FIFA World Cup,Jordan,Algeria,1-2,OU,OVER,2.5,1.97,0,0-0,oddsflow_worldcup_prematch,NOVA88,1000,WON,970
2026-06-23,FIFA World Cup,Jordan,Algeria,1-2,AH,AWAY,1,1.87,0,0-0,oddsflow_worldcup_prematch,HGA,1000,VOID,0
2026-06-23,FIFA World Cup,Jordan,Algeria,1-2,OU,OVER,2.5,1.97,0,0-0,oddsflow_worldcup_prematch,HGA,1000,WON,970
2026-06-23,FIFA World Cup,Norway,Senegal,3-2,AH,AWAY,0,2,13,0-0,oddsflow_worldcup_full,APIFOOTBALL,200,LOST,-200
2026-06-23,FIFA World Cup,Norway,Senegal,3-2,AH,AWAY,0,2.02,13,0-0,oddsflow_worldcup_full,NOVA88,2160,LOST,-2160
2026-06-23,FIFA World Cup,Norway,Senegal,3-2,AH,AWAY,0,1.98,13,0-0,oddsflow_worldcup_full,HGA,2112,LOST,-2112
2026-06-23,FIFA World Cup,Norway,Senegal,3-2,AH,HOME,0,2.125,35,0-0,oddsflow_worldcup_blend,APIFOOTBALL,1335,WON,1501.88
2026-06-23,FIFA World Cup,Norway,Senegal,3-2,OU,OVER,1.5,1.727,35,0-0,oddsflow_worldcup_blend,APIFOOTBALL,1672,WON,1215.54
2026-06-23,FIFA World Cup,Norway,Senegal,3-2,AH,HOME,0,2.2,35,0-0,oddsflow_worldcup_blend,NOVA88,2730,WON,3276
2026-06-23,FIFA World Cup,Norway,Senegal,3-2,1X2,HOME,0,3.1,35,0-0,oddsflow_worldcup_blend,APIFOOTBALL,1000,WON,2100
2026-06-23,FIFA World Cup,Norway,Senegal,3-2,AH,HOME,0,2.13,35,0-0,oddsflow_worldcup_blend,HGA,2680,WON,3028.4
2026-06-23,FIFA World Cup,Norway,Senegal,3-2,OU,OVER,1.75,2.09,35,0-0,oddsflow_worldcup_blend,NOVA88,2937,WON,3201.33
2026-06-23,FIFA World Cup,Norway,Senegal,3-2,1X2,HOME,0,3.2,35,0-0,oddsflow_worldcup_blend,NOVA88,1596,WON,3511.2
2026-06-23,FIFA World Cup,Norway,Senegal,3-2,OU,OVER,1.75,2.04,35,0-0,oddsflow_worldcup_blend,HGA,2901,WON,3017.04
2026-06-23,FIFA World Cup,Norway,Senegal,3-2,1X2,HOME,0,3.05,35,0-0,oddsflow_worldcup_blend,HGA,1530,WON,3136.5
2026-06-23,FIFA World Cup,Norway,Senegal,3-2,AH,HOME,0,2.125,35,0-0,oddsflow_worldcup_sniper,APIFOOTBALL,1394,WON,1568.25
2026-06-23,FIFA World Cup,Norway,Senegal,3-2,OU,OVER,1.5,1.727,35,0-0,oddsflow_worldcup_sniper,APIFOOTBALL,1754,WON,1275.16
2026-06-23,FIFA World Cup,Norway,Senegal,3-2,AH,HOME,0,2.17,35,0-0,oddsflow_worldcup_sniper,NOVA88,2832,WON,3313.44
2026-06-23,FIFA World Cup,Norway,Senegal,3-2,1X2,HOME,0,3.1,35,0-0,oddsflow_worldcup_sniper,APIFOOTBALL,1000,WON,2100
2026-06-23,FIFA World Cup,Norway,Senegal,3-2,AH,HOME,0,2.14,35,0-0,oddsflow_worldcup_sniper,HGA,2811,WON,3204.54
2026-06-23,FIFA World Cup,Norway,Senegal,3-2,OU,OVER,1.75,2.09,35,0-0,oddsflow_worldcup_sniper,NOVA88,3051,WON,3325.59
2026-06-23,FIFA World Cup,Norway,Senegal,3-2,1X2,HOME,0,3.15,35,0-0,oddsflow_worldcup_sniper,NOVA88,2720,WON,5848
2026-06-23,FIFA World Cup,Norway,Senegal,3-2,OU,OVER,1.75,2.07,35,0-0,oddsflow_worldcup_sniper,HGA,3038,WON,3250.66
2026-06-23,FIFA World Cup,Norway,Senegal,3-2,1X2,HOME,0,3.05,35,0-0,oddsflow_worldcup_sniper,HGA,2693,WON,5520.65
2026-06-23,FIFA World Cup,Norway,Senegal,3-2,OU,OVER,2.5,1.8,44,1-0,oddsflow_worldcup_sniper,APIFOOTBALL,1000,WON,800
2026-06-23,FIFA World Cup,Norway,Senegal,3-2,OU,OVER,2.5,1.8,44,1-0,oddsflow_worldcup_blend,APIFOOTBALL,1000,WON,800
2026-06-23,FIFA World Cup,Norway,Senegal,3-2,AH,HOME,0,2.05,50,1-0,oddsflow_worldcup_full,APIFOOTBALL,200,VOID,0
2026-06-23,FIFA World Cup,Norway,Senegal,3-2,AH,HOME,0,2.07,50,1-0,oddsflow_worldcup_full,NOVA88,1305,VOID,0
2026-06-23,FIFA World Cup,Norway,Senegal,3-2,AH,HOME,0,2.09,50,1-0,oddsflow_worldcup_full,HGA,1333,VOID,0
2026-06-23,FIFA World Cup,Norway,Senegal,3-2,OU,OVER,3.5,2.1,49,2-0,oddsflow_worldcup_sniper,APIFOOTBALL,1000,WON,1100
2026-06-23,FIFA World Cup,Norway,Senegal,3-2,OU,OVER,3.5,2.1,49,2-0,oddsflow_worldcup_blend,APIFOOTBALL,1000,WON,1100
2026-06-23,FIFA World Cup,Norway,Senegal,3-2,OU,OVER,3.5,2.1,50,2-0,oddsflow_worldcup_hybrid,APIFOOTBALL,1000,WON,1100
2026-06-23,FIFA World Cup,Norway,Senegal,3-2,OU,OVER,4.5,2.2,54,2-1,oddsflow_worldcup_sniper,APIFOOTBALL,1000,WON,1200
2026-06-23,FIFA World Cup,Norway,Senegal,3-2,AH,HOME,0,2.05,54,2-1,oddsflow_worldcup_hybrid,APIFOOTBALL,1000,VOID,0
2026-06-23,FIFA World Cup,Norway,Senegal,3-2,OU,OVER,4.5,2.2,54,2-1,oddsflow_worldcup_blend,APIFOOTBALL,1000,WON,1200
2026-06-23,FIFA World Cup,Norway,Senegal,3-2,OU,OVER,4.5,2.2,54,2-1,oddsflow_worldcup_hybrid,APIFOOTBALL,1000,WON,1200
2026-06-23,FIFA World Cup,Norway,Senegal,3-2,AH,HOME,0,2.06,54,2-1,oddsflow_worldcup_hybrid,NOVA88,1068,VOID,0
2026-06-23,FIFA World Cup,Norway,Senegal,3-2,AH,HOME,0,2.06,54,2-1,oddsflow_worldcup_hybrid,HGA,1068,VOID,0
2026-06-23,FIFA World Cup,Portugal,Uzbekistan,5-0,AH,HOME,-2.25,1.9,0,0-0,oddsflow_worldcup_prematch,APIFOOTBALL,1300,WON,1170
2026-06-23,FIFA World Cup,Portugal,Uzbekistan,5-0,OU,UNDER,3.5,1.62,0,0-0,oddsflow_worldcup_prematch,APIFOOTBALL,1000,LOST,-1000
2026-06-23,FIFA World Cup,Portugal,Uzbekistan,5-0,AH,HOME,-2.25,1.96,0,0-0,oddsflow_worldcup_prematch,NOVA88,1200,WON,1152
2026-06-23,FIFA World Cup,Portugal,Uzbekistan,5-0,OU,UNDER,3.25,1.88,0,0-0,oddsflow_worldcup_prematch,NOVA88,1000,LOST,-1000
2026-06-23,FIFA World Cup,Portugal,Uzbekistan,5-0,AH,HOME,-2.25,1.95,0,0-0,oddsflow_worldcup_prematch,HGA,1200,WON,1140
2026-06-23,FIFA World Cup,Portugal,Uzbekistan,5-0,OU,UNDER,3.25,1.88,0,0-0,oddsflow_worldcup_prematch,HGA,1000,LOST,-1000
2026-06-23,FIFA World Cup,England,Ghana,0-0,AH,HOME,-2,1.95,0,0-0,oddsflow_worldcup_prematch,APIFOOTBALL,1000,LOST,-1000
2026-06-23,FIFA World Cup,England,Ghana,0-0,OU,OVER,2.5,1.62,0,0-0,oddsflow_worldcup_prematch,APIFOOTBALL,2000,LOST,-2000
2026-06-23,FIFA World Cup,England,Ghana,0-0,AH,HOME,-2,1.94,0,0-0,oddsflow_worldcup_prematch,NOVA88,1000,LOST,-1000
2026-06-23,FIFA World Cup,England,Ghana,0-0,OU,OVER,3,1.96,0,0-0,oddsflow_worldcup_prematch,NOVA88,1300,LOST,-1300
2026-06-23,FIFA World Cup,England,Ghana,0-0,AH,HOME,-2,1.91,0,0-0,oddsflow_worldcup_prematch,HGA,1000,LOST,-1000
2026-06-23,FIFA World Cup,England,Ghana,0-0,OU,OVER,3,1.95,0,0-0,oddsflow_worldcup_prematch,HGA,1300,LOST,-1300
2026-06-23,FIFA World Cup,Panama,Croatia,0-1,AH,AWAY,1,1.8,0,0-0,oddsflow_worldcup_prematch,APIFOOTBALL,1000,VOID,0
2026-06-23,FIFA World Cup,Panama,Croatia,0-1,OU,UNDER,2.5,2.1,0,0-0,oddsflow_worldcup_prematch,APIFOOTBALL,1000,WON,1100
2026-06-23,FIFA World Cup,Panama,Croatia,0-1,AH,AWAY,1.25,1.83,0,0-0,oddsflow_worldcup_prematch,NOVA88,1000,HALF_LOST,-500
2026-06-23,FIFA World Cup,Panama,Croatia,0-1,OU,UNDER,2.75,1.95,0,0-0,oddsflow_worldcup_prematch,NOVA88,1000,WON,950
2026-06-23,FIFA World Cup,Panama,Croatia,0-1,AH,AWAY,1.25,2.06,0,0-0,oddsflow_worldcup_prematch,HGA,1000,HALF_LOST,-500
2026-06-23,FIFA World Cup,Panama,Croatia,0-1,OU,UNDER,2.75,1.99,0,0-0,oddsflow_worldcup_prematch,HGA,1000,WON,990
2026-06-23,FIFA World Cup,Panama,Croatia,0-1,AH,AWAY,1,1.775,10,0-0,oddsflow_worldcup_full,APIFOOTBALL,200,VOID,0
2026-06-23,Brasileirão Série B,America Mineiro,Criciuma,0-1,AH,AWAY,0,1.7,10,0-0,oddsflow_core_strategy,APIFOOTBALL,4,WON,2.8
2026-06-23,FIFA World Cup,Panama,Croatia,0-1,AH,HOME,0.5,1.95,48,0-0,oddsflow_worldcup_sniper,APIFOOTBALL,1000,LOST,-1000
2026-06-23,FIFA World Cup,Panama,Croatia,0-1,AH,HOME,0.5,1.95,48,0-0,oddsflow_worldcup_blend,APIFOOTBALL,1000,LOST,-1000
2026-06-23,FIFA World Cup,Panama,Croatia,0-1,1X2,DRAW,0,2.875,48,0-0,oddsflow_worldcup_sniper,APIFOOTBALL,1000,LOST,-1000
2026-06-23,FIFA World Cup,Panama,Croatia,0-1,AH,HOME,0.5,1.99,48,0-0,oddsflow_worldcup_sniper,HGA,1000,LOST,-1000
2026-06-23,FIFA World Cup,Panama,Croatia,0-1,1X2,DRAW,0,2.875,48,0-0,oddsflow_worldcup_blend,APIFOOTBALL,1000,LOST,-1000
2026-06-23,FIFA World Cup,Panama,Croatia,0-1,AH,HOME,0.5,1.99,48,0-0,oddsflow_worldcup_blend,HGA,1000,LOST,-1000
2026-06-23,FIFA World Cup,Panama,Croatia,0-1,1X2,DRAW,0,2.76,48,0-0,oddsflow_worldcup_sniper,NOVA88,1000,LOST,-1000
2026-06-23,FIFA World Cup,Panama,Croatia,0-1,1X2,DRAW,0,2.76,48,0-0,oddsflow_worldcup_blend,NOVA88,1000,LOST,-1000
2026-06-23,FIFA World Cup,Panama,Croatia,0-1,1X2,DRAW,0,2.8,48,0-0,oddsflow_worldcup_sniper,HGA,1000,LOST,-1000
2026-06-23,FIFA World Cup,Panama,Croatia,0-1,1X2,DRAW,0,2.8,48,0-0,oddsflow_worldcup_blend,HGA,1000,LOST,-1000
2026-06-23,FIFA World Cup,Panama,Croatia,0-1,OU,UNDER,1.5,1.727,50,0-0,oddsflow_worldcup_blend,APIFOOTBALL,1000,WON,727
2026-06-23,FIFA World Cup,Panama,Croatia,0-1,OU,UNDER,1.25,2.04,50,0-0,oddsflow_worldcup_blend,NOVA88,2056,HALF_WON,1069.12
2026-06-23,FIFA World Cup,Panama,Croatia,0-1,OU,UNDER,1.5,1.727,50,0-0,oddsflow_worldcup_sniper,APIFOOTBALL,1000,WON,727
2026-06-23,FIFA World Cup,Panama,Croatia,0-1,OU,UNDER,1.25,2.05,50,0-0,oddsflow_worldcup_blend,HGA,2067,HALF_WON,1085.17
2026-06-23,FIFA World Cup,Panama,Croatia,0-1,OU,UNDER,1.25,2.04,50,0-0,oddsflow_worldcup_sniper,NOVA88,2068,HALF_WON,1075.36
2026-06-23,FIFA World Cup,Panama,Croatia,0-1,OU,UNDER,1.25,2.05,50,0-0,oddsflow_worldcup_sniper,HGA,2080,HALF_WON,1092
2026-06-23,FIFA World Cup,Panama,Croatia,0-1,OU,UNDER,2.5,1.571,55,0-1,oddsflow_worldcup_blend,APIFOOTBALL,1000,WON,571
2026-06-23,FIFA World Cup,Panama,Croatia,0-1,OU,UNDER,2.5,1.571,55,0-1,oddsflow_worldcup_sniper,APIFOOTBALL,1000,WON,571
2026-06-24,FIFA World Cup,Colombia,Congo DR,1-0,AH,HOME,-1,1.98,0,0-0,oddsflow_worldcup_prematch,APIFOOTBALL,1000,VOID,0
2026-06-24,FIFA World Cup,Colombia,Congo DR,1-0,OU,UNDER,2.5,1.67,0,0-0,oddsflow_worldcup_prematch,APIFOOTBALL,1000,WON,670
2026-06-24,FIFA World Cup,Colombia,Congo DR,1-0,AH,HOME,-1,2,0,0-0,oddsflow_worldcup_prematch,NOVA88,1000,VOID,0
2026-06-24,FIFA World Cup,Colombia,Congo DR,1-0,OU,UNDER,2.25,1.94,0,0-0,oddsflow_worldcup_prematch,NOVA88,1000,WON,940
2026-06-24,FIFA World Cup,Colombia,Congo DR,1-0,AH,HOME,-1,1.97,0,0-0,oddsflow_worldcup_prematch,HGA,1000,VOID,0
2026-06-24,FIFA World Cup,Colombia,Congo DR,1-0,OU,UNDER,2.25,1.93,0,0-0,oddsflow_worldcup_prematch,HGA,1000,WON,930
2026-06-24,FIFA World Cup,Colombia,Congo DR,1-0,AH,AWAY,-1,2.2,18,0-0,oddsflow_worldcup_full,APIFOOTBALL,200,VOID,0
2026-06-24,FIFA World Cup,Colombia,Congo DR,1-0,1X2,HOME,0,1.666,46,0-0,oddsflow_worldcup_blend,APIFOOTBALL,1000,WON,666
2026-06-24,FIFA World Cup,Colombia,Congo DR,1-0,AH,AWAY,-0.5,2.2,47,0-0,oddsflow_worldcup_hybrid,APIFOOTBALL,1000,LOST,-1000
2026-06-24,FIFA World Cup,Colombia,Congo DR,1-0,AH,AWAY,-0.5,2.2,47,0-0,oddsflow_worldcup_blend,APIFOOTBALL,1000,LOST,-1000
2026-06-24,FIFA World Cup,Colombia,Congo DR,1-0,AH,AWAY,-0.5,2.2,49,0-0,oddsflow_worldcup_sniper,APIFOOTBALL,1000,LOST,-1000
2026-06-24,FIFA World Cup,Bosnia & Herzegovina,Qatar,3-1,OU,OVER,3.5,2.38,0,0-0,oddsflow_worldcup_prematch,APIFOOTBALL,1000,WON,1380
2026-06-24,FIFA World Cup,Bosnia & Herzegovina,Qatar,3-1,AH,HOME,-1.5,2.02,0,0-0,oddsflow_worldcup_prematch,APIFOOTBALL,1000,WON,1020
2026-06-24,FIFA World Cup,Switzerland,Canada,2-1,1X2,DRAW,0,3,0,0-0,oddsflow_worldcup_prematch,APIFOOTBALL,1000,LOST,-1000
2026-06-24,FIFA World Cup,Switzerland,Canada,2-1,OU,UNDER,2.25,1.9,0,0-0,oddsflow_worldcup_prematch,NOVA88,1000,LOST,-1000
2026-06-24,FIFA World Cup,Switzerland,Canada,2-1,1X2,DRAW,0,2.92,0,0-0,oddsflow_worldcup_prematch,NOVA88,1000,LOST,-1000
2026-06-24,FIFA World Cup,Switzerland,Canada,2-1,OU,UNDER,2.25,1.88,0,0-0,oddsflow_worldcup_prematch,HGA,1000,LOST,-1000
2026-06-24,FIFA World Cup,Switzerland,Canada,2-1,1X2,DRAW,0,2.96,0,0-0,oddsflow_worldcup_prematch,HGA,1000,LOST,-1000
2026-06-24,FIFA World Cup,Switzerland,Canada,2-1,OU,UNDER,2.5,1.67,0,0-0,oddsflow_worldcup_prematch,APIFOOTBALL,1000,LOST,-1000
2026-06-24,FIFA World Cup,Bosnia & Herzegovina,Qatar,3-1,OU,OVER,2.75,1.93,0,0-0,oddsflow_worldcup_prematch,NOVA88,1000,WON,930
2026-06-24,FIFA World Cup,Bosnia & Herzegovina,Qatar,3-1,OU,OVER,2.75,1.89,0,0-0,oddsflow_worldcup_prematch,HGA,1000,WON,890
2026-06-24,FIFA World Cup,Bosnia & Herzegovina,Qatar,3-1,AH,HOME,-1.25,1.93,0,0-0,oddsflow_worldcup_prematch,HGA,1200,WON,1116
2026-06-24,FIFA World Cup,Bosnia & Herzegovina,Qatar,3-1,AH,HOME,-1.25,1.95,0,0-0,oddsflow_worldcup_prematch,NOVA88,1200,WON,1140
2026-06-24,FIFA World Cup,Bosnia & Herzegovina,Qatar,3-1,AH,AWAY,-1,1.9,10,0-0,oddsflow_worldcup_full,APIFOOTBALL,200,LOST,-200
2026-06-24,FIFA World Cup,Bosnia & Herzegovina,Qatar,3-1,AH,AWAY,-1,1.88,10,0-0,oddsflow_worldcup_full,NOVA88,1020,LOST,-1020
2026-06-24,FIFA World Cup,Bosnia & Herzegovina,Qatar,3-1,AH,AWAY,-1,1.85,10,0-0,oddsflow_worldcup_full,HGA,1000,LOST,-1000
2026-06-24,FIFA World Cup,Switzerland,Canada,2-1,AH,AWAY,0,1.725,77,2-1,oddsflow_worldcup_full,APIFOOTBALL,200,VOID,0
2026-06-24,FIFA World Cup,Switzerland,Canada,2-1,AH,AWAY,0,2.08,77,2-1,oddsflow_worldcup_full,NOVA88,2849,VOID,0
2026-06-24,FIFA World Cup,Switzerland,Canada,2-1,AH,AWAY,0,1.82,77,2-1,oddsflow_worldcup_full,HGA,2597,VOID,0
2026-06-24,FIFA World Cup,Morocco,Haiti,4-2,AH,HOME,-2,1.88,0,0-0,oddsflow_worldcup_prematch,HGA,2100,VOID,0
2026-06-24,FIFA World Cup,Morocco,Haiti,4-2,OU,OVER,3,1.9,0,0-0,oddsflow_worldcup_prematch,HGA,1300,WON,1170
2026-06-24,FIFA World Cup,Morocco,Haiti,4-2,OU,OVER,3.5,2.38,0,0-0,oddsflow_worldcup_prematch,APIFOOTBALL,1000,WON,1380
2026-06-24,FIFA World Cup,Morocco,Haiti,4-2,AH,HOME,-2,1.92,0,0-0,oddsflow_worldcup_prematch,APIFOOTBALL,1900,VOID,0
2026-06-24,FIFA World Cup,Morocco,Haiti,4-2,AH,HOME,-2,1.91,0,0-0,oddsflow_worldcup_prematch,NOVA88,2000,VOID,0
2026-06-24,FIFA World Cup,Morocco,Haiti,4-2,OU,OVER,3,1.92,0,0-0,oddsflow_worldcup_prematch,NOVA88,1200,WON,1104
2026-06-24,FIFA World Cup,Scotland,Brazil,0-3,AH,AWAY,1.5,1.91,0,0-0,oddsflow_worldcup_prematch,HGA,1200,WON,1092
2026-06-24,FIFA World Cup,Scotland,Brazil,0-3,OU,OVER,2.75,2.03,0,0-0,oddsflow_worldcup_prematch,HGA,1000,HALF_WON,515
2026-06-24,FIFA World Cup,Scotland,Brazil,0-3,OU,OVER,2.75,2.07,0,0-0,oddsflow_worldcup_prematch,NOVA88,1000,HALF_WON,535
2026-06-24,FIFA World Cup,Scotland,Brazil,0-3,AH,AWAY,1.5,1.92,0,0-0,oddsflow_worldcup_prematch,APIFOOTBALL,1100,WON,1012
2026-06-24,FIFA World Cup,Scotland,Brazil,0-3,OU,OVER,2.5,1.8,0,0-0,oddsflow_worldcup_prematch,APIFOOTBALL,1000,WON,800
2026-06-24,FIFA World Cup,Scotland,Brazil,0-3,AH,AWAY,1.5,1.93,0,0-0,oddsflow_worldcup_prematch,NOVA88,1200,WON,1116
2026-06-24,FIFA World Cup,Scotland,Brazil,0-3,AH,HOME,0.5,2.6,10,0-1,oddsflow_worldcup_full,APIFOOTBALL,200,LOST,-200
2026-06-25,FIFA World Cup,South Africa,South Korea,1-0,OU,OVER,2.5,2,0,0-0,oddsflow_worldcup_prematch,APIFOOTBALL,1000,LOST,-1000
2026-06-25,FIFA World Cup,South Africa,South Korea,1-0,AH,AWAY,1,1.83,0,0-0,oddsflow_worldcup_prematch,NOVA88,1000,LOST,-1000
2026-06-25,FIFA World Cup,South Africa,South Korea,1-0,AH,AWAY,0.75,1.82,0,0-0,oddsflow_worldcup_prematch,APIFOOTBALL,1000,LOST,-1000
2026-06-25,FIFA World Cup,South Africa,South Korea,1-0,OU,OVER,2.25,1.82,0,0-0,oddsflow_worldcup_prematch,HGA,1000,LOST,-1000
2026-06-25,FIFA World Cup,South Africa,South Korea,1-0,AH,AWAY,1,2.08,0,0-0,oddsflow_worldcup_prematch,HGA,1000,LOST,-1000
2026-06-25,FIFA World Cup,South Africa,South Korea,1-0,OU,OVER,2.5,2.06,0,0-0,oddsflow_worldcup_prematch,NOVA88,1000,LOST,-1000
2026-06-25,FIFA World Cup,Czechia,Mexico,0-3,OU,OVER,2.5,2.05,0,0-0,oddsflow_worldcup_prematch,HGA,1000,WON,1050
2026-06-25,FIFA World Cup,Czechia,Mexico,0-3,AH,AWAY,0.5,1.94,0,0-0,oddsflow_worldcup_prematch,NOVA88,1000,WON,940
2026-06-25,FIFA World Cup,Czechia,Mexico,0-3,AH,AWAY,0.5,1.98,0,0-0,oddsflow_worldcup_prematch,HGA,1000,WON,980
2026-06-25,FIFA World Cup,Czechia,Mexico,0-3,1X2,AWAY,0,2,0,0-0,oddsflow_worldcup_prematch,NOVA88,1000,WON,1000
2026-06-25,FIFA World Cup,Czechia,Mexico,0-3,1X2,AWAY,0,1.98,0,0-0,oddsflow_worldcup_prematch,HGA,1000,WON,980
2026-06-25,FIFA World Cup,Czechia,Mexico,0-3,OU,OVER,2.5,2,0,0-0,oddsflow_worldcup_prematch,APIFOOTBALL,1000,WON,1000
2026-06-25,FIFA World Cup,Czechia,Mexico,0-3,1X2,AWAY,0,1.91,0,0-0,oddsflow_worldcup_prematch,APIFOOTBALL,1000,WON,910
2026-06-25,FIFA World Cup,Czechia,Mexico,0-3,AH,AWAY,0.5,1.92,0,0-0,oddsflow_worldcup_prematch,APIFOOTBALL,1000,WON,920
2026-06-25,FIFA World Cup,Czechia,Mexico,0-3,OU,OVER,2.5,2.08,0,0-0,oddsflow_worldcup_prematch,NOVA88,1000,WON,1080
2026-06-25,FIFA World Cup,Czechia,Mexico,0-3,AH,HOME,0.5,2,10,0-0,oddsflow_worldcup_full,APIFOOTBALL,200,LOST,-200
2026-06-25,FIFA World Cup,South Africa,South Korea,1-0,AH,AWAY,1,2.75,10,0-0,oddsflow_worldcup_full,APIFOOTBALL,200,LOST,-200
2026-06-25,FIFA World Cup,Czechia,Mexico,0-3,AH,HOME,0.5,2.07,10,0-0,oddsflow_worldcup_full,HGA,1000,LOST,-1000
2026-06-25,FIFA World Cup,Curaçao,Ivory Coast,0-2,OU,OVER,3.25,1.92,0,0-0,oddsflow_worldcup_prematch,HGA,1600,LOST,-1600
2026-06-25,FIFA World Cup,Curaçao,Ivory Coast,0-2,OU,OVER,3.5,2.2,0,0-0,oddsflow_worldcup_prematch,APIFOOTBALL,1000,LOST,-1000
2026-06-25,FIFA World Cup,Curaçao,Ivory Coast,0-2,AH,AWAY,2.25,2.04,0,0-0,oddsflow_worldcup_prematch,NOVA88,2000,HALF_LOST,-1000
2026-06-25,FIFA World Cup,Curaçao,Ivory Coast,0-2,OU,OVER,3.25,1.92,0,0-0,oddsflow_worldcup_prematch,NOVA88,1700,LOST,-1700
2026-06-25,FIFA World Cup,Curaçao,Ivory Coast,0-2,AH,AWAY,2.25,2.02,0,0-0,oddsflow_worldcup_prematch,APIFOOTBALL,2000,HALF_LOST,-1000
2026-06-25,FIFA World Cup,Curaçao,Ivory Coast,0-2,AH,AWAY,2.25,2.02,0,0-0,oddsflow_worldcup_prematch,HGA,2000,HALF_LOST,-1000
2026-06-25,FIFA World Cup,Ecuador,Germany,2-1,AH,AWAY,1,1.92,0,0-0,oddsflow_worldcup_prematch,APIFOOTBALL,1000,LOST,-1000
2026-06-25,FIFA World Cup,Ecuador,Germany,2-1,OU,OVER,2.5,1.67,0,0-0,oddsflow_worldcup_prematch,APIFOOTBALL,1000,WON,670
2026-06-25,FIFA World Cup,Ecuador,Germany,2-1,OU,OVER,3,2.07,0,0-0,oddsflow_worldcup_prematch,NOVA88,1000,VOID,0
2026-06-25,FIFA World Cup,Ecuador,Germany,2-1,AH,AWAY,1,2.03,0,0-0,oddsflow_worldcup_prematch,HGA,1000,LOST,-1000
2026-06-25,FIFA World Cup,Ecuador,Germany,2-1,AH,AWAY,1,2.07,0,0-0,oddsflow_worldcup_prematch,NOVA88,1000,LOST,-1000
2026-06-25,FIFA World Cup,Ecuador,Germany,2-1,OU,OVER,3,2.07,0,0-0,oddsflow_worldcup_prematch,HGA,1000,VOID,0
2026-06-25,FIFA World Cup,Ecuador,Germany,2-1,AH,AWAY,1,2.6,10,1-1,oddsflow_worldcup_full,APIFOOTBALL,200,LOST,-200
2026-06-25,FIFA World Cup,Ecuador,Germany,2-1,AH,AWAY,0.5,2.2,35,1-1,oddsflow_worldcup_sniper,APIFOOTBALL,1000,LOST,-1000
2026-06-25,FIFA World Cup,Ecuador,Germany,2-1,OU,UNDER,3.5,2.5,35,1-1,oddsflow_worldcup_sniper,APIFOOTBALL,1000,WON,1500
2026-06-25,FIFA World Cup,Ecuador,Germany,2-1,1X2,AWAY,0,2.2,35,1-1,oddsflow_worldcup_sniper,APIFOOTBALL,1000,LOST,-1000
2026-06-25,FIFA World Cup,Ecuador,Germany,2-1,1X2,AWAY,0,3.5,35,1-1,oddsflow_worldcup_sniper,NOVA88,1435,LOST,-1435
2026-06-25,FIFA World Cup,Ecuador,Germany,2-1,1X2,AWAY,0,2.24,35,1-1,oddsflow_worldcup_sniper,HGA,1000,LOST,-1000
2026-06-25,FIFA World Cup,Ecuador,Germany,2-1,1X2,DRAW,0,3.2,39,1-1,oddsflow_worldcup_sniper,APIFOOTBALL,1000,LOST,-1000
2026-06-25,FIFA World Cup,Ecuador,Germany,2-1,1X2,DRAW,0,3.05,39,1-1,oddsflow_worldcup_sniper,NOVA88,1000,LOST,-1000
2026-06-25,FIFA World Cup,Ecuador,Germany,2-1,1X2,DRAW,0,3.2,39,1-1,oddsflow_worldcup_sniper,HGA,1000,LOST,-1000
2026-06-25,FIFA World Cup,Ecuador,Germany,2-1,AH,HOME,0.5,2.75,46,1-1,oddsflow_worldcup_sniper,APIFOOTBALL,1000,WON,1750
2026-06-25,FIFA World Cup,Ecuador,Germany,2-1,AH,AWAY,0,1.7,77,1-1,oddsflow_worldcup_sniper,APIFOOTBALL,1000,LOST,-1000
2026-06-25,FIFA World Cup,Ecuador,Germany,2-1,AH,AWAY,0,2.21,77,1-1,oddsflow_worldcup_sniper,NOVA88,2813,LOST,-2813
2026-06-25,FIFA World Cup,Ecuador,Germany,2-1,AH,AWAY,0,1.77,77,1-1,oddsflow_worldcup_sniper,HGA,2376,LOST,-2376
2026-06-25,FIFA World Cup,Japan,Sweden,1-1,OU,UNDER,2.5,1.99,0,0-0,oddsflow_worldcup_prematch,HGA,1000,WON,990
2026-06-25,FIFA World Cup,Tunisia,Netherlands,1-3,OU,OVER,3.5,2,0,0-0,oddsflow_worldcup_prematch,APIFOOTBALL,1100,WON,1100
2026-06-25,FIFA World Cup,Tunisia,Netherlands,1-3,OU,OVER,3.25,1.86,0,0-0,oddsflow_worldcup_prematch,NOVA88,1500,WON,1290
2026-06-25,FIFA World Cup,Tunisia,Netherlands,1-3,OU,OVER,3.25,1.85,0,0-0,oddsflow_worldcup_prematch,HGA,1500,WON,1275
2026-06-25,FIFA World Cup,Tunisia,Netherlands,1-3,AH,AWAY,2.75,1.98,0,0-0,oddsflow_worldcup_prematch,APIFOOTBALL,1700,LOST,-1700
2026-06-25,FIFA World Cup,Japan,Sweden,1-1,1X2,HOME,0,1.91,0,0-0,oddsflow_worldcup_prematch,APIFOOTBALL,1000,LOST,-1000
2026-06-25,FIFA World Cup,Japan,Sweden,1-1,AH,HOME,-0.5,1.92,0,0-0,oddsflow_worldcup_prematch,APIFOOTBALL,1000,LOST,-1000
2026-06-25,FIFA World Cup,Japan,Sweden,1-1,OU,UNDER,2.5,1.91,0,0-0,oddsflow_worldcup_prematch,APIFOOTBALL,1000,WON,910
2026-06-25,FIFA World Cup,Japan,Sweden,1-1,1X2,HOME,0,1.99,0,0-0,oddsflow_worldcup_prematch,NOVA88,1000,LOST,-1000
2026-06-25,FIFA World Cup,Japan,Sweden,1-1,OU,UNDER,2.5,2,0,0-0,oddsflow_worldcup_prematch,NOVA88,1000,WON,1000
2026-06-25,FIFA World Cup,Japan,Sweden,1-1,AH,HOME,-0.5,1.99,0,0-0,oddsflow_worldcup_prematch,NOVA88,1000,LOST,-1000
2026-06-25,FIFA World Cup,Japan,Sweden,1-1,AH,HOME,-0.5,1.95,0,0-0,oddsflow_worldcup_prematch,HGA,1000,LOST,-1000
2026-06-25,FIFA World Cup,Japan,Sweden,1-1,1X2,HOME,0,1.95,0,0-0,oddsflow_worldcup_prematch,HGA,1000,LOST,-1000
2026-06-25,FIFA World Cup,Tunisia,Netherlands,1-3,AH,HOME,1.5,2.075,19,0-2,oddsflow_worldcup_full,APIFOOTBALL,200,WON,215
2026-06-25,FIFA World Cup,Japan,Sweden,1-1,AH,HOME,-0.5,2.425,23,0-0,oddsflow_worldcup_full,APIFOOTBALL,200,LOST,-200
2026-06-25,FIFA World Cup,Japan,Sweden,1-1,AH,HOME,-0.5,2.425,35,0-0,oddsflow_worldcup_sniper,APIFOOTBALL,1000,LOST,-1000
2026-06-25,FIFA World Cup,Japan,Sweden,1-1,OU,OVER,1.5,1.909,35,0-0,oddsflow_worldcup_sniper,APIFOOTBALL,1922,WON,1747.1
2026-06-25,FIFA World Cup,Japan,Sweden,1-1,1X2,HOME,0,2.5,35,0-0,oddsflow_worldcup_sniper,APIFOOTBALL,1000,LOST,-1000
2026-06-25,FIFA World Cup,Japan,Sweden,1-1,OU,OVER,1.5,2,35,0-0,oddsflow_worldcup_sniper,NOVA88,3494,WON,3494
2026-06-25,FIFA World Cup,Japan,Sweden,1-1,1X2,HOME,0,2.53,35,0-0,oddsflow_worldcup_sniper,NOVA88,1803,LOST,-1803
2026-06-25,FIFA World Cup,Japan,Sweden,1-1,OU,OVER,1.5,1.97,35,0-0,oddsflow_worldcup_sniper,HGA,3478,WON,3373.66
2026-06-25,FIFA World Cup,Japan,Sweden,1-1,1X2,HOME,0,2.54,35,0-0,oddsflow_worldcup_sniper,HGA,1810,LOST,-1810
2026-06-25,Brasileirão Série B,Cuiaba,Londrina,2-2,AH,HOME,-1,2.15,10,0-1,oddsflow_core_strategy,APIFOOTBALL,4,VOID,0
2026-06-25,FIFA World Cup,Japan,Sweden,1-1,AH,AWAY,0,2.1,62,1-0,oddsflow_worldcup_sniper,APIFOOTBALL,1000,WON,1100
2026-06-25,FIFA World Cup,Japan,Sweden,1-1,AH,AWAY,0,2.13,62,1-0,oddsflow_worldcup_sniper,HGA,1000,WON,1130
2026-06-25,FIFA World Cup,Japan,Sweden,1-1,OU,OVER,2.5,1.571,63,1-1,oddsflow_worldcup_sniper,APIFOOTBALL,1000,LOST,-1000
2026-06-26,FIFA World Cup,Türkiye,USA,3-2,OU,OVER,2.5,1.67,0,0-0,oddsflow_worldcup_prematch,APIFOOTBALL,1000,WON,670
2026-06-26,FIFA World Cup,Türkiye,USA,3-2,OU,OVER,3,2.03,0,0-0,oddsflow_worldcup_prematch,HGA,1000,WON,1030
2026-06-26,FIFA World Cup,Türkiye,USA,3-2,AH,AWAY,0.5,1.88,0,0-0,oddsflow_worldcup_prematch,NOVA88,1000,LOST,-1000
2026-06-26,FIFA World Cup,Paraguay,Australia,0-0,1X2,HOME,0,2.63,0,0-0,oddsflow_worldcup_prematch,NOVA88,1000,LOST,-1000
2026-06-26,FIFA World Cup,Türkiye,USA,3-2,OU,OVER,3,2.04,0,0-0,oddsflow_worldcup_prematch,NOVA88,1000,WON,1040
2026-06-26,FIFA World Cup,Türkiye,USA,3-2,AH,AWAY,0.5,1.84,0,0-0,oddsflow_worldcup_prematch,HGA,1000,LOST,-1000
2026-06-26,FIFA World Cup,Türkiye,USA,3-2,1X2,AWAY,0,1.84,0,0-0,oddsflow_worldcup_prematch,HGA,1000,LOST,-1000
2026-06-26,FIFA World Cup,Türkiye,USA,3-2,AH,AWAY,0.5,1.92,0,0-0,oddsflow_worldcup_prematch,APIFOOTBALL,1000,LOST,-1000
2026-06-26,FIFA World Cup,Türkiye,USA,3-2,1X2,AWAY,0,1.91,0,0-0,oddsflow_worldcup_prematch,APIFOOTBALL,1000,LOST,-1000
2026-06-26,FIFA World Cup,Türkiye,USA,3-2,1X2,AWAY,0,1.88,0,0-0,oddsflow_worldcup_prematch,NOVA88,1000,LOST,-1000
2026-06-26,FIFA World Cup,Paraguay,Australia,0-0,OU,UNDER,1.75,1.92,0,0-0,oddsflow_worldcup_prematch,NOVA88,1000,WON,920
2026-06-26,FIFA World Cup,Paraguay,Australia,0-0,1X2,HOME,0,2.62,0,0-0,oddsflow_worldcup_prematch,APIFOOTBALL,1000,LOST,-1000
2026-06-26,FIFA World Cup,Paraguay,Australia,0-0,OU,UNDER,1.75,1.92,0,0-0,oddsflow_worldcup_prematch,HGA,1000,WON,920
2026-06-26,FIFA World Cup,Paraguay,Australia,0-0,AH,AWAY,-0.25,1.65,0,0-0,oddsflow_worldcup_prematch,APIFOOTBALL,1000,HALF_WON,325
2026-06-26,FIFA World Cup,Paraguay,Australia,0-0,AH,AWAY,-0.25,1.85,0,0-0,oddsflow_worldcup_prematch,NOVA88,1000,HALF_WON,425
2026-06-26,FIFA World Cup,Paraguay,Australia,0-0,1X2,HOME,0,2.61,0,0-0,oddsflow_worldcup_prematch,HGA,1000,LOST,-1000
2026-06-26,FIFA World Cup,Paraguay,Australia,0-0,AH,AWAY,-0.25,1.83,0,0-0,oddsflow_worldcup_prematch,HGA,1000,HALF_WON,415
2026-06-26,FIFA World Cup,Paraguay,Australia,0-0,OU,UNDER,1.5,2.2,0,0-0,oddsflow_worldcup_prematch,APIFOOTBALL,1000,WON,1200
2026-06-26,FIFA World Cup,Türkiye,USA,3-2,AH,AWAY,0.5,2.15,10,0-1,oddsflow_worldcup_full,APIFOOTBALL,200,LOST,-200
2026-06-26,FIFA World Cup,Paraguay,Australia,0-0,AH,AWAY,0,2.25,16,0-0,oddsflow_worldcup_full,APIFOOTBALL,200,VOID,0
2026-06-26,FIFA World Cup,Paraguay,Australia,0-0,AH,AWAY,0,2.4,35,0-0,oddsflow_worldcup_sniper,APIFOOTBALL,1000,VOID,0
2026-06-26,FIFA World Cup,Türkiye,USA,3-2,1X2,AWAY,0,4.333,35,2-1,oddsflow_worldcup_sniper,APIFOOTBALL,1000,LOST,-1000
2026-06-26,FIFA World Cup,Paraguay,Australia,0-0,OU,OVER,0.5,1.8,35,0-0,oddsflow_worldcup_sniper,APIFOOTBALL,1000,LOST,-1000
2026-06-26,FIFA World Cup,Paraguay,Australia,0-0,AH,AWAY,0,2.38,35,0-0,oddsflow_worldcup_sniper,NOVA88,1742,VOID,0
2026-06-26,FIFA World Cup,Türkiye,USA,3-2,1X2,AWAY,0,4.5,35,2-1,oddsflow_worldcup_sniper,HGA,1000,LOST,-1000
2026-06-26,FIFA World Cup,Paraguay,Australia,0-0,OU,OVER,0.75,2.08,35,0-0,oddsflow_worldcup_sniper,NOVA88,1900,LOST,-1900
2026-06-26,FIFA World Cup,Paraguay,Australia,0-0,OU,OVER,0.75,2.07,35,0-0,oddsflow_worldcup_sniper,HGA,1888,LOST,-1888
2026-06-26,FIFA World Cup,Türkiye,USA,3-2,OU,UNDER,4.5,2.3,42,2-1,oddsflow_worldcup_sniper,APIFOOTBALL,1000,LOST,-1000
2026-06-26,FIFA World Cup,Türkiye,USA,3-2,AH,AWAY,0.5,2.15,44,2-1,oddsflow_worldcup_sniper,APIFOOTBALL,1000,LOST,-1000
2026-06-26,FIFA World Cup,Paraguay,Australia,0-0,OU,OVER,0.5,2,50,0-0,oddsflow_worldcup_full,APIFOOTBALL,500,LOST,-500
2026-06-26,FIFA World Cup,Türkiye,USA,3-2,1X2,DRAW,0,2.75,52,2-2,oddsflow_worldcup_sniper,APIFOOTBALL,1000,LOST,-1000
2026-06-26,FIFA World Cup,Türkiye,USA,3-2,1X2,DRAW,0,2.62,52,2-2,oddsflow_worldcup_sniper,NOVA88,1000,LOST,-1000
2026-06-26,FIFA World Cup,Türkiye,USA,3-2,1X2,DRAW,0,2.83,52,2-2,oddsflow_worldcup_sniper,HGA,1000,LOST,-1000
2026-06-26,FIFA World Cup,Türkiye,USA,3-2,OU,UNDER,5.5,1.666,54,2-2,oddsflow_worldcup_sniper,APIFOOTBALL,1000,WON,666
2026-06-26,FIFA World Cup,Türkiye,USA,3-2,AH,HOME,0.5,1.775,61,2-2,oddsflow_worldcup_sniper,APIFOOTBALL,1000,WON,775
2026-06-26,FIFA World Cup,Senegal,Iraq,5-0,AH,HOME,-2,1.97,0,0-0,oddsflow_worldcup_prematch,NOVA88,1100,WON,1067
2026-06-26,FIFA World Cup,Norway,France,1-4,AH,HOME,1,1.82,0,0-0,oddsflow_worldcup_prematch,APIFOOTBALL,1600,LOST,-1600
2026-06-26,FIFA World Cup,Norway,France,1-4,AH,HOME,1.25,2.03,0,0-0,oddsflow_worldcup_prematch,NOVA88,1000,LOST,-1000
2026-06-26,FIFA World Cup,Norway,France,1-4,OU,UNDER,3.25,1.81,0,0-0,oddsflow_worldcup_prematch,HGA,1400,LOST,-1400
2026-06-26,FIFA World Cup,Norway,France,1-4,AH,HOME,1.25,2.03,0,0-0,oddsflow_worldcup_prematch,HGA,1000,LOST,-1000
2026-06-26,FIFA World Cup,Norway,France,1-4,OU,UNDER,3.5,1.62,0,0-0,oddsflow_worldcup_prematch,APIFOOTBALL,2200,LOST,-2200
2026-06-26,FIFA World Cup,Senegal,Iraq,5-0,AH,HOME,-2,1.98,0,0-0,oddsflow_worldcup_prematch,HGA,1000,WON,980
2026-06-26,FIFA World Cup,Senegal,Iraq,5-0,AH,HOME,-2,2,0,0-0,oddsflow_worldcup_prematch,APIFOOTBALL,1000,WON,1000
2026-06-26,FIFA World Cup,Senegal,Iraq,5-0,OU,OVER,3.5,2.2,0,0-0,oddsflow_worldcup_prematch,APIFOOTBALL,1000,WON,1200
2026-06-26,FIFA World Cup,Senegal,Iraq,5-0,OU,OVER,3,1.84,0,0-0,oddsflow_worldcup_prematch,HGA,1000,WON,840
2026-06-26,FIFA World Cup,Senegal,Iraq,5-0,OU,OVER,3,1.87,0,0-0,oddsflow_worldcup_prematch,NOVA88,1000,WON,870
2026-06-26,FIFA World Cup,Norway,France,1-4,OU,UNDER,3.25,1.82,0,0-0,oddsflow_worldcup_prematch,NOVA88,1400,LOST,-1400
2026-06-26,FIFA World Cup,Norway,France,1-4,AH,HOME,1.5,1.85,11,0-1,oddsflow_worldcup_full,APIFOOTBALL,200,LOST,-200
2026-06-26,FIFA World Cup,Norway,France,1-4,AH,HOME,1.5,1.85,11,0-1,oddsflow_worldcup_full,HGA,1000,LOST,-1000
2026-06-26,FIFA World Cup,Norway,France,1-4,AH,HOME,0.5,2.2,35,1-3,oddsflow_worldcup_sniper,APIFOOTBALL,1000,LOST,-1000
2026-06-26,FIFA World Cup,Norway,France,1-4,AH,HOME,0.5,2.2,35,1-3,oddsflow_worldcup_hybrid,APIFOOTBALL,1000,LOST,-1000
2026-06-26,FIFA World Cup,Norway,France,1-4,AH,HOME,0.5,2.2,35,1-3,oddsflow_worldcup_hybrid,APIFOOTBALL,1000,LOST,-1000
2026-06-26,FIFA World Cup,Norway,France,1-4,OU,UNDER,6.5,1.666,39,1-3,oddsflow_worldcup_hybrid,APIFOOTBALL,1000,WON,666
2026-06-26,FIFA World Cup,Norway,France,1-4,OU,UNDER,6.5,1.666,39,1-3,oddsflow_worldcup_sniper,APIFOOTBALL,1000,WON,666
2026-06-26,FIFA World Cup,Norway,France,1-4,OU,UNDER,6.5,1.666,39,1-3,oddsflow_worldcup_hybrid,APIFOOTBALL,1000,WON,666
2026-06-26,FIFA World Cup,Norway,France,1-4,OU,UNDER,5.5,2.375,45,1-3,oddsflow_worldcup_sniper,APIFOOTBALL,1000,WON,1375
2026-06-26,FIFA World Cup,Norway,France,1-4,OU,UNDER,5.5,2.375,45,1-3,oddsflow_worldcup_hybrid,APIFOOTBALL,1000,WON,1375
2026-06-26,FIFA World Cup,Norway,France,1-4,OU,UNDER,5.5,2.375,45,1-3,oddsflow_worldcup_hybrid,APIFOOTBALL,1000,WON,1375
2026-06-26,FIFA World Cup,Norway,France,1-4,AH,AWAY,1,2.375,46,1-3,oddsflow_worldcup_hybrid,APIFOOTBALL,1000,VOID,0
2026-06-26,FIFA World Cup,Norway,France,1-4,AH,AWAY,1,2.675,50,1-3,oddsflow_worldcup_sniper,APIFOOTBALL,1000,VOID,0
2026-06-26,FIFA World Cup,Norway,France,1-4,OU,OVER,4.5,1.533,70,1-3,oddsflow_worldcup_sniper,APIFOOTBALL,1000,WON,533
2026-06-26,FIFA World Cup,Norway,France,1-4,OU,OVER,5,2.19,70,1-3,oddsflow_worldcup_sniper,HGA,2016,VOID,0
2026-06-26,Brasileirão Série B,Novorizontino,Vila Nova,2-1,AH,HOME,-0.5,1.975,10,1-0,oddsflow_core_strategy,APIFOOTBALL,4,LOST,-4
2026-06-26,Brasileirão Série B,Novorizontino,Vila Nova,2-1,AH,HOME,-0.5,2.09,10,1-0,oddsflow_core_strategy,NOVA88,50,LOST,-50
2026-06-26,Brasileirão Série B,Novorizontino,Vila Nova,2-1,AH,HOME,-0.5,2.01,10,1-0,oddsflow_core_strategy,HGA,100,LOST,-100
2026-06-26,Brasileirão Série B,Novorizontino,Vila Nova,2-1,AH,HOME,-0.5,2.05,36,1-0,oddsflow_handicap_sniper,APIFOOTBALL,4,LOST,-4
2026-06-26,Brasileirão Série B,Novorizontino,Vila Nova,2-1,OU,OVER,2.5,1.8,36,1-0,oddsflow_handicap_sniper,APIFOOTBALL,5,WON,4
2026-06-26,Brasileirão Série B,Novorizontino,Vila Nova,2-1,AH,HOME,-0.5,2.07,36,1-0,oddsflow_handicap_sniper,HGA,92,LOST,-92
2026-06-26,Brasileirão Série B,Novorizontino,Vila Nova,2-1,OU,OVER,2.5,1.92,36,1-0,oddsflow_handicap_sniper,NOVA88,50,WON,46
2026-06-26,Brasileirão Série B,Novorizontino,Vila Nova,2-1,OU,OVER,2.5,1.8,36,1-0,oddsflow_handicap_sniper,HGA,100,WON,80
2026-06-26,Brasileirão Série B,Novorizontino,Vila Nova,2-1,1X2,HOME,0,1.952,41,1-0,oddsflow_handicap_sniper,APIFOOTBALL,5,WON,4.76
2026-06-26,Brasileirão Série B,Novorizontino,Vila Nova,2-1,OU,OVER,3.5,2,42,1-1,oddsflow_handicap_sniper,APIFOOTBALL,4,LOST,-4
2026-06-26,Brasileirão Série B,Novorizontino,Vila Nova,2-1,AH,AWAY,0,2.75,67,1-1,oddsflow_handicap_sniper,APIFOOTBALL,4,LOST,-4
2026-06-26,Brasileirão Série B,Novorizontino,Vila Nova,2-1,AH,AWAY,0,2.75,67,1-1,oddsflow_core_strategy,APIFOOTBALL,4,LOST,-4
2026-06-27,FIFA World Cup,Uruguay,Spain,0-1,AH,AWAY,0.5,1.89,0,0-0,oddsflow_worldcup_prematch,NOVA88,1000,WON,890
2026-06-27,FIFA World Cup,Uruguay,Spain,0-1,AH,AWAY,0.5,1.89,0,0-0,oddsflow_worldcup_prematch,HGA,1000,WON,890
2026-06-27,FIFA World Cup,Uruguay,Spain,0-1,OU,OVER,2.5,2.2,0,0-0,oddsflow_worldcup_prematch,APIFOOTBALL,1000,LOST,-1000
2026-06-27,FIFA World Cup,Uruguay,Spain,0-1,OU,OVER,2.25,2.04,0,0-0,oddsflow_worldcup_prematch,NOVA88,1000,LOST,-1000
2026-06-27,FIFA World Cup,Uruguay,Spain,0-1,OU,OVER,2.25,2.04,0,0-0,oddsflow_worldcup_prematch,HGA,1000,LOST,-1000
2026-06-27,FIFA World Cup,Cape Verde Islands,Saudi Arabia,0-0,1X2,HOME,0,2.66,0,0-0,oddsflow_worldcup_prematch,HGA,1000,LOST,-1000
2026-06-27,FIFA World Cup,Uruguay,Spain,0-1,AH,AWAY,0.75,1.88,0,0-0,oddsflow_worldcup_prematch,APIFOOTBALL,1000,HALF_WON,440
2026-06-27,FIFA World Cup,Cape Verde Islands,Saudi Arabia,0-0,AH,HOME,0,1.92,0,0-0,oddsflow_worldcup_prematch,APIFOOTBALL,1000,VOID,0
2026-06-27,FIFA World Cup,Cape Verde Islands,Saudi Arabia,0-0,OU,OVER,2.25,1.91,0,0-0,oddsflow_worldcup_prematch,HGA,1000,LOST,-1000
2026-06-27,FIFA World Cup,Cape Verde Islands,Saudi Arabia,0-0,OU,OVER,2.5,2.2,0,0-0,oddsflow_worldcup_prematch,APIFOOTBALL,1000,LOST,-1000
2026-06-27,FIFA World Cup,Cape Verde Islands,Saudi Arabia,0-0,1X2,HOME,0,2.66,0,0-0,oddsflow_worldcup_prematch,NOVA88,1000,LOST,-1000
2026-06-27,FIFA World Cup,Cape Verde Islands,Saudi Arabia,0-0,OU,OVER,2.25,1.91,0,0-0,oddsflow_worldcup_prematch,NOVA88,1000,LOST,-1000
2026-06-27,FIFA World Cup,Cape Verde Islands,Saudi Arabia,0-0,AH,HOME,0,1.91,0,0-0,oddsflow_worldcup_prematch,HGA,1100,VOID,0
2026-06-27,FIFA World Cup,Cape Verde Islands,Saudi Arabia,0-0,AH,HOME,0,1.91,0,0-0,oddsflow_worldcup_prematch,NOVA88,1100,VOID,0
2026-06-27,FIFA World Cup,Cape Verde Islands,Saudi Arabia,0-0,1X2,HOME,0,2.62,0,0-0,oddsflow_worldcup_prematch,APIFOOTBALL,1000,LOST,-1000
2026-06-27,FIFA World Cup,Cape Verde Islands,Saudi Arabia,0-0,AH,HOME,-0.5,2.675,10,0-0,oddsflow_worldcup_full,APIFOOTBALL,200,LOST,-200
2026-06-27,FIFA World Cup,Cape Verde Islands,Saudi Arabia,0-0,AH,AWAY,0,1.975,51,0-0,oddsflow_worldcup_sniper,APIFOOTBALL,1000,VOID,0
2026-06-27,FIFA World Cup,Cape Verde Islands,Saudi Arabia,0-0,1X2,HOME,0,3.2,51,0-0,oddsflow_worldcup_sniper,APIFOOTBALL,1000,LOST,-1000
2026-06-27,FIFA World Cup,Cape Verde Islands,Saudi Arabia,0-0,AH,AWAY,0,1.95,51,0-0,oddsflow_worldcup_sniper,NOVA88,1000,VOID,0
2026-06-27,FIFA World Cup,Cape Verde Islands,Saudi Arabia,0-0,AH,AWAY,0,1.95,51,0-0,oddsflow_worldcup_sniper,HGA,1000,VOID,0
2026-06-27,FIFA World Cup,Cape Verde Islands,Saudi Arabia,0-0,1X2,HOME,0,3.3,51,0-0,oddsflow_worldcup_sniper,NOVA88,1000,LOST,-1000
2026-06-27,FIFA World Cup,Cape Verde Islands,Saudi Arabia,0-0,1X2,HOME,0,3.15,51,0-0,oddsflow_worldcup_sniper,HGA,1000,LOST,-1000
2026-06-27,FIFA World Cup,Cape Verde Islands,Saudi Arabia,0-0,OU,OVER,0.5,1.571,61,0-0,oddsflow_worldcup_sniper,APIFOOTBALL,1000,LOST,-1000
2026-06-27,FIFA World Cup,Cape Verde Islands,Saudi Arabia,0-0,1X2,DRAW,0,1.8,68,0-0,oddsflow_worldcup_sniper,APIFOOTBALL,1000,WON,800
2026-06-27,FIFA World Cup,Egypt,Iran,1-1,1X2,HOME,0,2.45,0,0-0,oddsflow_worldcup_prematch,APIFOOTBALL,1000,LOST,-1000
2026-06-27,FIFA World Cup,Egypt,Iran,1-1,1X2,HOME,0,2.45,0,0-0,oddsflow_worldcup_prematch,HGA,1000,LOST,-1000
2026-06-27,FIFA World Cup,Egypt,Iran,1-1,OU,UNDER,1.75,2.05,0,0-0,oddsflow_worldcup_prematch,NOVA88,1000,HALF_LOST,-500
2026-06-27,FIFA World Cup,Egypt,Iran,1-1,OU,UNDER,1.75,2.05,0,0-0,oddsflow_worldcup_prematch,HGA,1000,HALF_LOST,-500
2026-06-27,FIFA World Cup,Egypt,Iran,1-1,AH,HOME,-0.25,2.02,0,0-0,oddsflow_worldcup_prematch,APIFOOTBALL,1000,HALF_LOST,-500
2026-06-27,FIFA World Cup,Egypt,Iran,1-1,OU,UNDER,1.5,2.38,0,0-0,oddsflow_worldcup_prematch,APIFOOTBALL,1000,LOST,-1000
2026-06-27,FIFA World Cup,Egypt,Iran,1-1,AH,HOME,-0.25,2.02,0,0-0,oddsflow_worldcup_prematch,NOVA88,1000,HALF_LOST,-500
2026-06-27,FIFA World Cup,New Zealand,Belgium,1-5,OU,UNDER,3.25,1.94,0,0-0,oddsflow_worldcup_prematch,HGA,1000,LOST,-1000
2026-06-27,FIFA World Cup,Egypt,Iran,1-1,1X2,HOME,0,2.45,0,0-0,oddsflow_worldcup_prematch,NOVA88,1000,LOST,-1000
2026-06-27,FIFA World Cup,Egypt,Iran,1-1,AH,HOME,-0.25,2.02,0,0-0,oddsflow_worldcup_prematch,HGA,1000,HALF_LOST,-500
2026-06-27,FIFA World Cup,New Zealand,Belgium,1-5,OU,UNDER,3.5,2,0,0-0,oddsflow_worldcup_prematch,APIFOOTBALL,1000,LOST,-1000
2026-06-27,FIFA World Cup,New Zealand,Belgium,1-5,OU,UNDER,3.25,1.94,0,0-0,oddsflow_worldcup_prematch,NOVA88,1000,LOST,-1000
2026-06-27,FIFA World Cup,New Zealand,Belgium,1-5,AH,AWAY,2.25,1.93,0,0-0,oddsflow_worldcup_prematch,NOVA88,1500,WON,1395
2026-06-27,FIFA World Cup,New Zealand,Belgium,1-5,AH,AWAY,2.25,1.93,0,0-0,oddsflow_worldcup_prematch,HGA,1500,WON,1395
2026-06-27,FIFA World Cup,New Zealand,Belgium,1-5,AH,AWAY,2.25,1.98,0,0-0,oddsflow_worldcup_prematch,APIFOOTBALL,1300,WON,1274
2026-06-27,FIFA World Cup,Egypt,Iran,1-1,AH,HOME,-0.5,2.75,10,1-0,oddsflow_worldcup_full,APIFOOTBALL,200,LOST,-200
2026-06-27,FIFA World Cup,Egypt,Iran,1-1,AH,AWAY,0,2.2,35,1-1,oddsflow_worldcup_sniper,APIFOOTBALL,1000,VOID,0
2026-06-27,FIFA World Cup,Egypt,Iran,1-1,1X2,HOME,0,2.6,35,1-1,oddsflow_worldcup_sniper,APIFOOTBALL,1000,LOST,-1000
2026-06-27,FIFA World Cup,Egypt,Iran,1-1,AH,AWAY,0,2.23,35,1-1,oddsflow_worldcup_sniper,NOVA88,1013,VOID,0
2026-06-27,FIFA World Cup,Egypt,Iran,1-1,1X2,HOME,0,2.69,35,1-1,oddsflow_worldcup_sniper,NOVA88,1000,LOST,-1000
2026-06-27,FIFA World Cup,Egypt,Iran,1-1,AH,AWAY,0,2.2,35,1-1,oddsflow_worldcup_sniper,HGA,1000,VOID,0
2026-06-27,FIFA World Cup,Egypt,Iran,1-1,1X2,HOME,0,2.65,35,1-1,oddsflow_worldcup_sniper,HGA,1000,LOST,-1000
2026-06-27,FIFA World Cup,New Zealand,Belgium,1-5,AH,HOME,1.5,1.95,39,0-1,oddsflow_worldcup_hybrid,APIFOOTBALL,1871,LOST,-1871
2026-06-27,FIFA World Cup,New Zealand,Belgium,1-5,AH,HOME,1.5,1.95,39,0-1,oddsflow_worldcup_hybrid,APIFOOTBALL,1877,LOST,-1877
2026-06-27,FIFA World Cup,New Zealand,Belgium,1-5,AH,HOME,1.5,1.99,39,0-1,oddsflow_worldcup_hybrid,HGA,3491,LOST,-3491
2026-06-27,FIFA World Cup,New Zealand,Belgium,1-5,AH,HOME,1.5,1.99,39,0-1,oddsflow_worldcup_hybrid,HGA,3503,LOST,-3503
2026-06-27,FIFA World Cup,New Zealand,Belgium,1-5,AH,HOME,1.5,1.95,39,0-1,oddsflow_worldcup_sniper,APIFOOTBALL,1852,LOST,-1852
2026-06-27,FIFA World Cup,New Zealand,Belgium,1-5,AH,HOME,1.5,1.99,39,0-1,oddsflow_worldcup_sniper,HGA,3454,LOST,-3454
2026-06-27,FIFA World Cup,New Zealand,Belgium,1-5,OU,UNDER,3.5,1.727,40,0-1,oddsflow_worldcup_hybrid,APIFOOTBALL,1844,LOST,-1844
2026-06-27,FIFA World Cup,New Zealand,Belgium,1-5,OU,UNDER,3.5,1.727,40,0-1,oddsflow_worldcup_hybrid,APIFOOTBALL,1820,LOST,-1820
2026-06-27,FIFA World Cup,New Zealand,Belgium,1-5,OU,UNDER,3.25,1.99,40,0-1,oddsflow_worldcup_hybrid,NOVA88,3112,LOST,-3112
2026-06-27,FIFA World Cup,New Zealand,Belgium,1-5,OU,UNDER,3.25,1.99,40,0-1,oddsflow_worldcup_hybrid,NOVA88,3078,LOST,-3078
2026-06-27,FIFA World Cup,New Zealand,Belgium,1-5,OU,UNDER,3.25,1.99,40,0-1,oddsflow_worldcup_hybrid,HGA,3112,LOST,-3112
2026-06-27,FIFA World Cup,New Zealand,Belgium,1-5,OU,UNDER,3.25,1.99,40,0-1,oddsflow_worldcup_hybrid,HGA,3078,LOST,-3078
2026-06-27,FIFA World Cup,New Zealand,Belgium,1-5,OU,UNDER,3.5,1.727,40,0-1,oddsflow_worldcup_sniper,APIFOOTBALL,1831,LOST,-1831
2026-06-27,FIFA World Cup,New Zealand,Belgium,1-5,OU,UNDER,3.25,1.99,40,0-1,oddsflow_worldcup_sniper,NOVA88,3093,LOST,-3093
2026-06-27,FIFA World Cup,New Zealand,Belgium,1-5,OU,UNDER,3.25,1.99,40,0-1,oddsflow_worldcup_sniper,HGA,3093,LOST,-3093
2026-06-27,FIFA World Cup,New Zealand,Belgium,1-5,OU,UNDER,2.5,2.5,51,0-1,oddsflow_worldcup_hybrid,APIFOOTBALL,1000,LOST,-1000
2026-06-27,FIFA World Cup,New Zealand,Belgium,1-5,OU,UNDER,2.5,2.5,51,0-1,oddsflow_worldcup_sniper,APIFOOTBALL,1000,LOST,-1000
2026-06-27,FIFA World Cup,New Zealand,Belgium,1-5,OU,UNDER,4.5,1.533,50,0-1,oddsflow_worldcup_sniper,APIFOOTBALL,2276,LOST,-2276
2026-06-27,FIFA World Cup,New Zealand,Belgium,1-5,OU,UNDER,4.5,1.533,50,0-1,oddsflow_worldcup_hybrid,APIFOOTBALL,2264,LOST,-2264
2026-06-27,FIFA World Cup,New Zealand,Belgium,1-5,AH,HOME,1,2.35,51,0-2,oddsflow_worldcup_sniper,APIFOOTBALL,1000,LOST,-1000
2026-06-27,FIFA World Cup,New Zealand,Belgium,1-5,AH,HOME,1,2.35,51,0-2,oddsflow_worldcup_hybrid,APIFOOTBALL,1000,LOST,-1000
2026-06-27,FIFA World Cup,New Zealand,Belgium,1-5,AH,HOME,1,2.35,51,0-2,oddsflow_worldcup_hybrid,APIFOOTBALL,1000,LOST,-1000
2026-06-27,FIFA World Cup,New Zealand,Belgium,1-5,AH,HOME,0.5,2.75,55,0-2,oddsflow_worldcup_sniper,APIFOOTBALL,1000,LOST,-1000
2026-06-27,FIFA World Cup,New Zealand,Belgium,1-5,AH,HOME,0.5,2.75,55,0-2,oddsflow_worldcup_hybrid,APIFOOTBALL,1000,LOST,-1000
2026-06-27,FIFA World Cup,New Zealand,Belgium,1-5,AH,HOME,0.5,2.75,55,0-2,oddsflow_worldcup_hybrid,APIFOOTBALL,1000,LOST,-1000
2026-06-27,FIFA World Cup,Egypt,Iran,1-1,OU,OVER,2.5,1.533,54,1-1,oddsflow_worldcup_sniper,APIFOOTBALL,1000,LOST,-1000
2026-06-27,FIFA World Cup,Egypt,Iran,1-1,OU,OVER,2.5,2,64,1-1,oddsflow_worldcup_full,APIFOOTBALL,500,LOST,-500
2026-06-27,FIFA World Cup,Egypt,Iran,1-1,1X2,DRAW,0,1.533,73,1-1,oddsflow_worldcup_sniper,APIFOOTBALL,1000,WON,533
2026-06-27,Brasileirão Série B,Operario-PR,America Mineiro,1-0,AH,AWAY,-0.5,2,19,0-0,oddsflow_core_strategy,APIFOOTBALL,4,LOST,-4
2026-06-27,Brasileirão Série B,Operario-PR,America Mineiro,1-0,AH,AWAY,-0.5,2.02,19,0-0,oddsflow_core_strategy,NOVA88,23,LOST,-23
2026-06-27,Brasileirão Série B,Operario-PR,America Mineiro,1-0,AH,AWAY,-0.5,2.03,19,0-0,oddsflow_core_strategy,HGA,50,LOST,-50
2026-06-27,Brasileirão Série B,Operario-PR,America Mineiro,1-0,AH,AWAY,-0.5,1.775,35,0-0,oddsflow_handicap_sniper,APIFOOTBALL,4,LOST,-4
2026-06-27,Brasileirão Série B,Operario-PR,America Mineiro,1-0,OU,OVER,1.5,1.8,35,0-0,oddsflow_handicap_sniper,APIFOOTBALL,4,LOST,-4
2026-06-27,Brasileirão Série B,Operario-PR,America Mineiro,1-0,AH,AWAY,-0.5,1.85,35,0-0,oddsflow_handicap_sniper,NOVA88,18,LOST,-18
2026-06-27,Brasileirão Série B,Operario-PR,America Mineiro,1-0,1X2,AWAY,0,4.75,35,0-0,oddsflow_handicap_sniper,APIFOOTBALL,4,LOST,-4
2026-06-27,Brasileirão Série B,Operario-PR,America Mineiro,1-0,AH,AWAY,-0.5,1.82,35,0-0,oddsflow_handicap_sniper,HGA,50,LOST,-50
2026-06-27,Brasileirão Série B,Operario-PR,America Mineiro,1-0,1X2,AWAY,0,3.95,35,0-0,oddsflow_handicap_sniper,NOVA88,15,LOST,-15
2026-06-27,Brasileirão Série B,Operario-PR,America Mineiro,1-0,1X2,AWAY,0,4.3,35,0-0,oddsflow_handicap_sniper,HGA,50,LOST,-50
2026-06-27,Brasileirão Série B,Operario-PR,America Mineiro,1-0,AH,AWAY,0,2.75,44,0-0,oddsflow_handicap_sniper,APIFOOTBALL,4,LOST,-4
2026-06-27,Brasileirão Série B,Operario-PR,America Mineiro,1-0,AH,AWAY,0,2.75,44,0-0,oddsflow_core_strategy,APIFOOTBALL,4,LOST,-4
2026-06-27,Brasileirão Série B,Operario-PR,America Mineiro,1-0,OU,OVER,0.5,1.533,59,0-0,oddsflow_handicap_sniper,APIFOOTBALL,4,WON,2.13
2026-06-27,Brasileirão Série B,Operario-PR,America Mineiro,1-0,OU,UNDER,1.5,2.2,64,0-0,oddsflow_handicap_sniper,APIFOOTBALL,4,WON,4.8
2026-06-27,Brasileirão Série B,Operario-PR,America Mineiro,1-0,1X2,DRAW,0,5,64,0-0,oddsflow_handicap_sniper,APIFOOTBALL,4,LOST,-4
2026-06-27,Brasileirão Série B,Operario-PR,America Mineiro,1-0,OU,UNDER,1.75,1.82,64,0-0,oddsflow_handicap_sniper,NOVA88,50,WON,41
2026-06-27,FIFA World Cup,Croatia,Ghana,2-1,AH,AWAY,-0.5,1.975,12,0-0,oddsflow_worldcup_full,APIFOOTBALL,200,LOST,-200
2026-06-27,FIFA World Cup,Croatia,Ghana,2-1,AH,AWAY,-0.5,2.03,12,0-0,oddsflow_worldcup_full,NOVA88,1594,LOST,-1594
2026-06-27,FIFA World Cup,Croatia,Ghana,2-1,AH,AWAY,-0.5,1.98,12,0-0,oddsflow_worldcup_full,HGA,1521,LOST,-1521
2026-06-27,FIFA World Cup,Croatia,Ghana,2-1,AH,AWAY,0,2.675,35,1-0,oddsflow_worldcup_sniper,APIFOOTBALL,1742,VOID,0
2026-06-27,FIFA World Cup,Croatia,Ghana,2-1,OU,UNDER,2.5,1.615,35,1-0,oddsflow_worldcup_sniper,APIFOOTBALL,3018,LOST,-3018
2026-06-27,FIFA World Cup,Croatia,Ghana,2-1,OU,UNDER,2.25,1.85,35,1-0,oddsflow_worldcup_sniper,NOVA88,4500,LOST,-4500
2026-06-27,FIFA World Cup,Croatia,Ghana,2-1,OU,UNDER,2.25,1.88,35,1-0,oddsflow_worldcup_sniper,HGA,4500,LOST,-4500
2026-06-27,FIFA World Cup,Croatia,Ghana,2-1,1X2,DRAW,0,1.533,79,1-1,oddsflow_worldcup_sniper,APIFOOTBALL,1000,LOST,-1000
2026-06-27,FIFA World Cup,Colombia,Portugal,0-0,AH,HOME,0.5,2,10,0-0,oddsflow_worldcup_full,APIFOOTBALL,200,WON,200
2026-06-27,FIFA World Cup,Colombia,Portugal,0-0,AH,HOME,0.5,2.02,10,0-0,oddsflow_worldcup_full,HGA,1000,WON,1020
2026-06-27,FIFA World Cup,Congo DR,Uzbekistan,3-1,AH,HOME,-0.5,1.875,10,0-0,oddsflow_worldcup_full,APIFOOTBALL,200,WON,175
2026-06-27,FIFA World Cup,Colombia,Portugal,0-0,AH,HOME,0.5,1.725,35,0-0,oddsflow_worldcup_hybrid,APIFOOTBALL,1000,WON,725
2026-06-27,FIFA World Cup,Colombia,Portugal,0-0,OU,UNDER,1.5,2.5,35,0-0,oddsflow_worldcup_hybrid,APIFOOTBALL,1000,WON,1500
2026-06-27,FIFA World Cup,Colombia,Portugal,0-0,1X2,DRAW,0,3.2,35,0-0,oddsflow_worldcup_hybrid,APIFOOTBALL,1000,WON,2200
2026-06-27,FIFA World Cup,Colombia,Portugal,0-0,1X2,DRAW,0,3.2,35,0-0,oddsflow_worldcup_hybrid,NOVA88,1000,WON,2200
2026-06-27,FIFA World Cup,Colombia,Portugal,0-0,1X2,DRAW,0,3.2,35,0-0,oddsflow_worldcup_hybrid,HGA,1000,WON,2200
2026-06-27,FIFA World Cup,Colombia,Portugal,0-0,AH,HOME,0.5,1.725,35,0-0,oddsflow_worldcup_sniper,APIFOOTBALL,1000,WON,725
2026-06-27,FIFA World Cup,Colombia,Portugal,0-0,OU,UNDER,2.5,1.5,35,0-0,oddsflow_worldcup_sniper,APIFOOTBALL,1358,WON,679
2026-06-27,FIFA World Cup,Colombia,Portugal,0-0,1X2,DRAW,0,3.2,35,0-0,oddsflow_worldcup_sniper,APIFOOTBALL,1000,WON,2200
2026-06-27,FIFA World Cup,Colombia,Portugal,0-0,OU,UNDER,1.75,2.08,35,0-0,oddsflow_worldcup_sniper,NOVA88,2656,WON,2868.48
2026-06-27,FIFA World Cup,Colombia,Portugal,0-0,OU,UNDER,2,1.82,35,0-0,oddsflow_worldcup_sniper,HGA,2375,WON,1947.5
2026-06-27,FIFA World Cup,Colombia,Portugal,0-0,1X2,DRAW,0,3.2,35,0-0,oddsflow_worldcup_sniper,NOVA88,1000,WON,2200
2026-06-27,FIFA World Cup,Colombia,Portugal,0-0,1X2,DRAW,0,3.2,35,0-0,oddsflow_worldcup_sniper,HGA,1000,WON,2200
2026-06-27,FIFA World Cup,Colombia,Portugal,0-0,OU,UNDER,2.5,1.5,35,0-0,oddsflow_worldcup_hybrid,APIFOOTBALL,1381,WON,690.5
2026-06-27,FIFA World Cup,Colombia,Portugal,0-0,OU,UNDER,1.75,2.09,35,0-0,oddsflow_worldcup_hybrid,NOVA88,2686,WON,2927.74
2026-06-27,FIFA World Cup,Colombia,Portugal,0-0,OU,UNDER,2,1.82,35,0-0,oddsflow_worldcup_hybrid,HGA,2401,WON,1968.82
2026-06-27,FIFA World Cup,Colombia,Portugal,0-0,OU,UNDER,1.5,2.375,35,0-0,oddsflow_worldcup_sniper,APIFOOTBALL,1000,WON,1375
2026-06-27,FIFA World Cup,Congo DR,Uzbekistan,3-1,OU,UNDER,2.5,2.2,39,0-1,oddsflow_worldcup_sniper,APIFOOTBALL,1000,LOST,-1000
2026-06-27,FIFA World Cup,Congo DR,Uzbekistan,3-1,1X2,AWAY,0,1.952,49,0-1,oddsflow_worldcup_sniper,APIFOOTBALL,1000,LOST,-1000
2026-06-27,FIFA World Cup,Colombia,Portugal,0-0,OU,OVER,1.5,1.8,49,0-0,oddsflow_worldcup_sniper,APIFOOTBALL,1000,LOST,-1000
2026-06-27,FIFA World Cup,Congo DR,Uzbekistan,3-1,AH,AWAY,-0.5,1.775,68,1-1,oddsflow_worldcup_sniper,APIFOOTBALL,1000,LOST,-1000
2026-06-27,FIFA World Cup,Congo DR,Uzbekistan,3-1,1X2,DRAW,0,3.1,68,1-1,oddsflow_worldcup_sniper,APIFOOTBALL,1000,LOST,-1000
2026-06-27,FIFA World Cup,Congo DR,Uzbekistan,3-1,1X2,DRAW,0,3.3,68,1-1,oddsflow_worldcup_sniper,NOVA88,1598,LOST,-1598
2026-06-27,FIFA World Cup,Congo DR,Uzbekistan,3-1,1X2,DRAW,0,2.05,68,1-1,oddsflow_worldcup_sniper,HGA,1000,LOST,-1000
2026-06-27,FIFA World Cup,Congo DR,Uzbekistan,3-1,OU,OVER,2.5,2.5,69,1-1,oddsflow_worldcup_full,APIFOOTBALL,500,WON,750
2026-06-27,FIFA World Cup,Colombia,Portugal,0-0,AH,AWAY,0,1.725,74,0-0,oddsflow_worldcup_sniper,APIFOOTBALL,1000,VOID,0
2026-06-27,FIFA World Cup,Colombia,Portugal,0-0,AH,AWAY,0,1.725,74,0-0,oddsflow_worldcup_hybrid,APIFOOTBALL,1532,VOID,0
2026-06-27,FIFA World Cup,Colombia,Portugal,0-0,AH,AWAY,0,2.2,74,0-0,oddsflow_worldcup_sniper,NOVA88,2844,VOID,0
2026-06-27,FIFA World Cup,Colombia,Portugal,0-0,AH,AWAY,0,1.7,74,0-0,oddsflow_worldcup_sniper,HGA,2307,VOID,0
2026-06-27,FIFA World Cup,Colombia,Portugal,0-0,AH,AWAY,0,2.2,74,0-0,oddsflow_worldcup_hybrid,NOVA88,2863,VOID,0
2026-06-27,FIFA World Cup,Colombia,Portugal,0-0,AH,AWAY,0,1.7,74,0-0,oddsflow_worldcup_hybrid,HGA,2332,VOID,0
2026-06-28,FIFA World Cup,Algeria,Austria,3-3,AH,AWAY,0,1.975,10,0-0,oddsflow_worldcup_full,APIFOOTBALL,200,VOID,0
2026-06-28,FIFA World Cup,Algeria,Austria,3-3,AH,AWAY,0,1.97,10,0-0,oddsflow_worldcup_full,NOVA88,2494,VOID,0
2026-06-28,FIFA World Cup,Algeria,Austria,3-3,AH,AWAY,0,1.91,10,0-0,oddsflow_worldcup_full,HGA,2427,VOID,0
2026-06-28,FIFA World Cup,Algeria,Austria,3-3,AH,AWAY,0,2.375,35,0-1,oddsflow_worldcup_sniper,APIFOOTBALL,1003,LOST,-1003
2026-06-28,FIFA World Cup,Algeria,Austria,3-3,OU,OVER,2.5,2,35,0-1,oddsflow_worldcup_sniper,APIFOOTBALL,1000,WON,1000
2026-06-28,FIFA World Cup,Algeria,Austria,3-3,1X2,AWAY,0,1.666,35,0-1,oddsflow_worldcup_sniper,APIFOOTBALL,1064,LOST,-1064
2026-06-28,FIFA World Cup,Algeria,Austria,3-3,1X2,AWAY,0,1.65,35,0-1,oddsflow_worldcup_sniper,HGA,1411,LOST,-1411
2026-06-28,FIFA World Cup,Algeria,Austria,3-3,OU,OVER,3.5,2.5,45,1-1,oddsflow_worldcup_sniper,APIFOOTBALL,1000,WON,1500
2026-06-28,FIFA World Cup,Algeria,Austria,3-3,OU,OVER,4.5,1.8,61,2-2,oddsflow_worldcup_sniper,APIFOOTBALL,1000,WON,800
2026-06-28,FIFA World Cup,Algeria,Austria,3-3,OU,OVER,4.75,2.1,61,2-2,oddsflow_worldcup_sniper,HGA,1923,WON,2115.3
2026-06-28,FIFA World Cup,South Africa,Canada,0-1,AH,AWAY,0.5,2.025,10,0-0,oddsflow_worldcup_full,APIFOOTBALL,200,WON,205
2026-06-28,FIFA World Cup,South Africa,Canada,0-1,AH,AWAY,0.5,2,10,0-0,oddsflow_worldcup_full,HGA,1000,WON,1000
2026-06-28,Brasileirão Série B,Atletico Goianiense,Ponte Preta,2-0,AH,HOME,-1.5,2.2,10,0-0,oddsflow_core_strategy,APIFOOTBALL,4,WON,4.8
2026-06-28,Brasileirão Série B,Athletic Club,Avai,1-0,AH,AWAY,0,2.75,10,0-0,oddsflow_core_strategy,APIFOOTBALL,4,LOST,-4
2026-06-28,Brasileirão Série B,Juventude,Ceara,2-0,AH,HOME,-0.5,1.95,10,0-0,oddsflow_core_strategy,APIFOOTBALL,4,WON,3.8
2026-06-28,Brasileirão Série B,Juventude,Ceara,2-0,AH,HOME,-0.5,2.03,10,0-0,oddsflow_core_strategy,NOVA88,30,WON,30.9
2026-06-28,Brasileirão Série B,Juventude,Ceara,2-0,AH,HOME,-0.5,2.01,10,0-0,oddsflow_core_strategy,HGA,58,WON,58.58
2026-06-28,Brasileirão Série B,Juventude,Ceara,2-0,AH,AWAY,0,2.375,26,1-0,oddsflow_core_strategy,APIFOOTBALL,4,LOST,-4
2026-06-28,FIFA World Cup,South Africa,Canada,0-1,OU,UNDER,1.5,2.1,35,0-0,oddsflow_worldcup_sniper,APIFOOTBALL,1000,WON,1100
2026-06-28,FIFA World Cup,South Africa,Canada,0-1,1X2,AWAY,0,2.05,35,0-0,oddsflow_worldcup_sniper,APIFOOTBALL,1000,WON,1050
2026-06-28,FIFA World Cup,South Africa,Canada,0-1,1X2,AWAY,0,4.4,35,0-0,oddsflow_worldcup_sniper,NOVA88,1525,WON,5185
2026-06-28,FIFA World Cup,South Africa,Canada,0-1,AH,AWAY,0.5,2.1,37,0-0,oddsflow_worldcup_sniper,APIFOOTBALL,1000,WON,1100
2026-06-28,FIFA World Cup,South Africa,Canada,0-1,AH,AWAY,0.5,2.13,37,0-0,oddsflow_worldcup_sniper,HGA,1000,WON,1130
2026-06-28,FIFA World Cup,South Africa,Canada,0-1,1X2,DRAW,0,2.5,46,0-0,oddsflow_worldcup_sniper,APIFOOTBALL,1000,LOST,-1000
2026-06-28,FIFA World Cup,South Africa,Canada,0-1,1X2,DRAW,0,2.6,47,0-0,oddsflow_worldcup_hybrid,APIFOOTBALL,1000,LOST,-1000
2026-06-28,FIFA World Cup,South Africa,Canada,0-1,OU,UNDER,1.5,1.727,47,0-0,oddsflow_worldcup_hybrid,APIFOOTBALL,1000,WON,727
2026-06-28,FIFA World Cup,South Africa,Canada,0-1,OU,UNDER,1.25,1.98,47,0-0,oddsflow_worldcup_hybrid,NOVA88,1611,HALF_WON,789.39
2026-06-28,FIFA World Cup,South Africa,Canada,0-1,AH,HOME,0.5,1.8,49,0-0,oddsflow_worldcup_hybrid,APIFOOTBALL,1000,LOST,-1000
2026-06-28,FIFA World Cup,South Africa,Canada,0-1,AH,AWAY,1,2.675,49,0-0,oddsflow_worldcup_hybrid,APIFOOTBALL,1000,VOID,0
2026-06-28,FIFA World Cup,South Africa,Canada,0-1,OU,UNDER,2.5,1.615,49,0-0,oddsflow_worldcup_hybrid,APIFOOTBALL,1382,WON,849.93
2026-06-28,FIFA World Cup,South Africa,Canada,0-1,OU,UNDER,1.25,1.92,49,0-0,oddsflow_worldcup_hybrid,HGA,3582,HALF_WON,1647.72
2026-06-28,FIFA World Cup,South Africa,Canada,0-1,AH,HOME,0.5,1.95,49,0-0,oddsflow_worldcup_sniper,APIFOOTBALL,1000,LOST,-1000
2026-06-28,FIFA World Cup,South Africa,Canada,0-1,OU,UNDER,2.5,1.615,49,0-0,oddsflow_worldcup_sniper,APIFOOTBALL,1385,WON,851.78
2026-06-28,FIFA World Cup,South Africa,Canada,0-1,OU,UNDER,1.25,1.95,49,0-0,oddsflow_worldcup_sniper,NOVA88,3605,HALF_WON,1712.38
2026-06-28,FIFA World Cup,South Africa,Canada,0-1,OU,UNDER,1.25,1.92,49,0-0,oddsflow_worldcup_sniper,HGA,3590,HALF_WON,1651.4
2026-06-28,FIFA World Cup,South Africa,Canada,0-1,AH,AWAY,1,2.675,49,0-0,oddsflow_worldcup_sniper,APIFOOTBALL,1000,VOID,0
2026-06-28,FIFA World Cup,South Africa,Canada,0-1,1X2,AWAY,0,4.9,49,0-0,oddsflow_worldcup_hybrid,APIFOOTBALL,1000,WON,3900
2026-06-28,FIFA World Cup,South Africa,Canada,0-1,OU,OVER,0.5,1.78,63,0-0,oddsflow_worldcup_hybrid,APIFOOTBALL,1000,WON,780
2026-06-28,FIFA World Cup,South Africa,Canada,0-1,OU,OVER,0.75,2.11,63,0-0,oddsflow_worldcup_hybrid,HGA,1934,HALF_WON,1073.37
2026-06-28,FIFA World Cup,South Africa,Canada,0-1,OU,OVER,0.5,1.78,63,0-0,oddsflow_worldcup_sniper,APIFOOTBALL,1000,WON,780
2026-06-28,FIFA World Cup,South Africa,Canada,0-1,OU,OVER,0.75,2.11,63,0-0,oddsflow_worldcup_sniper,HGA,1934,HALF_WON,1073.37
2026-06-28,Brasileirão Série B,Fortaleza EC,Sport Recife,2-1,AH,AWAY,-0.5,1.875,10,0-0,oddsflow_core_strategy,APIFOOTBALL,5,LOST,-5
2026-06-28,Brasileirão Série B,Fortaleza EC,Sport Recife,2-1,AH,AWAY,-0.5,1.93,10,0-0,oddsflow_core_strategy,NOVA88,50,LOST,-50
2026-06-28,Brasileirão Série B,Fortaleza EC,Sport Recife,2-1,AH,AWAY,-0.5,1.96,10,0-0,oddsflow_core_strategy,HGA,100,LOST,-100
2026-06-28,Brasileirão Série B,Nautico Recife,Goias,0-1,AH,HOME,-0.5,1.95,10,0-0,oddsflow_core_strategy,APIFOOTBALL,7,LOST,-7
2026-06-28,Brasileirão Série B,Nautico Recife,Goias,0-1,AH,HOME,-0.5,2.01,10,0-0,oddsflow_core_strategy,NOVA88,50,LOST,-50
2026-06-28,Brasileirão Série B,Nautico Recife,Goias,0-1,AH,HOME,-0.5,2,10,0-0,oddsflow_core_strategy,HGA,100,LOST,-100
2026-06-29,FIFA World Cup,Brazil,Japan,2-1,1X2,AWAY,0,2.05,52,0-1,oddsflow_worldcup_sniper,APIFOOTBALL,1000,LOST,-1000
2026-06-29,FIFA World Cup,Brazil,Japan,2-1,AH,AWAY,-0.5,1.7,65,1-1,oddsflow_worldcup_sniper,APIFOOTBALL,1000,LOST,-1000
2026-06-29,FIFA World Cup,Brazil,Japan,2-1,OU,OVER,2.5,1.571,65,1-1,oddsflow_worldcup_sniper,APIFOOTBALL,1000,WON,571
2026-06-29,FIFA World Cup,Brazil,Japan,2-1,1X2,DRAW,0,2.05,65,1-1,oddsflow_worldcup_sniper,APIFOOTBALL,1000,LOST,-1000
2026-06-29,FIFA World Cup,Brazil,Japan,2-1,OU,OVER,2.75,1.98,65,1-1,oddsflow_worldcup_sniper,NOVA88,1772,HALF_WON,868.28
2026-06-29,FIFA World Cup,Brazil,Japan,2-1,OU,OVER,2.75,1.98,65,1-1,oddsflow_worldcup_sniper,HGA,1772,HALF_WON,868.28
2026-06-29,FIFA World Cup,Brazil,Japan,2-1,AH,AWAY,-0.5,1.7,65,1-1,oddsflow_worldcup_hybrid,APIFOOTBALL,1000,LOST,-1000
2026-06-29,FIFA World Cup,Brazil,Japan,2-1,OU,OVER,2.5,1.571,65,1-1,oddsflow_worldcup_hybrid,APIFOOTBALL,1000,WON,571
2026-06-29,FIFA World Cup,Brazil,Japan,2-1,OU,OVER,2.5,1.571,65,1-1,oddsflow_worldcup_hybrid,APIFOOTBALL,1000,WON,571
2026-06-29,FIFA World Cup,Brazil,Japan,2-1,1X2,DRAW,0,2.05,65,1-1,oddsflow_worldcup_hybrid,APIFOOTBALL,1000,LOST,-1000
2026-06-29,FIFA World Cup,Brazil,Japan,2-1,OU,OVER,2.75,1.98,65,1-1,oddsflow_worldcup_hybrid,NOVA88,1772,HALF_WON,868.28
2026-06-29,FIFA World Cup,Brazil,Japan,2-1,1X2,DRAW,0,2.05,65,1-1,oddsflow_worldcup_hybrid,APIFOOTBALL,1000,LOST,-1000
2026-06-29,FIFA World Cup,Brazil,Japan,2-1,OU,OVER,2.75,1.98,65,1-1,oddsflow_worldcup_hybrid,NOVA88,1772,HALF_WON,868.28
2026-06-29,FIFA World Cup,Brazil,Japan,2-1,OU,OVER,2.75,1.98,65,1-1,oddsflow_worldcup_hybrid,HGA,1772,HALF_WON,868.28
2026-06-29,FIFA World Cup,Brazil,Japan,2-1,OU,OVER,2.75,1.98,65,1-1,oddsflow_worldcup_hybrid,HGA,1772,HALF_WON,868.28
2026-06-30,FIFA World Cup,Netherlands,Morocco,1-1,AH,HOME,-0.5,2.35,10,0-0,oddsflow_worldcup_full,APIFOOTBALL,200,LOST,-200
2026-06-30,FIFA World Cup,Netherlands,Morocco,1-1,AH,HOME,-0.5,2.6,35,0-0,oddsflow_worldcup_sniper,APIFOOTBALL,1000,LOST,-1000
2026-06-30,FIFA World Cup,Netherlands,Morocco,1-1,OU,OVER,1.5,1.8,35,0-0,oddsflow_worldcup_sniper,APIFOOTBALL,1615,WON,1292
2026-06-30,FIFA World Cup,Netherlands,Morocco,1-1,1X2,HOME,0,2.625,35,0-0,oddsflow_worldcup_sniper,APIFOOTBALL,1000,LOST,-1000
2026-06-30,FIFA World Cup,Netherlands,Morocco,1-1,OU,OVER,1.5,1.9,35,0-0,oddsflow_worldcup_sniper,NOVA88,2728,WON,2455.2
2026-06-30,FIFA World Cup,Netherlands,Morocco,1-1,1X2,HOME,0,2.69,35,0-0,oddsflow_worldcup_sniper,NOVA88,1000,LOST,-1000
2026-06-30,FIFA World Cup,Netherlands,Morocco,1-1,OU,OVER,1.5,1.94,35,0-0,oddsflow_worldcup_sniper,HGA,2768,WON,2601.92
2026-06-30,FIFA World Cup,Netherlands,Morocco,1-1,1X2,HOME,0,2.66,35,0-0,oddsflow_worldcup_sniper,HGA,1000,LOST,-1000
2026-06-30,FIFA World Cup,Netherlands,Morocco,1-1,AH,AWAY,0,2.375,39,0-0,oddsflow_worldcup_sniper,APIFOOTBALL,1000,VOID,0
2026-06-30,FIFA World Cup,Netherlands,Morocco,1-1,OU,OVER,0.5,1.533,60,0-0,oddsflow_worldcup_sniper,APIFOOTBALL,1000,WON,533
2026-06-30,FIFA World Cup,Ivory Coast,Norway,1-2,AH,HOME,0,2.5,11,0-0,oddsflow_worldcup_full,APIFOOTBALL,200,LOST,-200
2026-06-30,FIFA World Cup,Ivory Coast,Norway,1-2,AH,HOME,0,2.05,38,0-0,oddsflow_worldcup_sniper,APIFOOTBALL,1000,LOST,-1000
2026-06-30,FIFA World Cup,Ivory Coast,Norway,1-2,OU,OVER,1.5,1.666,38,0-0,oddsflow_worldcup_sniper,APIFOOTBALL,1000,WON,666
2026-06-30,FIFA World Cup,Ivory Coast,Norway,1-2,1X2,HOME,0,3.1,38,0-0,oddsflow_worldcup_sniper,APIFOOTBALL,1000,LOST,-1000
2026-06-30,FIFA World Cup,Ivory Coast,Norway,1-2,OU,OVER,1.75,1.95,38,0-0,oddsflow_worldcup_sniper,NOVA88,1695,WON,1610.25
2026-06-30,FIFA World Cup,Ivory Coast,Norway,1-2,1X2,HOME,0,2.92,38,0-0,oddsflow_worldcup_sniper,NOVA88,1228,LOST,-1228
2026-06-30,FIFA World Cup,Ivory Coast,Norway,1-2,AH,HOME,-0.5,2.375,39,0-0,oddsflow_worldcup_sniper,APIFOOTBALL,1000,LOST,-1000
2026-06-30,FIFA World Cup,Ivory Coast,Norway,1-2,OU,UNDER,2.5,2.2,39,0-0,oddsflow_worldcup_sniper,APIFOOTBALL,1000,LOST,-1000
2026-06-30,FIFA World Cup,Ivory Coast,Norway,1-2,OU,OVER,2.5,1.666,40,0-1,oddsflow_worldcup_sniper,APIFOOTBALL,1000,WON,666
2026-06-30,FIFA World Cup,Ivory Coast,Norway,1-2,AH,AWAY,0,2.3,64,0-1,oddsflow_worldcup_sniper,APIFOOTBALL,1000,VOID,0
2026-06-30,FIFA World Cup,Ivory Coast,Norway,1-2,AH,AWAY,0,2.18,64,0-1,oddsflow_worldcup_sniper,HGA,1000,VOID,0
2026-06-30,FIFA World Cup,Ivory Coast,Norway,1-2,1X2,DRAW,0,3.75,75,1-1,oddsflow_worldcup_sniper,APIFOOTBALL,1000,LOST,-1000
2026-06-30,FIFA World Cup,France,Sweden,3-0,AH,HOME,-1.5,2.15,23,0-0,oddsflow_worldcup_full,APIFOOTBALL,200,WON,230
2026-06-30,Brasileirão Série B,Botafogo SP,CRB,0-1,AH,HOME,-0.5,2.425,10,0-0,oddsflow_core_strategy,APIFOOTBALL,4,LOST,-4
