match_date,league,home_team,away_team,final_score,market,selection,line,entry_odds,entry_minute,score_at_entry,model_key,source,stake,result,profit_loss
2026-10-01,USL Championship,FC Tulsa,New Mexico United,,AH,AWAY,-0.25,1.95,20,1-0,oddsflow_core_strategy,APIFOOTBALL,50,HALF_WON,23.75
2026-10-01,USL Championship,FC Tulsa,New Mexico United,,AH,AWAY,-0.25,1.875,35,1-0,oddsflow_handicap_sniper,APIFOOTBALL,50,HALF_WON,21.88
2026-10-01,USL Championship,FC Tulsa,New Mexico United,,AH,AWAY,-0.25,1.85,35,1-0,oddsflow_active_trader,APIFOOTBALL,50,HALF_WON,21.25
2026-10-01,Friendlies,Argentina,Bolivia,,AH,AWAY,-1.25,2,44,2-0,oddsflow_active_trader,APIFOOTBALL,50,LOST,-50
2026-10-01,Friendlies,Argentina,Bolivia,,AH,AWAY,-1.25,2.04,44,2-0,oddsflow_active_trader,NOVA88,43,LOST,-43
2026-10-01,Friendlies,Argentina,Bolivia,,AH,AWAY,-1.25,2,44,2-0,oddsflow_handicap_sniper,APIFOOTBALL,50,LOST,-50
2026-10-01,Friendlies,Argentina,Bolivia,,AH,AWAY,-1.25,2.04,44,2-0,oddsflow_handicap_sniper,NOVA88,44,LOST,-44
2026-10-01,Friendlies,Argentina,Bolivia,,AH,AWAY,-1.25,2,44,2-0,oddsflow_core_strategy,APIFOOTBALL,50,LOST,-50
2026-10-01,Friendlies,Argentina,Bolivia,,AH,AWAY,-1.25,2.02,44,2-0,oddsflow_core_strategy,NOVA88,42,LOST,-42
2026-10-01,Friendlies,Argentina,Bolivia,,AH,AWAY,-1,2.375,45,2-0,oddsflow_core_strategy,APIFOOTBALL,50,LOST,-50
2026-10-01,Friendlies,Argentina,Bolivia,,AH,AWAY,-1,2.375,45,2-0,oddsflow_active_trader,APIFOOTBALL,50,LOST,-50
2026-10-01,Friendlies,Argentina,Bolivia,,AH,AWAY,-1,2.375,45,2-0,oddsflow_handicap_sniper,APIFOOTBALL,50,LOST,-50
2026-10-01,Colombian Primera A,Atletico Nacional,Junior,,AH,AWAY,-1,1.925,11,1-0,oddsflow_core_strategy,APIFOOTBALL,50,VOID,0
2026-10-01,Colombian Primera A,Atletico Nacional,Junior,,AH,AWAY,-1,1.95,11,1-0,oddsflow_core_strategy,NOVA88,24,VOID,0
2026-10-01,Friendlies,Argentina,Bolivia,,OU,UNDER,3.5,2.025,51,2-0,oddsflow_active_trader,APIFOOTBALL,50,LOST,-50
2026-10-01,Friendlies,Argentina,Bolivia,,OU,UNDER,3.5,2.025,51,2-0,oddsflow_handicap_sniper,APIFOOTBALL,50,LOST,-50
2026-10-01,Colombian Primera A,Atletico Nacional,Junior,,AH,AWAY,-0.75,2.025,17,1-0,oddsflow_core_strategy,APIFOOTBALL,50,HALF_LOST,-25
2026-10-01,USL Championship,FC Tulsa,New Mexico United,,OU,UNDER,2.5,1.75,52,1-0,oddsflow_handicap_sniper,APIFOOTBALL,50,WON,37.5
2026-10-01,USL Championship,FC Tulsa,New Mexico United,,OU,UNDER,2.5,1.75,52,1-0,oddsflow_active_trader,APIFOOTBALL,50,WON,37.5
2026-10-01,Colombian Primera A,Atletico Nacional,Junior,,AH,AWAY,-0.75,1.875,35,2-1,oddsflow_handicap_sniper,APIFOOTBALL,50,HALF_LOST,-25
2026-10-01,Colombian Primera A,Atletico Nacional,Junior,,AH,AWAY,-0.75,1.9,35,2-1,oddsflow_handicap_sniper,NOVA88,23,HALF_LOST,-11.5
2026-10-01,Colombian Primera A,Atletico Nacional,Junior,,AH,AWAY,-0.75,1.9,35,2-1,oddsflow_active_trader,NOVA88,25,HALF_LOST,-12.5
2026-10-01,Colombian Primera A,Atletico Nacional,Junior,,AH,AWAY,-0.75,1.85,35,2-1,oddsflow_active_trader,APIFOOTBALL,50,HALF_LOST,-25
2026-10-01,Colombian Primera A,Atletico Nacional,Junior,,AH,AWAY,-0.5,2.025,42,2-1,oddsflow_active_trader,APIFOOTBALL,50,LOST,-50
2026-10-01,Colombian Primera A,Atletico Nacional,Junior,,AH,AWAY,-0.5,2.025,42,2-1,oddsflow_handicap_sniper,APIFOOTBALL,50,LOST,-50
2026-10-01,Colombian Primera A,Atletico Nacional,Junior,,AH,AWAY,-0.5,2.025,42,2-1,oddsflow_core_strategy,APIFOOTBALL,50,LOST,-50
2026-10-01,Colombian Primera A,Atletico Nacional,Junior,,AH,AWAY,-0.25,2.43,45,2-1,oddsflow_active_trader,NOVA88,18,LOST,-18
2026-10-01,Colombian Primera A,Atletico Nacional,Junior,,AH,AWAY,-0.25,2.43,45,2-1,oddsflow_handicap_sniper,NOVA88,19,LOST,-19
2026-10-01,Colombian Primera A,Atletico Nacional,Junior,,OU,UNDER,4.5,1.775,51,2-1,oddsflow_active_trader,APIFOOTBALL,50,WON,38.75
2026-10-01,Colombian Primera A,Atletico Nacional,Junior,,OU,UNDER,4.5,1.775,52,2-1,oddsflow_handicap_sniper,APIFOOTBALL,50,WON,38.75
2026-10-01,Colombian Primera A,Atletico Nacional,Junior,,AH,AWAY,-0.25,2.05,57,2-1,oddsflow_core_strategy,APIFOOTBALL,50,LOST,-50
2026-10-01,Colombian Primera A,Atletico Nacional,Junior,,AH,AWAY,-0.25,2.1,57,2-1,oddsflow_core_strategy,NOVA88,15,LOST,-15
2026-10-01,Colombian Primera A,Atletico Nacional,Junior,,AH,AWAY,-0.25,2.05,57,2-1,oddsflow_active_trader,APIFOOTBALL,50,LOST,-50
2026-10-01,Colombian Primera A,Atletico Nacional,Junior,,AH,AWAY,-0.25,2.05,57,2-1,oddsflow_handicap_sniper,APIFOOTBALL,50,LOST,-50
2026-10-01,USL Championship,Sacramento Republic,Las Vegas Lights,,AH,AWAY,-1,1.925,11,0-0,oddsflow_core_strategy,APIFOOTBALL,50,VOID,0
2026-10-01,USL Championship,Sacramento Republic,Las Vegas Lights,,AH,AWAY,-1,1.96,11,0-0,oddsflow_core_strategy,NOVA88,15,VOID,0
2026-10-01,Colombian Primera A,Atletico Nacional,Junior,,OU,OVER,4,2,64,2-1,oddsflow_core_strategy,APIFOOTBALL,50,VOID,0
2026-10-01,Colombian Primera A,Atletico Nacional,Junior,,AH,AWAY,-0.25,1.725,72,3-1,oddsflow_beta,APIFOOTBALL,50,HALF_WON,18.13
2026-10-01,Colombian Primera A,Atletico Nacional,Junior,,AH,AWAY,0,2.425,79,3-1,oddsflow_core_strategy,APIFOOTBALL,35,VOID,0
2026-10-01,Colombian Primera A,Atletico Nacional,Junior,,AH,AWAY,0,2.425,79,3-1,oddsflow_beta,APIFOOTBALL,50,VOID,0
2026-10-01,Colombian Primera A,Atletico Nacional,Junior,,AH,AWAY,0,2.425,79,3-1,oddsflow_handicap_sniper,APIFOOTBALL,50,VOID,0
2026-10-01,Colombian Primera A,Atletico Nacional,Junior,,AH,AWAY,0,2.425,79,3-1,oddsflow_active_trader,APIFOOTBALL,50,VOID,0
2026-10-01,USL Championship,Sacramento Republic,Las Vegas Lights,,AH,AWAY,-0.75,2.025,37,1-1,oddsflow_core_strategy,APIFOOTBALL,50,HALF_LOST,-25
2026-10-01,USL Championship,Sacramento Republic,Las Vegas Lights,,AH,AWAY,-0.75,1.9,37,1-1,oddsflow_handicap_sniper,APIFOOTBALL,50,HALF_LOST,-25
2026-10-01,USL Championship,Sacramento Republic,Las Vegas Lights,,AH,AWAY,-0.75,1.9,37,1-1,oddsflow_active_trader,APIFOOTBALL,50,HALF_LOST,-25
2026-10-01,USL Championship,Sacramento Republic,Las Vegas Lights,,AH,AWAY,-0.5,2.025,40,1-1,oddsflow_core_strategy,APIFOOTBALL,50,LOST,-50
2026-10-01,USL Championship,Sacramento Republic,Las Vegas Lights,,AH,AWAY,-0.5,2.025,41,1-1,oddsflow_handicap_sniper,APIFOOTBALL,50,LOST,-50
2026-10-01,USL Championship,Sacramento Republic,Las Vegas Lights,,AH,AWAY,-0.5,2.04,41,1-1,oddsflow_handicap_sniper,NOVA88,15,LOST,-15
2026-10-01,USL Championship,Sacramento Republic,Las Vegas Lights,,AH,AWAY,-0.5,2.025,45,1-1,oddsflow_active_trader,APIFOOTBALL,50,LOST,-50
2026-10-01,USL Championship,Sacramento Republic,Las Vegas Lights,,1X2,DRAW,0,2.81,45,1-1,oddsflow_handicap_sniper,NOVA88,15,LOST,-15
2026-10-01,USL Championship,Sacramento Republic,Las Vegas Lights,,1X2,DRAW,0,2.875,48,1-1,oddsflow_handicap_sniper,APIFOOTBALL,50,LOST,-50
2026-10-01,USL Championship,Sacramento Republic,Las Vegas Lights,,1X2,AWAY,0,2.1,51,1-2,oddsflow_active_trader,APIFOOTBALL,50,LOST,-50
2026-10-01,USL Championship,Sacramento Republic,Las Vegas Lights,,1X2,AWAY,0,2.1,51,1-2,oddsflow_handicap_sniper,APIFOOTBALL,50,LOST,-50
2026-10-01,USL Championship,Sacramento Republic,Las Vegas Lights,,1X2,AWAY,0,2.14,51,1-2,oddsflow_handicap_sniper,NOVA88,15,LOST,-15
2026-10-01,USL Championship,Sacramento Republic,Las Vegas Lights,,1X2,DRAW,0,2.5,59,2-2,oddsflow_active_trader,APIFOOTBALL,50,LOST,-50
2026-10-01,USL Championship,Sacramento Republic,Las Vegas Lights,,AH,AWAY,-0.25,2.05,70,2-2,oddsflow_handicap_sniper,APIFOOTBALL,50,LOST,-50
2026-10-01,USL Championship,Sacramento Republic,Las Vegas Lights,,AH,AWAY,-0.25,2.06,70,2-2,oddsflow_handicap_sniper,NOVA88,33,LOST,-33
2026-10-01,USL Championship,Sacramento Republic,Las Vegas Lights,,AH,AWAY,-0.25,2.05,70,2-2,oddsflow_core_strategy,APIFOOTBALL,50,LOST,-50
2026-10-01,USL Championship,Sacramento Republic,Las Vegas Lights,,AH,AWAY,-0.25,2.06,70,2-2,oddsflow_core_strategy,NOVA88,32,LOST,-32
2026-10-01,USL Championship,Sacramento Republic,Las Vegas Lights,,AH,AWAY,-0.25,2.05,71,2-2,oddsflow_active_trader,APIFOOTBALL,50,LOST,-50
2026-10-01,USL Championship,Sacramento Republic,Las Vegas Lights,,AH,AWAY,-0.25,2.06,71,2-2,oddsflow_active_trader,NOVA88,32,LOST,-32
2026-10-01,USL Championship,Sacramento Republic,Las Vegas Lights,,AH,AWAY,0,2.6,85,3-2,oddsflow_core_strategy,APIFOOTBALL,35,VOID,0
2026-10-01,USL Championship,Sacramento Republic,Las Vegas Lights,,AH,AWAY,0,2.3,85,3-2,oddsflow_core_strategy,NOVA88,16,VOID,0
2026-10-01,Club Friendlies,SSV Jahn Regensburg,WSG Wattens,,AH,HOME,0.25,1.95,31,0-1,oddsflow_core_strategy,APIFOOTBALL,50,LOST,-50
2026-10-01,Club Friendlies,SSV Jahn Regensburg,WSG Wattens,,AH,HOME,0.25,1.84,31,0-1,oddsflow_core_strategy,NOVA88,38,LOST,-38
2026-10-01,Club Friendlies,SSV Jahn Regensburg,WSG Wattens,,AH,HOME,0,2.075,33,0-1,oddsflow_core_strategy,APIFOOTBALL,50,LOST,-50
2026-10-01,Club Friendlies,SSV Jahn Regensburg,WSG Wattens,,AH,HOME,0,2.15,33,0-1,oddsflow_core_strategy,NOVA88,38,LOST,-38
2026-10-01,Club Friendlies,SSV Jahn Regensburg,WSG Wattens,,AH,HOME,0,1.95,35,0-1,oddsflow_active_trader,APIFOOTBALL,50,LOST,-50
2026-10-01,Club Friendlies,SSV Jahn Regensburg,WSG Wattens,,AH,HOME,0,2.09,35,0-1,oddsflow_active_trader,NOVA88,33,LOST,-33
2026-10-01,Club Friendlies,SSV Jahn Regensburg,WSG Wattens,,AH,HOME,0,1.95,35,0-1,oddsflow_handicap_sniper,APIFOOTBALL,50,LOST,-50
2026-10-01,Club Friendlies,SSV Jahn Regensburg,WSG Wattens,,AH,HOME,0,2.09,35,0-1,oddsflow_handicap_sniper,NOVA88,33,LOST,-33
2026-10-01,Club Friendlies,SSV Jahn Regensburg,WSG Wattens,,OU,OVER,2.5,1.825,42,0-1,oddsflow_active_trader,APIFOOTBALL,50,WON,41.25
2026-10-01,Club Friendlies,SSV Jahn Regensburg,WSG Wattens,,OU,OVER,2.5,1.825,42,0-1,oddsflow_handicap_sniper,APIFOOTBALL,50,WON,41.25
2026-10-01,FIFA Asean Cup,Malaysia,Singapore,,AH,HOME,-0.5,1.875,17,1-0,oddsflow_core_strategy,APIFOOTBALL,50,WON,43.75
2026-10-01,FIFA Asean Cup,Malaysia,Singapore,,AH,AWAY,-0.5,2,31,2-0,oddsflow_core_strategy,APIFOOTBALL,50,LOST,-50
2026-10-01,FIFA Asean Cup,Malaysia,Singapore,,AH,AWAY,-0.5,2.03,31,2-0,oddsflow_core_strategy,NOVA88,21,LOST,-21
2026-10-01,FIFA Asean Cup,Malaysia,Singapore,,AH,AWAY,-0.75,1.85,32,2-0,oddsflow_core_strategy,APIFOOTBALL,50,LOST,-50
2026-10-01,FIFA Asean Cup,Malaysia,Singapore,,AH,AWAY,-0.75,1.78,32,2-0,oddsflow_core_strategy,NOVA88,23,LOST,-23
2026-10-01,FIFA Asean Cup,Malaysia,Singapore,,AH,AWAY,-0.75,1.775,35,2-0,oddsflow_handicap_sniper,APIFOOTBALL,50,LOST,-50
2026-10-01,FIFA Asean Cup,Malaysia,Singapore,,AH,AWAY,-0.75,1.775,35,2-0,oddsflow_active_trader,APIFOOTBALL,50,LOST,-50
2026-10-01,FIFA Asean Cup,Malaysia,Singapore,,AH,AWAY,-0.5,1.95,35,2-0,oddsflow_handicap_sniper,APIFOOTBALL,50,LOST,-50
2026-10-01,FIFA Asean Cup,Malaysia,Singapore,,AH,AWAY,-0.5,1.95,35,2-0,oddsflow_active_trader,APIFOOTBALL,50,LOST,-50
2026-10-01,FIFA Asean Cup,Malaysia,Singapore,,AH,AWAY,-0.5,2.08,35,2-0,oddsflow_handicap_sniper,NOVA88,31,LOST,-31
2026-10-01,FIFA Asean Cup,Malaysia,Singapore,,AH,AWAY,-0.5,2.08,35,2-0,oddsflow_active_trader,NOVA88,26,LOST,-26
2026-10-01,Club Friendlies,SSV Jahn Regensburg,WSG Wattens,,AH,HOME,0.25,1.7,50,0-2,oddsflow_active_trader,APIFOOTBALL,50,LOST,-50
2026-10-01,Club Friendlies,SSV Jahn Regensburg,WSG Wattens,,AH,HOME,0.25,1.7,50,0-2,oddsflow_handicap_sniper,APIFOOTBALL,50,LOST,-50
2026-10-01,Club Friendlies,DAC Dunajska Streda,Puskas Academy,,AH,HOME,0.25,1.925,11,0-0,oddsflow_core_strategy,APIFOOTBALL,50,WON,46.25
2026-10-01,UAE League Cup,Sharjah FC,Al-Dhafra,,AH,HOME,-0.5,1.875,10,0-0,oddsflow_core_strategy,APIFOOTBALL,50,WON,43.75
2026-10-01,UAE League Cup,Sharjah FC,Al-Dhafra,,AH,HOME,-0.5,1.92,10,0-0,oddsflow_core_strategy,NOVA88,22,WON,20.24
2026-10-01,Club Friendlies,DAC Dunajska Streda,Puskas Academy,,AH,HOME,0.5,1.725,26,1-0,oddsflow_core_strategy,APIFOOTBALL,50,WON,36.25
2026-10-01,UAE League Cup,Sharjah FC,Al-Dhafra,,AH,HOME,-1,2.675,13,0-0,oddsflow_core_strategy,APIFOOTBALL,50,VOID,0
2026-10-01,Club Friendlies,DAC Dunajska Streda,Puskas Academy,,AH,HOME,0,2.375,29,1-0,oddsflow_core_strategy,APIFOOTBALL,50,VOID,0
2026-10-01,UAE League Cup,Dubai United,Hatta SC,,AH,HOME,-0.25,1.875,17,0-0,oddsflow_core_strategy,APIFOOTBALL,50,WON,43.75
2026-10-01,Club Friendlies,DAC Dunajska Streda,Puskas Academy,,AH,HOME,0.25,1.825,35,1-0,oddsflow_handicap_sniper,APIFOOTBALL,50,HALF_WON,20.63
2026-10-01,Club Friendlies,DAC Dunajska Streda,Puskas Academy,,AH,HOME,0.25,1.825,35,1-0,oddsflow_active_trader,APIFOOTBALL,50,HALF_WON,20.63
2026-10-01,FIFA Asean Cup,Malaysia,Singapore,,OU,UNDER,3.5,2,48,2-0,oddsflow_handicap_sniper,APIFOOTBALL,50,LOST,-50
2026-10-01,Club Friendlies,DAC Dunajska Streda,Puskas Academy,,AH,HOME,0,2.3,37,1-0,oddsflow_handicap_sniper,APIFOOTBALL,50,VOID,0
2026-10-01,UAE League Cup,Sharjah FC,Al-Dhafra,,AH,AWAY,-0.5,1.9,23,1-0,oddsflow_core_strategy,APIFOOTBALL,50,WON,45
2026-10-01,FIFA Asean Cup,Malaysia,Singapore,,OU,UNDER,3.5,2,48,2-0,oddsflow_active_trader,APIFOOTBALL,50,LOST,-50
2026-10-01,Club Friendlies,DAC Dunajska Streda,Puskas Academy,,AH,HOME,0,2.3,38,1-0,oddsflow_active_trader,APIFOOTBALL,50,VOID,0
2026-10-01,UAE League Cup,Sharjah FC,Al-Dhafra,,AH,AWAY,-0.25,2.25,26,1-0,oddsflow_core_strategy,APIFOOTBALL,50,HALF_WON,31.25
2026-10-01,Friendlies,Croatia U19,Italy U19,,AH,AWAY,0.25,2,10,0-0,oddsflow_core_strategy,APIFOOTBALL,50,WON,50
2026-10-01,Friendlies,Croatia U19,Italy U19,,AH,AWAY,0.25,2.12,10,0-0,oddsflow_core_strategy,NOVA88,17,WON,19.04
2026-10-01,Club Friendlies,DAC Dunajska Streda,Puskas Academy,,OU,UNDER,2.5,2.025,41,1-0,oddsflow_active_trader,APIFOOTBALL,50,LOST,-50
2026-10-01,Club Friendlies,DAC Dunajska Streda,Puskas Academy,,OU,UNDER,2.5,2.025,42,1-0,oddsflow_handicap_sniper,APIFOOTBALL,50,LOST,-50
2026-10-01,Friendlies,Croatia U19,Italy U19,,AH,AWAY,0,1.7,12,0-0,oddsflow_core_strategy,APIFOOTBALL,50,WON,35
2026-10-01,FIFA Asean Cup,Malaysia,Singapore,,AH,AWAY,-0.25,2.025,57,2-0,oddsflow_active_trader,APIFOOTBALL,50,LOST,-50
2026-10-01,FIFA Asean Cup,Malaysia,Singapore,,AH,AWAY,-0.25,2.03,57,2-0,oddsflow_active_trader,NOVA88,15,LOST,-15
2026-10-01,FIFA Asean Cup,Malaysia,Singapore,,AH,AWAY,-0.25,2.025,57,2-0,oddsflow_core_strategy,APIFOOTBALL,50,LOST,-50
2026-10-01,FIFA Asean Cup,Malaysia,Singapore,,AH,AWAY,-0.25,2.03,57,2-0,oddsflow_core_strategy,NOVA88,15,LOST,-15
2026-10-01,FIFA Asean Cup,Malaysia,Singapore,,AH,AWAY,-0.25,2.025,57,2-0,oddsflow_handicap_sniper,APIFOOTBALL,50,LOST,-50
2026-10-01,FIFA Asean Cup,Malaysia,Singapore,,AH,AWAY,-0.25,2.03,57,2-0,oddsflow_handicap_sniper,NOVA88,18,LOST,-18
2026-10-01,UAE League Cup,Dubai United,Hatta SC,,AH,HOME,-0.25,2.025,35,0-0,oddsflow_active_trader,APIFOOTBALL,50,WON,51.25
2026-10-01,UAE League Cup,Dubai United,Hatta SC,,AH,HOME,-0.25,2.08,35,0-0,oddsflow_active_trader,NOVA88,15,WON,16.2
2026-10-01,UAE League Cup,Sharjah FC,Al-Dhafra,,AH,AWAY,-0.5,1.85,35,1-0,oddsflow_handicap_sniper,APIFOOTBALL,50,WON,42.5
2026-10-01,UAE League Cup,Sharjah FC,Al-Dhafra,,AH,AWAY,-0.5,1.87,35,1-0,oddsflow_handicap_sniper,NOVA88,15,WON,13.05
2026-10-01,UAE League Cup,Sharjah FC,Al-Dhafra,,AH,AWAY,-0.5,1.85,35,1-0,oddsflow_active_trader,APIFOOTBALL,50,WON,42.5
2026-10-01,UAE League Cup,Dubai United,Hatta SC,,AH,HOME,-0.25,1.85,41,0-1,oddsflow_handicap_sniper,APIFOOTBALL,50,WON,42.5
2026-10-01,UAE League Cup,Dubai United,Hatta SC,,AH,HOME,-0.25,1.88,41,0-1,oddsflow_handicap_sniper,NOVA88,15,WON,13.2
2026-10-01,UAE League Cup,Sharjah FC,Al-Dhafra,,AH,AWAY,-0.25,2.025,41,1-0,oddsflow_active_trader,APIFOOTBALL,50,HALF_WON,25.62
2026-10-01,UAE League Cup,Sharjah FC,Al-Dhafra,,AH,AWAY,-0.25,2.05,43,1-0,oddsflow_handicap_sniper,APIFOOTBALL,50,HALF_WON,26.25
2026-10-01,UAE League Cup,Sharjah FC,Al-Dhafra,,AH,AWAY,-0.25,2.14,43,1-0,oddsflow_handicap_sniper,NOVA88,15,HALF_WON,8.55
2026-10-01,UAE League Cup,Dubai United,Hatta SC,,AH,HOME,-0.5,2.15,44,0-1,oddsflow_core_strategy,APIFOOTBALL,50,WON,57.5
2026-10-01,UAE League Cup,Dubai United,Hatta SC,,AH,HOME,-0.5,2.15,44,0-1,oddsflow_active_trader,APIFOOTBALL,50,WON,57.5
2026-10-01,Friendlies,Croatia U19,Italy U19,,AH,HOME,0,2.6,38,0-0,oddsflow_core_strategy,APIFOOTBALL,50,LOST,-50
2026-10-01,Friendlies,Croatia U19,Italy U19,,AH,HOME,0,2.6,38,0-0,oddsflow_handicap_sniper,APIFOOTBALL,50,LOST,-50
2026-10-01,Friendlies,Croatia U19,Italy U19,,AH,HOME,0,2.6,38,0-0,oddsflow_active_trader,APIFOOTBALL,50,LOST,-50
2026-10-01,Friendlies,Uzbekistan,Syria,,AH,HOME,-0.75,1.9,10,0-0,oddsflow_core_strategy,APIFOOTBALL,50,WON,45
2026-10-01,UAE League Cup,Dubai United,Hatta SC,,AH,HOME,-0.5,2.27,45,0-1,oddsflow_handicap_sniper,NOVA88,15,WON,19.05
2026-10-01,Friendlies,Uzbekistan,Syria,,AH,HOME,-0.5,1.8,16,0-0,oddsflow_core_strategy,APIFOOTBALL,50,WON,40
2026-10-01,Club Friendlies,DAC Dunajska Streda,Puskas Academy,,OU,OVER,3,2,63,1-1,oddsflow_core_strategy,APIFOOTBALL,50,VOID,0
2026-10-01,Club Friendlies,DAC Dunajska Streda,Puskas Academy,,1X2,DRAW,0,2.1,63,1-1,oddsflow_handicap_sniper,APIFOOTBALL,50,LOST,-50
2026-10-01,Club Friendlies,DAC Dunajska Streda,Puskas Academy,,1X2,DRAW,0,2.1,63,1-1,oddsflow_active_trader,APIFOOTBALL,50,LOST,-50
2026-10-01,Club Friendlies,VfL Wolfsburg,Havelse,,AH,AWAY,-1.25,1.95,28,2-0,oddsflow_core_strategy,APIFOOTBALL,50,HALF_WON,23.75
2026-10-01,UAE League Cup,Dubai United,Hatta SC,,1X2,AWAY,0,1.666,52,0-1,oddsflow_active_trader,APIFOOTBALL,50,LOST,-50
2026-10-01,UAE League Cup,Dubai United,Hatta SC,,1X2,AWAY,0,1.666,52,0-1,oddsflow_handicap_sniper,APIFOOTBALL,50,LOST,-50
2026-10-01,UAE League Cup,Sharjah FC,Al-Dhafra,,AH,HOME,-0.25,2.25,55,1-0,oddsflow_core_strategy,APIFOOTBALL,50,HALF_LOST,-25
2026-10-01,UAE League Cup,Sharjah FC,Al-Dhafra,,AH,HOME,-0.25,2.39,55,1-0,oddsflow_core_strategy,NOVA88,15,HALF_LOST,-7.5
2026-10-01,Club Friendlies,DAC Dunajska Streda,Puskas Academy,,AH,AWAY,-0.75,2.025,76,1-1,oddsflow_active_trader,APIFOOTBALL,50,HALF_LOST,-25
2026-10-01,Club Friendlies,DAC Dunajska Streda,Puskas Academy,,AH,AWAY,-0.75,2.025,76,1-1,oddsflow_handicap_sniper,APIFOOTBALL,50,HALF_LOST,-25
2026-10-01,Club Friendlies,DAC Dunajska Streda,Puskas Academy,,AH,AWAY,-0.75,2.025,76,1-1,oddsflow_core_strategy,APIFOOTBALL,35,HALF_LOST,-17.5
2026-10-01,Club Friendlies,VfL Wolfsburg,Havelse,,AH,AWAY,-1,2.025,32,2-0,oddsflow_core_strategy,APIFOOTBALL,50,VOID,0
2026-10-01,Friendlies,Uzbekistan,Syria,,AH,AWAY,-0.75,1.825,35,1-0,oddsflow_active_trader,APIFOOTBALL,50,LOST,-50
2026-10-01,Friendlies,Uzbekistan,Syria,,AH,AWAY,-0.75,1.89,35,1-0,oddsflow_active_trader,NOVA88,15,LOST,-15
2026-10-01,Friendlies,Uzbekistan,Syria,,AH,AWAY,-0.75,1.825,35,1-0,oddsflow_core_strategy,APIFOOTBALL,50,LOST,-50
2026-10-01,Friendlies,Uzbekistan,Syria,,AH,AWAY,-0.75,1.89,35,1-0,oddsflow_core_strategy,NOVA88,15,LOST,-15
2026-10-01,Friendlies,Uzbekistan,Syria,,AH,AWAY,-0.75,1.85,35,1-0,oddsflow_handicap_sniper,APIFOOTBALL,50,LOST,-50
2026-10-01,Friendlies,Uzbekistan,Syria,,AH,AWAY,-0.75,1.9,35,1-0,oddsflow_handicap_sniper,NOVA88,15,LOST,-15
2026-10-01,Friendlies,Uzbekistan,Syria,,OU,UNDER,2.5,2.025,38,1-0,oddsflow_handicap_sniper,APIFOOTBALL,50,LOST,-50
2026-10-01,Friendlies,Uzbekistan,Syria,,OU,UNDER,2.5,2.025,39,1-0,oddsflow_active_trader,APIFOOTBALL,50,LOST,-50
2026-10-01,Friendlies,Croatia U19,Italy U19,,1X2,DRAW,0,2.25,56,0-0,oddsflow_handicap_sniper,APIFOOTBALL,50,LOST,-50
2026-10-01,Friendlies,Croatia U19,Italy U19,,OU,OVER,1,2,56,0-0,oddsflow_core_strategy,APIFOOTBALL,50,VOID,0
2026-10-01,UAE League Cup,Dubai United,Hatta SC,,1X2,DRAW,0,1.952,69,1-1,oddsflow_handicap_sniper,APIFOOTBALL,50,LOST,-50
2026-10-01,UAE League Cup,Dubai United,Hatta SC,,1X2,DRAW,0,1.952,69,1-1,oddsflow_active_trader,APIFOOTBALL,50,LOST,-50
2026-10-01,Friendlies,Uzbekistan,Syria,,OU,UNDER,3.5,1.75,45,2-0,oddsflow_handicap_sniper,APIFOOTBALL,50,LOST,-50
2026-10-01,Friendlies,Uzbekistan,Syria,,OU,UNDER,3.25,2.11,45,2-0,oddsflow_handicap_sniper,NOVA88,46,LOST,-46
2026-10-01,Friendlies,Uzbekistan,Syria,,OU,UNDER,3.5,1.75,45,2-0,oddsflow_active_trader,APIFOOTBALL,50,LOST,-50
2026-10-01,Friendlies,Uzbekistan,Syria,,OU,UNDER,3.25,2.11,45,2-0,oddsflow_active_trader,NOVA88,46,LOST,-46
2026-10-01,UAE League Cup,Dubai United,Hatta SC,,AH,AWAY,0,2.35,71,1-1,oddsflow_core_strategy,APIFOOTBALL,50,LOST,-50
2026-10-01,UAE League Cup,Dubai United,Hatta SC,,AH,AWAY,0,2.35,71,1-1,oddsflow_active_trader,APIFOOTBALL,50,LOST,-50
2026-10-01,UAE League Cup,Dubai United,Hatta SC,,AH,AWAY,0,2.35,71,1-1,oddsflow_handicap_sniper,APIFOOTBALL,50,LOST,-50
2026-10-01,Friendlies,Croatia U19,Italy U19,,OU,OVER,1.5,1.75,67,0-1,oddsflow_handicap_sniper,APIFOOTBALL,50,LOST,-50
2026-10-01,Friendlies,Croatia U19,Italy U19,,OU,OVER,1.5,1.75,67,0-1,oddsflow_active_trader,APIFOOTBALL,50,LOST,-50
2026-10-01,UAE League Cup,Sharjah FC,Al-Dhafra,,AH,AWAY,0,2.15,76,2-0,oddsflow_active_trader,APIFOOTBALL,50,WON,57.5
2026-10-01,UAE League Cup,Sharjah FC,Al-Dhafra,,AH,AWAY,0,2.15,76,2-0,oddsflow_handicap_sniper,APIFOOTBALL,50,WON,57.5
2026-10-01,UAE League Cup,Sharjah FC,Al-Dhafra,,AH,AWAY,0,2.15,76,2-0,oddsflow_core_strategy,APIFOOTBALL,35,WON,40.25
2026-10-01,Friendlies,Faroe Islands U19,Slovenia U19,,AH,AWAY,-1.25,1.975,49,1-1,oddsflow_active_trader,APIFOOTBALL,50,WON,48.75
2026-10-01,Friendlies,Faroe Islands U19,Slovenia U19,,AH,AWAY,-1.25,1.975,49,1-1,oddsflow_handicap_sniper,APIFOOTBALL,50,WON,48.75
2026-10-01,Friendlies,Faroe Islands U19,Slovenia U19,,AH,AWAY,-1.25,1.85,52,1-1,oddsflow_core_strategy,APIFOOTBALL,50,WON,42.5
2026-10-01,Friendlies,Faroe Islands U19,Slovenia U19,,1X2,DRAW,0,4,54,1-1,oddsflow_handicap_sniper,APIFOOTBALL,50,LOST,-50
2026-10-01,Friendlies,Faroe Islands U19,Slovenia U19,,OU,UNDER,3.5,2,55,1-1,oddsflow_active_trader,APIFOOTBALL,50,WON,50
2026-10-01,Friendlies,Faroe Islands U19,Slovenia U19,,AH,AWAY,-1,2.075,55,1-1,oddsflow_active_trader,APIFOOTBALL,50,WON,53.75
2026-10-01,Friendlies,Faroe Islands U19,Slovenia U19,,AH,AWAY,-1,2.075,55,1-1,oddsflow_handicap_sniper,APIFOOTBALL,50,WON,53.75
2026-10-01,Friendlies,Faroe Islands U19,Slovenia U19,,AH,AWAY,-1,1.875,61,1-1,oddsflow_core_strategy,APIFOOTBALL,50,WON,43.75
2026-10-01,Friendlies,Faroe Islands U19,Slovenia U19,,OU,UNDER,3.5,1.775,61,1-1,oddsflow_handicap_sniper,APIFOOTBALL,50,WON,38.75
2026-10-01,Friendlies,Faroe Islands U19,Slovenia U19,,AH,AWAY,-0.75,2,66,1-1,oddsflow_active_trader,APIFOOTBALL,50,WON,50
2026-10-01,Friendlies,Faroe Islands U19,Slovenia U19,,OU,UNDER,3.25,1.75,66,1-1,oddsflow_core_strategy,APIFOOTBALL,50,HALF_WON,18.75
2026-10-01,Friendlies,Faroe Islands U19,Slovenia U19,,AH,AWAY,-0.75,2,66,1-1,oddsflow_handicap_sniper,APIFOOTBALL,50,WON,50
2026-10-01,Friendlies,Faroe Islands U19,Slovenia U19,,AH,AWAY,-0.75,1.975,67,1-1,oddsflow_core_strategy,APIFOOTBALL,50,WON,48.75
2026-10-01,Friendlies,Faroe Islands U19,Slovenia U19,,1X2,DRAW,0,2.6,70,1-1,oddsflow_active_trader,APIFOOTBALL,50,LOST,-50
2026-10-01,Club Friendlies,VfL Wolfsburg,Havelse,,AH,AWAY,-0.25,1.7,79,3-1,oddsflow_core_strategy,APIFOOTBALL,35,LOST,-35
2026-10-01,Club Friendlies,VfL Wolfsburg,Havelse,,AH,AWAY,-0.25,1.7,79,3-1,oddsflow_active_trader,APIFOOTBALL,50,LOST,-50
2026-10-01,Club Friendlies,VfL Wolfsburg,Havelse,,AH,AWAY,-0.25,1.7,79,3-1,oddsflow_handicap_sniper,APIFOOTBALL,50,LOST,-50
2026-10-01,Club Friendlies,VfL Wolfsburg,Havelse,,AH,AWAY,-0.25,1.81,79,3-1,oddsflow_active_trader,NOVA88,33,LOST,-33
2026-10-01,Club Friendlies,VfL Wolfsburg,Havelse,,AH,AWAY,-0.25,1.81,79,3-1,oddsflow_handicap_sniper,NOVA88,33,LOST,-33
2026-10-01,Club Friendlies,VfB Stuttgart,SpVgg Greuther Fürth,,AH,AWAY,-1.25,1.925,33,2-0,oddsflow_core_strategy,APIFOOTBALL,50,LOST,-50
2026-10-01,Club Friendlies,VfB Stuttgart,SpVgg Greuther Fürth,,AH,AWAY,-1.25,1.95,33,2-0,oddsflow_core_strategy,NOVA88,50,LOST,-50
2026-10-01,Club Friendlies,VfB Stuttgart,SpVgg Greuther Fürth,,AH,AWAY,-1.25,1.875,35,2-0,oddsflow_active_trader,APIFOOTBALL,50,LOST,-50
2026-10-01,Club Friendlies,VfB Stuttgart,SpVgg Greuther Fürth,,AH,AWAY,-1.25,1.89,35,2-0,oddsflow_active_trader,NOVA88,50,LOST,-50
2026-10-01,Club Friendlies,VfB Stuttgart,SpVgg Greuther Fürth,,AH,AWAY,-1.25,1.875,35,2-0,oddsflow_handicap_sniper,APIFOOTBALL,50,LOST,-50
2026-10-01,Friendlies,Brazil U20,United States U20,,AH,HOME,0.5,1.825,10,0-0,oddsflow_core_strategy,APIFOOTBALL,50,WON,41.25
2026-10-01,Friendlies,Brazil U20,United States U20,,AH,HOME,0,2.6,12,0-0,oddsflow_core_strategy,APIFOOTBALL,50,WON,80
2026-10-01,Friendlies,Brazil U20,United States U20,,AH,HOME,0.25,2.025,13,0-0,oddsflow_core_strategy,APIFOOTBALL,50,WON,51.25
2026-10-01,Friendlies,Morocco U23,Mali U23,,AH,AWAY,-0.75,1.875,10,0-0,oddsflow_core_strategy,APIFOOTBALL,50,WON,43.75
2026-10-01,Friendlies,Morocco U23,Mali U23,,AH,AWAY,-0.5,2,14,0-0,oddsflow_core_strategy,APIFOOTBALL,50,WON,50
2026-10-01,UAE League Cup,Baniyas SC,Al Wahda FC,,AH,AWAY,0,1.83,35,0-0,oddsflow_active_trader,NOVA88,23,LOST,-23
2026-10-01,UAE League Cup,Baniyas SC,Al Wahda FC,,AH,AWAY,0,1.83,35,0-0,oddsflow_handicap_sniper,NOVA88,22,LOST,-22
2026-10-01,UAE League Cup,Baniyas SC,Al Wahda FC,,1X2,AWAY,0,2.58,35,0-0,oddsflow_handicap_sniper,NOVA88,15,LOST,-15
2026-10-01,UAE League Cup,Baniyas SC,Al Wahda FC,,AH,AWAY,0.25,2.2,39,0-0,oddsflow_handicap_sniper,NOVA88,18,LOST,-18
2026-10-01,UAE League Cup,Baniyas SC,Al Wahda FC,,AH,AWAY,0.25,2.2,39,0-0,oddsflow_active_trader,NOVA88,16,LOST,-16
2026-10-01,UAE League Cup,Baniyas SC,Al Wahda FC,,AH,AWAY,0.5,2.35,45,1-0,oddsflow_handicap_sniper,NOVA88,16,LOST,-16
2026-10-01,UAE League Cup,Baniyas SC,Al Wahda FC,,AH,AWAY,0.5,2.35,45,1-0,oddsflow_active_trader,NOVA88,16,LOST,-16
2026-10-01,Friendlies,Brazil U20,United States U20,,1X2,DRAW,0,3.2,35,0-0,oddsflow_handicap_sniper,APIFOOTBALL,50,LOST,-50
2026-10-01,Club Friendlies,Trabzonspor,Drogheda United,,AH,AWAY,-0.75,2.04,35,0-0,oddsflow_handicap_sniper,NOVA88,50,WON,52
2026-10-01,Club Friendlies,Trabzonspor,Drogheda United,,1X2,DRAW,0,3.15,35,0-0,oddsflow_handicap_sniper,NOVA88,15,LOST,-15
2026-10-01,Club Friendlies,Trabzonspor,Drogheda United,,AH,AWAY,-0.75,2.04,35,0-0,oddsflow_active_trader,NOVA88,50,WON,52
2026-10-01,Friendlies,Morocco U23,Mali U23,,AH,AWAY,-0.5,1.925,35,0-1,oddsflow_handicap_sniper,APIFOOTBALL,50,LOST,-50
2026-10-01,Friendlies,Morocco U23,Mali U23,,AH,AWAY,-0.5,1.925,35,0-1,oddsflow_active_trader,APIFOOTBALL,50,LOST,-50
2026-10-01,Friendlies,Morocco U23,Mali U23,,AH,AWAY,-0.25,2.025,36,0-1,oddsflow_handicap_sniper,APIFOOTBALL,50,LOST,-50
2026-10-01,Friendlies,Morocco U23,Mali U23,,1X2,AWAY,0,1.727,36,0-1,oddsflow_handicap_sniper,APIFOOTBALL,50,LOST,-50
2026-10-01,Friendlies,Morocco U23,Mali U23,,AH,AWAY,-0.25,2.025,36,0-1,oddsflow_core_strategy,APIFOOTBALL,50,LOST,-50
2026-10-01,Friendlies,Morocco U23,Mali U23,,AH,AWAY,-0.25,2.025,36,0-1,oddsflow_active_trader,APIFOOTBALL,50,LOST,-50
2026-10-01,Friendlies,Morocco U23,Mali U23,,1X2,AWAY,0,1.727,36,0-1,oddsflow_active_trader,APIFOOTBALL,50,LOST,-50
2026-10-01,Friendlies,Morocco U23,Mali U23,,1X2,DRAW,0,2.75,38,1-1,oddsflow_handicap_sniper,APIFOOTBALL,50,WON,87.5
2026-10-01,Club Friendlies,Trabzonspor,Drogheda United,,1X2,DRAW,0,2.92,42,0-0,oddsflow_active_trader,NOVA88,15,LOST,-15
2026-10-01,Africa Cup of Nations - Qualification,Guinea,Kenya,,AH,AWAY,-0.75,1.95,45,1-0,oddsflow_core_strategy,APIFOOTBALL,50,WON,47.5
2026-10-01,Africa Cup of Nations - Qualification,Guinea,Kenya,,AH,AWAY,-0.75,1.95,45,1-0,oddsflow_active_trader,APIFOOTBALL,50,WON,47.5
2026-10-01,Africa Cup of Nations - Qualification,Guinea,Kenya,,AH,AWAY,-0.75,1.95,45,1-0,oddsflow_core_strategy,NOVA88,50,WON,47.5
2026-10-01,Africa Cup of Nations - Qualification,Guinea,Kenya,,AH,AWAY,-0.75,1.95,45,1-0,oddsflow_active_trader,NOVA88,49,WON,46.55
2026-10-01,Africa Cup of Nations - Qualification,Guinea,Kenya,,AH,AWAY,-0.75,1.95,45,1-0,oddsflow_handicap_sniper,APIFOOTBALL,50,WON,47.5
2026-10-01,Africa Cup of Nations - Qualification,Guinea,Kenya,,AH,AWAY,-0.75,1.95,45,1-0,oddsflow_handicap_sniper,NOVA88,49,WON,46.55
2026-10-01,Africa Cup of Nations - Qualification,Guinea,Kenya,,AH,AWAY,-0.5,2,45,1-0,oddsflow_core_strategy,APIFOOTBALL,50,WON,50
2026-10-01,Africa Cup of Nations - Qualification,Guinea,Kenya,,AH,AWAY,-0.5,2.02,45,1-0,oddsflow_core_strategy,NOVA88,32,WON,32.64
2026-10-01,Africa Cup of Nations - Qualification,Guinea,Kenya,,AH,AWAY,-0.5,2,45,1-0,oddsflow_handicap_sniper,APIFOOTBALL,50,WON,50
2026-10-01,Africa Cup of Nations - Qualification,Guinea,Kenya,,AH,AWAY,-0.5,2.02,45,1-0,oddsflow_handicap_sniper,NOVA88,35,WON,35.7
2026-10-01,Africa Cup of Nations - Qualification,Guinea,Kenya,,AH,AWAY,-0.5,2,45,1-0,oddsflow_active_trader,APIFOOTBALL,50,WON,50
2026-10-01,Africa Cup of Nations - Qualification,Guinea,Kenya,,AH,AWAY,-0.5,2.02,45,1-0,oddsflow_active_trader,NOVA88,34,WON,34.68
2026-10-01,Friendlies,Brazil U20,United States U20,,OU,OVER,1.5,1.875,45,0-0,oddsflow_active_trader,APIFOOTBALL,50,WON,43.75
2026-10-01,UEFA Champions League Women,Køge W,Servette Chênois W,,AH,AWAY,-1.25,2,15,1-0,oddsflow_core_strategy,APIFOOTBALL,50,LOST,-50
2026-10-01,UEFA Champions League Women,Køge W,Servette Chênois W,,AH,AWAY,-1.25,2.01,15,1-0,oddsflow_core_strategy,NOVA88,20,LOST,-20
2026-10-01,Friendlies,Brazil U20,United States U20,,AH,HOME,0,2.35,51,0-0,oddsflow_handicap_sniper,APIFOOTBALL,50,WON,67.5
2026-10-01,Friendlies,Brazil U20,United States U20,,AH,HOME,0,2.35,51,0-0,oddsflow_active_trader,APIFOOTBALL,50,WON,67.5
2026-10-01,Friendlies,Brazil U20,United States U20,,AH,HOME,0.25,1.85,52,0-0,oddsflow_handicap_sniper,APIFOOTBALL,50,WON,42.5
2026-10-01,Africa Cup of Nations - Qualification,Guinea,Kenya,,AH,AWAY,-0.25,2.54,45,1-0,oddsflow_handicap_sniper,NOVA88,29,HALF_WON,22.33
2026-10-01,Friendlies,Brazil U20,United States U20,,AH,HOME,0.25,1.85,52,0-0,oddsflow_active_trader,APIFOOTBALL,50,WON,42.5
2026-10-01,Africa Cup of Nations - Qualification,Guinea,Kenya,,AH,AWAY,-0.25,2.54,45,1-0,oddsflow_active_trader,NOVA88,29,HALF_WON,22.33
2026-10-01,Club Friendlies,Trabzonspor,Drogheda United,,AH,AWAY,-0.5,2.05,53,0-0,oddsflow_handicap_sniper,NOVA88,50,WON,52.5
2026-10-01,Club Friendlies,Trabzonspor,Drogheda United,,AH,AWAY,-0.5,2.04,53,0-0,oddsflow_active_trader,NOVA88,50,WON,52
2026-10-01,UEFA Champions League Women,Austria Wien W,Inter Milano W,,AH,AWAY,0.5,1.9,25,1-0,oddsflow_core_strategy,APIFOOTBALL,50,WON,45
2026-10-01,UEFA Champions League Women,Austria Wien W,Inter Milano W,,AH,AWAY,0.5,1.94,25,1-0,oddsflow_core_strategy,NOVA88,25,WON,23.5
2026-10-01,Africa Cup of Nations - Qualification,Guinea,Kenya,,OU,UNDER,2.5,1.75,47,1-0,oddsflow_active_trader,APIFOOTBALL,50,WON,37.5
2026-10-01,Africa Cup of Nations - Qualification,Guinea,Kenya,,AH,AWAY,-0.25,2.5,48,1-0,oddsflow_core_strategy,APIFOOTBALL,50,HALF_WON,37.5
2026-10-01,Africa Cup of Nations - Qualification,Guinea,Kenya,,AH,AWAY,-0.25,2.5,48,1-0,oddsflow_handicap_sniper,APIFOOTBALL,50,HALF_WON,37.5
2026-10-01,Africa Cup of Nations - Qualification,Guinea,Kenya,,AH,AWAY,-0.25,2.5,48,1-0,oddsflow_active_trader,APIFOOTBALL,50,HALF_WON,37.5
2026-10-01,Friendlies,Brazil U20,United States U20,,OU,OVER,1,2,62,0-0,oddsflow_core_strategy,APIFOOTBALL,50,WON,50
2026-10-01,Africa Cup of Nations - Qualification,Guinea,Kenya,,AH,AWAY,-0.5,2,51,1-0,oddsflow_beta,APIFOOTBALL,50,WON,50
2026-10-01,Africa Cup of Nations - Qualification,Guinea,Kenya,,AH,AWAY,-0.5,2.03,51,1-0,oddsflow_beta,NOVA88,43,WON,44.29
2026-10-01,UEFA Champions League Women,Køge W,Servette Chênois W,,AH,AWAY,-1.25,1.925,35,2-0,oddsflow_beta,APIFOOTBALL,50,LOST,-50
2026-10-01,UEFA Champions League Women,Køge W,Servette Chênois W,,AH,AWAY,-1.25,1.92,35,2-0,oddsflow_beta,NOVA88,50,LOST,-50
2026-10-01,UEFA Champions League Women,Køge W,Servette Chênois W,,OU,UNDER,4.5,1.775,35,2-0,oddsflow_beta,APIFOOTBALL,50,LOST,-50
2026-10-01,UEFA Champions League Women,Køge W,Servette Chênois W,,OU,UNDER,4.25,2,35,2-0,oddsflow_beta,NOVA88,47,LOST,-47
2026-10-01,UEFA Champions League Women,Køge W,Servette Chênois W,,AH,AWAY,-1.25,1.925,35,2-0,oddsflow_active_trader,APIFOOTBALL,50,LOST,-50
2026-10-01,Friendlies,Morocco U23,Mali U23,,1X2,DRAW,0,2.3,53,1-1,oddsflow_active_trader,APIFOOTBALL,50,WON,65
2026-10-01,UEFA Champions League Women,Køge W,Servette Chênois W,,OU,UNDER,4.5,1.775,35,2-0,oddsflow_active_trader,APIFOOTBALL,50,LOST,-50
2026-10-01,UEFA Champions League Women,Køge W,Servette Chênois W,,AH,AWAY,-1.25,1.92,35,2-0,oddsflow_active_trader,NOVA88,50,LOST,-50
2026-10-01,UEFA Champions League Women,Køge W,Servette Chênois W,,OU,UNDER,4.25,2,35,2-0,oddsflow_active_trader,NOVA88,49,LOST,-49
2026-10-01,Friendlies,Brazil U20,United States U20,,OU,OVER,0.75,1.7,64,0-0,oddsflow_handicap_sniper,APIFOOTBALL,50,WON,35
2026-10-01,UEFA Champions League Women,Køge W,Servette Chênois W,,AH,AWAY,-1.25,1.95,35,2-0,oddsflow_handicap_sniper,APIFOOTBALL,50,LOST,-50
2026-10-01,UEFA Champions League Women,Køge W,Servette Chênois W,,AH,AWAY,-1.25,1.92,35,2-0,oddsflow_handicap_sniper,NOVA88,50,LOST,-50
2026-10-01,UEFA Champions League Women,Austria Wien W,Inter Milano W,,AH,AWAY,0.5,2,35,1-0,oddsflow_active_trader,APIFOOTBALL,50,WON,50
2026-10-01,UEFA Champions League Women,Austria Wien W,Inter Milano W,,AH,AWAY,0.5,2.04,35,1-0,oddsflow_active_trader,NOVA88,20,WON,20.8
2026-10-01,UEFA Champions League Women,Austria Wien W,Inter Milano W,,AH,AWAY,0.5,2,35,1-0,oddsflow_handicap_sniper,APIFOOTBALL,50,WON,50
2026-10-01,UEFA Champions League Women,Austria Wien W,Inter Milano W,,AH,AWAY,0.5,2.04,35,1-0,oddsflow_handicap_sniper,NOVA88,17,WON,17.68
2026-10-01,Friendlies,Morocco U23,Mali U23,,OU,OVER,3,2,56,1-1,oddsflow_core_strategy,APIFOOTBALL,50,LOST,-50
2026-10-01,Friendlies,Brazil U20,United States U20,,1X2,DRAW,0,1.909,68,0-0,oddsflow_active_trader,APIFOOTBALL,50,LOST,-50
2026-10-01,UAE League Cup,Baniyas SC,Al Wahda FC,,AH,HOME,0,2.33,74,2-0,oddsflow_active_trader,NOVA88,15,VOID,0
2026-10-01,UEFA Champions League Women,Austria Wien W,Inter Milano W,,AH,AWAY,0.25,1.75,39,1-0,oddsflow_core_strategy,APIFOOTBALL,50,WON,37.5
2026-10-01,UEFA Champions League Women,Austria Wien W,Inter Milano W,,AH,AWAY,0.25,1.77,39,1-0,oddsflow_core_strategy,NOVA88,15,WON,11.55
2026-10-01,UEFA Champions League Women,Austria Wien W,Inter Milano W,,AH,AWAY,0.25,1.75,39,1-0,oddsflow_handicap_sniper,APIFOOTBALL,50,WON,37.5
2026-10-01,UAE League Cup,Baniyas SC,Al Wahda FC,,AH,HOME,0,2.33,74,2-0,oddsflow_handicap_sniper,NOVA88,15,VOID,0
2026-10-01,UEFA Champions League Women,Austria Wien W,Inter Milano W,,AH,AWAY,0.25,1.77,39,1-0,oddsflow_handicap_sniper,NOVA88,19,WON,14.63
2026-10-01,UEFA Champions League Women,Austria Wien W,Inter Milano W,,AH,AWAY,0.25,1.75,39,1-0,oddsflow_active_trader,APIFOOTBALL,50,WON,37.5
2026-10-01,UEFA Champions League Women,Austria Wien W,Inter Milano W,,AH,AWAY,0.25,1.77,39,1-0,oddsflow_active_trader,NOVA88,17,WON,13.09
2026-10-01,Africa Cup of Nations - Qualification,Guinea,Kenya,,OU,OVER,2,2,58,1-0,oddsflow_core_strategy,APIFOOTBALL,50,LOST,-50
2026-10-01,Club Friendlies,Trabzonspor,Drogheda United,,AH,AWAY,-0.25,2.16,68,0-0,oddsflow_active_trader,NOVA88,43,WON,49.88
2026-10-01,Club Friendlies,Trabzonspor,Drogheda United,,AH,AWAY,-0.25,2.16,68,0-0,oddsflow_handicap_sniper,NOVA88,44,WON,51.04
2026-10-01,Friendlies,Morocco U23,Mali U23,,AH,AWAY,0,2.6,60,1-1,oddsflow_active_trader,APIFOOTBALL,50,VOID,0
2026-10-01,Friendlies,Morocco U23,Mali U23,,AH,AWAY,0,2.6,60,1-1,oddsflow_core_strategy,APIFOOTBALL,50,VOID,0
2026-10-01,Friendlies,Morocco U23,Mali U23,,AH,AWAY,0,2.6,60,1-1,oddsflow_handicap_sniper,APIFOOTBALL,50,VOID,0
2026-10-01,UEFA Champions League Women,Austria Wien W,Inter Milano W,,AH,AWAY,0.25,1.9,45,1-0,oddsflow_beta,APIFOOTBALL,50,WON,45
2026-10-01,UEFA Champions League Women,Austria Wien W,Inter Milano W,,AH,AWAY,0.25,1.94,45,1-0,oddsflow_beta,NOVA88,22,WON,20.68
2026-10-01,UEFA Champions League Women,Austria Wien W,Inter Milano W,,OU,UNDER,2.5,1.775,48,1-0,oddsflow_beta,APIFOOTBALL,50,WON,38.75
2026-10-01,UEFA Champions League Women,Austria Wien W,Inter Milano W,,OU,UNDER,2.5,1.775,48,1-0,oddsflow_handicap_sniper,APIFOOTBALL,50,WON,38.75
2026-10-01,UEFA Champions League Women,Austria Wien W,Inter Milano W,,OU,UNDER,2.5,1.775,48,1-0,oddsflow_active_trader,APIFOOTBALL,50,WON,38.75
2026-10-01,UEFA Champions League Women,Austria Wien W,Inter Milano W,,1X2,HOME,0,1.666,49,1-0,oddsflow_active_trader,APIFOOTBALL,50,LOST,-50
2026-10-01,UEFA Champions League Women,Køge W,Servette Chênois W,,AH,AWAY,-1,1.85,50,3-1,oddsflow_active_trader,APIFOOTBALL,50,LOST,-50
2026-10-01,UEFA Champions League Women,Køge W,Servette Chênois W,,AH,AWAY,-1,1.85,50,3-1,oddsflow_handicap_sniper,APIFOOTBALL,50,LOST,-50
2026-10-01,UEFA Champions League Women,Køge W,Servette Chênois W,,AH,AWAY,-1,1.85,50,3-1,oddsflow_beta,APIFOOTBALL,50,LOST,-50
2026-10-01,UEFA Champions League Women,Køge W,Servette Chênois W,,AH,AWAY,-1,1.85,50,3-1,oddsflow_core_strategy,APIFOOTBALL,50,LOST,-50
2026-10-01,UEFA Champions League Women,Køge W,Servette Chênois W,,AH,AWAY,-0.75,2.025,52,3-1,oddsflow_active_trader,APIFOOTBALL,50,LOST,-50
2026-10-01,UEFA Champions League Women,Køge W,Servette Chênois W,,AH,AWAY,-0.75,2.08,52,3-1,oddsflow_active_trader,NOVA88,50,LOST,-50
2026-10-01,UEFA Champions League Women,Køge W,Servette Chênois W,,AH,AWAY,-0.75,2.025,52,3-1,oddsflow_handicap_sniper,APIFOOTBALL,50,LOST,-50
2026-10-01,UEFA Champions League Women,Køge W,Servette Chênois W,,AH,AWAY,-0.75,2.08,52,3-1,oddsflow_handicap_sniper,NOVA88,50,LOST,-50
2026-10-01,UEFA Champions League Women,Køge W,Servette Chênois W,,AH,AWAY,-0.75,2.025,52,3-1,oddsflow_core_strategy,APIFOOTBALL,50,LOST,-50
2026-10-01,UEFA Champions League Women,Køge W,Servette Chênois W,,AH,AWAY,-0.75,2.06,52,3-1,oddsflow_core_strategy,NOVA88,50,LOST,-50
2026-10-01,UEFA Champions League Women,Køge W,Servette Chênois W,,AH,AWAY,-0.75,2.025,52,3-1,oddsflow_beta,APIFOOTBALL,50,LOST,-50
2026-10-01,UEFA Champions League Women,Køge W,Servette Chênois W,,AH,AWAY,-0.75,2.06,52,3-1,oddsflow_beta,NOVA88,50,LOST,-50
2026-10-01,UEFA Champions League Women,Køge W,Servette Chênois W,,OU,UNDER,5.5,2,54,3-1,oddsflow_beta,APIFOOTBALL,50,LOST,-50
2026-10-01,UEFA Champions League Women,Køge W,Servette Chênois W,,OU,UNDER,5.5,2,54,3-1,oddsflow_active_trader,APIFOOTBALL,50,LOST,-50
2026-10-01,UEFA Champions League Women,Køge W,Servette Chênois W,,OU,UNDER,5.5,2,54,3-1,oddsflow_handicap_sniper,APIFOOTBALL,50,LOST,-50
2026-10-01,UEFA Champions League Women,Austria Wien W,Inter Milano W,,1X2,HOME,0,1.571,57,1-0,oddsflow_beta,APIFOOTBALL,50,LOST,-50
2026-10-01,UEFA Champions League Women,Austria Wien W,Inter Milano W,,1X2,HOME,0,1.5,60,1-0,oddsflow_handicap_sniper,APIFOOTBALL,50,LOST,-50
2026-10-01,UEFA Champions League Women,Køge W,Servette Chênois W,,AH,AWAY,-0.5,2.025,60,3-1,oddsflow_core_strategy,APIFOOTBALL,50,LOST,-50
2026-10-01,UEFA Champions League Women,Køge W,Servette Chênois W,,AH,AWAY,-0.5,2.04,60,3-1,oddsflow_core_strategy,NOVA88,47,LOST,-47
2026-10-01,UEFA Champions League Women,Køge W,Servette Chênois W,,AH,AWAY,-0.5,2.025,60,3-1,oddsflow_active_trader,APIFOOTBALL,50,LOST,-50
2026-10-01,UEFA Champions League Women,Køge W,Servette Chênois W,,AH,AWAY,-0.5,2.04,60,3-1,oddsflow_active_trader,NOVA88,43,LOST,-43
2026-10-01,UEFA Champions League Women,Køge W,Servette Chênois W,,AH,AWAY,-0.5,2.025,60,3-1,oddsflow_handicap_sniper,APIFOOTBALL,50,LOST,-50
2026-10-01,UEFA Champions League Women,Køge W,Servette Chênois W,,AH,AWAY,-0.5,2.04,60,3-1,oddsflow_handicap_sniper,NOVA88,47,LOST,-47
2026-10-01,UEFA Champions League Women,Austria Wien W,Inter Milano W,,AH,HOME,0,2.75,85,1-0,oddsflow_core_strategy,APIFOOTBALL,35,LOST,-35
2026-10-01,UEFA Champions League Women,Austria Wien W,Inter Milano W,,AH,HOME,0,2.69,85,1-0,oddsflow_core_strategy,NOVA88,31,LOST,-31
2026-10-01,UEFA Nations League,Wales,Norway,,AH,HOME,1.25,1.875,10,0-0,oddsflow_core_strategy,APIFOOTBALL,50,WON,43.75
2026-10-01,UEFA Nations League,Wales,Norway,,AH,HOME,1.25,1.94,10,0-0,oddsflow_core_strategy,NOVA88,50,WON,47
2026-10-01,UEFA Nations League,Wales,Norway,,AH,HOME,1,1.975,12,0-1,oddsflow_core_strategy,APIFOOTBALL,50,WON,48.75
2026-10-01,UEFA Nations League,Wales,Norway,,AH,HOME,1,1.97,12,0-1,oddsflow_core_strategy,NOVA88,50,WON,48.5
2026-10-01,UEFA Nations League,Denmark,Portugal,,AH,HOME,0.5,1.975,10,0-0,oddsflow_core_strategy,APIFOOTBALL,50,LOST,-50
2026-10-01,UEFA Nations League,Denmark,Portugal,,AH,HOME,0.5,2.05,10,0-0,oddsflow_core_strategy,NOVA88,15,LOST,-15
2026-10-01,UEFA Nations League,Israel,Kosovo,,AH,HOME,0.25,1.8,11,0-0,oddsflow_core_strategy,APIFOOTBALL,50,HALF_WON,20
2026-10-01,UEFA Nations League,Rep. Of Ireland,Austria,,AH,AWAY,0.25,1.85,13,1-0,oddsflow_core_strategy,APIFOOTBALL,50,WON,42.5
2026-10-01,UEFA Nations League,Israel,Kosovo,,AH,HOME,0,2.25,14,0-0,oddsflow_core_strategy,APIFOOTBALL,50,VOID,0
2026-10-01,UEFA Nations League,Israel,Kosovo,,AH,HOME,0,2.33,14,0-0,oddsflow_core_strategy,NOVA88,17,VOID,0
2026-10-01,UEFA Nations League,Israel,Kosovo,,AH,HOME,-0.25,2.675,15,0-0,oddsflow_core_strategy,APIFOOTBALL,50,HALF_LOST,-25
2026-10-01,UEFA Nations League,Wales,Norway,,AH,HOME,0.75,2.025,17,0-1,oddsflow_core_strategy,APIFOOTBALL,50,WON,51.25
2026-10-01,UEFA Nations League,Wales,Norway,,AH,HOME,0.75,2.14,17,0-1,oddsflow_core_strategy,NOVA88,50,WON,57
2026-10-01,UEFA Nations League,Denmark,Portugal,,AH,HOME,0.25,1.875,17,0-1,oddsflow_core_strategy,APIFOOTBALL,50,LOST,-50
2026-10-01,UEFA Nations League,Denmark,Portugal,,AH,HOME,0.25,1.96,17,0-1,oddsflow_core_strategy,NOVA88,21,LOST,-21
2026-10-01,UEFA Nations League,Malta,Gibraltar,,AH,AWAY,-1.25,2.025,24,0-0,oddsflow_core_strategy,APIFOOTBALL,50,WON,51.25
2026-10-01,UEFA Nations League,Wales,Norway,,AH,HOME,0.5,2.05,26,0-1,oddsflow_core_strategy,APIFOOTBALL,50,WON,52.5
2026-10-01,UEFA Nations League,Malta,Gibraltar,,AH,AWAY,-1.25,2.11,24,0-0,oddsflow_core_strategy,NOVA88,22,WON,24.42
2026-10-01,UEFA Nations League,Wales,Norway,,AH,HOME,0.25,2.025,33,0-1,oddsflow_core_strategy,APIFOOTBALL,50,WON,51.25
2026-10-01,UEFA Nations League,Wales,Norway,,AH,HOME,0.25,2.14,33,0-1,oddsflow_core_strategy,NOVA88,33,WON,37.62
2026-10-01,UEFA Nations League,Wales,Norway,,AH,HOME,0.25,2.025,35,0-1,oddsflow_handicap_sniper,APIFOOTBALL,50,WON,51.25
2026-10-01,UEFA Nations League,Wales,Norway,,AH,HOME,0.25,2.08,35,0-1,oddsflow_handicap_sniper,NOVA88,30,WON,32.4
2026-10-01,UEFA Nations League,Wales,Norway,,AH,HOME,0.25,2.025,35,0-1,oddsflow_active_trader,APIFOOTBALL,50,WON,51.25
2026-10-01,UEFA Nations League,Wales,Norway,,AH,HOME,0.25,2.08,35,0-1,oddsflow_active_trader,NOVA88,32,WON,34.56
2026-10-01,UEFA Nations League,Malta,Gibraltar,,AH,AWAY,-1.25,2,35,0-0,oddsflow_handicap_sniper,APIFOOTBALL,50,WON,50
2026-10-01,UEFA Nations League,Malta,Gibraltar,,AH,AWAY,-1.25,2,35,0-0,oddsflow_handicap_sniper,NOVA88,35,WON,35
2026-10-01,UEFA Nations League,Malta,Gibraltar,,AH,AWAY,-1.25,2,35,0-0,oddsflow_active_trader,APIFOOTBALL,50,WON,50
2026-10-01,UEFA Nations League,Malta,Gibraltar,,AH,AWAY,-1.25,2,35,0-0,oddsflow_active_trader,NOVA88,33,WON,33
2026-10-01,UEFA Nations League,Malta,Gibraltar,,AH,AWAY,-1.25,2,35,0-0,oddsflow_beta,APIFOOTBALL,50,WON,50
2026-10-01,UEFA Nations League,Rep. Of Ireland,Austria,,1X2,HOME,0,1.727,35,1-0,oddsflow_handicap_sniper,APIFOOTBALL,50,LOST,-50
2026-10-01,UEFA Nations League,Israel,Kosovo,,1X2,DRAW,0,2.81,35,0-0,oddsflow_handicap_sniper,NOVA88,15,WON,27.15
2026-10-01,UEFA Nations League,Rep. Of Ireland,Austria,,1X2,HOME,0,1.727,35,1-0,oddsflow_active_trader,APIFOOTBALL,50,LOST,-50
2026-10-01,UEFA Nations League,Malta,Gibraltar,,1X2,DRAW,0,4,35,0-0,oddsflow_beta,APIFOOTBALL,50,WON,150
2026-10-01,UEFA Nations League,Denmark,Portugal,,AH,HOME,0.25,1.85,35,1-2,oddsflow_active_trader,APIFOOTBALL,50,LOST,-50
2026-10-01,UEFA Nations League,Denmark,Portugal,,AH,HOME,0.25,1.92,35,1-2,oddsflow_active_trader,NOVA88,18,LOST,-18
2026-10-01,UEFA Nations League,Denmark,Portugal,,AH,HOME,0.25,1.85,35,1-2,oddsflow_handicap_sniper,APIFOOTBALL,50,LOST,-50
2026-10-01,UEFA Nations League,Denmark,Portugal,,AH,HOME,0.25,1.92,35,1-2,oddsflow_handicap_sniper,NOVA88,20,LOST,-20
2026-10-01,UEFA Nations League,Denmark,Portugal,,AH,HOME,0.25,1.85,35,1-2,oddsflow_beta,APIFOOTBALL,50,LOST,-50
2026-10-01,UEFA Nations League,Denmark,Portugal,,AH,HOME,0.25,1.92,35,1-2,oddsflow_beta,NOVA88,20,LOST,-20
2026-10-01,UEFA Nations League,Wales,Norway,,AH,HOME,0.5,1.95,39,1-1,oddsflow_active_trader,APIFOOTBALL,50,WON,47.5
2026-10-01,UEFA Nations League,Wales,Norway,,AH,HOME,0.5,1.98,39,1-1,oddsflow_active_trader,NOVA88,30,WON,29.4
2026-10-01,UEFA Nations League,Wales,Norway,,AH,HOME,0.5,1.95,39,1-1,oddsflow_handicap_sniper,APIFOOTBALL,50,WON,47.5
2026-10-01,UEFA Nations League,Wales,Norway,,1X2,DRAW,0,3.25,39,1-1,oddsflow_handicap_sniper,APIFOOTBALL,50,LOST,-50
2026-10-01,UEFA Nations League,Wales,Norway,,AH,HOME,0.5,1.98,39,1-1,oddsflow_handicap_sniper,NOVA88,32,WON,31.36
2026-10-01,UEFA Nations League,Wales,Norway,,1X2,DRAW,0,3.1,39,1-1,oddsflow_handicap_sniper,NOVA88,15,LOST,-15
2026-10-01,UEFA Nations League,Malta,Gibraltar,,1X2,DRAW,0,3.8,38,0-0,oddsflow_handicap_sniper,NOVA88,15,WON,42
2026-10-01,UEFA Nations League,Malta,Gibraltar,,1X2,DRAW,0,3.75,40,0-0,oddsflow_handicap_sniper,APIFOOTBALL,50,WON,137.5
2026-10-01,UEFA Nations League,Malta,Gibraltar,,OU,UNDER,1.5,2.025,41,0-0,oddsflow_handicap_sniper,APIFOOTBALL,50,LOST,-50
2026-10-01,UEFA Nations League,Malta,Gibraltar,,OU,UNDER,1.5,2.025,41,0-0,oddsflow_active_trader,APIFOOTBALL,50,LOST,-50
2026-10-01,UEFA Nations League,Malta,Gibraltar,,OU,UNDER,1.5,2.025,41,0-0,oddsflow_beta,APIFOOTBALL,50,LOST,-50
2026-10-01,UEFA Nations League,Israel,Kosovo,,AH,HOME,0.25,1.75,41,0-0,oddsflow_handicap_sniper,APIFOOTBALL,50,HALF_WON,18.75
2026-10-01,UEFA Nations League,Malta,Gibraltar,,AH,AWAY,-1,2.075,42,0-0,oddsflow_handicap_sniper,APIFOOTBALL,50,WON,53.75
2026-10-01,UEFA Nations League,Malta,Gibraltar,,AH,AWAY,-1,2.075,42,0-0,oddsflow_core_strategy,APIFOOTBALL,50,WON,53.75
2026-10-01,UEFA Nations League,Malta,Gibraltar,,AH,AWAY,-1,2.075,42,0-0,oddsflow_active_trader,APIFOOTBALL,50,WON,53.75
2026-10-01,UEFA Nations League,Israel,Kosovo,,1X2,DRAW,0,2.78,41,0-0,oddsflow_active_trader,NOVA88,15,WON,26.7
2026-10-01,UEFA Nations League,Malta,Gibraltar,,AH,AWAY,-1,2.075,42,0-0,oddsflow_beta,APIFOOTBALL,50,WON,53.75
2026-10-01,UEFA Nations League,Israel,Kosovo,,AH,HOME,0.25,1.775,42,0-0,oddsflow_active_trader,APIFOOTBALL,50,HALF_WON,19.37
2026-10-01,UEFA Nations League,Israel,Kosovo,,AH,HOME,0.25,1.81,42,0-0,oddsflow_active_trader,NOVA88,15,HALF_WON,6.08
2026-10-01,UEFA Nations League,Israel,Kosovo,,OU,UNDER,1.5,2,44,0-0,oddsflow_active_trader,APIFOOTBALL,50,WON,50
2026-10-01,UEFA Nations League,Israel,Kosovo,,1X2,DRAW,0,2.75,44,0-0,oddsflow_active_trader,APIFOOTBALL,50,WON,87.5
2026-10-01,UEFA Nations League,Israel,Kosovo,,OU,UNDER,1.5,2,44,0-0,oddsflow_handicap_sniper,APIFOOTBALL,50,WON,50
2026-10-01,UEFA Nations League,Israel,Kosovo,,1X2,DRAW,0,2.75,44,0-0,oddsflow_handicap_sniper,APIFOOTBALL,50,WON,87.5
2026-10-01,UEFA Nations League,Rep. Of Ireland,Austria,,AH,AWAY,-0.5,1.9,45,1-0,oddsflow_core_strategy,APIFOOTBALL,50,WON,45
2026-10-01,UEFA Nations League,Rep. Of Ireland,Austria,,AH,AWAY,-0.5,1.9,45,1-0,oddsflow_handicap_sniper,APIFOOTBALL,50,WON,45
2026-10-01,UEFA Nations League,Rep. Of Ireland,Austria,,AH,AWAY,-0.5,1.9,45,1-0,oddsflow_active_trader,APIFOOTBALL,50,WON,45
2026-10-01,UEFA Nations League,Israel,Kosovo,,AH,HOME,0,2.23,45,0-0,oddsflow_active_trader,NOVA88,15,VOID,0
2026-10-01,UEFA Nations League,Israel,Kosovo,,AH,HOME,0,2.23,45,0-0,oddsflow_handicap_sniper,NOVA88,15,VOID,0
2026-10-01,UEFA Nations League,Israel,Kosovo,,AH,HOME,0,2.2,45,0-0,oddsflow_handicap_sniper,APIFOOTBALL,50,VOID,0
2026-10-01,UEFA Nations League,Israel,Kosovo,,AH,HOME,0,2.2,45,0-0,oddsflow_active_trader,APIFOOTBALL,50,VOID,0
2026-10-01,UEFA Nations League,Denmark,Portugal,,OU,UNDER,4.5,2.18,45,1-2,oddsflow_beta,NOVA88,38,LOST,-38
2026-10-01,UEFA Nations League,Denmark,Portugal,,OU,UNDER,4.5,2.18,45,1-2,oddsflow_handicap_sniper,NOVA88,37,LOST,-37
2026-10-01,UEFA Nations League,Denmark,Portugal,,OU,UNDER,4.5,2.025,48,1-2,oddsflow_beta,APIFOOTBALL,50,LOST,-50
2026-10-01,UEFA Nations League,Denmark,Portugal,,OU,UNDER,4.5,2.025,48,1-2,oddsflow_handicap_sniper,APIFOOTBALL,50,LOST,-50
2026-10-01,UEFA Nations League,Denmark,Portugal,,OU,UNDER,4.5,2.025,48,1-2,oddsflow_active_trader,APIFOOTBALL,50,LOST,-50
2026-10-01,UEFA Nations League,Malta,Gibraltar,,AH,AWAY,-0.75,1.9,55,1-0,oddsflow_beta,APIFOOTBALL,50,WON,45
2026-10-01,UEFA Nations League,Malta,Gibraltar,,AH,AWAY,-0.75,1.91,55,1-0,oddsflow_beta,NOVA88,48,WON,43.68
2026-10-01,UEFA Nations League,Malta,Gibraltar,,AH,AWAY,-0.75,1.9,55,1-0,oddsflow_handicap_sniper,APIFOOTBALL,50,WON,45
2026-10-01,UEFA Nations League,Malta,Gibraltar,,AH,AWAY,-0.75,1.91,55,1-0,oddsflow_handicap_sniper,NOVA88,47,WON,42.77
2026-10-01,UEFA Nations League,Malta,Gibraltar,,AH,AWAY,-0.75,1.9,55,1-0,oddsflow_active_trader,APIFOOTBALL,50,WON,45
2026-10-01,UEFA Nations League,Malta,Gibraltar,,AH,AWAY,-0.75,1.91,55,1-0,oddsflow_active_trader,NOVA88,44,WON,40.04
2026-10-01,UEFA Nations League,Malta,Gibraltar,,AH,AWAY,-0.75,1.9,55,1-0,oddsflow_core_strategy,APIFOOTBALL,50,WON,45
2026-10-01,UEFA Nations League,Malta,Gibraltar,,AH,AWAY,-0.75,1.91,55,1-0,oddsflow_core_strategy,NOVA88,45,WON,40.95
2026-10-01,UEFA Nations League,Denmark,Portugal,,1X2,DRAW,0,2.625,54,2-2,oddsflow_handicap_sniper,APIFOOTBALL,50,LOST,-50
2026-10-01,UEFA Nations League,Denmark,Portugal,,1X2,DRAW,0,2.53,54,2-2,oddsflow_handicap_sniper,NOVA88,19,LOST,-19
2026-10-01,UEFA Nations League,Denmark,Portugal,,1X2,DRAW,0,2.625,54,2-2,oddsflow_active_trader,APIFOOTBALL,50,LOST,-50
2026-10-01,UEFA Nations League,Denmark,Portugal,,1X2,DRAW,0,2.53,54,2-2,oddsflow_active_trader,NOVA88,15,LOST,-15
2026-10-01,UEFA Nations League,Denmark,Portugal,,1X2,DRAW,0,2.625,54,2-2,oddsflow_beta,APIFOOTBALL,50,LOST,-50
2026-10-01,UEFA Nations League,Denmark,Portugal,,1X2,DRAW,0,2.53,54,2-2,oddsflow_beta,NOVA88,19,LOST,-19
2026-10-01,UEFA Nations League,Denmark,Portugal,,OU,UNDER,5.5,1.775,54,2-2,oddsflow_handicap_sniper,APIFOOTBALL,50,LOST,-50
2026-10-01,UEFA Nations League,Denmark,Portugal,,OU,UNDER,5.5,1.775,54,2-2,oddsflow_active_trader,APIFOOTBALL,50,LOST,-50
2026-10-01,UEFA Nations League,Denmark,Portugal,,OU,UNDER,5.25,2.09,54,2-2,oddsflow_handicap_sniper,NOVA88,50,LOST,-50
2026-10-01,UEFA Nations League,Denmark,Portugal,,OU,UNDER,5.25,2.09,54,2-2,oddsflow_active_trader,NOVA88,50,LOST,-50
2026-10-01,UEFA Nations League,Denmark,Portugal,,OU,UNDER,5.5,1.775,54,2-2,oddsflow_beta,APIFOOTBALL,50,LOST,-50
2026-10-01,UEFA Nations League,Denmark,Portugal,,OU,UNDER,5.25,2.09,54,2-2,oddsflow_beta,NOVA88,50,LOST,-50
2026-10-01,UEFA Nations League,Malta,Gibraltar,,AH,AWAY,-0.5,2.14,59,1-0,oddsflow_handicap_sniper,NOVA88,47,WON,53.58
2026-10-01,UEFA Nations League,Malta,Gibraltar,,AH,AWAY,-0.5,2.14,59,1-0,oddsflow_beta,NOVA88,49,WON,55.86
2026-10-01,UEFA Nations League,Malta,Gibraltar,,AH,AWAY,-0.5,2.14,59,1-0,oddsflow_active_trader,NOVA88,49,WON,55.86
2026-10-01,UEFA Nations League,Malta,Gibraltar,,AH,AWAY,-0.5,2.025,61,1-0,oddsflow_beta,APIFOOTBALL,50,WON,51.25
2026-10-01,UEFA Nations League,Malta,Gibraltar,,AH,AWAY,-0.5,2.025,61,1-0,oddsflow_core_strategy,APIFOOTBALL,50,WON,51.25
2026-10-01,UEFA Nations League,Malta,Gibraltar,,AH,AWAY,-0.5,2.025,61,1-0,oddsflow_handicap_sniper,APIFOOTBALL,50,WON,51.25
2026-10-01,UEFA Nations League,Malta,Gibraltar,,AH,AWAY,-0.5,2.025,61,1-0,oddsflow_active_trader,APIFOOTBALL,50,WON,51.25
2026-10-01,UEFA Nations League,Malta,Gibraltar,,1X2,DRAW,0,2.3,64,1-1,oddsflow_active_trader,APIFOOTBALL,50,WON,65
2026-10-01,UEFA Nations League,Rep. Of Ireland,Austria,,AH,HOME,0.25,1.825,62,2-0,oddsflow_core_strategy,APIFOOTBALL,50,LOST,-50
2026-10-01,UEFA Nations League,Rep. Of Ireland,Austria,,AH,HOME,0.25,1.825,63,2-0,oddsflow_active_trader,APIFOOTBALL,50,LOST,-50
2026-10-01,UEFA Nations League,Rep. Of Ireland,Austria,,AH,HOME,0.25,1.87,63,2-0,oddsflow_active_trader,NOVA88,15,LOST,-15
2026-10-01,UEFA Nations League,Rep. Of Ireland,Austria,,AH,HOME,0.25,1.825,65,2-0,oddsflow_handicap_sniper,APIFOOTBALL,50,LOST,-50
2026-10-01,UEFA Nations League,Rep. Of Ireland,Austria,,AH,HOME,0.25,1.84,65,2-0,oddsflow_handicap_sniper,NOVA88,15,LOST,-15
2026-10-01,UEFA Nations League,Denmark,Portugal,,AH,HOME,0,2.22,68,2-3,oddsflow_active_trader,NOVA88,15,LOST,-15
2026-10-01,UEFA Nations League,Denmark,Portugal,,AH,HOME,0,2.22,68,2-3,oddsflow_handicap_sniper,NOVA88,15,LOST,-15
2026-10-01,UEFA Nations League,Denmark,Portugal,,AH,HOME,0,2.25,68,2-3,oddsflow_active_trader,APIFOOTBALL,50,LOST,-50
2026-10-01,UEFA Nations League,Denmark,Portugal,,AH,HOME,0,2.25,68,2-3,oddsflow_core_strategy,APIFOOTBALL,50,LOST,-50
2026-10-01,UEFA Nations League,Denmark,Portugal,,AH,HOME,0,2.25,68,2-3,oddsflow_beta,APIFOOTBALL,50,LOST,-50
2026-10-01,UEFA Nations League,Denmark,Portugal,,AH,HOME,0,2.25,68,2-3,oddsflow_handicap_sniper,APIFOOTBALL,50,LOST,-50
2026-10-01,UEFA Nations League,Rep. Of Ireland,Austria,,OU,OVER,2.75,2.025,67,2-0,oddsflow_core_strategy,APIFOOTBALL,50,WON,51.25
2026-10-01,UEFA Nations League,Rep. Of Ireland,Austria,,AH,HOME,0,2.375,75,2-1,oddsflow_active_trader,APIFOOTBALL,50,LOST,-50
2026-10-01,UEFA Nations League,Rep. Of Ireland,Austria,,AH,HOME,0,2.375,75,2-1,oddsflow_core_strategy,APIFOOTBALL,50,LOST,-50
2026-10-01,UEFA Nations League,Rep. Of Ireland,Austria,,AH,HOME,0,2.375,75,2-1,oddsflow_handicap_sniper,APIFOOTBALL,50,LOST,-50
2026-10-01,UEFA Nations League,Malta,Gibraltar,,AH,AWAY,-0.25,1.925,82,1-1,oddsflow_core_strategy,APIFOOTBALL,35,HALF_WON,16.19
2026-10-01,UEFA Nations League,Malta,Gibraltar,,AH,AWAY,-0.25,1.94,82,1-1,oddsflow_core_strategy,NOVA88,43,HALF_WON,20.21
2026-10-01,UEFA Nations League,Rep. Of Ireland,Austria,,1X2,DRAW,0,1.571,78,2-2,oddsflow_handicap_sniper,APIFOOTBALL,50,WON,28.55
2026-10-01,UEFA Nations League,Rep. Of Ireland,Austria,,1X2,DRAW,0,1.571,78,2-2,oddsflow_active_trader,APIFOOTBALL,50,WON,28.55
2026-10-01,UEFA Champions League Women,Manchester City W,Real Madrid W,,AH,HOME,-0.5,1.825,10,0-0,oddsflow_core_strategy,APIFOOTBALL,50,LOST,-50
2026-10-01,UEFA Champions League Women,Manchester City W,Real Madrid W,,AH,HOME,-0.25,1.85,23,0-0,oddsflow_core_strategy,APIFOOTBALL,50,HALF_LOST,-25
2026-10-01,UEFA Champions League Women,Manchester City W,Real Madrid W,,AH,HOME,-0.25,1.86,23,0-0,oddsflow_core_strategy,NOVA88,21,HALF_LOST,-10.5
2026-10-01,UEFA Champions League Women,Manchester City W,Real Madrid W,,AH,HOME,-0.25,1.9,35,0-1,oddsflow_handicap_sniper,APIFOOTBALL,50,WON,45
2026-10-01,UEFA Champions League Women,Manchester City W,Real Madrid W,,AH,HOME,-0.25,1.87,35,0-1,oddsflow_handicap_sniper,NOVA88,37,WON,32.19
2026-10-01,UEFA Champions League Women,Manchester City W,Real Madrid W,,AH,HOME,-0.25,1.9,35,0-1,oddsflow_active_trader,APIFOOTBALL,50,WON,45
2026-10-01,UEFA Champions League Women,Manchester City W,Real Madrid W,,AH,HOME,-0.25,1.87,35,0-1,oddsflow_active_trader,NOVA88,39,WON,33.93
2026-10-01,UEFA Champions League Women,Manchester City W,Real Madrid W,,OU,UNDER,2.5,2.025,51,0-1,oddsflow_handicap_sniper,APIFOOTBALL,50,WON,51.25
2026-10-01,UEFA Champions League Women,Manchester City W,Real Madrid W,,OU,UNDER,2.5,2.025,51,0-1,oddsflow_active_trader,APIFOOTBALL,50,WON,51.25
2026-10-01,UEFA Champions League Women,Manchester City W,Real Madrid W,,1X2,DRAW,0,2.75,52,1-1,oddsflow_handicap_sniper,APIFOOTBALL,50,WON,87.5
2026-10-01,UEFA Champions League Women,Manchester City W,Real Madrid W,,OU,UNDER,3.5,1.775,56,1-1,oddsflow_active_trader,APIFOOTBALL,50,WON,38.75
2026-10-01,UEFA Champions League Women,Manchester City W,Real Madrid W,,OU,UNDER,3.5,1.775,56,1-1,oddsflow_handicap_sniper,APIFOOTBALL,50,WON,38.75
2026-10-01,UEFA Champions League Women,Manchester City W,Real Madrid W,,1X2,DRAW,0,2.5,59,1-1,oddsflow_active_trader,APIFOOTBALL,50,WON,75
2026-10-01,Peruvian Copa De La Liga,Sporting Cristal,ADT,,AH,AWAY,-0.75,1.925,20,1-0,oddsflow_core_strategy,APIFOOTBALL,50,LOST,-50
2026-10-01,Peruvian Copa De La Liga,Sporting Cristal,ADT,,AH,AWAY,-0.5,1.95,24,1-0,oddsflow_core_strategy,APIFOOTBALL,50,LOST,-50
2026-10-01,CONCACAF Nations League,British Virgin Islands,Montserrat,,AH,HOME,1.25,2.025,30,0-1,oddsflow_core_strategy,APIFOOTBALL,50,HALF_WON,25.62
2026-10-01,CONCACAF Nations League,British Virgin Islands,Montserrat,,AH,HOME,1.25,2.01,30,0-1,oddsflow_core_strategy,NOVA88,26,HALF_WON,13.13
2026-10-01,UEFA Champions League Women,Manchester City W,Real Madrid W,,AH,AWAY,0,2.25,76,1-1,oddsflow_handicap_sniper,APIFOOTBALL,50,VOID,0
2026-10-01,UEFA Champions League Women,Manchester City W,Real Madrid W,,AH,AWAY,0,2.27,76,1-1,oddsflow_handicap_sniper,NOVA88,15,VOID,0
2026-10-01,UEFA Champions League Women,Manchester City W,Real Madrid W,,AH,AWAY,0,2.25,76,1-1,oddsflow_active_trader,APIFOOTBALL,50,VOID,0
2026-10-01,UEFA Champions League Women,Manchester City W,Real Madrid W,,AH,AWAY,0,2.27,76,1-1,oddsflow_active_trader,NOVA88,15,VOID,0
2026-10-01,UEFA Champions League Women,Manchester City W,Real Madrid W,,AH,AWAY,0,2.25,76,1-1,oddsflow_core_strategy,APIFOOTBALL,35,VOID,0
2026-10-01,UEFA Champions League Women,Manchester City W,Real Madrid W,,AH,AWAY,0,2.27,76,1-1,oddsflow_core_strategy,NOVA88,15,VOID,0
2026-10-01,CONCACAF Nations League,British Virgin Islands,Montserrat,,AH,HOME,1.25,1.9,35,0-1,oddsflow_active_trader,APIFOOTBALL,50,HALF_WON,22.5
2026-10-01,CONCACAF Nations League,British Virgin Islands,Montserrat,,AH,HOME,1.25,1.88,35,0-1,oddsflow_active_trader,NOVA88,25,HALF_WON,11
2026-10-01,CONCACAF Nations League,British Virgin Islands,Montserrat,,AH,HOME,1.25,1.9,35,0-1,oddsflow_beta,APIFOOTBALL,50,HALF_WON,22.5
2026-10-01,CONCACAF Nations League,British Virgin Islands,Montserrat,,AH,HOME,1.25,1.88,35,0-1,oddsflow_beta,NOVA88,25,HALF_WON,11
2026-10-01,CONCACAF Nations League,British Virgin Islands,Montserrat,,AH,HOME,1.25,1.9,35,0-1,oddsflow_handicap_sniper,APIFOOTBALL,50,HALF_WON,22.5
2026-10-01,CONCACAF Nations League,British Virgin Islands,Montserrat,,AH,HOME,1.25,1.88,35,0-1,oddsflow_handicap_sniper,NOVA88,23,HALF_WON,10.12
2026-10-01,Peruvian Copa De La Liga,Sporting Cristal,ADT,,AH,AWAY,-0.5,1.95,35,1-0,oddsflow_handicap_sniper,APIFOOTBALL,50,LOST,-50
2026-10-01,Peruvian Copa De La Liga,Sporting Cristal,ADT,,AH,AWAY,-0.5,1.99,35,1-0,oddsflow_handicap_sniper,NOVA88,15,LOST,-15
2026-10-01,Peruvian Copa De La Liga,Sporting Cristal,ADT,,AH,AWAY,-0.5,1.95,35,1-0,oddsflow_active_trader,APIFOOTBALL,50,LOST,-50
2026-10-01,Peruvian Copa De La Liga,Sporting Cristal,ADT,,AH,AWAY,-0.5,1.99,35,1-0,oddsflow_active_trader,NOVA88,15,LOST,-15
2026-10-01,CONCACAF Nations League,British Virgin Islands,Montserrat,,AH,HOME,1,2,40,0-1,oddsflow_handicap_sniper,APIFOOTBALL,50,VOID,0
2026-10-01,CONCACAF Nations League,British Virgin Islands,Montserrat,,AH,HOME,1,1.94,40,0-1,oddsflow_handicap_sniper,NOVA88,15,VOID,0
2026-10-01,CONCACAF Nations League,British Virgin Islands,Montserrat,,AH,HOME,1,2,40,0-1,oddsflow_core_strategy,APIFOOTBALL,50,VOID,0
2026-10-01,CONCACAF Nations League,British Virgin Islands,Montserrat,,AH,HOME,1,2,40,0-1,oddsflow_active_trader,APIFOOTBALL,50,VOID,0
2026-10-01,CONCACAF Nations League,British Virgin Islands,Montserrat,,AH,HOME,1,1.94,40,0-1,oddsflow_core_strategy,NOVA88,16,VOID,0
2026-10-01,CONCACAF Nations League,British Virgin Islands,Montserrat,,AH,HOME,1,1.94,40,0-1,oddsflow_active_trader,NOVA88,17,VOID,0
2026-10-01,CONCACAF Nations League,British Virgin Islands,Montserrat,,AH,HOME,1,2,40,0-1,oddsflow_beta,APIFOOTBALL,50,VOID,0
2026-10-01,CONCACAF Nations League,British Virgin Islands,Montserrat,,AH,HOME,1,1.94,40,0-1,oddsflow_beta,NOVA88,16,VOID,0
2026-10-01,CONCACAF Nations League,British Virgin Islands,Montserrat,,AH,HOME,0.75,2.05,42,0-1,oddsflow_core_strategy,APIFOOTBALL,50,HALF_LOST,-25
2026-10-01,CONCACAF Nations League,British Virgin Islands,Montserrat,,AH,HOME,0.75,1.99,44,0-2,oddsflow_handicap_sniper,NOVA88,25,WON,24.75
2026-10-01,CONCACAF Nations League,British Virgin Islands,Montserrat,,AH,HOME,0.75,2,44,0-2,oddsflow_active_trader,NOVA88,26,WON,26
2026-10-01,CONCACAF Nations League,British Virgin Islands,Montserrat,,AH,HOME,0.75,1.975,44,0-2,oddsflow_active_trader,APIFOOTBALL,50,WON,48.75
2026-10-01,CONCACAF Nations League,British Virgin Islands,Montserrat,,AH,HOME,0.75,1.975,44,0-2,oddsflow_handicap_sniper,APIFOOTBALL,50,WON,48.75
2026-10-01,CONCACAF Nations League,US Virgin Islands,Saint Martin,,AH,HOME,1.25,1.775,45,0-1,oddsflow_beta,APIFOOTBALL,50,LOST,-50
2026-10-01,CONCACAF Nations League,US Virgin Islands,Saint Martin,,AH,HOME,1.25,1.775,45,0-1,oddsflow_handicap_sniper,APIFOOTBALL,50,LOST,-50
2026-10-01,CONCACAF Nations League,US Virgin Islands,Saint Martin,,AH,HOME,1.25,1.79,45,0-1,oddsflow_handicap_sniper,NOVA88,50,LOST,-50
2026-10-01,CONCACAF Nations League,US Virgin Islands,Saint Martin,,AH,HOME,1.25,1.775,45,0-1,oddsflow_active_trader,APIFOOTBALL,50,LOST,-50
2026-10-01,CONCACAF Nations League,US Virgin Islands,Saint Martin,,AH,HOME,1,2.075,45,0-1,oddsflow_handicap_sniper,APIFOOTBALL,50,LOST,-50
2026-10-01,CONCACAF Nations League,US Virgin Islands,Saint Martin,,AH,HOME,1,2.075,45,0-1,oddsflow_active_trader,APIFOOTBALL,50,LOST,-50
2026-10-01,CONCACAF Nations League,US Virgin Islands,Saint Martin,,AH,HOME,1,2.075,45,0-1,oddsflow_beta,APIFOOTBALL,50,LOST,-50
2026-10-01,Peruvian Copa De La Liga,Sporting Cristal,ADT,,AH,AWAY,-0.25,2.25,45,2-0,oddsflow_active_trader,APIFOOTBALL,50,LOST,-50
2026-10-01,Peruvian Copa De La Liga,Sporting Cristal,ADT,,AH,AWAY,-0.25,2.25,45,2-0,oddsflow_handicap_sniper,APIFOOTBALL,50,LOST,-50
2026-10-01,Peruvian Copa De La Liga,Sporting Cristal,ADT,,AH,AWAY,-0.25,2.25,45,2-0,oddsflow_core_strategy,APIFOOTBALL,50,LOST,-50
2026-10-01,Colombian Primera B,Envigado,Orsomarso,,AH,AWAY,-0.75,1.775,28,0-0,oddsflow_core_strategy,APIFOOTBALL,50,WON,38.75
2026-10-01,Colombian Primera B,Envigado,Orsomarso,,AH,AWAY,-0.75,1.84,28,0-0,oddsflow_core_strategy,NOVA88,15,WON,12.6
2026-10-01,Colombian Primera B,Envigado,Orsomarso,,AH,AWAY,-0.5,1.95,30,0-0,oddsflow_core_strategy,APIFOOTBALL,50,WON,47.5
2026-10-01,CONCACAF Nations League,British Virgin Islands,Montserrat,,AH,HOME,0.75,1.975,49,0-2,oddsflow_beta,APIFOOTBALL,50,WON,48.75
2026-10-01,CONCACAF Nations League,British Virgin Islands,Montserrat,,AH,HOME,0.75,1.96,49,0-2,oddsflow_beta,NOVA88,32,WON,30.72
2026-10-01,CONCACAF Nations League,British Virgin Islands,Montserrat,,OU,UNDER,3.5,1.775,49,0-2,oddsflow_beta,APIFOOTBALL,50,WON,38.75
2026-10-01,Colombian Primera B,Envigado,Orsomarso,,AH,AWAY,-0.5,1.95,36,0-0,oddsflow_handicap_sniper,APIFOOTBALL,50,WON,47.5
2026-10-01,Colombian Primera B,Envigado,Orsomarso,,AH,AWAY,-0.5,1.98,36,0-0,oddsflow_handicap_sniper,NOVA88,15,WON,14.7
2026-10-01,CONCACAF Nations League,British Virgin Islands,Montserrat,,OU,UNDER,3.5,1.775,50,0-2,oddsflow_active_trader,APIFOOTBALL,50,WON,38.75
2026-10-01,Colombian Primera B,Envigado,Orsomarso,,AH,AWAY,-0.5,1.95,38,0-0,oddsflow_active_trader,APIFOOTBALL,50,WON,47.5
2026-10-01,Colombian Primera B,Envigado,Orsomarso,,AH,AWAY,-0.5,1.97,38,0-0,oddsflow_active_trader,NOVA88,15,WON,14.55
2026-10-01,CONCACAF Nations League,US Virgin Islands,Saint Martin,,OU,UNDER,3.5,2,50,0-2,oddsflow_active_trader,APIFOOTBALL,50,LOST,-50
2026-10-01,CONCACAF Nations League,US Virgin Islands,Saint Martin,,OU,UNDER,3.5,2,50,0-2,oddsflow_active_trader,NOVA88,44,LOST,-44
2026-10-01,CONCACAF Nations League,US Virgin Islands,Saint Martin,,OU,UNDER,3.5,2,50,0-2,oddsflow_beta,APIFOOTBALL,50,LOST,-50
2026-10-01,CONCACAF Nations League,US Virgin Islands,Saint Martin,,OU,UNDER,3.5,2,50,0-2,oddsflow_beta,NOVA88,43,LOST,-43
2026-10-01,CONCACAF Nations League,US Virgin Islands,Saint Martin,,OU,UNDER,3.5,2,51,0-2,oddsflow_handicap_sniper,APIFOOTBALL,50,LOST,-50
2026-10-01,CONCACAF Nations League,US Virgin Islands,Saint Martin,,OU,UNDER,3.5,1.97,51,0-2,oddsflow_handicap_sniper,NOVA88,45,LOST,-45
2026-10-01,Peruvian Copa De La Liga,Sporting Cristal,ADT,,OU,UNDER,3.5,1.775,52,2-0,oddsflow_active_trader,APIFOOTBALL,50,LOST,-50
2026-10-01,Peruvian Copa De La Liga,Sporting Cristal,ADT,,OU,UNDER,3.5,1.775,52,2-0,oddsflow_handicap_sniper,APIFOOTBALL,50,LOST,-50
2026-10-01,CONCACAF Nations League,British Virgin Islands,Montserrat,,AH,HOME,0.5,2.05,59,0-2,oddsflow_core_strategy,APIFOOTBALL,50,WON,52.5
2026-10-01,CONCACAF Nations League,British Virgin Islands,Montserrat,,AH,HOME,0.5,2.08,59,0-2,oddsflow_core_strategy,NOVA88,34,WON,36.72
2026-10-01,CONCACAF Nations League,British Virgin Islands,Montserrat,,AH,HOME,0.5,2.05,59,0-2,oddsflow_handicap_sniper,APIFOOTBALL,50,WON,52.5
2026-10-01,CONCACAF Nations League,British Virgin Islands,Montserrat,,AH,HOME,0.5,2.05,59,0-2,oddsflow_active_trader,APIFOOTBALL,50,WON,52.5
2026-10-01,CONCACAF Nations League,British Virgin Islands,Montserrat,,AH,HOME,0.5,2.06,59,0-2,oddsflow_active_trader,NOVA88,39,WON,41.34
2026-10-01,CONCACAF Nations League,US Virgin Islands,Saint Martin,,AH,HOME,0.75,2.075,62,0-2,oddsflow_active_trader,APIFOOTBALL,50,LOST,-50
2026-10-01,CONCACAF Nations League,US Virgin Islands,Saint Martin,,AH,HOME,0.75,2.075,62,0-2,oddsflow_beta,APIFOOTBALL,50,LOST,-50
2026-10-01,CONCACAF Nations League,US Virgin Islands,Saint Martin,,AH,HOME,0.75,2.075,62,0-2,oddsflow_handicap_sniper,APIFOOTBALL,50,LOST,-50
2026-10-01,Colombian Primera B,Envigado,Orsomarso,,AH,AWAY,-0.25,2.32,45,0-0,oddsflow_handicap_sniper,NOVA88,15,HALF_WON,9.9
2026-10-01,Colombian Primera B,Envigado,Orsomarso,,AH,AWAY,-0.25,2.32,45,0-0,oddsflow_active_trader,NOVA88,15,HALF_WON,9.9
2026-10-01,CONCACAF Nations League,US Virgin Islands,Saint Martin,,OU,UNDER,3.25,1.8,65,0-2,oddsflow_core_strategy,APIFOOTBALL,50,LOST,-50
2026-10-01,CONCACAF Nations League,British Virgin Islands,Montserrat,,OU,OVER,2.75,2,69,0-2,oddsflow_core_strategy,APIFOOTBALL,50,LOST,-50
2026-10-01,CONCACAF Nations League,British Virgin Islands,Montserrat,,AH,HOME,0.25,2.15,72,0-2,oddsflow_active_trader,APIFOOTBALL,50,HALF_WON,28.75
2026-10-01,CONCACAF Nations League,British Virgin Islands,Montserrat,,AH,HOME,0.25,2.16,72,0-2,oddsflow_active_trader,NOVA88,40,HALF_WON,23.2
2026-10-01,CONCACAF Nations League,British Virgin Islands,Montserrat,,AH,HOME,0.25,2.15,72,0-2,oddsflow_core_strategy,APIFOOTBALL,50,HALF_WON,28.75
2026-10-01,CONCACAF Nations League,Dominica,Guyana,,AH,HOME,1.25,1.975,30,0-1,oddsflow_core_strategy,APIFOOTBALL,50,LOST,-50
2026-10-01,CONCACAF Nations League,British Virgin Islands,Montserrat,,AH,HOME,0.25,2.16,72,0-2,oddsflow_core_strategy,NOVA88,41,HALF_WON,23.78
2026-10-01,CONCACAF Nations League,Dominica,Guyana,,AH,HOME,1.25,2.04,30,0-1,oddsflow_core_strategy,NOVA88,45,LOST,-45
2026-10-01,CONCACAF Nations League,British Virgin Islands,Montserrat,,AH,HOME,0.25,2.15,73,0-2,oddsflow_handicap_sniper,APIFOOTBALL,50,HALF_WON,28.75
2026-10-01,CONCACAF Nations League,British Virgin Islands,Montserrat,,AH,HOME,0.25,2.16,73,0-2,oddsflow_handicap_sniper,NOVA88,41,HALF_WON,23.78
2026-10-01,CONCACAF Nations League,US Virgin Islands,Saint Martin,,AH,HOME,0.5,2,72,0-2,oddsflow_handicap_sniper,APIFOOTBALL,50,LOST,-50
2026-10-01,CONCACAF Nations League,US Virgin Islands,Saint Martin,,AH,HOME,0.5,2,72,0-2,oddsflow_handicap_sniper,NOVA88,50,LOST,-50
2026-10-01,CONCACAF Nations League,US Virgin Islands,Saint Martin,,AH,HOME,0.5,2,72,0-2,oddsflow_beta,APIFOOTBALL,50,LOST,-50
2026-10-01,CONCACAF Nations League,US Virgin Islands,Saint Martin,,AH,HOME,0.5,2,72,0-2,oddsflow_active_trader,APIFOOTBALL,50,LOST,-50
2026-10-01,CONCACAF Nations League,US Virgin Islands,Saint Martin,,AH,HOME,0.5,1.99,72,0-2,oddsflow_active_trader,NOVA88,50,LOST,-50
2026-10-01,CONCACAF Nations League,Dominica,Guyana,,AH,HOME,1.25,1.925,35,0-1,oddsflow_active_trader,APIFOOTBALL,50,LOST,-50
2026-10-01,CONCACAF Nations League,Dominica,Guyana,,AH,HOME,1.25,1.925,35,0-1,oddsflow_handicap_sniper,APIFOOTBALL,50,LOST,-50
2026-10-01,CONCACAF Nations League,US Virgin Islands,Saint Martin,,AH,HOME,0.25,2.2,79,0-2,oddsflow_handicap_sniper,APIFOOTBALL,50,LOST,-50
2026-10-01,CONCACAF Nations League,US Virgin Islands,Saint Martin,,AH,HOME,0.25,2.2,79,0-2,oddsflow_beta,APIFOOTBALL,50,LOST,-50
2026-10-01,CONCACAF Nations League,US Virgin Islands,Saint Martin,,AH,HOME,0.25,2.2,79,0-2,oddsflow_active_trader,APIFOOTBALL,50,LOST,-50
2026-10-01,Colombian Primera B,Envigado,Orsomarso,,OU,OVER,1,2,50,0-0,oddsflow_core_strategy,APIFOOTBALL,50,LOST,-50
2026-10-01,CONCACAF Nations League,Dominica,Guyana,,AH,HOME,1,2.025,43,0-2,oddsflow_active_trader,APIFOOTBALL,50,LOST,-50
2026-10-01,CONCACAF Nations League,Dominica,Guyana,,AH,HOME,1,2.025,43,0-2,oddsflow_handicap_sniper,APIFOOTBALL,50,LOST,-50
2026-10-01,CONCACAF Nations League,Dominica,Guyana,,AH,HOME,1,2.025,43,0-2,oddsflow_core_strategy,APIFOOTBALL,50,LOST,-50
2026-10-01,CONCACAF Nations League,Dominica,Guyana,,OU,UNDER,3.5,2.025,45,0-2,oddsflow_handicap_sniper,APIFOOTBALL,50,LOST,-50
2026-10-01,CONCACAF Nations League,Dominica,Guyana,,OU,UNDER,3.5,2.025,45,0-2,oddsflow_active_trader,APIFOOTBALL,50,LOST,-50
2026-10-01,CONCACAF Nations League,Dominica,Guyana,,AH,HOME,0.75,2.15,45,0-2,oddsflow_handicap_sniper,NOVA88,48,LOST,-48
2026-10-01,CONCACAF Nations League,Dominica,Guyana,,AH,HOME,0.75,2.15,45,0-2,oddsflow_active_trader,NOVA88,50,LOST,-50
2026-10-01,CONCACAF Nations League,Curaçao,Trinidad and Tobago,,AH,AWAY,-1.25,2,29,0-0,oddsflow_core_strategy,APIFOOTBALL,50,HALF_WON,25
2026-10-01,CONCACAF Nations League,Curaçao,Trinidad and Tobago,,AH,AWAY,-1.25,2.02,29,0-0,oddsflow_core_strategy,NOVA88,50,HALF_WON,25.5
2026-10-01,CONCACAF Nations League,Dominica,Guyana,,AH,HOME,0.25,2.05,76,1-3,oddsflow_active_trader,APIFOOTBALL,50,LOST,-50
2026-10-01,CONCACAF Nations League,Dominica,Guyana,,AH,HOME,0.25,2.08,76,1-3,oddsflow_active_trader,NOVA88,50,LOST,-50
2026-10-01,CONCACAF Nations League,Dominica,Guyana,,AH,HOME,0.25,2.05,76,1-3,oddsflow_handicap_sniper,APIFOOTBALL,50,LOST,-50
2026-10-01,CONCACAF Nations League,Dominica,Guyana,,AH,HOME,0.25,2.08,76,1-3,oddsflow_handicap_sniper,NOVA88,50,LOST,-50
2026-10-01,CONCACAF Nations League,Dominica,Guyana,,AH,HOME,0.25,2,76,1-3,oddsflow_core_strategy,APIFOOTBALL,35,LOST,-35
2026-10-01,CONCACAF Nations League,Dominica,Guyana,,AH,HOME,0.25,2.04,76,1-3,oddsflow_core_strategy,NOVA88,47,LOST,-47
2026-10-01,CONCACAF Nations League,Curaçao,Trinidad and Tobago,,AH,AWAY,-1.25,1.85,35,0-0,oddsflow_active_trader,APIFOOTBALL,50,HALF_WON,21.25
2026-10-01,CONCACAF Nations League,Curaçao,Trinidad and Tobago,,AH,AWAY,-1.25,1.84,35,0-0,oddsflow_active_trader,NOVA88,50,HALF_WON,21
2026-10-01,CONCACAF Nations League,Curaçao,Trinidad and Tobago,,AH,AWAY,-1.25,1.85,35,0-0,oddsflow_handicap_sniper,APIFOOTBALL,50,HALF_WON,21.25
2026-10-01,CONCACAF Nations League,Curaçao,Trinidad and Tobago,,AH,AWAY,-1.25,1.84,35,0-0,oddsflow_handicap_sniper,NOVA88,50,HALF_WON,21
2026-10-01,CONCACAF Nations League,Curaçao,Trinidad and Tobago,,1X2,DRAW,0,4.333,35,0-0,oddsflow_handicap_sniper,APIFOOTBALL,50,LOST,-50
2026-10-01,CONCACAF Nations League,Curaçao,Trinidad and Tobago,,1X2,DRAW,0,3.8,35,0-0,oddsflow_handicap_sniper,NOVA88,19,LOST,-19
2026-10-01,CONCACAF Nations League,Curaçao,Trinidad and Tobago,,AH,AWAY,-1.25,1.85,35,0-0,oddsflow_beta,APIFOOTBALL,50,HALF_WON,21.25
2026-10-01,CONCACAF Nations League,Curaçao,Trinidad and Tobago,,1X2,DRAW,0,4.333,35,0-0,oddsflow_beta,APIFOOTBALL,50,LOST,-50
2026-10-01,CONCACAF Nations League,Curaçao,Trinidad and Tobago,,1X2,DRAW,0,3.8,35,0-0,oddsflow_beta,NOVA88,19,LOST,-19
2026-10-01,CONCACAF Nations League,Curaçao,Trinidad and Tobago,,AH,AWAY,-1,2,42,0-0,oddsflow_handicap_sniper,APIFOOTBALL,50,VOID,0
2026-10-01,CONCACAF Nations League,Curaçao,Trinidad and Tobago,,AH,AWAY,-1,2.01,42,0-0,oddsflow_handicap_sniper,NOVA88,50,VOID,0
2026-10-01,CONCACAF Nations League,Curaçao,Trinidad and Tobago,,AH,AWAY,-1,2,42,0-0,oddsflow_beta,APIFOOTBALL,50,VOID,0
2026-10-01,CONCACAF Nations League,Curaçao,Trinidad and Tobago,,AH,AWAY,-1,2.01,42,0-0,oddsflow_beta,NOVA88,50,VOID,0
2026-10-01,CONCACAF Nations League,Curaçao,Trinidad and Tobago,,AH,AWAY,-1,2,42,0-0,oddsflow_core_strategy,APIFOOTBALL,50,VOID,0
2026-10-01,CONCACAF Nations League,Curaçao,Trinidad and Tobago,,AH,AWAY,-1,2.01,42,0-0,oddsflow_core_strategy,NOVA88,50,VOID,0
2026-10-01,CONCACAF Nations League,Curaçao,Trinidad and Tobago,,AH,AWAY,-1,2,42,0-0,oddsflow_active_trader,APIFOOTBALL,50,VOID,0
2026-10-01,CONCACAF Nations League,Curaçao,Trinidad and Tobago,,AH,AWAY,-1,2.01,42,0-0,oddsflow_active_trader,NOVA88,50,VOID,0
2026-10-01,CONCACAF Nations League,Curaçao,Trinidad and Tobago,,1X2,DRAW,0,3.75,44,0-0,oddsflow_active_trader,APIFOOTBALL,50,LOST,-50
2026-10-01,CONCACAF Nations League,Curaçao,Trinidad and Tobago,,1X2,DRAW,0,3.4,44,0-0,oddsflow_active_trader,NOVA88,15,LOST,-15
2026-10-01,CONCACAF Nations League,Curaçao,Trinidad and Tobago,,OU,UNDER,1.5,2.05,46,0-0,oddsflow_handicap_sniper,APIFOOTBALL,50,WON,52.5
2026-10-01,CONCACAF Nations League,Curaçao,Trinidad and Tobago,,OU,UNDER,1.5,2.05,46,0-0,oddsflow_active_trader,APIFOOTBALL,50,WON,52.5
2026-10-01,CONCACAF Nations League,Curaçao,Trinidad and Tobago,,OU,UNDER,1.5,2.05,46,0-0,oddsflow_beta,APIFOOTBALL,50,WON,52.5
2026-10-01,CONCACAF Nations League,Curaçao,Trinidad and Tobago,,AH,AWAY,-0.75,2.05,51,0-0,oddsflow_active_trader,APIFOOTBALL,50,HALF_LOST,-25
2026-10-01,CONCACAF Nations League,Curaçao,Trinidad and Tobago,,AH,AWAY,-0.75,2.05,51,0-0,oddsflow_core_strategy,APIFOOTBALL,50,HALF_LOST,-25
2026-10-01,CONCACAF Nations League,Curaçao,Trinidad and Tobago,,AH,AWAY,-0.75,2.06,51,0-0,oddsflow_active_trader,NOVA88,50,HALF_LOST,-25
2026-10-01,CONCACAF Nations League,Curaçao,Trinidad and Tobago,,AH,AWAY,-0.75,2.06,51,0-0,oddsflow_core_strategy,NOVA88,50,HALF_LOST,-25
2026-10-01,CONCACAF Nations League,Curaçao,Trinidad and Tobago,,AH,AWAY,-0.75,2.05,51,0-0,oddsflow_handicap_sniper,APIFOOTBALL,50,HALF_LOST,-25
2026-10-01,CONCACAF Nations League,Curaçao,Trinidad and Tobago,,AH,AWAY,-0.75,2.06,51,0-0,oddsflow_handicap_sniper,NOVA88,50,HALF_LOST,-25
2026-10-01,CONCACAF Nations League,Curaçao,Trinidad and Tobago,,AH,AWAY,-0.75,2.05,51,0-0,oddsflow_beta,APIFOOTBALL,50,HALF_LOST,-25
2026-10-01,CONCACAF Nations League,Curaçao,Trinidad and Tobago,,AH,AWAY,-0.75,2.06,51,0-0,oddsflow_beta,NOVA88,50,HALF_LOST,-25
2026-10-01,CONCACAF Nations League,Curaçao,Trinidad and Tobago,,AH,AWAY,-0.5,2.025,57,0-0,oddsflow_active_trader,APIFOOTBALL,50,LOST,-50
2026-10-01,CONCACAF Nations League,Curaçao,Trinidad and Tobago,,AH,AWAY,-0.5,2.025,57,0-0,oddsflow_core_strategy,APIFOOTBALL,50,LOST,-50
2026-10-01,CONCACAF Nations League,Curaçao,Trinidad and Tobago,,AH,AWAY,-0.5,2.09,57,0-0,oddsflow_active_trader,NOVA88,42,LOST,-42
2026-10-01,CONCACAF Nations League,Curaçao,Trinidad and Tobago,,AH,AWAY,-0.5,2.09,57,0-0,oddsflow_core_strategy,NOVA88,44,LOST,-44
2026-10-01,CONCACAF Nations League,Curaçao,Trinidad and Tobago,,AH,AWAY,-0.5,2.025,57,0-0,oddsflow_handicap_sniper,APIFOOTBALL,50,LOST,-50
2026-10-01,CONCACAF Nations League,Curaçao,Trinidad and Tobago,,AH,AWAY,-0.5,2.09,57,0-0,oddsflow_handicap_sniper,NOVA88,46,LOST,-46
2026-10-01,CONCACAF Nations League,Curaçao,Trinidad and Tobago,,AH,AWAY,-0.5,2.025,57,0-0,oddsflow_beta,APIFOOTBALL,50,LOST,-50
2026-10-01,CONCACAF Nations League,Curaçao,Trinidad and Tobago,,AH,AWAY,-0.5,2.09,57,0-0,oddsflow_beta,NOVA88,45,LOST,-45
2026-10-01,Brasileirão Série B,Athletic Club,Sport Recife,,1X2,AWAY,0,1.5,35,1-2,oddsflow_active_trader,APIFOOTBALL,50,WON,25
2026-10-01,Brasileirão Série B,Athletic Club,Sport Recife,,1X2,AWAY,0,1.5,35,1-2,oddsflow_handicap_sniper,APIFOOTBALL,50,WON,25
2026-10-01,Brasileirão Série B,Athletic Club,Sport Recife,,AH,AWAY,0,2.75,71,1-2,oddsflow_handicap_sniper,APIFOOTBALL,50,VOID,0
2026-10-01,Brasileirão Série B,Athletic Club,Sport Recife,,AH,AWAY,0,2.75,71,1-2,oddsflow_core_strategy,APIFOOTBALL,50,VOID,0
2026-10-01,Brasileirão Série B,Athletic Club,Sport Recife,,AH,AWAY,0,2.75,71,1-2,oddsflow_active_trader,APIFOOTBALL,50,VOID,0
2026-10-01,Brasileirão Série B,Athletic Club,Sport Recife,,AH,AWAY,-0.25,1.7,72,1-2,oddsflow_handicap_sniper,APIFOOTBALL,50,HALF_WON,17.5
2026-10-01,Brasileirão Série B,Athletic Club,Sport Recife,,AH,AWAY,-0.25,1.72,72,1-2,oddsflow_handicap_sniper,NOVA88,19,HALF_WON,6.84
2026-10-01,Brasileirão Série B,Athletic Club,Sport Recife,,AH,AWAY,-0.25,1.7,72,1-2,oddsflow_active_trader,APIFOOTBALL,50,HALF_WON,17.5
2026-10-01,Brasileirão Série B,Athletic Club,Sport Recife,,AH,AWAY,-0.25,1.72,72,1-2,oddsflow_active_trader,NOVA88,21,HALF_WON,7.56
2026-10-01,Brasileirão Série B,Athletic Club,Sport Recife,,AH,AWAY,-0.25,1.7,72,1-2,oddsflow_core_strategy,APIFOOTBALL,50,HALF_WON,17.5
2026-10-01,Brasileirão Série B,Athletic Club,Sport Recife,,AH,AWAY,-0.25,1.72,72,1-2,oddsflow_core_strategy,NOVA88,23,HALF_WON,8.28
2026-10-02,CONCACAF Nations League,Dominican Republic,Haiti,,AH,HOME,0.5,1.825,17,0-1,oddsflow_core_strategy,APIFOOTBALL,50,LOST,-50
2026-10-02,CONCACAF Nations League,Dominican Republic,Haiti,,AH,HOME,0.5,1.82,17,0-1,oddsflow_core_strategy,NOVA88,44,LOST,-44
2026-10-02,CONCACAF Nations League,Dominican Republic,Haiti,,AH,HOME,0.25,1.95,18,0-1,oddsflow_core_strategy,APIFOOTBALL,50,LOST,-50
2026-10-02,CONCACAF Nations League,Dominican Republic,Haiti,,AH,HOME,0.25,1.98,18,0-1,oddsflow_core_strategy,NOVA88,38,LOST,-38
2026-10-02,Brasileirão Série B,Novorizontino,Goias,,AH,AWAY,-0.5,1.975,39,1-0,oddsflow_beta,APIFOOTBALL,50,LOST,-50
2026-10-02,Brasileirão Série B,Novorizontino,Goias,,AH,AWAY,-0.5,2.01,39,1-0,oddsflow_beta,NOVA88,28,LOST,-28
2026-10-02,Brasileirão Série B,Novorizontino,Goias,,AH,AWAY,-0.5,1.975,39,1-0,oddsflow_handicap_sniper,APIFOOTBALL,50,LOST,-50
2026-10-02,Brasileirão Série B,Novorizontino,Goias,,AH,AWAY,-0.5,1.975,39,1-0,oddsflow_active_trader,APIFOOTBALL,50,LOST,-50
2026-10-02,Brasileirão Série B,Novorizontino,Goias,,AH,AWAY,-0.5,2.01,39,1-0,oddsflow_handicap_sniper,NOVA88,29,LOST,-29
2026-10-02,Brasileirão Série B,Novorizontino,Goias,,AH,AWAY,-0.5,2.01,39,1-0,oddsflow_active_trader,NOVA88,33,LOST,-33
2026-10-02,CONCACAF Nations League,Cayman Islands,Puerto Rico,,AH,HOME,1.25,2.025,39,0-1,oddsflow_handicap_sniper,APIFOOTBALL,50,LOST,-50
2026-10-02,CONCACAF Nations League,Cayman Islands,Puerto Rico,,AH,HOME,1.25,2.025,39,0-1,oddsflow_active_trader,APIFOOTBALL,50,LOST,-50
2026-10-02,CONCACAF Nations League,Cayman Islands,Puerto Rico,,AH,HOME,1.25,2.025,39,0-1,oddsflow_core_strategy,APIFOOTBALL,50,LOST,-50
2026-10-02,CONCACAF Nations League,Cayman Islands,Puerto Rico,,AH,HOME,1.25,2.04,39,0-1,oddsflow_handicap_sniper,NOVA88,15,LOST,-15
2026-10-02,CONCACAF Nations League,Cayman Islands,Puerto Rico,,AH,HOME,1.25,2.04,39,0-1,oddsflow_core_strategy,NOVA88,15,LOST,-15
2026-10-02,CONCACAF Nations League,Cayman Islands,Puerto Rico,,AH,HOME,1.25,2.04,39,0-1,oddsflow_active_trader,NOVA88,15,LOST,-15
2026-10-02,CONCACAF Nations League,Dominican Republic,Haiti,,AH,HOME,0,2.05,34,0-1,oddsflow_core_strategy,APIFOOTBALL,50,LOST,-50
2026-10-02,CONCACAF Nations League,Dominican Republic,Haiti,,AH,HOME,0,2.22,34,0-1,oddsflow_core_strategy,NOVA88,27,LOST,-27
2026-10-02,CONCACAF Nations League,Dominican Republic,Haiti,,AH,HOME,0,2.05,35,0-1,oddsflow_active_trader,APIFOOTBALL,50,LOST,-50
2026-10-02,CONCACAF Nations League,Dominican Republic,Haiti,,AH,HOME,0,2.05,35,0-1,oddsflow_handicap_sniper,APIFOOTBALL,50,LOST,-50
2026-10-02,CONCACAF Nations League,Dominican Republic,Haiti,,AH,HOME,0,2.22,35,0-1,oddsflow_active_trader,NOVA88,28,LOST,-28
2026-10-02,CONCACAF Nations League,Dominican Republic,Haiti,,AH,HOME,0,2.22,35,0-1,oddsflow_handicap_sniper,NOVA88,27,LOST,-27
2026-10-02,CONCACAF Nations League,Dominican Republic,Haiti,,AH,HOME,0.25,1.825,35,0-1,oddsflow_active_trader,APIFOOTBALL,50,LOST,-50
2026-10-02,CONCACAF Nations League,Dominican Republic,Haiti,,AH,HOME,0.25,1.825,35,0-1,oddsflow_handicap_sniper,APIFOOTBALL,50,LOST,-50
2026-10-02,CONCACAF Nations League,Dominican Republic,Haiti,,AH,HOME,0.25,1.86,35,0-1,oddsflow_active_trader,NOVA88,29,LOST,-29
2026-10-02,Brasileirão Série B,Novorizontino,Goias,,OU,UNDER,2.5,1.75,44,1-0,oddsflow_handicap_sniper,APIFOOTBALL,50,LOST,-50
2026-10-02,Brasileirão Série B,Novorizontino,Goias,,OU,UNDER,2.5,1.75,44,1-0,oddsflow_beta,APIFOOTBALL,50,LOST,-50
2026-10-02,Brasileirão Série B,Novorizontino,Goias,,OU,UNDER,2.5,1.75,44,1-0,oddsflow_active_trader,APIFOOTBALL,50,LOST,-50
2026-10-02,Brasileirão Série B,Novorizontino,Goias,,AH,AWAY,-0.5,1.825,45,1-0,oddsflow_core_strategy,APIFOOTBALL,50,LOST,-50
2026-10-02,CONCACAF Nations League,Dominican Republic,Haiti,,AH,HOME,-0.25,2.425,45,0-1,oddsflow_core_strategy,APIFOOTBALL,50,LOST,-50
2026-10-02,CONCACAF Nations League,Dominican Republic,Haiti,,AH,HOME,-0.25,2.425,45,0-1,oddsflow_handicap_sniper,APIFOOTBALL,50,LOST,-50
2026-10-02,CONCACAF Nations League,Dominican Republic,Haiti,,AH,HOME,-0.25,2.425,45,0-1,oddsflow_active_trader,APIFOOTBALL,50,LOST,-50
2026-10-02,CONCACAF Nations League,Cayman Islands,Puerto Rico,,AH,HOME,1,2.025,48,0-2,oddsflow_handicap_sniper,APIFOOTBALL,50,VOID,0
2026-10-02,CONCACAF Nations League,Cayman Islands,Puerto Rico,,AH,HOME,1,2.05,48,0-2,oddsflow_handicap_sniper,NOVA88,34,VOID,0
2026-10-02,CONCACAF Nations League,Cayman Islands,Puerto Rico,,AH,HOME,1,2.025,48,0-2,oddsflow_active_trader,APIFOOTBALL,50,VOID,0
2026-10-02,CONCACAF Nations League,Cayman Islands,Puerto Rico,,AH,HOME,1,2.05,48,0-2,oddsflow_active_trader,NOVA88,36,VOID,0
2026-10-02,CONCACAF Nations League,Cayman Islands,Puerto Rico,,AH,HOME,1,2.025,48,0-2,oddsflow_core_strategy,APIFOOTBALL,50,VOID,0
2026-10-02,CONCACAF Nations League,Cayman Islands,Puerto Rico,,AH,HOME,1,2.05,48,0-2,oddsflow_core_strategy,NOVA88,34,VOID,0
2026-10-02,CONCACAF Nations League,Cayman Islands,Puerto Rico,,OU,UNDER,3.5,2.025,48,0-2,oddsflow_handicap_sniper,APIFOOTBALL,50,WON,51.25
2026-10-02,CONCACAF Nations League,Cayman Islands,Puerto Rico,,OU,UNDER,3.5,2.025,48,0-2,oddsflow_active_trader,APIFOOTBALL,50,WON,51.25
2026-10-02,Brasileirão Série B,Novorizontino,Goias,,AH,AWAY,-0.25,2.075,55,1-0,oddsflow_beta,APIFOOTBALL,50,LOST,-50
2026-10-02,Brasileirão Série B,Novorizontino,Goias,,AH,AWAY,-0.25,2.14,55,1-0,oddsflow_beta,NOVA88,23,LOST,-23
2026-10-02,Brasileirão Série B,Novorizontino,Goias,,AH,AWAY,-0.25,2.075,55,1-0,oddsflow_handicap_sniper,APIFOOTBALL,50,LOST,-50
2026-10-02,Brasileirão Série B,Novorizontino,Goias,,AH,AWAY,-0.25,2.14,55,1-0,oddsflow_handicap_sniper,NOVA88,22,LOST,-22
2026-10-02,Brasileirão Série B,Novorizontino,Goias,,AH,AWAY,-0.25,2.075,55,1-0,oddsflow_active_trader,APIFOOTBALL,50,LOST,-50
2026-10-02,Brasileirão Série B,Novorizontino,Goias,,AH,AWAY,-0.25,2.14,55,1-0,oddsflow_active_trader,NOVA88,22,LOST,-22
2026-10-02,Brasileirão Série B,Novorizontino,Goias,,AH,AWAY,-0.25,2.075,55,1-0,oddsflow_core_strategy,APIFOOTBALL,50,LOST,-50
2026-10-02,Brasileirão Série B,Novorizontino,Goias,,AH,AWAY,-0.25,2.12,55,1-0,oddsflow_core_strategy,NOVA88,23,LOST,-23
2026-10-02,Brasileirão Série B,Novorizontino,Goias,,OU,OVER,2,2,59,1-0,oddsflow_core_strategy,APIFOOTBALL,500,WON,500
2026-10-02,CONCACAF Nations League,Cayman Islands,Puerto Rico,,AH,HOME,0.75,1.75,65,0-2,oddsflow_handicap_sniper,APIFOOTBALL,50,HALF_LOST,-25
2026-10-02,CONCACAF Nations League,Cayman Islands,Puerto Rico,,AH,HOME,0.75,1.76,65,0-2,oddsflow_handicap_sniper,NOVA88,43,HALF_LOST,-21.5
2026-10-02,CONCACAF Nations League,Cayman Islands,Puerto Rico,,AH,HOME,0.75,1.75,65,0-2,oddsflow_active_trader,APIFOOTBALL,50,HALF_LOST,-25
2026-10-02,CONCACAF Nations League,Cayman Islands,Puerto Rico,,AH,HOME,0.75,1.76,65,0-2,oddsflow_active_trader,NOVA88,43,HALF_LOST,-21.5
2026-10-02,CONCACAF Nations League,Cayman Islands,Puerto Rico,,AH,HOME,0.75,1.75,65,0-2,oddsflow_core_strategy,APIFOOTBALL,50,HALF_LOST,-25
2026-10-02,CONCACAF Nations League,Cayman Islands,Puerto Rico,,AH,HOME,0.5,2.05,65,0-2,oddsflow_handicap_sniper,APIFOOTBALL,50,LOST,-50
2026-10-02,CONCACAF Nations League,Cayman Islands,Puerto Rico,,AH,HOME,0.5,2.05,65,0-2,oddsflow_core_strategy,APIFOOTBALL,50,LOST,-50
2026-10-02,CONCACAF Nations League,Cayman Islands,Puerto Rico,,AH,HOME,0.5,2.05,65,0-2,oddsflow_active_trader,APIFOOTBALL,50,LOST,-50
2026-10-02,CONCACAF Nations League,Dominican Republic,Haiti,,OU,OVER,4,2.025,64,1-2,oddsflow_core_strategy,APIFOOTBALL,50,WON,51.25
2026-10-02,CONCACAF Nations League,Cayman Islands,Puerto Rico,,AH,HOME,0.25,2.2,76,0-2,oddsflow_handicap_sniper,APIFOOTBALL,50,LOST,-50
2026-10-02,CONCACAF Nations League,Cayman Islands,Puerto Rico,,AH,HOME,0.25,2.2,76,0-2,oddsflow_handicap_sniper,NOVA88,47,LOST,-47
2026-10-02,CONCACAF Nations League,Cayman Islands,Puerto Rico,,AH,HOME,0.25,2.2,76,0-2,oddsflow_core_strategy,APIFOOTBALL,35,LOST,-35
2026-10-02,CONCACAF Nations League,Cayman Islands,Puerto Rico,,AH,HOME,0.25,2.19,76,0-2,oddsflow_core_strategy,NOVA88,46,LOST,-46
2026-10-02,CONCACAF Nations League,Cayman Islands,Puerto Rico,,AH,HOME,0.25,2.2,76,0-2,oddsflow_active_trader,APIFOOTBALL,50,LOST,-50
2026-10-02,CONCACAF Nations League,Cayman Islands,Puerto Rico,,AH,HOME,0.25,2.16,76,0-2,oddsflow_active_trader,NOVA88,45,LOST,-45
2026-10-02,CONCACAF Nations League,Dominican Republic,Haiti,,AH,HOME,0,1.975,71,1-3,oddsflow_beta,APIFOOTBALL,50,LOST,-50
2026-10-02,CONCACAF Nations League,Dominican Republic,Haiti,,AH,HOME,0,2.08,71,1-3,oddsflow_beta,NOVA88,17,LOST,-17
2026-10-02,Major League Soccer,Seattle Sounders,Sporting Kansas City,,AH,HOME,-0.75,1.875,10,0-0,oddsflow_core_strategy,APIFOOTBALL,50,HALF_WON,21.88
2026-10-02,Major League Soccer,Seattle Sounders,Sporting Kansas City,,AH,HOME,-0.75,1.88,10,0-0,oddsflow_core_strategy,NOVA88,19,HALF_WON,8.36
2026-10-02,Major League Soccer,Seattle Sounders,Sporting Kansas City,,AH,HOME,-1,2,18,0-0,oddsflow_core_strategy,APIFOOTBALL,50,VOID,0
2026-10-02,Major League Soccer,Seattle Sounders,Sporting Kansas City,,AH,HOME,-1,2.08,18,0-0,oddsflow_core_strategy,NOVA88,15,VOID,0
2026-10-02,Major League Soccer,Seattle Sounders,Sporting Kansas City,,AH,HOME,-0.5,1.8,31,0-0,oddsflow_core_strategy,APIFOOTBALL,50,WON,40
2026-10-02,Major League Soccer,Seattle Sounders,Sporting Kansas City,,AH,HOME,-0.5,1.86,31,0-0,oddsflow_core_strategy,NOVA88,16,WON,13.76
2026-10-02,CONCACAF Nations League,Nicaragua,Costa Rica,,AH,HOME,1.25,2,15,0-0,oddsflow_core_strategy,APIFOOTBALL,50,LOST,-50
2026-10-02,CONCACAF Nations League,Nicaragua,Costa Rica,,AH,HOME,1.25,2.02,15,0-0,oddsflow_core_strategy,NOVA88,40,LOST,-40
2026-10-02,Major League Soccer,Seattle Sounders,Sporting Kansas City,,AH,HOME,-0.5,1.825,35,0-0,oddsflow_handicap_sniper,APIFOOTBALL,50,WON,41.25
2026-10-02,Major League Soccer,Seattle Sounders,Sporting Kansas City,,AH,HOME,-0.5,1.88,35,0-0,oddsflow_handicap_sniper,NOVA88,16,WON,14.08
2026-10-02,Major League Soccer,Seattle Sounders,Sporting Kansas City,,AH,HOME,-0.5,1.825,35,0-0,oddsflow_active_trader,APIFOOTBALL,50,WON,41.25
2026-10-02,Major League Soccer,Seattle Sounders,Sporting Kansas City,,AH,HOME,-0.5,1.88,35,0-0,oddsflow_active_trader,NOVA88,15,WON,13.2
2026-10-02,Major League Soccer,Seattle Sounders,Sporting Kansas City,,1X2,HOME,0,1.833,37,0-0,oddsflow_handicap_sniper,APIFOOTBALL,50,WON,41.65
2026-10-02,Major League Soccer,Seattle Sounders,Sporting Kansas City,,1X2,HOME,0,1.833,37,0-0,oddsflow_active_trader,APIFOOTBALL,50,WON,41.65
2026-10-02,CONCACAF Nations League,Nicaragua,Costa Rica,,AH,HOME,1,1.95,20,0-0,oddsflow_core_strategy,APIFOOTBALL,50,LOST,-50
2026-10-02,CONCACAF Nations League,Nicaragua,Costa Rica,,AH,HOME,1,1.91,20,0-0,oddsflow_core_strategy,NOVA88,17,LOST,-17
2026-10-02,CONCACAF Nations League,Nicaragua,Costa Rica,,AH,HOME,0.75,2.025,22,0-0,oddsflow_core_strategy,APIFOOTBALL,50,LOST,-50
2026-10-02,Major League Soccer,Seattle Sounders,Sporting Kansas City,,AH,HOME,-0.75,2,45,0-1,oddsflow_handicap_sniper,APIFOOTBALL,50,WON,50
2026-10-02,Major League Soccer,Seattle Sounders,Sporting Kansas City,,AH,HOME,-0.75,2,45,0-1,oddsflow_active_trader,APIFOOTBALL,50,WON,50
2026-10-02,Major League Soccer,Seattle Sounders,Sporting Kansas City,,AH,HOME,-0.75,2.11,45,0-1,oddsflow_handicap_sniper,NOVA88,20,WON,22.2
2026-10-02,Major League Soccer,Seattle Sounders,Sporting Kansas City,,AH,HOME,-0.75,2.11,45,0-1,oddsflow_active_trader,NOVA88,19,WON,21.09
2026-10-02,Major League Soccer,Seattle Sounders,Sporting Kansas City,,AH,HOME,-1,2.6,45,0-1,oddsflow_handicap_sniper,APIFOOTBALL,50,WON,80
2026-10-02,Major League Soccer,Seattle Sounders,Sporting Kansas City,,AH,HOME,-1,2.6,45,0-1,oddsflow_active_trader,APIFOOTBALL,50,WON,80
2026-10-02,Major League Soccer,Seattle Sounders,Sporting Kansas City,,OU,UNDER,3.5,2.025,54,1-1,oddsflow_handicap_sniper,APIFOOTBALL,50,WON,51.25
2026-10-02,Major League Soccer,Seattle Sounders,Sporting Kansas City,,OU,UNDER,3.5,2.025,54,1-1,oddsflow_active_trader,APIFOOTBALL,50,WON,51.25
2026-10-02,Major League Soccer,Seattle Sounders,Sporting Kansas City,,1X2,DRAW,0,2.75,58,1-1,oddsflow_handicap_sniper,APIFOOTBALL,50,LOST,-50
2026-10-02,Major League Soccer,Seattle Sounders,Sporting Kansas City,,AH,AWAY,-0.5,1.85,59,1-1,oddsflow_core_strategy,APIFOOTBALL,50,LOST,-50
2026-10-02,Major League Soccer,Seattle Sounders,Sporting Kansas City,,AH,AWAY,-0.5,1.89,59,1-1,oddsflow_core_strategy,NOVA88,15,LOST,-15
2026-10-02,Major League Soccer,Seattle Sounders,Sporting Kansas City,,AH,AWAY,-0.5,1.85,60,1-1,oddsflow_handicap_sniper,APIFOOTBALL,50,LOST,-50
2026-10-02,Major League Soccer,Seattle Sounders,Sporting Kansas City,,AH,AWAY,-0.5,1.85,60,1-1,oddsflow_active_trader,APIFOOTBALL,50,LOST,-50
2026-10-02,Major League Soccer,Seattle Sounders,Sporting Kansas City,,AH,AWAY,-0.5,1.89,60,1-1,oddsflow_handicap_sniper,NOVA88,15,LOST,-15
2026-10-02,Major League Soccer,Seattle Sounders,Sporting Kansas City,,AH,AWAY,-0.5,1.89,60,1-1,oddsflow_active_trader,NOVA88,15,LOST,-15
2026-10-02,Major League Soccer,Seattle Sounders,Sporting Kansas City,,1X2,DRAW,0,2.5,64,1-1,oddsflow_active_trader,APIFOOTBALL,50,LOST,-50
2026-10-02,Major League Soccer,Seattle Sounders,Sporting Kansas City,,AH,AWAY,-0.25,2.075,67,1-1,oddsflow_core_strategy,APIFOOTBALL,50,LOST,-50
2026-10-02,Major League Soccer,Seattle Sounders,Sporting Kansas City,,AH,AWAY,-0.25,2.075,68,1-1,oddsflow_active_trader,APIFOOTBALL,50,LOST,-50
2026-10-02,Major League Soccer,Seattle Sounders,Sporting Kansas City,,AH,AWAY,-0.25,2.025,70,1-1,oddsflow_handicap_sniper,APIFOOTBALL,50,LOST,-50
2026-10-02,Major League Soccer,Seattle Sounders,Sporting Kansas City,,AH,AWAY,-0.25,2.06,70,1-1,oddsflow_handicap_sniper,NOVA88,15,LOST,-15
2026-10-02,Club Friendlies,Petrolul Ploiesti,CS Afumati,,AH,AWAY,-1,1.875,31,0-0,oddsflow_core_strategy,APIFOOTBALL,50,VOID,0
2026-10-02,Club Friendlies,Petrolul Ploiesti,CS Afumati,,AH,AWAY,-0.75,2.05,34,0-0,oddsflow_core_strategy,APIFOOTBALL,50,HALF_LOST,-25
2026-10-02,Club Friendlies,Lokomotiv Plovdiv,Arda Kardzhali,,AH,AWAY,0.25,2.15,48,1-0,oddsflow_active_trader,APIFOOTBALL,50,LOST,-50
2026-10-02,Club Friendlies,Lokomotiv Plovdiv,Arda Kardzhali,,AH,AWAY,0.25,2.19,48,1-0,oddsflow_active_trader,NOVA88,16,LOST,-16
2026-10-02,Club Friendlies,Lokomotiv Plovdiv,Arda Kardzhali,,AH,AWAY,0.25,2.15,48,1-0,oddsflow_handicap_sniper,APIFOOTBALL,50,LOST,-50
2026-10-02,Club Friendlies,Lokomotiv Plovdiv,Arda Kardzhali,,AH,AWAY,0.25,2.19,48,1-0,oddsflow_handicap_sniper,NOVA88,16,LOST,-16
2026-10-02,Club Friendlies,Lokomotiv Plovdiv,Arda Kardzhali,,AH,AWAY,0.25,2.15,48,1-0,oddsflow_core_strategy,APIFOOTBALL,50,LOST,-50
2026-10-02,Club Friendlies,Lokomotiv Plovdiv,Arda Kardzhali,,AH,AWAY,0.25,2.19,48,1-0,oddsflow_core_strategy,NOVA88,16,LOST,-16
2026-10-02,Club Friendlies,Petrolul Ploiesti,CS Afumati,,AH,AWAY,-0.75,2.05,35,0-0,oddsflow_active_trader,APIFOOTBALL,50,HALF_LOST,-25
2026-10-02,Club Friendlies,Petrolul Ploiesti,CS Afumati,,AH,AWAY,-0.75,2.05,35,0-0,oddsflow_handicap_sniper,APIFOOTBALL,50,HALF_LOST,-25
2026-10-02,Club Friendlies,Petrolul Ploiesti,CS Afumati,,AH,AWAY,-1,1.75,35,0-0,oddsflow_active_trader,APIFOOTBALL,50,VOID,0
2026-10-02,Club Friendlies,Petrolul Ploiesti,CS Afumati,,AH,AWAY,-1,1.75,35,0-0,oddsflow_handicap_sniper,APIFOOTBALL,50,VOID,0
2026-10-02,Club Friendlies,Lokomotiv Plovdiv,Arda Kardzhali,,AH,AWAY,0,1.7,51,1-0,oddsflow_active_trader,APIFOOTBALL,50,LOST,-50
2026-10-02,Club Friendlies,Lokomotiv Plovdiv,Arda Kardzhali,,AH,AWAY,0,1.7,51,1-0,oddsflow_core_strategy,APIFOOTBALL,50,LOST,-50
2026-10-02,Club Friendlies,Lokomotiv Plovdiv,Arda Kardzhali,,AH,AWAY,0,1.7,51,1-0,oddsflow_handicap_sniper,APIFOOTBALL,50,LOST,-50
2026-10-02,Club Friendlies,Zlin,Prostějov,,AH,AWAY,-1.25,1.875,13,0-0,oddsflow_core_strategy,APIFOOTBALL,50,WON,43.75
2026-10-02,Club Friendlies,Pardubice,Viktoria Žižkov,,AH,AWAY,-1.25,1.95,13,1-0,oddsflow_core_strategy,APIFOOTBALL,50,LOST,-50
2026-10-02,Club Friendlies,Gornik Zabrze,Odra Opole,,AH,HOME,-1.25,1.8,10,0-2,oddsflow_core_strategy,APIFOOTBALL,50,LOST,-50
2026-10-02,Club Friendlies,Pardubice,Viktoria Žižkov,,AH,AWAY,-1.25,2,13,1-0,oddsflow_core_strategy,NOVA88,50,LOST,-50
2026-10-02,Club Friendlies,Petrolul Ploiesti,CS Afumati,,1X2,AWAY,0,2.5,43,0-1,oddsflow_handicap_sniper,APIFOOTBALL,50,LOST,-50
2026-10-02,Club Friendlies,Lokomotiv Plovdiv,Arda Kardzhali,,OU,OVER,2,2.05,57,1-0,oddsflow_core_strategy,APIFOOTBALL,50,VOID,0
2026-10-02,Club Friendlies,Admira Wacker,Austria Vienna,,AH,HOME,1.25,2,19,0-1,oddsflow_core_strategy,APIFOOTBALL,50,LOST,-50
2026-10-02,Club Friendlies,Zlin,Prostějov,,AH,AWAY,-1,2.025,19,0-0,oddsflow_core_strategy,APIFOOTBALL,50,WON,51.25
2026-10-02,Club Friendlies,Pardubice,Viktoria Žižkov,,AH,AWAY,-1,2.025,25,1-0,oddsflow_core_strategy,APIFOOTBALL,50,LOST,-50
2026-10-02,Club Friendlies,Lokomotiv Plovdiv,Arda Kardzhali,,AH,HOME,0,2.25,68,2-0,oddsflow_core_strategy,APIFOOTBALL,50,VOID,0
2026-10-02,Club Friendlies,Lokomotiv Plovdiv,Arda Kardzhali,,AH,HOME,0,2.25,68,2-0,oddsflow_active_trader,APIFOOTBALL,50,VOID,0
2026-10-02,Club Friendlies,Lokomotiv Plovdiv,Arda Kardzhali,,AH,HOME,0,2.25,70,2-0,oddsflow_handicap_sniper,APIFOOTBALL,50,VOID,0
2026-10-02,Club Friendlies,Petrolul Ploiesti,CS Afumati,,1X2,AWAY,0,2.375,46,0-1,oddsflow_active_trader,APIFOOTBALL,50,LOST,-50
2026-10-02,Club Friendlies,Gornik Zabrze,Odra Opole,,AH,HOME,-1,1.775,26,0-2,oddsflow_core_strategy,APIFOOTBALL,50,LOST,-50
2026-10-02,Club Friendlies,Gornik Zabrze,Odra Opole,,AH,HOME,-1,1.85,26,0-2,oddsflow_core_strategy,NOVA88,41,LOST,-41
2026-10-02,Club Friendlies,Admira Wacker,Austria Vienna,,AH,HOME,1,2.025,30,0-2,oddsflow_core_strategy,APIFOOTBALL,50,LOST,-50
2026-10-02,Club Friendlies,Admira Wacker,Austria Vienna,,AH,HOME,1,2.02,30,0-2,oddsflow_core_strategy,NOVA88,50,LOST,-50
2026-10-02,Club Friendlies,Petrolul Ploiesti,CS Afumati,,OU,UNDER,2.5,2.025,51,0-1,oddsflow_active_trader,APIFOOTBALL,50,LOST,-50
2026-10-02,Club Friendlies,Petrolul Ploiesti,CS Afumati,,OU,UNDER,2.5,2.025,51,0-1,oddsflow_handicap_sniper,APIFOOTBALL,50,LOST,-50
2026-10-02,Club Friendlies,Admira Wacker,Austria Vienna,,AH,HOME,1,1.975,35,0-2,oddsflow_handicap_sniper,APIFOOTBALL,50,LOST,-50
2026-10-02,Club Friendlies,Admira Wacker,Austria Vienna,,AH,HOME,1,2.01,35,0-2,oddsflow_handicap_sniper,NOVA88,50,LOST,-50
2026-10-02,Club Friendlies,Admira Wacker,Austria Vienna,,AH,HOME,1,1.975,35,0-2,oddsflow_active_trader,APIFOOTBALL,50,LOST,-50
2026-10-02,Club Friendlies,Pardubice,Viktoria Žižkov,,AH,AWAY,-1,1.88,35,2-0,oddsflow_active_trader,NOVA88,50,VOID,0
2026-10-02,Club Friendlies,Pardubice,Viktoria Žižkov,,AH,AWAY,-1,1.88,35,2-0,oddsflow_handicap_sniper,NOVA88,50,VOID,0
2026-10-02,Club Friendlies,Admira Wacker,Austria Vienna,,AH,HOME,1,2.01,35,0-2,oddsflow_active_trader,NOVA88,50,LOST,-50
2026-10-02,Club Friendlies,Pardubice,Viktoria Žižkov,,AH,AWAY,-0.75,2.025,35,2-0,oddsflow_core_strategy,APIFOOTBALL,50,HALF_LOST,-25
2026-10-02,Club Friendlies,Pardubice,Viktoria Žižkov,,AH,AWAY,-0.75,2.025,35,2-0,oddsflow_handicap_sniper,APIFOOTBALL,50,HALF_LOST,-25
2026-10-02,Club Friendlies,Pardubice,Viktoria Žižkov,,AH,AWAY,-0.75,2.025,35,2-0,oddsflow_active_trader,APIFOOTBALL,50,HALF_LOST,-25
2026-10-02,Club Friendlies,Pardubice,Viktoria Žižkov,,AH,AWAY,-1,1.8,36,2-0,oddsflow_handicap_sniper,APIFOOTBALL,50,VOID,0
2026-10-02,Club Friendlies,Pardubice,Viktoria Žižkov,,AH,AWAY,-1,1.8,36,2-0,oddsflow_active_trader,APIFOOTBALL,50,VOID,0
2026-10-02,Club Friendlies,Gornik Zabrze,Odra Opole,,AH,HOME,-1,1.9,35,0-2,oddsflow_handicap_sniper,APIFOOTBALL,50,LOST,-50
2026-10-02,Club Friendlies,Gornik Zabrze,Odra Opole,,AH,HOME,-1,1.9,35,0-2,oddsflow_active_trader,APIFOOTBALL,50,LOST,-50
2026-10-02,Club Friendlies,Petrolul Ploiesti,CS Afumati,,AH,AWAY,-0.5,1.95,59,0-1,oddsflow_handicap_sniper,APIFOOTBALL,50,LOST,-50
2026-10-02,Club Friendlies,Gornik Zabrze,Odra Opole,,AH,HOME,-1.25,2.3,39,0-2,oddsflow_handicap_sniper,APIFOOTBALL,50,LOST,-50
2026-10-02,Club Friendlies,Gornik Zabrze,Odra Opole,,AH,HOME,-1.25,2.3,39,0-2,oddsflow_active_trader,APIFOOTBALL,50,LOST,-50
2026-10-02,Club Friendlies,Petrolul Ploiesti,CS Afumati,,AH,AWAY,-0.5,1.925,60,0-1,oddsflow_active_trader,APIFOOTBALL,50,LOST,-50
2026-10-02,FIFA Asean Cup,Vietnam,Pakistan,,AH,HOME,-1.25,1.825,42,0-1,oddsflow_core_strategy,APIFOOTBALL,50,WON,41.25
2026-10-02,Club Friendlies,Petrolul Ploiesti,CS Afumati,,AH,AWAY,-0.5,1.925,60,0-1,oddsflow_core_strategy,APIFOOTBALL,50,LOST,-50
2026-10-02,FIFA Asean Cup,Vietnam,Pakistan,,AH,HOME,-1.25,1.89,42,0-1,oddsflow_core_strategy,NOVA88,15,WON,13.35
2026-10-02,FIFA Asean Cup,Vietnam,Pakistan,,AH,HOME,-1.25,1.9,44,0-1,oddsflow_active_trader,APIFOOTBALL,50,WON,45
2026-10-02,FIFA Asean Cup,Vietnam,Pakistan,,AH,HOME,-1.25,1.93,44,0-1,oddsflow_active_trader,NOVA88,15,WON,13.95
2026-10-02,Club Friendlies,Petrolul Ploiesti,CS Afumati,,AH,AWAY,-1.25,2.025,62,0-1,oddsflow_handicap_sniper,APIFOOTBALL,50,LOST,-50
2026-10-02,Club Friendlies,Petrolul Ploiesti,CS Afumati,,AH,AWAY,-1.25,2.025,62,0-1,oddsflow_core_strategy,APIFOOTBALL,50,LOST,-50
2026-10-02,Club Friendlies,Petrolul Ploiesti,CS Afumati,,AH,AWAY,-1.25,2.025,62,0-1,oddsflow_active_trader,APIFOOTBALL,50,LOST,-50
2026-10-02,Club Friendlies,Gornik Zabrze,Odra Opole,,AH,HOME,-0.75,1.88,42,0-2,oddsflow_active_trader,NOVA88,37,LOST,-37
2026-10-02,Club Friendlies,Gornik Zabrze,Odra Opole,,AH,HOME,-0.75,1.88,42,0-2,oddsflow_handicap_sniper,NOVA88,37,LOST,-37
2026-10-02,FIFA Asean Cup,Vietnam,Pakistan,,AH,HOME,-1.25,1.975,45,0-1,oddsflow_handicap_sniper,APIFOOTBALL,50,WON,48.75
2026-10-02,FIFA Asean Cup,Vietnam,Pakistan,,AH,HOME,-1.25,2,45,0-1,oddsflow_handicap_sniper,NOVA88,15,WON,15
2026-10-02,Club Friendlies,FC Lugano,Hellas Verona,,AH,AWAY,0.25,2.35,18,0-0,oddsflow_core_strategy,APIFOOTBALL,50,WON,67.5
2026-10-02,Club Friendlies,Petrolul Ploiesti,CS Afumati,,1X2,DRAW,0,2.3,64,1-1,oddsflow_active_trader,APIFOOTBALL,50,LOST,-50
2026-10-02,Club Friendlies,Petrolul Ploiesti,CS Afumati,,1X2,DRAW,0,2.3,64,1-1,oddsflow_handicap_sniper,APIFOOTBALL,50,LOST,-50
2026-10-02,Club Friendlies,Gornik Zabrze,Odra Opole,,AH,HOME,-0.75,1.75,44,0-2,oddsflow_active_trader,APIFOOTBALL,50,LOST,-50
2026-10-02,Club Friendlies,Gornik Zabrze,Odra Opole,,AH,HOME,-0.75,1.75,44,0-2,oddsflow_core_strategy,APIFOOTBALL,50,LOST,-50
2026-10-02,Club Friendlies,Gornik Zabrze,Odra Opole,,AH,HOME,-0.75,1.75,45,0-2,oddsflow_handicap_sniper,APIFOOTBALL,50,LOST,-50
2026-10-02,Club Friendlies,Petrolul Ploiesti,CS Afumati,,AH,AWAY,-0.25,2.1,66,1-1,oddsflow_active_trader,APIFOOTBALL,50,LOST,-50
2026-10-02,FIFA Asean Cup,Vietnam,Pakistan,,OU,OVER,2.5,1.75,45,0-1,oddsflow_active_trader,APIFOOTBALL,50,WON,37.5
2026-10-02,Club Friendlies,Petrolul Ploiesti,CS Afumati,,AH,AWAY,-0.25,2.1,66,1-1,oddsflow_handicap_sniper,APIFOOTBALL,50,LOST,-50
2026-10-02,FIFA Asean Cup,Vietnam,Pakistan,,OU,OVER,2.5,1.75,45,0-1,oddsflow_handicap_sniper,APIFOOTBALL,50,WON,37.5
2026-10-02,Club Friendlies,Petrolul Ploiesti,CS Afumati,,AH,AWAY,-0.25,2.1,66,1-1,oddsflow_core_strategy,APIFOOTBALL,50,LOST,-50
2026-10-02,Club Friendlies,Petrolul Ploiesti,CS Afumati,,OU,UNDER,3,1.85,66,1-1,oddsflow_core_strategy,APIFOOTBALL,50,LOST,-50
2026-10-02,Club Friendlies,Zlin,Prostějov,,OU,OVER,1.5,1.975,45,0-0,oddsflow_handicap_sniper,APIFOOTBALL,50,WON,48.75
2026-10-02,Club Friendlies,Zlin,Prostějov,,OU,OVER,1.5,1.975,45,0-0,oddsflow_active_trader,APIFOOTBALL,50,WON,48.75
2026-10-02,Club Friendlies,FC Lugano,Hellas Verona,,AH,HOME,0,1.8,22,0-1,oddsflow_core_strategy,APIFOOTBALL,50,LOST,-50
2026-10-02,FIFA Asean Cup,Thailand,Philippines,,AH,HOME,-0.75,1.85,13,0-1,oddsflow_core_strategy,APIFOOTBALL,50,LOST,-50
2026-10-02,Club Friendlies,Sudtirol,Wacker Innsbruck,,AH,AWAY,-0.25,2.35,45,0-0,oddsflow_active_trader,APIFOOTBALL,50,WON,67.5
2026-10-02,Club Friendlies,Zlin,Prostějov,,AH,AWAY,-0.5,2,50,0-0,oddsflow_core_strategy,APIFOOTBALL,50,WON,50
2026-10-02,Club Friendlies,Petrolul Ploiesti,CS Afumati,,AH,AWAY,0,2.425,81,3-2,oddsflow_core_strategy,APIFOOTBALL,35,VOID,0
2026-10-02,FIFA Asean Cup,Thailand,Philippines,,AH,HOME,-0.5,1.85,28,0-1,oddsflow_core_strategy,APIFOOTBALL,50,LOST,-50
2026-10-02,Club Friendlies,1. FC Nürnberg,FC Ingolstadt 04,,AH,AWAY,-1,1.875,10,0-0,oddsflow_core_strategy,APIFOOTBALL,50,LOST,-50
2026-10-02,Club Friendlies,1. FC Nürnberg,FC Ingolstadt 04,,AH,AWAY,-1,1.92,10,0-0,oddsflow_core_strategy,NOVA88,22,LOST,-22
2026-10-02,Club Friendlies,Gornik Zabrze,Odra Opole,,AH,HOME,-0.5,1.75,57,0-2,oddsflow_core_strategy,APIFOOTBALL,50,LOST,-50
2026-10-02,Club Friendlies,Gornik Zabrze,Odra Opole,,AH,HOME,-0.5,1.75,57,0-2,oddsflow_active_trader,APIFOOTBALL,50,LOST,-50
2026-10-02,Club Friendlies,Gornik Zabrze,Odra Opole,,AH,HOME,-0.5,1.79,57,0-2,oddsflow_active_trader,NOVA88,15,LOST,-15
2026-10-02,FIFA Asean Cup,Vietnam,Pakistan,,AH,AWAY,-1.25,1.86,51,1-1,oddsflow_handicap_sniper,NOVA88,20,LOST,-20
2026-10-02,Club Friendlies,Wieczysta Kraków,Puszcza Niepołomice,,AH,AWAY,-1,1.925,10,0-0,oddsflow_core_strategy,APIFOOTBALL,50,VOID,0
2026-10-02,Club Friendlies,Wieczysta Kraków,Puszcza Niepołomice,,AH,AWAY,-1,1.95,10,0-0,oddsflow_core_strategy,NOVA88,15,VOID,0
2026-10-02,Club Friendlies,Aarhus,Vendsyssel FF,,AH,HOME,-0.5,1.85,10,0-0,oddsflow_core_strategy,APIFOOTBALL,50,WON,42.5
2026-10-02,Club Friendlies,Aarhus,Vendsyssel FF,,AH,HOME,-0.5,1.95,10,0-0,oddsflow_core_strategy,NOVA88,50,WON,47.5
2026-10-02,FIFA Asean Cup,Vietnam,Pakistan,,AH,AWAY,-1.25,1.77,52,1-1,oddsflow_active_trader,NOVA88,15,LOST,-15
2026-10-02,Club Friendlies,Gornik Zabrze,Odra Opole,,AH,HOME,-0.5,1.775,58,0-2,oddsflow_handicap_sniper,APIFOOTBALL,50,LOST,-50
2026-10-02,Club Friendlies,Gornik Zabrze,Odra Opole,,AH,HOME,-0.5,1.81,58,0-2,oddsflow_handicap_sniper,NOVA88,15,LOST,-15
2026-10-02,FIFA Asean Cup,Vietnam,Pakistan,,AH,AWAY,-1.25,1.75,52,1-1,oddsflow_active_trader,APIFOOTBALL,50,LOST,-50
2026-10-02,FIFA Asean Cup,Vietnam,Pakistan,,AH,AWAY,-1.25,1.75,52,1-1,oddsflow_core_strategy,APIFOOTBALL,50,LOST,-50
2026-10-02,FIFA Asean Cup,Vietnam,Pakistan,,AH,AWAY,-1.25,1.75,52,1-1,oddsflow_core_strategy,NOVA88,15,LOST,-15
2026-10-02,Club Friendlies,Zlin,Prostějov,,OU,OVER,0.75,1.7,59,0-0,oddsflow_handicap_sniper,APIFOOTBALL,50,WON,35
2026-10-02,FIFA Asean Cup,Vietnam,Pakistan,,AH,AWAY,-1.25,1.75,52,1-1,oddsflow_handicap_sniper,APIFOOTBALL,50,LOST,-50
2026-10-02,Club Friendlies,Zlin,Prostějov,,OU,OVER,0.75,1.7,59,0-0,oddsflow_active_trader,APIFOOTBALL,50,WON,35
2026-10-02,FIFA Asean Cup,Vietnam,Pakistan,,AH,AWAY,-1,2,53,1-1,oddsflow_handicap_sniper,APIFOOTBALL,50,LOST,-50
2026-10-02,FIFA Asean Cup,Vietnam,Pakistan,,AH,AWAY,-1,2.08,53,1-1,oddsflow_handicap_sniper,NOVA88,15,LOST,-15
2026-10-02,Club Friendlies,1. FC Nürnberg,FC Ingolstadt 04,,AH,AWAY,-0.75,1.975,11,0-0,oddsflow_core_strategy,APIFOOTBALL,50,LOST,-50
2026-10-02,Club Friendlies,Aarhus,Vendsyssel FF,,AH,HOME,-0.75,2.1,11,0-0,oddsflow_core_strategy,APIFOOTBALL,50,HALF_WON,27.5
2026-10-02,FIFA Asean Cup,Vietnam,Pakistan,,AH,AWAY,-1,2,53,1-1,oddsflow_core_strategy,APIFOOTBALL,50,LOST,-50
2026-10-02,FIFA Asean Cup,Vietnam,Pakistan,,AH,AWAY,-1,2.08,53,1-1,oddsflow_core_strategy,NOVA88,18,LOST,-18
2026-10-02,FIFA Asean Cup,Vietnam,Pakistan,,AH,AWAY,-1,2,53,1-1,oddsflow_active_trader,APIFOOTBALL,50,LOST,-50
2026-10-02,FIFA Asean Cup,Vietnam,Pakistan,,AH,AWAY,-1,2.08,53,1-1,oddsflow_active_trader,NOVA88,18,LOST,-18
2026-10-02,Club Friendlies,FC Lugano,Hellas Verona,,AH,HOME,0,1.825,43,0-2,oddsflow_active_trader,APIFOOTBALL,50,VOID,0
2026-10-02,Club Friendlies,FC Lugano,Hellas Verona,,AH,HOME,0,1.825,43,0-2,oddsflow_handicap_sniper,APIFOOTBALL,50,VOID,0
2026-10-02,J3 League,Biwako Shiga,Roasso Kumamoto,,AH,HOME,0,2.3,11,0-0,oddsflow_core_strategy,APIFOOTBALL,50,VOID,0
2026-10-02,Club Friendlies,FC Lugano,Hellas Verona,,AH,HOME,-0.25,2.3,45,0-2,oddsflow_handicap_sniper,APIFOOTBALL,50,HALF_LOST,-25
2026-10-02,Club Friendlies,FC Lugano,Hellas Verona,,AH,HOME,-0.25,2.3,45,0-2,oddsflow_active_trader,APIFOOTBALL,50,HALF_LOST,-25
2026-10-02,Club Friendlies,FC Lugano,Hellas Verona,,AH,HOME,-0.25,2.3,45,0-2,oddsflow_core_strategy,APIFOOTBALL,50,HALF_LOST,-25
2026-10-02,Friendlies,Wales U19,Norway U19,,AH,HOME,1,1.825,13,0-0,oddsflow_core_strategy,APIFOOTBALL,50,LOST,-50
2026-10-02,Club Friendlies,Wieczysta Kraków,Puszcza Niepołomice,,AH,HOME,-0.25,2,16,0-0,oddsflow_core_strategy,APIFOOTBALL,50,WON,50
2026-10-02,FIFA Asean Cup,Vietnam,Pakistan,,AH,AWAY,-0.75,2.05,58,2-1,oddsflow_active_trader,APIFOOTBALL,50,HALF_LOST,-25
2026-10-02,FIFA Asean Cup,Vietnam,Pakistan,,AH,AWAY,-0.75,2.02,58,2-1,oddsflow_active_trader,NOVA88,24,HALF_LOST,-12
2026-10-02,FIFA Asean Cup,Vietnam,Pakistan,,AH,AWAY,-0.75,2.05,58,2-1,oddsflow_handicap_sniper,APIFOOTBALL,50,HALF_LOST,-25
2026-10-02,FIFA Asean Cup,Vietnam,Pakistan,,AH,AWAY,-0.75,2.02,58,2-1,oddsflow_handicap_sniper,NOVA88,26,HALF_LOST,-13
2026-10-02,FIFA Asean Cup,Vietnam,Pakistan,,AH,AWAY,-0.75,2.05,58,2-1,oddsflow_core_strategy,APIFOOTBALL,50,HALF_LOST,-25
2026-10-02,J3 League,Biwako Shiga,Roasso Kumamoto,,AH,HOME,0.25,1.95,14,0-0,oddsflow_core_strategy,APIFOOTBALL,50,HALF_WON,23.75
2026-10-02,FIFA Asean Cup,Vietnam,Pakistan,,AH,AWAY,-0.75,2.02,58,2-1,oddsflow_core_strategy,NOVA88,25,HALF_LOST,-12.5
2026-10-02,J3 League,Biwako Shiga,Roasso Kumamoto,,AH,HOME,0.25,1.98,14,0-0,oddsflow_core_strategy,NOVA88,15,HALF_WON,7.35
2026-10-02,Club Friendlies,Sparta Prague,Vysočina Jihlava,,AH,AWAY,-1.25,2.375,17,0-0,oddsflow_core_strategy,APIFOOTBALL,50,LOST,-50
2026-10-02,Club Friendlies,Zlin,Prostějov,,AH,AWAY,-0.25,2,69,1-1,oddsflow_active_trader,APIFOOTBALL,50,WON,50
2026-10-02,Club Friendlies,Zlin,Prostějov,,AH,AWAY,-0.25,2,69,1-1,oddsflow_core_strategy,APIFOOTBALL,50,WON,50
2026-10-02,Club Friendlies,Zlin,Prostějov,,OU,OVER,2.75,2.05,69,1-1,oddsflow_core_strategy,APIFOOTBALL,50,HALF_WON,26.25
2026-10-02,Club Friendlies,Zlin,Prostějov,,OU,OVER,2.5,1.75,70,1-1,oddsflow_handicap_sniper,APIFOOTBALL,50,WON,37.5
2026-10-02,Club Friendlies,Zlin,Prostějov,,OU,OVER,2.5,1.75,70,1-1,oddsflow_active_trader,APIFOOTBALL,50,WON,37.5
2026-10-02,Club Friendlies,Zlin,Prostějov,,1X2,DRAW,0,1.833,71,1-1,oddsflow_handicap_sniper,APIFOOTBALL,50,LOST,-50
2026-10-02,Club Friendlies,Wieczysta Kraków,Puszcza Niepołomice,,AH,AWAY,-1.25,1.85,22,2-1,oddsflow_core_strategy,APIFOOTBALL,50,WON,42.5
2026-10-02,Club Friendlies,Wisla Plock,Unia Skierniewice,,AH,HOME,-0.5,1.85,10,0-0,oddsflow_core_strategy,APIFOOTBALL,50,WON,42.5
2026-10-02,Club Friendlies,Wisla Plock,Unia Skierniewice,,AH,HOME,-0.5,1.96,10,0-0,oddsflow_core_strategy,NOVA88,16,WON,15.36
2026-10-02,FIFA Asean Cup,Vietnam,Pakistan,,OU,UNDER,4,2.05,65,2-1,oddsflow_core_strategy,APIFOOTBALL,50,LOST,-50
2026-10-02,Club Friendlies,Zlin,Prostějov,,AH,AWAY,-0.25,1.925,72,1-1,oddsflow_handicap_sniper,APIFOOTBALL,50,WON,46.25
2026-10-02,Club Friendlies,Zlin,Prostějov,,1X2,DRAW,0,1.8,72,1-1,oddsflow_active_trader,APIFOOTBALL,50,LOST,-50
2026-10-02,Club Friendlies,Gornik Zabrze,Odra Opole,,AH,AWAY,-0.25,2.075,71,0-2,oddsflow_core_strategy,APIFOOTBALL,50,HALF_WON,26.88
2026-10-02,FIFA Asean Cup,Thailand,Philippines,,1X2,AWAY,0,1.8,44,0-1,oddsflow_active_trader,APIFOOTBALL,50,WON,40
2026-10-02,Club Friendlies,Gornik Zabrze,Odra Opole,,AH,AWAY,-0.25,2.075,72,0-2,oddsflow_active_trader,APIFOOTBALL,50,HALF_WON,26.88
2026-10-02,FIFA Asean Cup,Vietnam,Pakistan,,AH,AWAY,-0.5,2.025,66,2-1,oddsflow_handicap_sniper,APIFOOTBALL,50,LOST,-50
2026-10-02,FIFA Asean Cup,Vietnam,Pakistan,,AH,AWAY,-0.5,2.04,66,2-1,oddsflow_handicap_sniper,NOVA88,34,LOST,-34
2026-10-02,FIFA Asean Cup,Vietnam,Pakistan,,AH,AWAY,-0.5,2.025,66,2-1,oddsflow_active_trader,APIFOOTBALL,50,LOST,-50
2026-10-02,FIFA Asean Cup,Vietnam,Pakistan,,AH,AWAY,-0.5,2.025,66,2-1,oddsflow_core_strategy,APIFOOTBALL,50,LOST,-50
2026-10-02,J3 League,Biwako Shiga,Roasso Kumamoto,,AH,HOME,0.5,1.75,22,0-0,oddsflow_core_strategy,APIFOOTBALL,50,WON,37.5
2026-10-02,FIFA Asean Cup,Vietnam,Pakistan,,AH,AWAY,-0.5,2.04,66,2-1,oddsflow_active_trader,NOVA88,31,LOST,-31
2026-10-02,FIFA Asean Cup,Vietnam,Pakistan,,AH,AWAY,-0.5,2.04,66,2-1,oddsflow_core_strategy,NOVA88,30,LOST,-30
2026-10-02,Club Friendlies,Zlin,Prostějov,,OU,OVER,3.5,1.9,74,1-2,oddsflow_active_trader,APIFOOTBALL,50,LOST,-50
2026-10-02,Club Friendlies,Zlin,Prostějov,,OU,OVER,3.5,1.9,74,1-2,oddsflow_handicap_sniper,APIFOOTBALL,50,LOST,-50
2026-10-02,Club Friendlies,Zlin,Prostějov,,1X2,AWAY,0,1.5,74,1-2,oddsflow_handicap_sniper,APIFOOTBALL,50,WON,25
2026-10-02,Club Friendlies,Zlin,Prostějov,,1X2,AWAY,0,1.5,74,1-2,oddsflow_active_trader,APIFOOTBALL,50,WON,25
2026-10-02,Club Friendlies,Gornik Zabrze,Odra Opole,,OU,OVER,2.5,1.725,74,0-2,oddsflow_handicap_sniper,APIFOOTBALL,50,LOST,-50
2026-10-02,Club Friendlies,Gornik Zabrze,Odra Opole,,OU,OVER,2.5,1.725,74,0-2,oddsflow_active_trader,APIFOOTBALL,50,LOST,-50
2026-10-02,Friendlies,Wales U19,Norway U19,,AH,HOME,0.75,1.975,25,0-0,oddsflow_core_strategy,APIFOOTBALL,50,LOST,-50
2026-10-02,Club Friendlies,Gornik Zabrze,Odra Opole,,AH,AWAY,-0.25,1.9,75,0-2,oddsflow_handicap_sniper,APIFOOTBALL,50,HALF_WON,22.5
2026-10-02,Club Friendlies,Wisla Plock,Unia Skierniewice,,AH,AWAY,-0.75,2,17,0-0,oddsflow_core_strategy,APIFOOTBALL,50,LOST,-50
2026-10-02,FIFA Asean Cup,Vietnam,Pakistan,,AH,AWAY,-0.25,2.075,75,2-1,oddsflow_core_strategy,APIFOOTBALL,50,LOST,-50
2026-10-02,Club Friendlies,Wieczysta Kraków,Puszcza Niepołomice,,AH,AWAY,-0.75,2.025,33,2-2,oddsflow_core_strategy,APIFOOTBALL,50,HALF_LOST,-25
2026-10-02,Club Friendlies,Wieczysta Kraków,Puszcza Niepołomice,,AH,AWAY,-0.75,2.02,33,2-2,oddsflow_core_strategy,NOVA88,22,HALF_LOST,-11
2026-10-02,FIFA Asean Cup,Vietnam,Pakistan,,AH,AWAY,-0.25,2.075,75,2-1,oddsflow_handicap_sniper,APIFOOTBALL,50,LOST,-50
2026-10-02,FIFA Asean Cup,Vietnam,Pakistan,,AH,AWAY,-0.25,2.075,75,2-1,oddsflow_active_trader,APIFOOTBALL,50,LOST,-50
2026-10-02,Friendlies,Wales U19,Norway U19,,AH,HOME,0.5,2,32,0-1,oddsflow_core_strategy,APIFOOTBALL,50,LOST,-50
2026-10-02,Club Friendlies,IF Elfsborg,BK Hacken,,AH,HOME,0,1.88,35,0-1,oddsflow_handicap_sniper,NOVA88,32,VOID,0
2026-10-02,Club Friendlies,IF Elfsborg,BK Hacken,,AH,HOME,0,1.88,35,0-1,oddsflow_active_trader,NOVA88,29,VOID,0
2026-10-02,Club Friendlies,1. FC Nürnberg,FC Ingolstadt 04,,AH,AWAY,-0.75,1.975,35,2-0,oddsflow_handicap_sniper,APIFOOTBALL,50,WON,48.75
2026-10-02,Club Friendlies,1. FC Nürnberg,FC Ingolstadt 04,,AH,AWAY,-0.75,2.04,35,2-0,oddsflow_handicap_sniper,NOVA88,50,WON,52
2026-10-02,Club Friendlies,1. FC Nürnberg,FC Ingolstadt 04,,AH,AWAY,-0.75,1.975,35,2-0,oddsflow_active_trader,APIFOOTBALL,50,WON,48.75
2026-10-02,Club Friendlies,1. FC Nürnberg,FC Ingolstadt 04,,AH,AWAY,-0.75,2.04,35,2-0,oddsflow_active_trader,NOVA88,50,WON,52
2026-10-02,Club Friendlies,Wieczysta Kraków,Puszcza Niepołomice,,AH,AWAY,-0.75,1.975,35,2-2,oddsflow_handicap_sniper,APIFOOTBALL,50,HALF_LOST,-25
2026-10-02,Club Friendlies,Wieczysta Kraków,Puszcza Niepołomice,,AH,AWAY,-0.75,1.975,35,2-2,oddsflow_active_trader,APIFOOTBALL,50,HALF_LOST,-25
2026-10-02,Club Friendlies,IF Elfsborg,BK Hacken,,AH,HOME,-0.25,2.35,36,0-1,oddsflow_handicap_sniper,NOVA88,33,HALF_LOST,-16.5
2026-10-02,Club Friendlies,IF Elfsborg,BK Hacken,,AH,HOME,-0.25,2.35,36,0-1,oddsflow_active_trader,NOVA88,33,HALF_LOST,-16.5
2026-10-02,Club Friendlies,Aarhus,Vendsyssel FF,,AH,AWAY,-0.75,1.825,35,1-0,oddsflow_core_strategy,APIFOOTBALL,50,WON,41.25
2026-10-02,Club Friendlies,Wieczysta Kraków,Puszcza Niepołomice,,1X2,AWAY,0,2.25,36,2-3,oddsflow_handicap_sniper,APIFOOTBALL,50,LOST,-50
2026-10-02,Club Friendlies,Wieczysta Kraków,Puszcza Niepołomice,,1X2,AWAY,0,2.4,36,2-3,oddsflow_handicap_sniper,NOVA88,15,LOST,-15
2026-10-02,Friendlies,Wales U19,Norway U19,,AH,HOME,0.5,1.925,35,0-1,oddsflow_active_trader,APIFOOTBALL,50,LOST,-50
2026-10-02,Friendlies,Wales U19,Norway U19,,AH,HOME,0.5,1.925,35,0-1,oddsflow_handicap_sniper,APIFOOTBALL,50,LOST,-50
2026-10-02,Club Friendlies,Aarhus,Vendsyssel FF,,AH,AWAY,-0.75,1.825,36,1-0,oddsflow_active_trader,APIFOOTBALL,50,WON,41.25
2026-10-02,Club Friendlies,Wieczysta Kraków,Puszcza Niepołomice,,AH,AWAY,-1,1.8,37,2-3,oddsflow_active_trader,APIFOOTBALL,50,LOST,-50
2026-10-02,Club Friendlies,Wieczysta Kraków,Puszcza Niepołomice,,1X2,AWAY,0,2.5,37,2-3,oddsflow_active_trader,APIFOOTBALL,50,LOST,-50
2026-10-02,Club Friendlies,Aarhus,Vendsyssel FF,,AH,AWAY,-0.75,1.86,36,1-0,oddsflow_handicap_sniper,NOVA88,15,WON,12.9
2026-10-02,Club Friendlies,Sparta Prague,Vysočina Jihlava,,AH,AWAY,-1.25,1.975,35,1-1,oddsflow_active_trader,APIFOOTBALL,50,LOST,-50
2026-10-02,Club Friendlies,Sparta Prague,Vysočina Jihlava,,AH,AWAY,-1.25,2,35,1-1,oddsflow_active_trader,NOVA88,29,LOST,-29
2026-10-02,Club Friendlies,Sparta Prague,Vysočina Jihlava,,AH,AWAY,-1.25,1.975,35,1-1,oddsflow_handicap_sniper,APIFOOTBALL,50,LOST,-50
2026-10-02,Club Friendlies,Sparta Prague,Vysočina Jihlava,,1X2,DRAW,0,4.75,35,1-1,oddsflow_handicap_sniper,APIFOOTBALL,50,LOST,-50
2026-10-02,J3 League,Biwako Shiga,Roasso Kumamoto,,AH,HOME,0.25,1.975,35,0-0,oddsflow_handicap_sniper,APIFOOTBALL,50,HALF_WON,24.38
2026-10-02,J3 League,Biwako Shiga,Roasso Kumamoto,,AH,HOME,0.25,2.02,35,0-0,oddsflow_handicap_sniper,NOVA88,19,HALF_WON,9.69
2026-10-02,J3 League,Biwako Shiga,Roasso Kumamoto,,1X2,DRAW,0,2.72,35,0-0,oddsflow_handicap_sniper,NOVA88,15,WON,25.8
2026-10-02,J3 League,Biwako Shiga,Roasso Kumamoto,,AH,HOME,0.25,1.975,35,0-0,oddsflow_active_trader,APIFOOTBALL,50,HALF_WON,24.38
2026-10-02,J3 League,Biwako Shiga,Roasso Kumamoto,,AH,HOME,0.25,2.02,35,0-0,oddsflow_active_trader,NOVA88,19,HALF_WON,9.69
2026-10-02,Club Friendlies,Sudtirol,Wacker Innsbruck,,AH,AWAY,-0.25,1.775,73,1-3,oddsflow_core_strategy,APIFOOTBALL,50,LOST,-50
2026-10-02,Club Friendlies,Aarhus,Vendsyssel FF,,AH,AWAY,-0.75,1.825,38,1-0,oddsflow_handicap_sniper,APIFOOTBALL,50,WON,41.25
2026-10-02,Club Friendlies,Sudtirol,Wacker Innsbruck,,OU,OVER,4.5,1.65,73,1-3,oddsflow_handicap_sniper,APIFOOTBALL,50,WON,32.5
2026-10-02,Club Friendlies,Sudtirol,Wacker Innsbruck,,OU,OVER,4.75,2.03,73,1-3,oddsflow_handicap_sniper,NOVA88,49,HALF_WON,25.23
2026-10-02,Club Friendlies,Sudtirol,Wacker Innsbruck,,OU,OVER,4.5,1.65,73,1-3,oddsflow_active_trader,APIFOOTBALL,50,WON,32.5
2026-10-02,Club Friendlies,Sudtirol,Wacker Innsbruck,,OU,OVER,4.75,2.03,73,1-3,oddsflow_active_trader,NOVA88,49,HALF_WON,25.23
2026-10-02,J3 League,Biwako Shiga,Roasso Kumamoto,,1X2,DRAW,0,2.75,36,0-0,oddsflow_handicap_sniper,APIFOOTBALL,50,WON,87.5
2026-10-02,Club Friendlies,Sudtirol,Wacker Innsbruck,,AH,AWAY,-0.25,1.775,74,1-3,oddsflow_handicap_sniper,APIFOOTBALL,50,LOST,-50
2026-10-02,Club Friendlies,Sudtirol,Wacker Innsbruck,,AH,AWAY,-0.25,1.8,74,1-3,oddsflow_handicap_sniper,NOVA88,15,LOST,-15
2026-10-02,Friendlies,Wales U19,Norway U19,,AH,HOME,0.25,2.2,39,0-1,oddsflow_core_strategy,APIFOOTBALL,50,LOST,-50
2026-10-02,Friendlies,Wales U19,Norway U19,,AH,HOME,0.25,2.2,39,0-1,oddsflow_active_trader,APIFOOTBALL,50,LOST,-50
2026-10-02,Friendlies,Wales U19,Norway U19,,AH,HOME,0.25,2.2,39,0-1,oddsflow_handicap_sniper,APIFOOTBALL,50,LOST,-50
2026-10-02,Club Friendlies,Sparta Prague,Vysočina Jihlava,,AH,AWAY,-1,2,40,1-1,oddsflow_active_trader,APIFOOTBALL,50,LOST,-50
2026-10-02,Club Friendlies,Sparta Prague,Vysočina Jihlava,,AH,AWAY,-1,2,40,1-1,oddsflow_core_strategy,APIFOOTBALL,50,LOST,-50
2026-10-02,Club Friendlies,Sparta Prague,Vysočina Jihlava,,AH,AWAY,-1,2.01,40,1-1,oddsflow_active_trader,NOVA88,19,LOST,-19
2026-10-02,Club Friendlies,Sparta Prague,Vysočina Jihlava,,AH,AWAY,-1,2.01,40,1-1,oddsflow_core_strategy,NOVA88,19,LOST,-19
2026-10-02,Club Friendlies,Sparta Prague,Vysočina Jihlava,,AH,AWAY,-1,2,40,1-1,oddsflow_handicap_sniper,APIFOOTBALL,50,LOST,-50
2026-10-02,Club Friendlies,Sparta Prague,Vysočina Jihlava,,AH,AWAY,-1,2.01,40,1-1,oddsflow_handicap_sniper,NOVA88,19,LOST,-19
2026-10-02,Club Friendlies,IF Elfsborg,BK Hacken,,AH,HOME,0.25,1.76,45,0-1,oddsflow_active_trader,NOVA88,42,HALF_WON,15.96
2026-10-02,Club Friendlies,IF Elfsborg,BK Hacken,,AH,HOME,0.25,1.78,45,0-1,oddsflow_handicap_sniper,NOVA88,46,HALF_WON,17.94
2026-10-02,J3 League,Biwako Shiga,Roasso Kumamoto,,1X2,DRAW,0,2.75,42,0-0,oddsflow_active_trader,APIFOOTBALL,50,WON,87.5
2026-10-02,Club Friendlies,Aarhus,Vendsyssel FF,,AH,AWAY,-0.5,2.04,45,1-0,oddsflow_active_trader,NOVA88,15,WON,15.6
2026-10-02,Club Friendlies,Aarhus,Vendsyssel FF,,AH,AWAY,-0.5,2,45,1-0,oddsflow_core_strategy,APIFOOTBALL,50,WON,50
2026-10-02,Club Friendlies,Aarhus,Vendsyssel FF,,AH,AWAY,-0.5,2.03,45,1-0,oddsflow_core_strategy,NOVA88,15,WON,15.45
2026-10-02,Club Friendlies,Aarhus,Vendsyssel FF,,AH,AWAY,-0.5,2,45,1-0,oddsflow_active_trader,APIFOOTBALL,50,WON,50
2026-10-02,Club Friendlies,Aarhus,Vendsyssel FF,,AH,AWAY,-0.5,2,45,1-0,oddsflow_handicap_sniper,APIFOOTBALL,50,WON,50
2026-10-02,Club Friendlies,Aarhus,Vendsyssel FF,,AH,AWAY,-0.5,2.03,45,1-0,oddsflow_handicap_sniper,NOVA88,15,WON,15.45
2026-10-02,Club Friendlies,Wisla Plock,Unia Skierniewice,,AH,AWAY,-0.5,2.025,33,0-0,oddsflow_core_strategy,APIFOOTBALL,50,LOST,-50
2026-10-02,J3 League,Biwako Shiga,Roasso Kumamoto,,AH,HOME,0,2.25,44,0-0,oddsflow_active_trader,APIFOOTBALL,50,VOID,0
2026-10-02,J3 League,Biwako Shiga,Roasso Kumamoto,,AH,HOME,0,2.25,44,0-0,oddsflow_handicap_sniper,APIFOOTBALL,50,VOID,0
2026-10-02,Club Friendlies,Wisla Plock,Unia Skierniewice,,AH,AWAY,-0.75,1.8,35,0-0,oddsflow_active_trader,APIFOOTBALL,50,LOST,-50
2026-10-02,Club Friendlies,Aarhus,Vendsyssel FF,,AH,AWAY,-0.25,2.425,45,1-0,oddsflow_core_strategy,APIFOOTBALL,50,HALF_WON,35.62
2026-10-02,Club Friendlies,Aarhus,Vendsyssel FF,,AH,AWAY,-0.25,2.425,45,1-0,oddsflow_handicap_sniper,APIFOOTBALL,50,HALF_WON,35.62
2026-10-02,Club Friendlies,Aarhus,Vendsyssel FF,,AH,AWAY,-0.25,2.41,45,1-0,oddsflow_core_strategy,NOVA88,15,HALF_WON,10.58
2026-10-02,Club Friendlies,Aarhus,Vendsyssel FF,,AH,AWAY,-0.25,2.41,45,1-0,oddsflow_handicap_sniper,NOVA88,15,HALF_WON,10.58
2026-10-02,Club Friendlies,Aarhus,Vendsyssel FF,,AH,AWAY,-0.25,2.425,45,1-0,oddsflow_active_trader,APIFOOTBALL,50,HALF_WON,35.62
2026-10-02,Club Friendlies,Aarhus,Vendsyssel FF,,AH,AWAY,-0.25,2.41,45,1-0,oddsflow_active_trader,NOVA88,15,HALF_WON,10.58
2026-10-02,Club Friendlies,Wisla Plock,Unia Skierniewice,,AH,AWAY,-0.5,2.025,37,0-0,oddsflow_active_trader,APIFOOTBALL,50,LOST,-50
2026-10-02,Club Friendlies,Sudtirol,Wacker Innsbruck,,AH,AWAY,0,2.75,85,2-3,oddsflow_core_strategy,APIFOOTBALL,35,VOID,0
2026-10-02,Club Friendlies,Sudtirol,Wacker Innsbruck,,AH,AWAY,0,2.85,85,2-3,oddsflow_core_strategy,NOVA88,35,VOID,0
2026-10-02,Club Friendlies,Wieczysta Kraków,Puszcza Niepołomice,,AH,AWAY,-1,1.825,45,2-3,oddsflow_handicap_sniper,APIFOOTBALL,50,LOST,-50
2026-10-02,FIFA Asean Cup,Thailand,Philippines,,1X2,AWAY,0,2.04,45,0-1,oddsflow_handicap_sniper,NOVA88,15,WON,15.6
2026-10-02,Club Friendlies,Wisla Plock,Unia Skierniewice,,AH,AWAY,-0.5,1.9,44,0-0,oddsflow_handicap_sniper,APIFOOTBALL,50,LOST,-50
2026-10-02,Club Friendlies,Wisla Plock,Unia Skierniewice,,AH,AWAY,-0.5,1.94,44,0-0,oddsflow_handicap_sniper,NOVA88,15,LOST,-15
2026-10-02,Club Friendlies,Wieczysta Kraków,Puszcza Niepołomice,,OU,UNDER,6.5,2.025,47,2-3,oddsflow_active_trader,APIFOOTBALL,50,LOST,-50
2026-10-02,Club Friendlies,Wieczysta Kraków,Puszcza Niepołomice,,OU,UNDER,6.5,2.025,48,2-3,oddsflow_handicap_sniper,APIFOOTBALL,50,LOST,-50
2026-10-02,Club Friendlies,Wisla Plock,Unia Skierniewice,,AH,AWAY,-0.25,2.025,45,1-0,oddsflow_active_trader,APIFOOTBALL,50,LOST,-50
2026-10-02,Club Friendlies,Wisla Plock,Unia Skierniewice,,AH,AWAY,-0.25,2.06,45,1-0,oddsflow_active_trader,NOVA88,15,LOST,-15
2026-10-02,Club Friendlies,Wisla Plock,Unia Skierniewice,,AH,AWAY,-0.25,2.025,45,1-0,oddsflow_core_strategy,APIFOOTBALL,50,LOST,-50
2026-10-02,Club Friendlies,Wisla Plock,Unia Skierniewice,,AH,AWAY,-0.25,2.06,45,1-0,oddsflow_core_strategy,NOVA88,15,LOST,-15
2026-10-02,Club Friendlies,Wisla Plock,Unia Skierniewice,,AH,AWAY,-0.25,2.025,45,1-0,oddsflow_handicap_sniper,APIFOOTBALL,50,LOST,-50
2026-10-02,Club Friendlies,Wisla Plock,Unia Skierniewice,,AH,AWAY,-0.25,2.06,45,1-0,oddsflow_handicap_sniper,NOVA88,15,LOST,-15
2026-10-02,Club Friendlies,FC Lugano,Hellas Verona,,AH,AWAY,0,2.05,81,1-3,oddsflow_core_strategy,APIFOOTBALL,35,VOID,0
2026-10-02,Club Friendlies,Sparta Prague,Vysočina Jihlava,,AH,AWAY,-0.75,2.23,45,3-1,oddsflow_active_trader,NOVA88,50,WON,61.5
2026-10-02,Club Friendlies,Sparta Prague,Vysočina Jihlava,,AH,AWAY,-0.75,2.23,45,3-1,oddsflow_handicap_sniper,NOVA88,50,WON,61.5
2026-10-02,Friendlies,Wales U19,Norway U19,,OU,UNDER,3.5,2.025,50,0-2,oddsflow_active_trader,APIFOOTBALL,50,WON,51.25
2026-10-02,Friendlies,Wales U19,Norway U19,,OU,UNDER,3.5,2.025,50,0-2,oddsflow_handicap_sniper,APIFOOTBALL,50,WON,51.25
2026-10-02,Asian Games Women,Korea DPR W,Japan W,,OU,OVER,2,1.75,36,0-1,oddsflow_active_trader,APIFOOTBALL,50,WON,37.5
2026-10-02,Asian Games Women,Korea DPR W,Japan W,,OU,OVER,2,1.75,36,0-1,oddsflow_handicap_sniper,APIFOOTBALL,50,WON,37.5
2026-10-02,Asian Games Women,Korea DPR W,Japan W,,AH,HOME,0,2,37,0-1,oddsflow_core_strategy,APIFOOTBALL,50,WON,50
2026-10-02,Club Friendlies,Aarhus,Vendsyssel FF,,OU,UNDER,3.5,1.775,52,2-0,oddsflow_active_trader,APIFOOTBALL,50,WON,38.75
2026-10-02,Asian Games Women,Korea DPR W,Japan W,,AH,HOME,0,2,37,0-1,oddsflow_handicap_sniper,APIFOOTBALL,50,WON,50
2026-10-02,Club Friendlies,Aarhus,Vendsyssel FF,,OU,UNDER,3.5,1.775,52,2-0,oddsflow_handicap_sniper,APIFOOTBALL,50,WON,38.75
2026-10-02,Asian Games Women,Korea DPR W,Japan W,,AH,HOME,0,2,38,0-1,oddsflow_active_trader,APIFOOTBALL,50,WON,50
2026-10-02,FIFA Asean Cup,Thailand,Philippines,,AH,AWAY,-0.5,1.925,53,0-1,oddsflow_active_trader,APIFOOTBALL,50,WON,46.25
2026-10-02,FIFA Asean Cup,Thailand,Philippines,,AH,AWAY,-0.5,1.925,53,0-1,oddsflow_handicap_sniper,APIFOOTBALL,50,WON,46.25
2026-10-02,FIFA Asean Cup,Thailand,Philippines,,AH,AWAY,-0.5,1.93,53,0-1,oddsflow_active_trader,NOVA88,15,WON,13.95
2026-10-02,FIFA Asean Cup,Thailand,Philippines,,1X2,AWAY,0,1.909,53,0-1,oddsflow_handicap_sniper,APIFOOTBALL,50,WON,45.45
2026-10-02,FIFA Asean Cup,Thailand,Philippines,,AH,AWAY,-0.5,1.925,53,0-1,oddsflow_core_strategy,APIFOOTBALL,50,WON,46.25
2026-10-02,Club Friendlies,Sparta Prague,Vysočina Jihlava,,AH,AWAY,-0.75,2.025,52,3-1,oddsflow_handicap_sniper,APIFOOTBALL,50,WON,51.25
2026-10-02,Club Friendlies,Sparta Prague,Vysočina Jihlava,,AH,AWAY,-0.75,2.025,52,3-1,oddsflow_core_strategy,APIFOOTBALL,50,WON,51.25
2026-10-02,Club Friendlies,Sparta Prague,Vysočina Jihlava,,AH,AWAY,-0.75,2.025,52,3-1,oddsflow_active_trader,APIFOOTBALL,50,WON,51.25
2026-10-02,Asian Games Women,Korea DPR W,Japan W,,AH,HOME,-0.25,2.55,40,0-1,oddsflow_active_trader,APIFOOTBALL,50,WON,77.5
2026-10-02,Asian Games Women,Korea DPR W,Japan W,,AH,HOME,-0.25,2.55,40,0-1,oddsflow_handicap_sniper,APIFOOTBALL,50,WON,77.5
2026-10-02,Asian Games Women,Korea DPR W,Japan W,,AH,HOME,-0.25,2.55,42,0-1,oddsflow_core_strategy,APIFOOTBALL,50,WON,77.5
2026-10-02,FIFA Asean Cup,Thailand,Philippines,,1X2,DRAW,0,2.2,56,1-1,oddsflow_handicap_sniper,APIFOOTBALL,50,LOST,-50
2026-10-02,FIFA Asean Cup,Thailand,Philippines,,AH,AWAY,-0.25,2.025,57,1-1,oddsflow_core_strategy,APIFOOTBALL,50,WON,51.25
2026-10-02,FIFA Asean Cup,Thailand,Philippines,,OU,OVER,3,2.05,57,1-1,oddsflow_core_strategy,APIFOOTBALL,50,VOID,0
2026-10-02,FIFA Asean Cup,Thailand,Philippines,,AH,AWAY,-0.25,2.08,57,1-1,oddsflow_core_strategy,NOVA88,15,WON,16.2
2026-10-02,FIFA Asean Cup,Thailand,Philippines,,AH,AWAY,-0.25,2.025,57,1-1,oddsflow_active_trader,APIFOOTBALL,50,WON,51.25
2026-10-02,FIFA Asean Cup,Thailand,Philippines,,AH,AWAY,-0.25,2.08,57,1-1,oddsflow_active_trader,NOVA88,15,WON,16.2
2026-10-02,FIFA Asean Cup,Thailand,Philippines,,AH,AWAY,-0.25,2.025,57,1-1,oddsflow_handicap_sniper,APIFOOTBALL,50,WON,51.25
2026-10-02,FIFA Asean Cup,Thailand,Philippines,,AH,AWAY,-0.25,2.08,57,1-1,oddsflow_handicap_sniper,NOVA88,15,WON,16.2
2026-10-02,Club Friendlies,1. FC Nürnberg,FC Ingolstadt 04,,AH,AWAY,-0.25,2.05,57,3-1,oddsflow_core_strategy,APIFOOTBALL,50,HALF_WON,26.25
2026-10-02,Club Friendlies,1. FC Nürnberg,FC Ingolstadt 04,,AH,AWAY,-0.25,2,57,3-1,oddsflow_core_strategy,NOVA88,39,HALF_WON,19.5
2026-10-02,Club Friendlies,1. FC Nürnberg,FC Ingolstadt 04,,AH,AWAY,-0.25,1.99,57,3-1,oddsflow_active_trader,NOVA88,38,HALF_WON,18.81
2026-10-02,Club Friendlies,1. FC Nürnberg,FC Ingolstadt 04,,AH,AWAY,-0.25,1.99,57,3-1,oddsflow_handicap_sniper,NOVA88,36,HALF_WON,17.82
2026-10-02,Club Friendlies,1. FC Nürnberg,FC Ingolstadt 04,,AH,AWAY,-0.25,1.975,57,3-1,oddsflow_active_trader,APIFOOTBALL,50,HALF_WON,24.38
2026-10-02,Club Friendlies,1. FC Nürnberg,FC Ingolstadt 04,,AH,AWAY,-0.25,1.975,57,3-1,oddsflow_handicap_sniper,APIFOOTBALL,50,HALF_WON,24.38
2026-10-02,Club Friendlies,Wieczysta Kraków,Puszcza Niepołomice,,AH,AWAY,-0.5,2.025,65,2-3,oddsflow_active_trader,APIFOOTBALL,50,LOST,-50
2026-10-02,Club Friendlies,Wieczysta Kraków,Puszcza Niepołomice,,AH,AWAY,-0.5,2.025,65,2-3,oddsflow_handicap_sniper,APIFOOTBALL,50,LOST,-50
2026-10-02,Club Friendlies,Wieczysta Kraków,Puszcza Niepołomice,,AH,AWAY,-0.5,2.025,65,2-3,oddsflow_core_strategy,APIFOOTBALL,50,LOST,-50
2026-10-02,Club Friendlies,Wieczysta Kraków,Puszcza Niepołomice,,AH,AWAY,-0.5,2.04,65,2-3,oddsflow_handicap_sniper,NOVA88,38,LOST,-38
2026-10-02,J3 League,Biwako Shiga,Roasso Kumamoto,,OU,OVER,1,2,58,0-0,oddsflow_core_strategy,APIFOOTBALL,50,LOST,-50
2026-10-02,FIFA Asean Cup,Thailand,Philippines,,1X2,DRAW,0,2.1,61,1-1,oddsflow_active_trader,APIFOOTBALL,50,LOST,-50
2026-10-02,Club Friendlies,Sparta Prague,Vysočina Jihlava,,OU,UNDER,5.5,2.025,59,3-1,oddsflow_handicap_sniper,APIFOOTBALL,50,LOST,-50
2026-10-02,Club Friendlies,Sparta Prague,Vysočina Jihlava,,OU,UNDER,5.5,2.025,59,3-1,oddsflow_active_trader,APIFOOTBALL,50,LOST,-50
2026-10-02,Club Friendlies,Aarhus,Vendsyssel FF,,OU,UNDER,3,1.85,65,2-0,oddsflow_core_strategy,APIFOOTBALL,50,VOID,0
2026-10-02,Club Friendlies,Wisla Plock,Unia Skierniewice,,OU,UNDER,2.5,2.025,45,1-0,oddsflow_handicap_sniper,APIFOOTBALL,50,LOST,-50
2026-10-02,Club Friendlies,Sparta Prague,Vysočina Jihlava,,AH,AWAY,-0.5,1.975,61,3-1,oddsflow_core_strategy,APIFOOTBALL,50,WON,48.75
2026-10-02,Friendlies,Wales U19,Norway U19,,OU,UNDER,3,1.95,65,0-2,oddsflow_core_strategy,APIFOOTBALL,50,WON,47.5
2026-10-02,Club Friendlies,Sparta Prague,Vysočina Jihlava,,AH,AWAY,-0.5,1.975,62,3-2,oddsflow_active_trader,APIFOOTBALL,50,LOST,-50
2026-10-02,Club Friendlies,Sparta Prague,Vysočina Jihlava,,AH,AWAY,-0.5,2.02,62,3-2,oddsflow_active_trader,NOVA88,40,LOST,-40
2026-10-02,Club Friendlies,Sparta Prague,Vysočina Jihlava,,AH,AWAY,-0.5,1.975,62,3-2,oddsflow_handicap_sniper,APIFOOTBALL,50,LOST,-50
2026-10-02,Club Friendlies,Sparta Prague,Vysočina Jihlava,,AH,AWAY,-0.5,2.02,62,3-2,oddsflow_handicap_sniper,NOVA88,40,LOST,-40
2026-10-02,Club Friendlies,1. FC Nürnberg,FC Ingolstadt 04,,AH,AWAY,0,2.675,64,3-1,oddsflow_active_trader,APIFOOTBALL,50,VOID,0
2026-10-02,Club Friendlies,1. FC Nürnberg,FC Ingolstadt 04,,AH,AWAY,0,2.675,64,3-1,oddsflow_core_strategy,APIFOOTBALL,50,VOID,0
2026-10-02,Club Friendlies,1. FC Nürnberg,FC Ingolstadt 04,,AH,AWAY,0,2.675,64,3-1,oddsflow_handicap_sniper,APIFOOTBALL,50,VOID,0
2026-10-02,Club Friendlies,Aarhus,Vendsyssel FF,,AH,AWAY,0,2.75,67,2-0,oddsflow_handicap_sniper,APIFOOTBALL,50,WON,87.5
2026-10-02,Club Friendlies,Aarhus,Vendsyssel FF,,AH,AWAY,0,2.75,68,2-0,oddsflow_core_strategy,APIFOOTBALL,50,WON,87.5
2026-10-02,Club Friendlies,Aarhus,Vendsyssel FF,,AH,AWAY,0,2.75,68,2-0,oddsflow_active_trader,APIFOOTBALL,50,WON,87.5
2026-10-02,Club Friendlies,Wieczysta Kraków,Puszcza Niepołomice,,AH,AWAY,-0.25,2.05,73,2-3,oddsflow_core_strategy,APIFOOTBALL,50,LOST,-50
2026-10-02,Club Friendlies,Wieczysta Kraków,Puszcza Niepołomice,,AH,AWAY,-0.25,2.05,73,2-3,oddsflow_core_strategy,NOVA88,31,LOST,-31
2026-10-02,Club Friendlies,Wieczysta Kraków,Puszcza Niepołomice,,AH,AWAY,-0.25,2.05,73,2-3,oddsflow_active_trader,APIFOOTBALL,50,LOST,-50
2026-10-02,Club Friendlies,Wieczysta Kraków,Puszcza Niepołomice,,AH,AWAY,-0.25,2.05,73,2-3,oddsflow_active_trader,NOVA88,30,LOST,-30
2026-10-02,Club Friendlies,Wieczysta Kraków,Puszcza Niepołomice,,AH,AWAY,-0.25,2.05,73,2-3,oddsflow_handicap_sniper,APIFOOTBALL,50,LOST,-50
2026-10-02,Club Friendlies,Wieczysta Kraków,Puszcza Niepołomice,,AH,AWAY,-0.25,2.05,73,2-3,oddsflow_handicap_sniper,NOVA88,32,LOST,-32
2026-10-02,Club Friendlies,Sparta Prague,Vysočina Jihlava,,1X2,HOME,0,1.98,65,3-2,oddsflow_active_trader,NOVA88,48,WON,47.04
2026-10-02,Club Friendlies,Sparta Prague,Vysočina Jihlava,,1X2,HOME,0,1.98,65,3-2,oddsflow_handicap_sniper,NOVA88,50,WON,49
2026-10-02,FIFA Asean Cup,Thailand,Philippines,,OU,OVER,3.5,1.75,69,1-2,oddsflow_active_trader,APIFOOTBALL,50,LOST,-50
2026-10-02,FIFA Asean Cup,Thailand,Philippines,,OU,OVER,3.75,2.04,69,1-2,oddsflow_active_trader,NOVA88,49,LOST,-49
2026-10-02,FIFA Asean Cup,Thailand,Philippines,,OU,OVER,3.5,1.75,69,1-2,oddsflow_handicap_sniper,APIFOOTBALL,50,LOST,-50
2026-10-02,FIFA Asean Cup,Thailand,Philippines,,OU,OVER,3.75,2.04,69,1-2,oddsflow_handicap_sniper,NOVA88,49,LOST,-49
2026-10-02,Club Friendlies,Sparta Prague,Vysočina Jihlava,,1X2,DRAW,0,2.375,68,3-3,oddsflow_active_trader,APIFOOTBALL,50,LOST,-50
2026-10-02,Club Friendlies,Wieczysta Kraków,Puszcza Niepołomice,,1X2,DRAW,0,1.666,79,3-3,oddsflow_active_trader,APIFOOTBALL,50,LOST,-50
2026-10-02,Club Friendlies,Wieczysta Kraków,Puszcza Niepołomice,,1X2,DRAW,0,1.666,79,3-3,oddsflow_handicap_sniper,APIFOOTBALL,50,LOST,-50
2026-10-02,Club Friendlies,Sparta Prague,Vysočina Jihlava,,AH,AWAY,-0.25,2.075,71,3-3,oddsflow_core_strategy,APIFOOTBALL,50,LOST,-50
2026-10-02,Club Friendlies,Sparta Prague,Vysočina Jihlava,,AH,AWAY,-0.25,2.075,71,3-3,oddsflow_active_trader,APIFOOTBALL,50,LOST,-50
2026-10-02,Club Friendlies,Sparta Prague,Vysočina Jihlava,,AH,AWAY,-0.25,2.075,71,3-3,oddsflow_handicap_sniper,APIFOOTBALL,50,LOST,-50
2026-10-02,Club Friendlies,Sparta Prague,Vysočina Jihlava,,AH,AWAY,-0.25,2.09,71,3-3,oddsflow_active_trader,NOVA88,15,LOST,-15
2026-10-02,Club Friendlies,Sparta Prague,Vysočina Jihlava,,AH,AWAY,-0.25,2.09,71,3-3,oddsflow_handicap_sniper,NOVA88,15,LOST,-15
2026-10-02,Friendlies,Wales U19,Norway U19,,AH,HOME,0,2.5,81,0-2,oddsflow_core_strategy,APIFOOTBALL,35,VOID,0
2026-10-02,Asian Games Women,Korea DPR W,Japan W,,AH,AWAY,0.25,2.4,54,1-1,oddsflow_core_strategy,APIFOOTBALL,50,HALF_LOST,-25
2026-10-02,Asian Games Women,Korea DPR W,Japan W,,AH,AWAY,0.25,2.4,54,1-1,oddsflow_active_trader,APIFOOTBALL,50,HALF_LOST,-25
2026-10-02,Asian Games Women,Korea DPR W,Japan W,,OU,OVER,2.5,1.75,57,1-1,oddsflow_handicap_sniper,APIFOOTBALL,50,WON,37.5
2026-10-02,Asian Games Women,Korea DPR W,Japan W,,OU,OVER,2.5,1.75,57,1-1,oddsflow_active_trader,APIFOOTBALL,50,WON,37.5
2026-10-02,Friendlies,South Korea,Venezuela,,AH,AWAY,-0.75,2,10,0-0,oddsflow_core_strategy,APIFOOTBALL,50,WON,50
2026-10-02,Friendlies,South Korea,Venezuela,,AH,AWAY,-0.75,2.02,10,0-0,oddsflow_core_strategy,NOVA88,15,WON,15.3
2026-10-02,Club Friendlies,1. FC Heidenheim,Würzburger Kickers,,AH,AWAY,-1.25,1.925,16,1-0,oddsflow_core_strategy,APIFOOTBALL,50,HALF_WON,23.13
2026-10-02,Club Friendlies,1. FC Heidenheim,Würzburger Kickers,,AH,AWAY,-1,2.025,19,1-0,oddsflow_core_strategy,APIFOOTBALL,50,VOID,0
2026-10-02,Friendlies,South Korea,Venezuela,,AH,HOME,-0.25,1.825,24,0-0,oddsflow_core_strategy,APIFOOTBALL,50,HALF_LOST,-25
2026-10-02,Friendlies,South Korea,Venezuela,,AH,HOME,-0.25,1.85,24,0-0,oddsflow_core_strategy,NOVA88,15,HALF_LOST,-7.5
2026-10-02,Friendlies,South Korea,Venezuela,,AH,HOME,-0.25,2.1,35,0-0,oddsflow_active_trader,APIFOOTBALL,50,HALF_LOST,-25
2026-10-02,Friendlies,South Korea,Venezuela,,AH,HOME,-0.25,2.1,35,0-0,oddsflow_handicap_sniper,APIFOOTBALL,50,HALF_LOST,-25
2026-10-02,Friendlies,South Korea,Venezuela,,AH,HOME,-0.25,2.23,35,0-0,oddsflow_active_trader,NOVA88,29,HALF_LOST,-14.5
2026-10-02,Friendlies,South Korea,Venezuela,,AH,HOME,-0.25,2.23,35,0-0,oddsflow_handicap_sniper,NOVA88,25,HALF_LOST,-12.5
2026-10-02,Friendlies,South Korea,Venezuela,,1X2,HOME,0,2.66,35,0-0,oddsflow_active_trader,NOVA88,15,LOST,-15
2026-10-02,Friendlies,South Korea,Venezuela,,1X2,HOME,0,2.66,35,0-0,oddsflow_handicap_sniper,NOVA88,19,LOST,-19
2026-10-02,Friendlies,South Korea,Venezuela,,AH,HOME,0,1.725,35,0-0,oddsflow_active_trader,APIFOOTBALL,50,VOID,0
2026-10-02,Friendlies,South Korea,Venezuela,,AH,HOME,0,1.725,35,0-0,oddsflow_handicap_sniper,APIFOOTBALL,50,VOID,0
2026-10-02,Friendlies,South Korea,Venezuela,,AH,HOME,0,1.725,35,0-0,oddsflow_core_strategy,APIFOOTBALL,50,VOID,0
2026-10-02,Friendlies,South Korea,Venezuela,,1X2,HOME,0,2.625,35,0-0,oddsflow_handicap_sniper,APIFOOTBALL,50,LOST,-50
2026-10-02,Friendlies,South Korea,Venezuela,,1X2,HOME,0,2.625,35,0-0,oddsflow_active_trader,APIFOOTBALL,50,LOST,-50
2026-10-02,Club Friendlies,1. FC Heidenheim,Würzburger Kickers,,AH,AWAY,-1,1.85,35,2-0,oddsflow_handicap_sniper,APIFOOTBALL,50,WON,42.5
2026-10-02,Club Friendlies,1. FC Heidenheim,Würzburger Kickers,,AH,AWAY,-1,1.88,35,2-0,oddsflow_handicap_sniper,NOVA88,48,WON,42.24
2026-10-02,Club Friendlies,1. FC Heidenheim,Würzburger Kickers,,AH,AWAY,-1,1.85,35,2-0,oddsflow_active_trader,APIFOOTBALL,50,WON,42.5
2026-10-02,Club Friendlies,1. FC Heidenheim,Würzburger Kickers,,AH,AWAY,-1,1.88,35,2-0,oddsflow_active_trader,NOVA88,50,WON,44
2026-10-02,Club Friendlies,1. FC Heidenheim,Würzburger Kickers,,AH,AWAY,-1.25,1.775,40,2-0,oddsflow_handicap_sniper,APIFOOTBALL,50,WON,38.75
2026-10-02,Club Friendlies,1. FC Heidenheim,Würzburger Kickers,,AH,AWAY,-1.25,1.775,40,2-0,oddsflow_active_trader,APIFOOTBALL,50,WON,38.75
2026-10-02,Friendlies,China,Palestine,,AH,HOME,0.25,1.775,10,0-0,oddsflow_core_strategy,APIFOOTBALL,50,LOST,-50
2026-10-02,Friendlies,China,Palestine,,AH,HOME,0.25,1.84,10,0-0,oddsflow_core_strategy,NOVA88,22,LOST,-22
2026-10-02,Friendlies,China,Palestine,,AH,HOME,0,2.1,13,0-0,oddsflow_core_strategy,APIFOOTBALL,50,LOST,-50
2026-10-02,Friendlies,China,Palestine,,AH,HOME,-0.25,2.5,16,0-0,oddsflow_core_strategy,APIFOOTBALL,50,LOST,-50
2026-10-02,Club Friendlies,1. FC Heidenheim,Würzburger Kickers,,OU,UNDER,4.5,1.525,45,2-0,oddsflow_handicap_sniper,APIFOOTBALL,50,WON,26.25
2026-10-02,Club Friendlies,1. FC Heidenheim,Würzburger Kickers,,OU,UNDER,4.5,1.525,45,2-0,oddsflow_active_trader,APIFOOTBALL,50,WON,26.25
2026-10-02,Friendlies,South Korea,Venezuela,,AH,HOME,-0.5,2.6,45,0-0,oddsflow_active_trader,APIFOOTBALL,50,LOST,-50
2026-10-02,Friendlies,South Korea,Venezuela,,AH,HOME,-0.5,2.6,45,0-0,oddsflow_core_strategy,APIFOOTBALL,50,LOST,-50
2026-10-02,Friendlies,South Korea,Venezuela,,AH,HOME,-0.5,2.6,45,0-0,oddsflow_handicap_sniper,APIFOOTBALL,50,LOST,-50
2026-10-02,Club Friendlies,Sigma Olomouc,Žilina,,AH,AWAY,-0.75,1.825,10,0-0,oddsflow_core_strategy,APIFOOTBALL,50,LOST,-50
2026-10-02,Friendlies,China,Palestine,,AH,HOME,-0.25,2.05,35,0-2,oddsflow_beta,APIFOOTBALL,50,LOST,-50
2026-10-02,Friendlies,China,Palestine,,AH,HOME,-0.25,2.15,35,0-2,oddsflow_beta,NOVA88,36,LOST,-36
2026-10-02,Club Friendlies,Sigma Olomouc,Žilina,,AH,AWAY,-0.75,1.87,10,0-0,oddsflow_core_strategy,NOVA88,28,LOST,-28
2026-10-02,Friendlies,China,Palestine,,OU,OVER,3.5,1.95,35,0-2,oddsflow_beta,APIFOOTBALL,50,WON,47.5
2026-10-02,Friendlies,China,Palestine,,AH,HOME,-0.25,2.075,35,0-2,oddsflow_handicap_sniper,APIFOOTBALL,50,LOST,-50
2026-10-02,Friendlies,China,Palestine,,OU,OVER,3.5,1.95,35,0-2,oddsflow_handicap_sniper,APIFOOTBALL,50,WON,47.5
2026-10-02,Friendlies,China,Palestine,,AH,HOME,-0.25,2.075,35,0-2,oddsflow_active_trader,APIFOOTBALL,50,LOST,-50
2026-10-02,Friendlies,China,Palestine,,AH,HOME,-0.25,2.16,35,0-2,oddsflow_handicap_sniper,NOVA88,33,LOST,-33
2026-10-02,Friendlies,China,Palestine,,AH,HOME,-0.25,2.16,35,0-2,oddsflow_active_trader,NOVA88,34,LOST,-34
2026-10-02,Friendlies,China,Palestine,,OU,OVER,3.5,1.95,35,0-2,oddsflow_active_trader,APIFOOTBALL,50,WON,47.5
2026-10-02,Friendlies,China,Palestine,,AH,HOME,0,1.7,35,0-2,oddsflow_handicap_sniper,APIFOOTBALL,50,LOST,-50
2026-10-02,Friendlies,China,Palestine,,AH,HOME,0,1.7,35,0-2,oddsflow_active_trader,APIFOOTBALL,50,LOST,-50
2026-10-02,Friendlies,China,Palestine,,AH,HOME,0,1.7,35,0-2,oddsflow_beta,APIFOOTBALL,50,LOST,-50
2026-10-02,Club Friendlies,Mladost DG,Mornar,,AH,HOME,0.75,1.8,10,0-1,oddsflow_core_strategy,APIFOOTBALL,50,LOST,-50
2026-10-02,Club Friendlies,Mladost DG,Mornar,,AH,HOME,0.5,1.85,10,0-1,oddsflow_core_strategy,APIFOOTBALL,50,LOST,-50
2026-10-02,Club Friendlies,1. FC Heidenheim,Würzburger Kickers,,AH,AWAY,-0.75,2.075,55,2-0,oddsflow_core_strategy,APIFOOTBALL,50,WON,53.75
2026-10-02,Club Friendlies,1. FC Heidenheim,Würzburger Kickers,,AH,AWAY,-0.75,2.05,55,2-0,oddsflow_core_strategy,NOVA88,50,WON,52.5
2026-10-02,Club Friendlies,1. FC Heidenheim,Würzburger Kickers,,AH,AWAY,-0.75,2.075,55,2-0,oddsflow_handicap_sniper,APIFOOTBALL,50,WON,53.75
2026-10-02,Club Friendlies,1. FC Heidenheim,Würzburger Kickers,,AH,AWAY,-0.75,2.075,55,2-0,oddsflow_active_trader,APIFOOTBALL,50,WON,53.75
2026-10-02,Club Friendlies,1. FC Heidenheim,Würzburger Kickers,,AH,AWAY,-0.75,2.05,55,2-0,oddsflow_handicap_sniper,NOVA88,50,WON,52.5
2026-10-02,Club Friendlies,1. FC Heidenheim,Würzburger Kickers,,OU,UNDER,3.5,2,55,2-0,oddsflow_handicap_sniper,APIFOOTBALL,50,LOST,-50
2026-10-02,Club Friendlies,1. FC Heidenheim,Würzburger Kickers,,AH,AWAY,-0.75,2.05,55,2-0,oddsflow_active_trader,NOVA88,50,WON,52.5
2026-10-02,Club Friendlies,1. FC Heidenheim,Würzburger Kickers,,OU,UNDER,3.5,2,55,2-0,oddsflow_active_trader,APIFOOTBALL,50,LOST,-50
2026-10-02,Friendlies,China,Palestine,,OU,OVER,3.25,1.75,38,0-2,oddsflow_handicap_sniper,APIFOOTBALL,50,WON,37.5
2026-10-02,Friendlies,China,Palestine,,OU,OVER,3.25,1.75,38,0-2,oddsflow_active_trader,APIFOOTBALL,50,WON,37.5
2026-10-02,Friendlies,China,Palestine,,OU,OVER,3.5,2.11,38,0-2,oddsflow_handicap_sniper,NOVA88,50,WON,55.5
2026-10-02,Friendlies,China,Palestine,,OU,OVER,3.25,1.75,38,0-2,oddsflow_beta,APIFOOTBALL,50,WON,37.5
2026-10-02,Friendlies,South Korea,Venezuela,,1X2,DRAW,0,2.05,57,0-0,oddsflow_handicap_sniper,APIFOOTBALL,50,WON,52.5
2026-10-02,Friendlies,South Korea,Venezuela,,1X2,DRAW,0,2,59,0-0,oddsflow_active_trader,APIFOOTBALL,50,WON,50
2026-10-02,Club Friendlies,1. FC Heidenheim,Würzburger Kickers,,AH,AWAY,-0.5,2.025,61,2-0,oddsflow_core_strategy,APIFOOTBALL,50,WON,51.25
2026-10-02,Club Friendlies,1. FC Heidenheim,Würzburger Kickers,,AH,AWAY,-0.5,2.03,61,2-0,oddsflow_core_strategy,NOVA88,50,WON,51.5
2026-10-02,Club Friendlies,1. FC Heidenheim,Würzburger Kickers,,AH,AWAY,-0.5,2.025,61,2-0,oddsflow_handicap_sniper,APIFOOTBALL,50,WON,51.25
2026-10-02,Club Friendlies,1. FC Heidenheim,Würzburger Kickers,,AH,AWAY,-0.5,2.025,61,2-0,oddsflow_active_trader,APIFOOTBALL,50,WON,51.25
2026-10-02,Club Friendlies,1. FC Heidenheim,Würzburger Kickers,,AH,AWAY,-0.5,2.03,61,2-0,oddsflow_handicap_sniper,NOVA88,50,WON,51.5
2026-10-02,Club Friendlies,1. FC Heidenheim,Würzburger Kickers,,AH,AWAY,-0.5,2.03,61,2-0,oddsflow_active_trader,NOVA88,50,WON,51.5
2026-10-02,Friendlies,China,Palestine,,OU,OVER,3,1.575,45,0-2,oddsflow_handicap_sniper,APIFOOTBALL,50,WON,28.75
2026-10-02,Friendlies,China,Palestine,,OU,OVER,3,1.575,45,0-2,oddsflow_active_trader,APIFOOTBALL,50,WON,28.75
2026-10-02,Friendlies,China,Palestine,,OU,OVER,3.25,2.05,45,0-2,oddsflow_handicap_sniper,NOVA88,50,WON,52.5
2026-10-02,Friendlies,China,Palestine,,OU,OVER,3.25,2.05,45,0-2,oddsflow_active_trader,NOVA88,50,WON,52.5
2026-10-02,Friendlies,China,Palestine,,OU,OVER,3,1.575,45,0-2,oddsflow_beta,APIFOOTBALL,50,WON,28.75
2026-10-02,Friendlies,China,Palestine,,OU,OVER,3.25,2.05,45,0-2,oddsflow_beta,NOVA88,50,WON,52.5
2026-10-02,Friendlies,South Korea,Venezuela,,OU,OVER,0.5,1.725,66,0-0,oddsflow_handicap_sniper,APIFOOTBALL,50,LOST,-50
2026-10-02,Club Friendlies,Sigma Olomouc,Žilina,,AH,AWAY,-0.5,2,25,0-0,oddsflow_core_strategy,APIFOOTBALL,50,LOST,-50
2026-10-02,Club Friendlies,Sigma Olomouc,Žilina,,AH,AWAY,-0.5,2.02,25,0-0,oddsflow_core_strategy,NOVA88,29,LOST,-29
2026-10-02,Friendlies,South Korea,Venezuela,,AH,AWAY,0,2.35,70,0-0,oddsflow_core_strategy,APIFOOTBALL,50,VOID,0
2026-10-02,Friendlies,South Korea,Venezuela,,AH,AWAY,0,2.35,70,0-0,oddsflow_handicap_sniper,APIFOOTBALL,50,VOID,0
2026-10-02,Friendlies,South Korea,Venezuela,,AH,AWAY,0,2.35,70,0-0,oddsflow_active_trader,APIFOOTBALL,50,VOID,0
2026-10-02,Club Friendlies,Mladost DG,Mornar,,AH,HOME,1,2.025,33,0-2,oddsflow_core_strategy,APIFOOTBALL,50,LOST,-50
2026-10-02,Club Friendlies,Sigma Olomouc,Žilina,,AH,AWAY,-0.5,1.925,35,0-0,oddsflow_handicap_sniper,APIFOOTBALL,50,LOST,-50
2026-10-02,Club Friendlies,Sigma Olomouc,Žilina,,1X2,DRAW,0,3.4,35,0-0,oddsflow_handicap_sniper,APIFOOTBALL,50,LOST,-50
2026-10-02,Club Friendlies,Sigma Olomouc,Žilina,,AH,AWAY,-0.5,1.99,35,0-0,oddsflow_handicap_sniper,NOVA88,34,LOST,-34
2026-10-02,Club Friendlies,Sigma Olomouc,Žilina,,AH,AWAY,-0.5,1.925,35,0-0,oddsflow_active_trader,APIFOOTBALL,50,LOST,-50
2026-10-02,Club Friendlies,Sigma Olomouc,Žilina,,1X2,DRAW,0,3.2,35,0-0,oddsflow_handicap_sniper,NOVA88,15,LOST,-15
2026-10-02,Club Friendlies,Sigma Olomouc,Žilina,,AH,AWAY,-0.5,1.99,35,0-0,oddsflow_active_trader,NOVA88,34,LOST,-34
2026-10-02,Club Friendlies,Sigma Olomouc,Žilina,,1X2,DRAW,0,3.4,35,0-0,oddsflow_active_trader,APIFOOTBALL,50,LOST,-50
2026-10-02,Club Friendlies,Sigma Olomouc,Žilina,,1X2,DRAW,0,3.15,35,0-0,oddsflow_active_trader,NOVA88,15,LOST,-15
2026-10-02,Club Friendlies,1. FC Heidenheim,Würzburger Kickers,,AH,AWAY,-0.25,1.75,80,3-1,oddsflow_handicap_sniper,APIFOOTBALL,50,HALF_WON,18.75
2026-10-02,Club Friendlies,1. FC Heidenheim,Würzburger Kickers,,AH,AWAY,-0.25,1.75,80,3-1,oddsflow_active_trader,APIFOOTBALL,50,HALF_WON,18.75
2026-10-02,Club Friendlies,1. FC Heidenheim,Würzburger Kickers,,AH,AWAY,-0.25,1.76,80,3-1,oddsflow_handicap_sniper,NOVA88,31,HALF_WON,11.78
2026-10-02,Club Friendlies,1. FC Heidenheim,Würzburger Kickers,,AH,AWAY,-0.25,1.76,80,3-1,oddsflow_active_trader,NOVA88,29,HALF_WON,11.02
2026-10-02,Club Friendlies,1. FC Heidenheim,Würzburger Kickers,,AH,AWAY,-0.25,1.725,80,3-1,oddsflow_core_strategy,APIFOOTBALL,35,HALF_WON,12.69
2026-10-02,Club Friendlies,1. FC Heidenheim,Würzburger Kickers,,AH,AWAY,-0.25,1.76,80,3-1,oddsflow_core_strategy,NOVA88,27,HALF_WON,10.26
2026-10-02,Club Friendlies,Mladost DG,Mornar,,AH,HOME,1.25,1.975,38,0-2,oddsflow_active_trader,APIFOOTBALL,50,LOST,-50
2026-10-02,Club Friendlies,Sigma Olomouc,Žilina,,AH,AWAY,-0.25,2,39,1-0,oddsflow_active_trader,APIFOOTBALL,50,LOST,-50
2026-10-02,Club Friendlies,Sigma Olomouc,Žilina,,AH,AWAY,-0.25,2.03,39,1-0,oddsflow_active_trader,NOVA88,37,LOST,-37
2026-10-02,Club Friendlies,Sigma Olomouc,Žilina,,AH,AWAY,-0.25,2,39,1-0,oddsflow_handicap_sniper,APIFOOTBALL,50,LOST,-50
2026-10-02,Club Friendlies,Mladost DG,Mornar,,AH,HOME,1.25,1.975,38,0-2,oddsflow_handicap_sniper,APIFOOTBALL,50,LOST,-50
2026-10-02,Club Friendlies,Sigma Olomouc,Žilina,,AH,AWAY,-0.25,2.03,39,1-0,oddsflow_handicap_sniper,NOVA88,37,LOST,-37
2026-10-02,Club Friendlies,Mladost DG,Mornar,,AH,HOME,1.25,1.975,38,0-2,oddsflow_core_strategy,APIFOOTBALL,50,LOST,-50
2026-10-02,Club Friendlies,Sigma Olomouc,Žilina,,AH,AWAY,-0.25,2,39,1-0,oddsflow_core_strategy,APIFOOTBALL,50,LOST,-50
2026-10-02,Club Friendlies,Sigma Olomouc,Žilina,,AH,AWAY,-0.25,2.03,39,1-0,oddsflow_core_strategy,NOVA88,36,LOST,-36
2026-10-02,Club Friendlies,Mladost DG,Mornar,,AH,HOME,1,2.025,45,0-2,oddsflow_active_trader,APIFOOTBALL,50,LOST,-50
2026-10-02,Club Friendlies,Mladost DG,Mornar,,AH,HOME,1,2.025,45,0-2,oddsflow_handicap_sniper,APIFOOTBALL,50,LOST,-50
2026-10-02,Club Friendlies,Sigma Olomouc,Žilina,,AH,AWAY,0,2.75,45,1-0,oddsflow_handicap_sniper,APIFOOTBALL,50,LOST,-50
2026-10-02,Club Friendlies,Sigma Olomouc,Žilina,,AH,AWAY,0,2.75,45,1-0,oddsflow_core_strategy,APIFOOTBALL,50,LOST,-50
2026-10-02,Club Friendlies,Sigma Olomouc,Žilina,,AH,AWAY,0,2.75,45,1-0,oddsflow_active_trader,APIFOOTBALL,50,LOST,-50
2026-10-02,Club Friendlies,Sigma Olomouc,Žilina,,OU,UNDER,2.5,2,48,1-0,oddsflow_active_trader,APIFOOTBALL,50,LOST,-50
2026-10-02,Club Friendlies,Sigma Olomouc,Žilina,,OU,UNDER,2.5,2,48,1-0,oddsflow_handicap_sniper,APIFOOTBALL,50,LOST,-50
2026-10-02,Club Friendlies,SV Ried,SKU Amstetten,,AH,HOME,-0.5,1.85,10,0-0,oddsflow_core_strategy,APIFOOTBALL,50,LOST,-50
2026-10-02,Club Friendlies,HNK Gorica,Bravo,,AH,HOME,0.25,1.75,11,0-1,oddsflow_core_strategy,APIFOOTBALL,50,WON,37.5
2026-10-02,Club Friendlies,Grasshoppers,Yverdon Sport,,AH,AWAY,-0.5,1.95,38,0-0,oddsflow_core_strategy,APIFOOTBALL,50,WON,47.5
2026-10-02,Club Friendlies,HNK Gorica,Bravo,,AH,HOME,0,2.05,12,0-1,oddsflow_core_strategy,APIFOOTBALL,50,WON,52.5
2026-10-02,Club Friendlies,Sigma Olomouc,Žilina,,OU,UNDER,3,1.9,65,2-0,oddsflow_core_strategy,APIFOOTBALL,50,LOST,-50
2026-10-02,Club Friendlies,SV Ried,SKU Amstetten,,AH,HOME,-0.25,1.775,34,0-0,oddsflow_core_strategy,APIFOOTBALL,50,HALF_LOST,-25
2026-10-02,Club Friendlies,SV Ried,SKU Amstetten,,AH,HOME,-0.25,1.8,34,0-0,oddsflow_core_strategy,NOVA88,21,HALF_LOST,-10.5
2026-10-02,Club Friendlies,SV Ried,SKU Amstetten,,AH,HOME,-0.25,1.8,35,0-0,oddsflow_handicap_sniper,APIFOOTBALL,50,HALF_LOST,-25
2026-10-02,Club Friendlies,SV Ried,SKU Amstetten,,AH,HOME,-0.25,1.84,35,0-0,oddsflow_handicap_sniper,NOVA88,27,HALF_LOST,-13.5
2026-10-02,Club Friendlies,SV Ried,SKU Amstetten,,1X2,HOME,0,2.11,35,0-0,oddsflow_handicap_sniper,NOVA88,15,LOST,-15
2026-10-02,Club Friendlies,SV Ried,SKU Amstetten,,AH,HOME,-0.25,1.8,35,0-0,oddsflow_active_trader,APIFOOTBALL,50,HALF_LOST,-25
2026-10-02,Club Friendlies,SV Ried,SKU Amstetten,,AH,HOME,-0.25,1.84,35,0-0,oddsflow_active_trader,NOVA88,26,HALF_LOST,-13
2026-10-02,Club Friendlies,SV Ried,SKU Amstetten,,AH,HOME,-0.5,2,37,0-1,oddsflow_handicap_sniper,APIFOOTBALL,50,WON,50
2026-10-02,Club Friendlies,SV Ried,SKU Amstetten,,1X2,HOME,0,3.75,37,0-1,oddsflow_handicap_sniper,APIFOOTBALL,50,LOST,-50
2026-10-02,Club Friendlies,SV Ried,SKU Amstetten,,AH,HOME,-0.5,2.04,37,0-1,oddsflow_handicap_sniper,NOVA88,37,WON,38.48
2026-10-02,Club Friendlies,SV Ried,SKU Amstetten,,AH,HOME,-0.5,2,37,0-1,oddsflow_active_trader,APIFOOTBALL,50,WON,50
2026-10-02,Club Friendlies,SV Ried,SKU Amstetten,,AH,HOME,-0.5,2.04,37,0-1,oddsflow_active_trader,NOVA88,40,WON,41.6
2026-10-02,Friendlies,Albania U19,Lithuania U19,,AH,AWAY,-0.25,1.775,10,0-0,oddsflow_core_strategy,APIFOOTBALL,50,LOST,-50
2026-10-02,Club Friendlies,HNK Gorica,Bravo,,1X2,DRAW,0,2.6,44,1-1,oddsflow_handicap_sniper,APIFOOTBALL,50,WON,80
2026-10-02,Club Friendlies,Grasshoppers,Yverdon Sport,,OU,UNDER,2.5,2,55,0-1,oddsflow_active_trader,APIFOOTBALL,50,LOST,-50
2026-10-02,Club Friendlies,Grasshoppers,Yverdon Sport,,1X2,AWAY,0,1.727,55,0-1,oddsflow_active_trader,APIFOOTBALL,50,WON,36.35
2026-10-02,Club Friendlies,Grasshoppers,Yverdon Sport,,AH,HOME,-0.25,1.825,55,0-1,oddsflow_core_strategy,APIFOOTBALL,50,HALF_LOST,-25
2026-10-02,Club Friendlies,Grasshoppers,Yverdon Sport,,AH,HOME,-0.25,1.94,55,0-1,oddsflow_core_strategy,NOVA88,16,HALF_LOST,-8
2026-10-02,Club Friendlies,Grasshoppers,Yverdon Sport,,AH,HOME,-0.25,1.875,55,0-1,oddsflow_active_trader,APIFOOTBALL,50,HALF_LOST,-25
2026-10-02,Club Friendlies,Grasshoppers,Yverdon Sport,,AH,HOME,-0.25,1.94,55,0-1,oddsflow_active_trader,NOVA88,17,HALF_LOST,-8.5
2026-10-02,Club Friendlies,Grasshoppers,Yverdon Sport,,AH,HOME,-0.25,1.875,56,0-1,oddsflow_handicap_sniper,APIFOOTBALL,50,HALF_LOST,-25
2026-10-02,Club Friendlies,Grasshoppers,Yverdon Sport,,AH,HOME,-0.25,1.94,56,0-1,oddsflow_handicap_sniper,NOVA88,15,HALF_LOST,-7.5
2026-10-02,Club Friendlies,Wolfsberger AC,Voitsberg,,AH,HOME,-1,1.8,14,0-0,oddsflow_core_strategy,APIFOOTBALL,50,VOID,0
2026-10-02,Club Friendlies,Wolfsberger AC,Voitsberg,,AH,HOME,-1,1.85,14,0-0,oddsflow_core_strategy,NOVA88,29,VOID,0
2026-10-02,UAE League Cup,Al-Wasl FC,Al-Ittihad Kalba,,AH,HOME,-0.75,2.06,35,0-0,oddsflow_active_trader,NOVA88,19,WON,20.14
2026-10-02,UAE League Cup,Al-Wasl FC,Al-Ittihad Kalba,,AH,HOME,-0.75,2.06,35,0-0,oddsflow_handicap_sniper,NOVA88,18,WON,19.08
2026-10-02,Club Friendlies,Wolfsberger AC,Voitsberg,,AH,HOME,-0.75,1.8,18,0-0,oddsflow_core_strategy,APIFOOTBALL,50,HALF_WON,20
2026-10-02,Club Friendlies,Wolfsberger AC,Voitsberg,,AH,HOME,-0.75,1.84,18,0-0,oddsflow_core_strategy,NOVA88,43,HALF_WON,18.06
2026-10-02,UAE League Cup,Al-Wasl FC,Al-Ittihad Kalba,,AH,HOME,-1,2.54,37,0-0,oddsflow_active_trader,NOVA88,20,WON,30.8
2026-10-02,UAE League Cup,Al-Wasl FC,Al-Ittihad Kalba,,AH,HOME,-1,2.54,37,0-0,oddsflow_handicap_sniper,NOVA88,18,WON,27.72
2026-10-02,UAE League Cup,Al-Wasl FC,Al-Ittihad Kalba,,AH,HOME,-0.5,1.8,39,0-0,oddsflow_active_trader,NOVA88,16,WON,12.8
2026-10-02,UAE League Cup,Al-Wasl FC,Al-Ittihad Kalba,,1X2,HOME,0,1.8,41,0-0,oddsflow_handicap_sniper,NOVA88,15,WON,12
2026-10-02,UAE League Cup,Al-Wasl FC,Al-Ittihad Kalba,,AH,HOME,-0.5,1.84,41,0-0,oddsflow_handicap_sniper,NOVA88,15,WON,12.6
2026-10-02,Friendlies,Albania U19,Lithuania U19,,AH,AWAY,-0.5,1.775,25,0-0,oddsflow_core_strategy,APIFOOTBALL,50,LOST,-50
2026-10-02,UAE League Cup,Al-Wasl FC,Al-Ittihad Kalba,,1X2,HOME,0,1.97,43,0-0,oddsflow_active_trader,NOVA88,15,WON,14.55
2026-10-02,Club Friendlies,SV Ried,SKU Amstetten,,AH,AWAY,-1,1.975,50,0-1,oddsflow_handicap_sniper,APIFOOTBALL,50,VOID,0
2026-10-02,Club Friendlies,SV Ried,SKU Amstetten,,OU,UNDER,3.5,2.025,50,0-1,oddsflow_handicap_sniper,APIFOOTBALL,50,LOST,-50
2026-10-02,Club Friendlies,SV Ried,SKU Amstetten,,AH,AWAY,-1,1.975,50,0-1,oddsflow_core_strategy,APIFOOTBALL,50,VOID,0
2026-10-02,Club Friendlies,SV Ried,SKU Amstetten,,AH,AWAY,-1,1.975,50,0-1,oddsflow_active_trader,APIFOOTBALL,50,VOID,0
2026-10-02,Club Friendlies,SV Ried,SKU Amstetten,,OU,UNDER,3.5,2.025,50,0-1,oddsflow_active_trader,APIFOOTBALL,50,LOST,-50
2026-10-02,Club Friendlies,HNK Gorica,Bravo,,AH,AWAY,0,1.75,51,2-1,oddsflow_core_strategy,APIFOOTBALL,50,WON,37.5
2026-10-02,Club Friendlies,HNK Gorica,Bravo,,AH,AWAY,0,1.75,51,2-1,oddsflow_active_trader,APIFOOTBALL,50,WON,37.5
2026-10-02,Club Friendlies,HNK Gorica,Bravo,,AH,AWAY,0,1.75,51,2-1,oddsflow_handicap_sniper,APIFOOTBALL,50,WON,37.5
2026-10-02,Club Friendlies,Wolfsberger AC,Voitsberg,,AH,HOME,-0.5,1.85,32,1-0,oddsflow_core_strategy,APIFOOTBALL,50,LOST,-50
2026-10-02,Club Friendlies,Wolfsberger AC,Voitsberg,,AH,HOME,-0.5,1.89,32,1-0,oddsflow_core_strategy,NOVA88,22,LOST,-22
2026-10-02,Club Friendlies,SV Ried,SKU Amstetten,,1X2,HOME,0,2.4,51,1-1,oddsflow_active_trader,APIFOOTBALL,50,LOST,-50
2026-10-02,Club Friendlies,SV Ried,SKU Amstetten,,1X2,HOME,0,2.44,51,1-1,oddsflow_active_trader,NOVA88,15,LOST,-15
2026-10-02,Friendlies,Albania U19,Lithuania U19,,AH,AWAY,-0.5,2,35,0-1,oddsflow_active_trader,APIFOOTBALL,50,LOST,-50
2026-10-02,Friendlies,Albania U19,Lithuania U19,,AH,AWAY,-0.5,2,35,0-1,oddsflow_handicap_sniper,APIFOOTBALL,50,LOST,-50
2026-10-02,Friendlies,Albania U19,Lithuania U19,,1X2,AWAY,0,2,35,0-1,oddsflow_active_trader,APIFOOTBALL,50,LOST,-50
2026-10-02,Friendlies,Albania U19,Lithuania U19,,1X2,AWAY,0,2,35,0-1,oddsflow_handicap_sniper,APIFOOTBALL,50,LOST,-50
2026-10-02,Club Friendlies,Grasshoppers,Yverdon Sport,,AH,AWAY,0,2.25,76,1-3,oddsflow_active_trader,APIFOOTBALL,50,LOST,-50
2026-10-02,Club Friendlies,HNK Gorica,Bravo,,AH,AWAY,0.25,2.35,53,2-1,oddsflow_active_trader,APIFOOTBALL,50,WON,67.5
2026-10-02,Club Friendlies,HNK Gorica,Bravo,,AH,AWAY,0.25,2.35,53,2-1,oddsflow_handicap_sniper,APIFOOTBALL,50,WON,67.5
2026-10-02,Club Friendlies,HNK Gorica,Bravo,,AH,AWAY,0.25,2.35,53,2-1,oddsflow_core_strategy,APIFOOTBALL,50,WON,67.5
2026-10-02,Club Friendlies,Grasshoppers,Yverdon Sport,,AH,AWAY,0,2.15,77,1-3,oddsflow_core_strategy,APIFOOTBALL,35,LOST,-35
2026-10-02,Club Friendlies,Grasshoppers,Yverdon Sport,,AH,AWAY,0,2.2,77,1-3,oddsflow_core_strategy,NOVA88,15,LOST,-15
2026-10-02,Club Friendlies,SV Ried,SKU Amstetten,,AH,HOME,0,1.725,53,1-1,oddsflow_core_strategy,APIFOOTBALL,50,VOID,0
2026-10-02,Club Friendlies,SV Ried,SKU Amstetten,,AH,HOME,0,1.725,53,1-1,oddsflow_handicap_sniper,APIFOOTBALL,50,VOID,0
2026-10-02,Club Friendlies,SV Ried,SKU Amstetten,,AH,HOME,0,1.725,53,1-1,oddsflow_active_trader,APIFOOTBALL,50,VOID,0
2026-10-02,Club Friendlies,Grasshoppers,Yverdon Sport,,AH,AWAY,0,2.1,79,1-3,oddsflow_handicap_sniper,APIFOOTBALL,50,LOST,-50
2026-10-02,Club Friendlies,Grasshoppers,Yverdon Sport,,AH,AWAY,0,2.18,79,1-3,oddsflow_handicap_sniper,NOVA88,15,LOST,-15
2026-10-02,Club Friendlies,SV Ried,SKU Amstetten,,1X2,DRAW,0,3.3,56,1-1,oddsflow_handicap_sniper,NOVA88,20,WON,46
2026-10-02,Club Friendlies,SV Ried,SKU Amstetten,,1X2,DRAW,0,3.3,56,1-1,oddsflow_active_trader,NOVA88,15,WON,34.5
2026-10-02,Club Friendlies,HNK Gorica,Bravo,,1X2,DRAW,0,2.1,59,2-2,oddsflow_active_trader,APIFOOTBALL,50,WON,55
2026-10-02,Club Friendlies,Wolfsberger AC,Voitsberg,,AH,AWAY,-0.5,2,40,2-0,oddsflow_core_strategy,APIFOOTBALL,50,WON,50
2026-10-02,Club Friendlies,Wolfsberger AC,Voitsberg,,AH,AWAY,-0.5,1.975,41,2-0,oddsflow_active_trader,APIFOOTBALL,50,WON,48.75
2026-10-02,Club Friendlies,Wolfsberger AC,Voitsberg,,AH,AWAY,-0.5,2,41,2-0,oddsflow_active_trader,NOVA88,15,WON,15
2026-10-02,Club Friendlies,SV Ried,SKU Amstetten,,OU,UNDER,4.5,1.775,60,1-2,oddsflow_active_trader,APIFOOTBALL,50,LOST,-50
2026-10-02,Club Friendlies,SV Ried,SKU Amstetten,,OU,UNDER,4.5,1.775,60,1-2,oddsflow_handicap_sniper,APIFOOTBALL,50,LOST,-50
2026-10-02,UEFA Nations League,Kazakhstan,Moldova,,AH,HOME,-0.5,1.9,15,0-0,oddsflow_core_strategy,APIFOOTBALL,50,LOST,-50
2026-10-02,Club Friendlies,Karviná,Stal Rzeszów,,AH,AWAY,-1,1.875,14,0-1,oddsflow_core_strategy,APIFOOTBALL,50,VOID,0
2026-10-02,Friendlies,Montenegro U19,Israel U19,,AH,HOME,0,1.925,16,0-1,oddsflow_core_strategy,APIFOOTBALL,50,LOST,-50
2026-10-02,Club Friendlies,Karviná,Stal Rzeszów,,AH,AWAY,-1,1.85,14,0-1,oddsflow_core_strategy,NOVA88,15,VOID,0
2026-10-02,Club Friendlies,Wolfsberger AC,Voitsberg,,AH,AWAY,-0.5,1.925,45,2-0,oddsflow_handicap_sniper,APIFOOTBALL,50,WON,46.25
2026-10-02,Club Friendlies,Wolfsberger AC,Voitsberg,,AH,AWAY,-0.5,1.98,45,2-0,oddsflow_handicap_sniper,NOVA88,15,WON,14.7
2026-10-02,Club Friendlies,SV Ried,SKU Amstetten,,1X2,DRAW,0,2.4,64,2-2,oddsflow_handicap_sniper,APIFOOTBALL,50,WON,70
2026-10-02,Club Friendlies,SV Ried,SKU Amstetten,,1X2,DRAW,0,2.4,64,2-2,oddsflow_active_trader,APIFOOTBALL,50,WON,70
2026-10-02,UEFA Nations League,Kazakhstan,Moldova,,AH,HOME,-0.25,1.775,18,0-0,oddsflow_core_strategy,APIFOOTBALL,50,LOST,-50
2026-10-02,UEFA Nations League,Kazakhstan,Moldova,,AH,HOME,-0.25,1.87,18,0-0,oddsflow_core_strategy,NOVA88,23,LOST,-23
2026-10-02,Friendlies,Albania U19,Lithuania U19,,AH,AWAY,-0.75,1.8,45,0-1,oddsflow_active_trader,APIFOOTBALL,50,LOST,-50
2026-10-02,Friendlies,Albania U19,Lithuania U19,,AH,AWAY,-0.75,1.8,45,0-1,oddsflow_core_strategy,APIFOOTBALL,50,LOST,-50
2026-10-02,Friendlies,Albania U19,Lithuania U19,,AH,AWAY,-0.75,1.8,45,0-1,oddsflow_handicap_sniper,APIFOOTBALL,50,LOST,-50
2026-10-02,UAE League Cup,Al Ain,Ajman,,AH,HOME,-0.75,2.08,52,1-2,oddsflow_active_trader,NOVA88,15,LOST,-15
2026-10-02,Club Friendlies,SV Ried,SKU Amstetten,,AH,AWAY,0,2.375,76,2-2,oddsflow_core_strategy,APIFOOTBALL,35,VOID,0
2026-10-02,Club Friendlies,SV Ried,SKU Amstetten,,AH,AWAY,0,2.375,76,2-2,oddsflow_active_trader,APIFOOTBALL,50,VOID,0
2026-10-02,Club Friendlies,SV Ried,SKU Amstetten,,AH,AWAY,0,2.375,76,2-2,oddsflow_handicap_sniper,APIFOOTBALL,50,VOID,0
2026-10-02,Club Friendlies,HNK Gorica,Bravo,,AH,HOME,0,2.075,76,2-2,oddsflow_handicap_sniper,APIFOOTBALL,50,VOID,0
2026-10-02,Club Friendlies,HNK Gorica,Bravo,,AH,HOME,0,2.075,76,2-2,oddsflow_active_trader,APIFOOTBALL,50,VOID,0
2026-10-02,Club Friendlies,Wolfsberger AC,Voitsberg,,AH,AWAY,-0.75,1.73,46,2-0,oddsflow_active_trader,NOVA88,15,WON,10.95
2026-10-02,Club Friendlies,Wolfsberger AC,Voitsberg,,AH,AWAY,-0.75,1.73,46,2-0,oddsflow_handicap_sniper,NOVA88,15,WON,10.95
2026-10-02,Friendlies,Montenegro U19,Israel U19,,AH,HOME,0,1.75,35,0-2,oddsflow_handicap_sniper,APIFOOTBALL,50,VOID,0
2026-10-02,Friendlies,Montenegro U19,Israel U19,,AH,HOME,0,1.75,35,0-2,oddsflow_active_trader,APIFOOTBALL,50,VOID,0
2026-10-02,UEFA Nations League,Kazakhstan,Moldova,,1X2,HOME,0,2.2,35,0-0,oddsflow_handicap_sniper,APIFOOTBALL,50,LOST,-50
2026-10-02,UEFA Nations League,Kazakhstan,Moldova,,1X2,HOME,0,2.26,35,0-0,oddsflow_handicap_sniper,NOVA88,15,LOST,-15
2026-10-02,UEFA Nations League,Kazakhstan,Moldova,,AH,HOME,-0.25,1.825,35,0-0,oddsflow_active_trader,APIFOOTBALL,50,LOST,-50
2026-10-02,Club Friendlies,Karviná,Stal Rzeszów,,AH,AWAY,-0.75,2.025,34,0-1,oddsflow_core_strategy,APIFOOTBALL,50,HALF_LOST,-25
2026-10-02,Club Friendlies,Karviná,Stal Rzeszów,,AH,AWAY,-0.75,2.025,35,0-1,oddsflow_active_trader,APIFOOTBALL,50,HALF_LOST,-25
2026-10-02,Club Friendlies,Karviná,Stal Rzeszów,,1X2,AWAY,0,2.35,35,0-1,oddsflow_active_trader,NOVA88,15,LOST,-15
2026-10-02,Club Friendlies,Karviná,Stal Rzeszów,,AH,AWAY,-0.75,2.025,35,0-1,oddsflow_handicap_sniper,APIFOOTBALL,50,HALF_LOST,-25
2026-10-02,Club Friendlies,Karviná,Stal Rzeszów,,1X2,AWAY,0,2.35,35,0-1,oddsflow_handicap_sniper,NOVA88,23,LOST,-23
2026-10-02,Club Friendlies,Karviná,Stal Rzeszów,,OU,UNDER,3.5,1.775,36,0-1,oddsflow_handicap_sniper,APIFOOTBALL,50,WON,38.75
2026-10-02,Club Friendlies,Karviná,Stal Rzeszów,,OU,UNDER,3.5,1.775,36,0-1,oddsflow_active_trader,APIFOOTBALL,50,WON,38.75
2026-10-02,Club Friendlies,Wolfsberger AC,Voitsberg,,OU,UNDER,4.5,2.025,53,2-1,oddsflow_active_trader,APIFOOTBALL,50,WON,51.25
2026-10-02,Club Friendlies,Wolfsberger AC,Voitsberg,,OU,UNDER,4.5,2.025,53,2-1,oddsflow_handicap_sniper,APIFOOTBALL,50,WON,51.25
2026-10-02,Club Friendlies,Wolfsberger AC,Voitsberg,,AH,HOME,-0.25,1.8,54,2-1,oddsflow_core_strategy,APIFOOTBALL,50,HALF_LOST,-25
2026-10-02,Club Friendlies,Wolfsberger AC,Voitsberg,,AH,HOME,-0.25,1.88,54,2-1,oddsflow_core_strategy,NOVA88,15,HALF_LOST,-7.5
2026-10-02,Club Friendlies,Wolfsberger AC,Voitsberg,,AH,HOME,-0.25,1.8,54,2-1,oddsflow_handicap_sniper,APIFOOTBALL,50,HALF_LOST,-25
2026-10-02,Club Friendlies,Wolfsberger AC,Voitsberg,,AH,HOME,-0.25,1.88,54,2-1,oddsflow_handicap_sniper,NOVA88,16,HALF_LOST,-8
2026-10-02,Club Friendlies,Wolfsberger AC,Voitsberg,,AH,HOME,-0.25,1.8,54,2-1,oddsflow_active_trader,APIFOOTBALL,50,HALF_LOST,-25
2026-10-02,Club Friendlies,Wolfsberger AC,Voitsberg,,AH,HOME,-0.25,1.88,54,2-1,oddsflow_active_trader,NOVA88,15,HALF_LOST,-7.5
2026-10-02,Club Friendlies,Karviná,Stal Rzeszów,,1X2,AWAY,0,2.3,37,0-1,oddsflow_handicap_sniper,APIFOOTBALL,50,LOST,-50
2026-10-02,Club Friendlies,Karviná,Stal Rzeszów,,1X2,AWAY,0,2.3,38,0-1,oddsflow_active_trader,APIFOOTBALL,50,LOST,-50
2026-10-02,Friendlies,Albania U19,Lithuania U19,,OU,UNDER,2.5,1.75,49,0-1,oddsflow_active_trader,APIFOOTBALL,50,LOST,-50
2026-10-02,Friendlies,Montenegro U19,Israel U19,,OU,UNDER,3.5,2,40,0-2,oddsflow_active_trader,APIFOOTBALL,50,WON,50
2026-10-02,Friendlies,Albania U19,Lithuania U19,,OU,UNDER,2.5,1.75,49,0-1,oddsflow_handicap_sniper,APIFOOTBALL,50,LOST,-50
2026-10-02,Friendlies,Montenegro U19,Israel U19,,OU,UNDER,3.5,2,40,0-2,oddsflow_handicap_sniper,APIFOOTBALL,50,WON,50
2026-10-02,Club Friendlies,Karviná,Stal Rzeszów,,1X2,DRAW,0,3.5,40,1-1,oddsflow_handicap_sniper,APIFOOTBALL,50,WON,125
2026-10-02,Club Friendlies,Karviná,Stal Rzeszów,,1X2,DRAW,0,3.25,40,1-1,oddsflow_handicap_sniper,NOVA88,15,WON,33.75
2026-10-02,Club Friendlies,Wolfsberger AC,Voitsberg,,AH,HOME,-0.75,2.75,58,2-1,oddsflow_active_trader,APIFOOTBALL,50,LOST,-50
2026-10-02,Club Friendlies,Karviná,Stal Rzeszów,,1X2,DRAW,0,3.3,44,1-1,oddsflow_active_trader,NOVA88,15,WON,34.5
2026-10-02,UAE League Cup,Al Ain,Ajman,,AH,AWAY,-0.5,1.74,70,1-3,oddsflow_active_trader,NOVA88,15,LOST,-15
2026-10-02,UAE League Cup,Al Ain,Ajman,,AH,AWAY,-0.5,1.74,70,1-3,oddsflow_handicap_sniper,NOVA88,15,LOST,-15
2026-10-02,UAE League Cup,Al Ain,Ajman,,AH,AWAY,-0.25,2.14,70,1-3,oddsflow_active_trader,NOVA88,15,LOST,-15
2026-10-02,UAE League Cup,Al Ain,Ajman,,AH,AWAY,-0.25,2.15,71,1-3,oddsflow_handicap_sniper,NOVA88,15,LOST,-15
2026-10-02,Club Friendlies,Karviná,Stal Rzeszów,,1X2,DRAW,0,3.5,45,1-1,oddsflow_active_trader,APIFOOTBALL,50,WON,125
2026-10-02,UAE League Cup,Al-Wasl FC,Al-Ittihad Kalba,,AH,AWAY,0,2.43,74,2-0,oddsflow_handicap_sniper,NOVA88,20,LOST,-20
2026-10-02,UAE League Cup,Al-Wasl FC,Al-Ittihad Kalba,,AH,AWAY,0,2.43,74,2-0,oddsflow_active_trader,NOVA88,19,LOST,-19
2026-10-02,Friendlies,Albania U19,Lithuania U19,,1X2,DRAW,0,2.3,60,1-1,oddsflow_handicap_sniper,APIFOOTBALL,50,LOST,-50
2026-10-02,Friendlies,Albania U19,Lithuania U19,,1X2,DRAW,0,2.3,60,1-1,oddsflow_active_trader,APIFOOTBALL,50,LOST,-50
2026-10-02,Friendlies,Albania U19,Lithuania U19,,AH,AWAY,-0.25,2.075,61,1-1,oddsflow_handicap_sniper,APIFOOTBALL,50,LOST,-50
2026-10-02,Friendlies,Albania U19,Lithuania U19,,AH,AWAY,-0.25,2.075,61,1-1,oddsflow_active_trader,APIFOOTBALL,50,LOST,-50
2026-10-02,Friendlies,Albania U19,Lithuania U19,,OU,OVER,3,2,61,1-1,oddsflow_core_strategy,APIFOOTBALL,50,VOID,0
2026-10-02,Club Friendlies,Karviná,Stal Rzeszów,,AH,AWAY,-0.5,2.22,45,1-1,oddsflow_handicap_sniper,NOVA88,50,WON,61
2026-10-02,Club Friendlies,Karviná,Stal Rzeszów,,AH,AWAY,-0.5,2.22,45,1-1,oddsflow_active_trader,NOVA88,50,WON,61
2026-10-02,Club Friendlies,FC Aarau,Young Boys,,AH,HOME,1,2.35,26,0-0,oddsflow_core_strategy,APIFOOTBALL,50,VOID,0
2026-10-02,Club Friendlies,Wolfsberger AC,Voitsberg,,AH,AWAY,0,2.6,72,2-1,oddsflow_handicap_sniper,APIFOOTBALL,50,VOID,0
2026-10-02,Club Friendlies,Wolfsberger AC,Voitsberg,,AH,AWAY,0,2.6,72,2-1,oddsflow_active_trader,APIFOOTBALL,50,VOID,0
2026-10-02,Club Friendlies,Wolfsberger AC,Voitsberg,,AH,AWAY,0,2.6,72,2-1,oddsflow_core_strategy,APIFOOTBALL,50,VOID,0
2026-10-02,Friendlies,Montenegro U19,Israel U19,,AH,HOME,-0.25,2.3,47,0-2,oddsflow_handicap_sniper,APIFOOTBALL,50,HALF_LOST,-25
2026-10-02,Friendlies,Montenegro U19,Israel U19,,AH,HOME,-0.25,2.3,48,0-2,oddsflow_active_trader,APIFOOTBALL,50,HALF_LOST,-25
2026-10-02,Friendlies,Montenegro U19,Israel U19,,AH,HOME,-0.25,2.3,48,0-2,oddsflow_core_strategy,APIFOOTBALL,50,HALF_LOST,-25
2026-10-02,Club Friendlies,FC Aarau,Young Boys,,1X2,AWAY,0,1.533,38,0-0,oddsflow_handicap_sniper,APIFOOTBALL,50,WON,26.65
2026-10-02,Club Friendlies,FC Aarau,Young Boys,,1X2,AWAY,0,1.533,38,0-0,oddsflow_active_trader,APIFOOTBALL,50,WON,26.65
2026-10-02,UEFA Nations League,Kazakhstan,Moldova,,AH,HOME,-0.25,1.825,51,0-2,oddsflow_beta,APIFOOTBALL,50,WON,41.25
2026-10-02,UEFA Nations League,Kazakhstan,Moldova,,AH,HOME,-0.25,1.92,51,0-2,oddsflow_beta,NOVA88,15,WON,13.8
2026-10-02,Friendlies,Albania U19,Lithuania U19,,AH,AWAY,0,2.675,83,2-1,oddsflow_core_strategy,APIFOOTBALL,35,VOID,0
2026-10-02,Club Friendlies,FC Aarau,Young Boys,,AH,HOME,0.75,1.97,44,0-1,oddsflow_active_trader,NOVA88,18,WON,17.46
2026-10-02,Club Friendlies,FC Aarau,Young Boys,,AH,HOME,0.75,1.97,44,0-1,oddsflow_handicap_sniper,NOVA88,18,WON,17.46
2026-10-02,Club Friendlies,Karviná,Stal Rzeszów,,AH,AWAY,-0.5,2.025,55,1-1,oddsflow_core_strategy,APIFOOTBALL,50,WON,51.25
2026-10-02,Club Friendlies,Karviná,Stal Rzeszów,,AH,AWAY,-0.5,2.06,55,1-1,oddsflow_core_strategy,NOVA88,50,WON,53
2026-10-02,Club Friendlies,Karviná,Stal Rzeszów,,AH,AWAY,-0.5,2.025,55,1-1,oddsflow_active_trader,APIFOOTBALL,50,WON,51.25
2026-10-02,Club Friendlies,Karviná,Stal Rzeszów,,AH,AWAY,-0.5,2.025,55,1-1,oddsflow_handicap_sniper,APIFOOTBALL,50,WON,51.25
2026-10-02,Club Friendlies,FC Aarau,Young Boys,,AH,HOME,0.75,1.9,45,0-1,oddsflow_active_trader,APIFOOTBALL,50,WON,45
2026-10-02,Club Friendlies,FC Aarau,Young Boys,,AH,HOME,0.75,1.9,45,0-1,oddsflow_core_strategy,APIFOOTBALL,50,WON,45
2026-10-02,Club Friendlies,FC Aarau,Young Boys,,AH,HOME,0.75,1.9,45,0-1,oddsflow_handicap_sniper,APIFOOTBALL,50,WON,45
2026-10-02,Club Friendlies,FC Aarau,Young Boys,,AH,HOME,0.75,1.96,45,0-1,oddsflow_core_strategy,NOVA88,18,WON,17.28
2026-10-02,Friendlies,Montenegro U19,Israel U19,,OU,OVER,3,2,62,0-2,oddsflow_core_strategy,APIFOOTBALL,50,LOST,-50
2026-10-02,UEFA Nations League,Kazakhstan,Moldova,,1X2,AWAY,0,1.533,64,1-2,oddsflow_active_trader,APIFOOTBALL,50,WON,26.65
2026-10-02,UEFA Nations League,Kazakhstan,Moldova,,1X2,AWAY,0,1.533,64,1-2,oddsflow_handicap_sniper,APIFOOTBALL,50,WON,26.65
2026-10-02,Club Friendlies,Karviná,Stal Rzeszów,,OU,UNDER,3.25,1.725,65,1-1,oddsflow_core_strategy,APIFOOTBALL,50,WON,36.25
2026-10-02,UEFA Nations League,Kazakhstan,Moldova,,AH,AWAY,-0.25,1.85,66,1-2,oddsflow_core_strategy,APIFOOTBALL,50,HALF_WON,21.25
2026-10-02,UEFA Nations League,Kazakhstan,Moldova,,OU,OVER,4,2.1,66,1-2,oddsflow_core_strategy,APIFOOTBALL,50,LOST,-50
2026-10-02,UEFA Nations League,Kazakhstan,Moldova,,AH,AWAY,-0.25,1.875,66,1-2,oddsflow_active_trader,APIFOOTBALL,50,HALF_WON,21.88
2026-10-02,UEFA Nations League,Kazakhstan,Moldova,,AH,AWAY,-0.25,1.93,66,1-2,oddsflow_active_trader,NOVA88,15,HALF_WON,6.98
2026-10-02,UEFA Nations League,Kazakhstan,Moldova,,AH,AWAY,-0.25,1.875,67,1-2,oddsflow_handicap_sniper,APIFOOTBALL,50,HALF_WON,21.88
2026-10-02,UEFA Nations League,Kazakhstan,Moldova,,AH,AWAY,-0.25,1.88,67,1-2,oddsflow_handicap_sniper,NOVA88,15,HALF_WON,6.6
2026-10-02,Club Friendlies,Karviná,Stal Rzeszów,,AH,AWAY,-0.25,2.025,69,1-1,oddsflow_active_trader,APIFOOTBALL,50,HALF_WON,25.62
2026-10-02,Club Friendlies,Karviná,Stal Rzeszów,,AH,AWAY,-0.25,2.025,69,1-1,oddsflow_handicap_sniper,APIFOOTBALL,50,HALF_WON,25.62
2026-10-02,Club Friendlies,Karviná,Stal Rzeszów,,AH,AWAY,-0.25,2.02,69,1-1,oddsflow_active_trader,NOVA88,33,HALF_WON,16.83
2026-10-02,Club Friendlies,Karviná,Stal Rzeszów,,AH,AWAY,-0.25,2.02,69,1-1,oddsflow_handicap_sniper,NOVA88,35,HALF_WON,17.85
2026-10-02,Club Friendlies,Karviná,Stal Rzeszów,,AH,AWAY,-0.25,2.025,69,1-1,oddsflow_core_strategy,APIFOOTBALL,50,HALF_WON,25.62
2026-10-02,Club Friendlies,Karviná,Stal Rzeszów,,AH,AWAY,-0.25,2.02,69,1-1,oddsflow_core_strategy,NOVA88,35,HALF_WON,17.85
2026-10-02,UEFA Nations League,Kazakhstan,Moldova,,AH,AWAY,0,2.375,80,1-2,oddsflow_active_trader,APIFOOTBALL,50,VOID,0
2026-10-02,UEFA Nations League,Kazakhstan,Moldova,,AH,AWAY,0,2.375,80,1-2,oddsflow_core_strategy,APIFOOTBALL,35,VOID,0
2026-10-02,UEFA Nations League,Kazakhstan,Moldova,,AH,AWAY,0,2.375,80,1-2,oddsflow_handicap_sniper,APIFOOTBALL,50,VOID,0
2026-10-02,Club Friendlies,FC Aarau,Young Boys,,OU,UNDER,3.5,2,56,0-2,oddsflow_active_trader,APIFOOTBALL,50,WON,50
2026-10-02,Club Friendlies,FC Aarau,Young Boys,,OU,UNDER,3.5,2.04,56,0-2,oddsflow_active_trader,NOVA88,50,WON,52
2026-10-02,Club Friendlies,FC Aarau,Young Boys,,OU,UNDER,3.5,2,57,0-2,oddsflow_handicap_sniper,APIFOOTBALL,50,WON,50
2026-10-02,Club Friendlies,FC Aarau,Young Boys,,OU,UNDER,3.5,2.04,57,0-2,oddsflow_handicap_sniper,NOVA88,50,WON,52
2026-10-02,Club Friendlies,FC Aarau,Young Boys,,AH,HOME,0.5,2.025,59,0-2,oddsflow_handicap_sniper,APIFOOTBALL,50,WON,51.25
2026-10-02,Club Friendlies,FC Aarau,Young Boys,,AH,HOME,0.5,2.09,59,0-2,oddsflow_handicap_sniper,NOVA88,49,WON,53.41
2026-10-02,Club Friendlies,FC Aarau,Young Boys,,AH,HOME,0.5,2.025,59,0-2,oddsflow_core_strategy,APIFOOTBALL,50,WON,51.25
2026-10-02,Club Friendlies,FC Aarau,Young Boys,,AH,HOME,0.5,2.09,59,0-2,oddsflow_core_strategy,NOVA88,46,WON,50.14
2026-10-02,Club Friendlies,FC Aarau,Young Boys,,AH,HOME,0.5,2.025,59,0-2,oddsflow_active_trader,APIFOOTBALL,50,WON,51.25
2026-10-02,Club Friendlies,FC Aarau,Young Boys,,AH,HOME,0.5,2.09,59,0-2,oddsflow_active_trader,NOVA88,45,WON,49.05
2026-10-02,Club Friendlies,FC Aarau,Young Boys,,OU,UNDER,3.25,1.85,65,0-2,oddsflow_core_strategy,APIFOOTBALL,50,HALF_WON,21.25
2026-10-02,Club Friendlies,FC Aarau,Young Boys,,AH,HOME,0.25,2.1,70,0-2,oddsflow_active_trader,APIFOOTBALL,50,WON,55
2026-10-02,Club Friendlies,FC Aarau,Young Boys,,AH,HOME,0.25,2.18,70,0-2,oddsflow_active_trader,NOVA88,40,WON,47.2
2026-10-02,Club Friendlies,FC Aarau,Young Boys,,AH,HOME,0.25,2.1,70,0-2,oddsflow_handicap_sniper,APIFOOTBALL,50,WON,55
2026-10-02,Club Friendlies,FC Aarau,Young Boys,,AH,HOME,0.25,2.12,70,0-2,oddsflow_handicap_sniper,NOVA88,35,WON,39.2
2026-10-02,Club Friendlies,FC Aarau,Young Boys,,AH,HOME,0.25,2.1,70,0-2,oddsflow_core_strategy,APIFOOTBALL,50,WON,55
2026-10-02,Club Friendlies,FC Aarau,Young Boys,,AH,HOME,0.25,2.12,70,0-2,oddsflow_core_strategy,NOVA88,35,WON,39.2
2026-10-02,UAE League Cup,Shabab Al Ahli Dubai,Al Nasr,,AH,HOME,-0.25,1.825,10,0-0,oddsflow_core_strategy,APIFOOTBALL,50,HALF_LOST,-25
2026-10-02,UAE League Cup,Shabab Al Ahli Dubai,Al Nasr,,AH,HOME,-0.5,1.975,10,0-0,oddsflow_core_strategy,APIFOOTBALL,50,LOST,-50
2026-10-02,UAE League Cup,Shabab Al Ahli Dubai,Al Nasr,,AH,HOME,-0.5,2.04,10,0-0,oddsflow_core_strategy,NOVA88,30,LOST,-30
2026-10-02,UAE League Cup,Shabab Al Ahli Dubai,Al Nasr,,AH,HOME,-0.75,1.975,17,0-1,oddsflow_core_strategy,APIFOOTBALL,50,HALF_WON,24.38
2026-10-02,UAE League Cup,Khorfakkan,Al-Jazira,,AH,HOME,1.25,1.9,19,0-0,oddsflow_core_strategy,APIFOOTBALL,50,LOST,-50
2026-10-02,UAE League Cup,Khorfakkan,Al-Jazira,,AH,HOME,1.25,1.92,19,0-0,oddsflow_core_strategy,NOVA88,23,LOST,-23
2026-10-02,UAE League Cup,Shabab Al Ahli Dubai,Al Nasr,,AH,HOME,-1,1.95,21,0-1,oddsflow_core_strategy,APIFOOTBALL,50,VOID,0
2026-10-02,UAE League Cup,Shabab Al Ahli Dubai,Al Nasr,,AH,HOME,-1,2.03,21,0-1,oddsflow_core_strategy,NOVA88,15,VOID,0
2026-10-02,UAE League Cup,Khorfakkan,Al-Jazira,,AH,HOME,1,2,21,0-0,oddsflow_core_strategy,APIFOOTBALL,50,LOST,-50
2026-10-02,UAE League Cup,Khorfakkan,Al-Jazira,,AH,HOME,1,2.03,21,0-0,oddsflow_core_strategy,NOVA88,15,LOST,-15
2026-10-02,Friendlies,England U19,USA U19,,AH,HOME,-0.75,1.925,10,1-1,oddsflow_core_strategy,APIFOOTBALL,50,HALF_WON,23.13
2026-10-02,Club Friendlies,Rapid,Genoa,,AH,AWAY,-0.25,1.875,10,0-0,oddsflow_core_strategy,APIFOOTBALL,50,LOST,-50
2026-10-02,Club Friendlies,Grenoble,Stade Lausanne-Ouchy,,AH,HOME,0,1.975,10,0-0,oddsflow_core_strategy,APIFOOTBALL,50,VOID,0
2026-10-02,Club Friendlies,Grenoble,Stade Lausanne-Ouchy,,AH,HOME,0,2.01,10,0-0,oddsflow_core_strategy,NOVA88,23,VOID,0
2026-10-02,Club Friendlies,1. FC Kaiserslautern,SG Sonnenhof Grossaspach,,AH,AWAY,-1.25,2,10,0-0,oddsflow_core_strategy,APIFOOTBALL,50,WON,50
2026-10-02,Club Friendlies,1. FC Kaiserslautern,SG Sonnenhof Grossaspach,,AH,AWAY,-1.25,2.06,10,0-0,oddsflow_core_strategy,NOVA88,20,WON,21.2
2026-10-02,UEFA Nations League,Latvia,Montenegro,,AH,HOME,0.5,1.95,10,0-1,oddsflow_core_strategy,APIFOOTBALL,50,WON,47.5
2026-10-02,UEFA Nations League,Latvia,Montenegro,,AH,HOME,0.5,2.05,10,0-1,oddsflow_core_strategy,NOVA88,25,WON,26.25
2026-10-02,UEFA Nations League,Cyprus,Armenia,,AH,AWAY,-0.5,1.85,10,0-0,oddsflow_core_strategy,APIFOOTBALL,50,LOST,-50
2026-10-02,Club Friendlies,Rapid,Genoa,,AH,AWAY,0,2.025,11,0-0,oddsflow_core_strategy,APIFOOTBALL,50,LOST,-50
2026-10-02,Club Friendlies,Rapid,Genoa,,AH,AWAY,0,2.1,11,0-0,oddsflow_core_strategy,NOVA88,29,LOST,-29
2026-10-02,UEFA Nations League,Cyprus,Armenia,,AH,AWAY,-0.5,1.9,10,0-0,oddsflow_core_strategy,NOVA88,28,LOST,-28
2026-10-02,UAE League Cup,Khorfakkan,Al-Jazira,,AH,AWAY,0.5,1.75,26,0-0,oddsflow_core_strategy,APIFOOTBALL,50,WON,37.5
2026-10-02,Friendlies,England U19,USA U19,,AH,HOME,-0.5,1.8,13,1-1,oddsflow_core_strategy,APIFOOTBALL,50,WON,40
2026-10-02,Club Friendlies,Grenoble,Stade Lausanne-Ouchy,,AH,HOME,-0.25,2.35,12,0-0,oddsflow_core_strategy,APIFOOTBALL,50,HALF_LOST,-25
2026-10-02,Club Friendlies,1. FC Kaiserslautern,SG Sonnenhof Grossaspach,,AH,AWAY,-0.75,2.675,12,0-0,oddsflow_core_strategy,APIFOOTBALL,50,WON,83.75
2026-10-02,UEFA Nations League,Cyprus,Armenia,,AH,AWAY,-0.25,2.025,14,0-0,oddsflow_core_strategy,APIFOOTBALL,50,LOST,-50
2026-10-02,UEFA Nations League,Cyprus,Armenia,,AH,AWAY,-0.25,2.12,14,0-0,oddsflow_core_strategy,NOVA88,20,LOST,-20
2026-10-02,Club Friendlies,1. FC Kaiserslautern,SG Sonnenhof Grossaspach,,AH,AWAY,-1,2,18,1-0,oddsflow_core_strategy,APIFOOTBALL,50,WON,50
2026-10-02,UAE League Cup,Shabab Al Ahli Dubai,Al Nasr,,AH,HOME,-0.75,1.975,35,0-1,oddsflow_active_trader,APIFOOTBALL,50,HALF_WON,24.38
2026-10-02,UAE League Cup,Shabab Al Ahli Dubai,Al Nasr,,AH,HOME,-0.75,2.01,35,0-1,oddsflow_active_trader,NOVA88,15,HALF_WON,7.57
2026-10-02,UAE League Cup,Shabab Al Ahli Dubai,Al Nasr,,AH,HOME,-0.75,1.975,35,0-1,oddsflow_handicap_sniper,APIFOOTBALL,50,HALF_WON,24.38
2026-10-02,UAE League Cup,Shabab Al Ahli Dubai,Al Nasr,,AH,HOME,-0.75,2.01,35,0-1,oddsflow_handicap_sniper,NOVA88,15,HALF_WON,7.57
2026-10-02,UEFA Nations League,Cyprus,Armenia,,AH,AWAY,0,2.075,20,1-0,oddsflow_core_strategy,APIFOOTBALL,50,LOST,-50
2026-10-02,Friendlies,England U19,USA U19,,AH,AWAY,-1,1.85,23,1-1,oddsflow_core_strategy,APIFOOTBALL,50,VOID,0
2026-10-02,UEFA Nations League,Latvia,Montenegro,,AH,HOME,0.25,2.2,21,0-1,oddsflow_core_strategy,APIFOOTBALL,50,HALF_WON,30
2026-10-02,UAE League Cup,Shabab Al Ahli Dubai,Al Nasr,,AH,HOME,-0.5,1.775,41,0-1,oddsflow_active_trader,APIFOOTBALL,50,WON,38.75
2026-10-02,UAE League Cup,Shabab Al Ahli Dubai,Al Nasr,,AH,HOME,-0.5,1.8,41,0-1,oddsflow_active_trader,NOVA88,15,WON,12
2026-10-02,UAE League Cup,Shabab Al Ahli Dubai,Al Nasr,,AH,HOME,-0.5,1.775,41,0-1,oddsflow_handicap_sniper,APIFOOTBALL,50,WON,38.75
2026-10-02,UAE League Cup,Shabab Al Ahli Dubai,Al Nasr,,AH,HOME,-0.5,1.8,41,0-1,oddsflow_handicap_sniper,NOVA88,15,WON,12
2026-10-02,UAE League Cup,Shabab Al Ahli Dubai,Al Nasr,,AH,HOME,0.5,1.85,42,0-1,oddsflow_core_strategy,APIFOOTBALL,50,WON,42.5
2026-10-02,Friendlies,England U19,USA U19,,AH,AWAY,-0.75,2,30,1-1,oddsflow_core_strategy,APIFOOTBALL,50,HALF_LOST,-25
2026-10-02,Club Friendlies,Grenoble,Stade Lausanne-Ouchy,,AH,HOME,0.25,1.725,32,0-0,oddsflow_core_strategy,APIFOOTBALL,50,HALF_WON,18.13
2026-10-02,Club Friendlies,Grenoble,Stade Lausanne-Ouchy,,AH,HOME,0.25,1.78,32,0-0,oddsflow_core_strategy,NOVA88,28,HALF_WON,10.92
2026-10-02,Friendlies,England U19,USA U19,,AH,AWAY,-0.75,1.95,35,1-1,oddsflow_active_trader,APIFOOTBALL,50,HALF_LOST,-25
2026-10-02,UAE League Cup,Khorfakkan,Al-Jazira,,OU,OVER,1.5,1.875,45,0-0,oddsflow_active_trader,APIFOOTBALL,50,WON,43.75
2026-10-02,Club Friendlies,Grenoble,Stade Lausanne-Ouchy,,AH,HOME,0.25,1.75,35,0-0,oddsflow_active_trader,APIFOOTBALL,50,HALF_WON,18.75
2026-10-02,Club Friendlies,Grenoble,Stade Lausanne-Ouchy,,AH,HOME,0.25,1.81,35,0-0,oddsflow_active_trader,NOVA88,33,HALF_WON,13.37
2026-10-02,Club Friendlies,Grenoble,Stade Lausanne-Ouchy,,1X2,HOME,0,3.1,35,0-0,oddsflow_active_trader,NOVA88,15,LOST,-15
2026-10-02,Club Friendlies,Grenoble,Stade Lausanne-Ouchy,,AH,HOME,0.25,1.75,35,0-0,oddsflow_handicap_sniper,APIFOOTBALL,50,HALF_WON,18.75
2026-10-02,Club Friendlies,Grenoble,Stade Lausanne-Ouchy,,AH,HOME,0.25,1.81,35,0-0,oddsflow_handicap_sniper,NOVA88,31,HALF_WON,12.56
2026-10-02,Club Friendlies,Grenoble,Stade Lausanne-Ouchy,,1X2,HOME,0,3.1,35,0-0,oddsflow_handicap_sniper,NOVA88,16,LOST,-16
2026-10-02,Friendlies,England U19,USA U19,,AH,AWAY,-0.25,2.675,36,1-1,oddsflow_core_strategy,APIFOOTBALL,50,LOST,-50
2026-10-02,Friendlies,England U19,USA U19,,AH,AWAY,-0.25,2.675,36,1-1,oddsflow_handicap_sniper,APIFOOTBALL,50,LOST,-50
2026-10-02,Club Friendlies,Rapid,Genoa,,1X2,DRAW,0,3,35,0-0,oddsflow_handicap_sniper,APIFOOTBALL,50,LOST,-50
2026-10-02,Club Friendlies,Grenoble,Stade Lausanne-Ouchy,,OU,OVER,1.5,1.8,35,0-0,oddsflow_handicap_sniper,APIFOOTBALL,50,LOST,-50
2026-10-02,Club Friendlies,Grenoble,Stade Lausanne-Ouchy,,1X2,HOME,0,3.4,35,0-0,oddsflow_handicap_sniper,APIFOOTBALL,50,LOST,-50
2026-10-02,Friendlies,England U19,USA U19,,AH,AWAY,-0.25,2.675,36,1-1,oddsflow_active_trader,APIFOOTBALL,50,LOST,-50
2026-10-02,Club Friendlies,Grenoble,Stade Lausanne-Ouchy,,OU,OVER,1.5,1.8,35,0-0,oddsflow_active_trader,APIFOOTBALL,50,LOST,-50
2026-10-02,Club Friendlies,Grenoble,Stade Lausanne-Ouchy,,1X2,HOME,0,3.4,35,0-0,oddsflow_active_trader,APIFOOTBALL,50,LOST,-50
2026-10-02,UEFA Nations League,Latvia,Montenegro,,AH,HOME,0.5,1.8,35,0-1,oddsflow_beta,APIFOOTBALL,50,WON,40
2026-10-02,UEFA Nations League,Latvia,Montenegro,,AH,HOME,0.5,1.85,35,0-1,oddsflow_beta,NOVA88,27,WON,22.95
2026-10-02,UEFA Nations League,Latvia,Montenegro,,AH,HOME,0.5,1.8,35,0-1,oddsflow_handicap_sniper,APIFOOTBALL,50,WON,40
2026-10-02,Club Friendlies,1. FC Kaiserslautern,SG Sonnenhof Grossaspach,,AH,AWAY,-0.75,1.975,35,1-0,oddsflow_handicap_sniper,APIFOOTBALL,50,WON,48.75
2026-10-02,UEFA Nations League,Latvia,Montenegro,,AH,HOME,0.5,1.85,35,0-1,oddsflow_handicap_sniper,NOVA88,30,WON,25.5
2026-10-02,Club Friendlies,1. FC Kaiserslautern,SG Sonnenhof Grossaspach,,AH,AWAY,-0.75,2.04,35,1-0,oddsflow_handicap_sniper,NOVA88,34,WON,35.36
2026-10-02,Club Friendlies,1. FC Kaiserslautern,SG Sonnenhof Grossaspach,,AH,AWAY,-0.75,1.975,35,1-0,oddsflow_active_trader,APIFOOTBALL,50,WON,48.75
2026-10-02,UEFA Nations League,Latvia,Montenegro,,AH,HOME,0.5,1.8,35,0-1,oddsflow_active_trader,APIFOOTBALL,50,WON,40
2026-10-02,Club Friendlies,1. FC Kaiserslautern,SG Sonnenhof Grossaspach,,AH,AWAY,-0.75,2.04,35,1-0,oddsflow_active_trader,NOVA88,31,WON,32.24
2026-10-02,UEFA Nations League,Latvia,Montenegro,,AH,HOME,0.5,1.85,35,0-1,oddsflow_active_trader,NOVA88,27,WON,22.95
2026-10-02,UAE League Cup,Khorfakkan,Al-Jazira,,OU,OVER,1.5,1.95,45,0-0,oddsflow_handicap_sniper,APIFOOTBALL,50,WON,47.5
2026-10-02,UEFA Nations League,Cyprus,Armenia,,AH,AWAY,0,2.075,35,2-0,oddsflow_active_trader,APIFOOTBALL,50,VOID,0
2026-10-02,UEFA Nations League,Cyprus,Armenia,,AH,AWAY,0,2.075,35,2-0,oddsflow_beta,APIFOOTBALL,50,VOID,0
2026-10-02,UEFA Nations League,Cyprus,Armenia,,AH,AWAY,-0.25,1.75,35,2-0,oddsflow_handicap_sniper,APIFOOTBALL,50,HALF_WON,18.75
2026-10-02,UEFA Nations League,Latvia,Montenegro,,AH,HOME,0.25,2.15,35,0-1,oddsflow_handicap_sniper,APIFOOTBALL,50,HALF_WON,28.75
2026-10-02,UEFA Nations League,Cyprus,Armenia,,AH,AWAY,-0.25,1.82,35,2-0,oddsflow_handicap_sniper,NOVA88,44,HALF_WON,18.04
2026-10-02,UEFA Nations League,Latvia,Montenegro,,OU,UNDER,2.5,2.025,35,0-1,oddsflow_handicap_sniper,APIFOOTBALL,50,LOST,-50
2026-10-02,UEFA Nations League,Cyprus,Armenia,,AH,AWAY,-0.25,1.75,35,2-0,oddsflow_active_trader,APIFOOTBALL,50,HALF_WON,18.75
2026-10-02,UEFA Nations League,Latvia,Montenegro,,AH,HOME,0.25,2.15,35,0-1,oddsflow_active_trader,APIFOOTBALL,50,HALF_WON,28.75
2026-10-02,UEFA Nations League,Cyprus,Armenia,,AH,AWAY,-0.25,1.84,35,2-0,oddsflow_active_trader,NOVA88,48,HALF_WON,20.16
2026-10-02,UEFA Nations League,Latvia,Montenegro,,OU,UNDER,2.5,2.025,35,0-1,oddsflow_active_trader,APIFOOTBALL,50,LOST,-50
2026-10-02,UEFA Nations League,Cyprus,Armenia,,AH,AWAY,-0.25,1.75,35,2-0,oddsflow_beta,APIFOOTBALL,50,HALF_WON,18.75
2026-10-02,UEFA Nations League,Latvia,Montenegro,,AH,HOME,0.25,2.15,35,0-1,oddsflow_beta,APIFOOTBALL,50,HALF_WON,28.75
2026-10-02,UEFA Nations League,Cyprus,Armenia,,AH,AWAY,-0.25,1.84,35,2-0,oddsflow_beta,NOVA88,47,HALF_WON,19.74
2026-10-02,UEFA Nations League,Latvia,Montenegro,,OU,UNDER,2.5,2.025,35,0-1,oddsflow_beta,APIFOOTBALL,50,LOST,-50
2026-10-02,Friendlies,England U19,USA U19,,AH,AWAY,-0.75,1.975,39,1-1,oddsflow_handicap_sniper,APIFOOTBALL,50,HALF_LOST,-25
2026-10-02,Club Friendlies,FC Saarbrücken,Nancy,,AH,HOME,0.25,1.925,10,0-0,oddsflow_core_strategy,APIFOOTBALL,50,WON,46.25
2026-10-02,Club Friendlies,FC Saarbrücken,Nancy,,AH,HOME,0.25,1.99,10,0-0,oddsflow_core_strategy,NOVA88,15,WON,14.85
2026-10-02,UEFA Nations League,Cyprus,Armenia,,OU,UNDER,3.5,2.025,39,2-0,oddsflow_handicap_sniper,APIFOOTBALL,50,WON,51.25
2026-10-02,UEFA Nations League,Cyprus,Armenia,,OU,UNDER,3.5,2.025,39,2-0,oddsflow_active_trader,APIFOOTBALL,50,WON,51.25
2026-10-02,Frauen Bundesliga,Bayer Leverkusen W,Werder Bremen W,,AH,AWAY,-0.75,1.975,10,0-0,oddsflow_core_strategy,APIFOOTBALL,50,HALF_LOST,-25
2026-10-02,Frauen Bundesliga,Bayer Leverkusen W,Werder Bremen W,,AH,AWAY,-0.75,2.03,10,0-0,oddsflow_core_strategy,NOVA88,15,HALF_LOST,-7.5
2026-10-02,UEFA Nations League,Cyprus,Armenia,,AH,AWAY,0,2.075,41,2-0,oddsflow_handicap_sniper,APIFOOTBALL,50,VOID,0
2026-10-02,UEFA Nations League,Cyprus,Armenia,,AH,AWAY,0,2.19,41,2-0,oddsflow_handicap_sniper,NOVA88,36,VOID,0
2026-10-02,Club Friendlies,Grenoble,Stade Lausanne-Ouchy,,AH,HOME,0,2.25,45,0-0,oddsflow_active_trader,APIFOOTBALL,50,VOID,0
2026-10-02,UAE League Cup,Khorfakkan,Al-Jazira,,AH,HOME,0.75,1.8,45,0-0,oddsflow_core_strategy,APIFOOTBALL,50,LOST,-50
2026-10-02,Club Friendlies,Grenoble,Stade Lausanne-Ouchy,,AH,HOME,0,2.25,45,0-0,oddsflow_handicap_sniper,APIFOOTBALL,50,VOID,0
2026-10-02,UAE League Cup,Khorfakkan,Al-Jazira,,AH,HOME,0.75,1.825,45,0-0,oddsflow_active_trader,APIFOOTBALL,50,LOST,-50
2026-10-02,UAE League Cup,Khorfakkan,Al-Jazira,,AH,HOME,0.75,1.84,45,0-0,oddsflow_active_trader,NOVA88,15,LOST,-15
2026-10-02,UAE League Cup,Khorfakkan,Al-Jazira,,AH,HOME,0.75,1.825,45,0-0,oddsflow_handicap_sniper,APIFOOTBALL,50,LOST,-50
2026-10-02,UAE League Cup,Shabab Al Ahli Dubai,Al Nasr,,AH,HOME,-1,2.625,45,0-1,oddsflow_active_trader,APIFOOTBALL,50,VOID,0
2026-10-02,Club Friendlies,Rapid,Genoa,,1X2,DRAW,0,2.625,45,0-0,oddsflow_active_trader,APIFOOTBALL,50,LOST,-50
2026-10-02,UAE League Cup,Shabab Al Ahli Dubai,Al Nasr,,AH,HOME,-1,2.625,45,0-1,oddsflow_handicap_sniper,APIFOOTBALL,50,VOID,0
2026-10-02,Club Friendlies,1. FC Kaiserslautern,SG Sonnenhof Grossaspach,,AH,AWAY,-0.5,2.025,45,1-0,oddsflow_core_strategy,APIFOOTBALL,50,WON,51.25
2026-10-02,Club Friendlies,1. FC Kaiserslautern,SG Sonnenhof Grossaspach,,AH,AWAY,-0.5,2.06,45,1-0,oddsflow_core_strategy,NOVA88,30,WON,31.8
2026-10-02,Club Friendlies,1. FC Kaiserslautern,SG Sonnenhof Grossaspach,,AH,AWAY,-0.5,2.025,45,1-0,oddsflow_handicap_sniper,APIFOOTBALL,50,WON,51.25
2026-10-02,Club Friendlies,1. FC Kaiserslautern,SG Sonnenhof Grossaspach,,AH,AWAY,-0.5,2.06,45,1-0,oddsflow_handicap_sniper,NOVA88,27,WON,28.62
2026-10-02,Club Friendlies,1. FC Kaiserslautern,SG Sonnenhof Grossaspach,,AH,AWAY,-0.5,2.025,45,1-0,oddsflow_active_trader,APIFOOTBALL,50,WON,51.25
2026-10-02,Club Friendlies,1. FC Kaiserslautern,SG Sonnenhof Grossaspach,,AH,AWAY,-0.5,2.06,45,1-0,oddsflow_active_trader,NOVA88,29,WON,30.74
2026-10-02,Friendlies,England U19,USA U19,,AH,AWAY,-0.5,2.1,45,1-1,oddsflow_core_strategy,APIFOOTBALL,50,LOST,-50
2026-10-02,Friendlies,England U19,USA U19,,AH,AWAY,-0.5,2.1,45,1-1,oddsflow_handicap_sniper,APIFOOTBALL,50,LOST,-50
2026-10-02,Friendlies,England U19,USA U19,,AH,AWAY,-0.5,2.1,45,1-1,oddsflow_active_trader,APIFOOTBALL,50,LOST,-50
2026-10-02,UAE League Cup,Khorfakkan,Al-Jazira,,AH,HOME,0.5,2,46,0-0,oddsflow_core_strategy,APIFOOTBALL,50,LOST,-50
2026-10-02,UAE League Cup,Khorfakkan,Al-Jazira,,AH,HOME,0.5,2,46,0-0,oddsflow_active_trader,APIFOOTBALL,50,LOST,-50
2026-10-02,UAE League Cup,Khorfakkan,Al-Jazira,,AH,HOME,0.5,2,46,0-0,oddsflow_handicap_sniper,APIFOOTBALL,50,LOST,-50
2026-10-02,Frauen Bundesliga,Bayer Leverkusen W,Werder Bremen W,,AH,AWAY,-0.5,2.025,20,0-0,oddsflow_core_strategy,APIFOOTBALL,50,LOST,-50
2026-10-02,Frauen Bundesliga,Bayer Leverkusen W,Werder Bremen W,,AH,HOME,0.25,2,27,0-0,oddsflow_core_strategy,APIFOOTBALL,50,WON,50
2026-10-02,Club Friendlies,FC Saarbrücken,Nancy,,AH,HOME,0.25,1.875,35,0-0,oddsflow_active_trader,APIFOOTBALL,50,WON,43.75
2026-10-02,Club Friendlies,FC Saarbrücken,Nancy,,AH,HOME,0.25,1.97,35,0-0,oddsflow_active_trader,NOVA88,17,WON,16.49
2026-10-02,Club Friendlies,FC Saarbrücken,Nancy,,AH,HOME,0.25,1.875,35,0-0,oddsflow_handicap_sniper,APIFOOTBALL,50,WON,43.75
2026-10-02,Club Friendlies,FC Saarbrücken,Nancy,,AH,HOME,0.25,1.97,35,0-0,oddsflow_handicap_sniper,NOVA88,20,WON,19.4
2026-10-02,UAE League Cup,Khorfakkan,Al-Jazira,,AH,HOME,0.25,2,59,0-1,oddsflow_handicap_sniper,APIFOOTBALL,50,LOST,-50
2026-10-02,UAE League Cup,Khorfakkan,Al-Jazira,,AH,HOME,0.25,2,59,0-1,oddsflow_core_strategy,APIFOOTBALL,50,LOST,-50
2026-10-02,UAE League Cup,Khorfakkan,Al-Jazira,,AH,HOME,0.25,2,59,0-1,oddsflow_active_trader,APIFOOTBALL,50,LOST,-50
2026-10-02,Club Friendlies,1. FC Kaiserslautern,SG Sonnenhof Grossaspach,,AH,HOME,-0.25,1.8,50,1-1,oddsflow_core_strategy,APIFOOTBALL,50,HALF_LOST,-25
2026-10-02,Club Friendlies,1. FC Kaiserslautern,SG Sonnenhof Grossaspach,,1X2,DRAW,0,3.1,50,1-1,oddsflow_handicap_sniper,APIFOOTBALL,50,WON,105
2026-10-02,Club Friendlies,1. FC Kaiserslautern,SG Sonnenhof Grossaspach,,1X2,DRAW,0,2.87,50,1-1,oddsflow_handicap_sniper,NOVA88,15,WON,28.05
2026-10-02,Frauen Bundesliga,Bayer Leverkusen W,Werder Bremen W,,AH,HOME,-0.75,2,35,0-2,oddsflow_active_trader,APIFOOTBALL,50,WON,50
2026-10-02,Frauen Bundesliga,Bayer Leverkusen W,Werder Bremen W,,AH,HOME,-0.75,2,35,0-2,oddsflow_beta,APIFOOTBALL,50,WON,50
2026-10-02,Frauen Bundesliga,Bayer Leverkusen W,Werder Bremen W,,AH,HOME,-0.5,1.85,35,0-2,oddsflow_active_trader,APIFOOTBALL,50,WON,42.5
2026-10-02,Frauen Bundesliga,Bayer Leverkusen W,Werder Bremen W,,AH,HOME,-0.5,1.84,35,0-2,oddsflow_active_trader,NOVA88,15,WON,12.6
2026-10-02,Frauen Bundesliga,Bayer Leverkusen W,Werder Bremen W,,AH,HOME,-0.5,1.85,35,0-2,oddsflow_handicap_sniper,APIFOOTBALL,50,WON,42.5
2026-10-02,Frauen Bundesliga,Bayer Leverkusen W,Werder Bremen W,,AH,HOME,-0.5,1.84,35,0-2,oddsflow_handicap_sniper,NOVA88,15,WON,12.6
2026-10-02,Frauen Bundesliga,Bayer Leverkusen W,Werder Bremen W,,AH,HOME,-0.5,1.85,35,0-2,oddsflow_beta,APIFOOTBALL,50,WON,42.5
2026-10-02,Frauen Bundesliga,Bayer Leverkusen W,Werder Bremen W,,AH,HOME,-0.5,1.84,35,0-2,oddsflow_beta,NOVA88,15,WON,12.6
2026-10-02,UAE League Cup,Khorfakkan,Al-Jazira,,OU,OVER,2,2,62,0-1,oddsflow_core_strategy,APIFOOTBALL,50,VOID,0
2026-10-02,Club Friendlies,1. FC Kaiserslautern,SG Sonnenhof Grossaspach,,OU,UNDER,3.5,2,53,1-1,oddsflow_active_trader,APIFOOTBALL,50,WON,50
2026-10-02,Club Friendlies,1. FC Kaiserslautern,SG Sonnenhof Grossaspach,,OU,UNDER,3.5,2,53,1-1,oddsflow_handicap_sniper,APIFOOTBALL,50,WON,50
2026-10-02,Frauen Bundesliga,Bayer Leverkusen W,Werder Bremen W,,AH,HOME,-0.5,1.85,37,0-2,oddsflow_core_strategy,APIFOOTBALL,50,WON,42.5
2026-10-02,Frauen Bundesliga,Bayer Leverkusen W,Werder Bremen W,,AH,HOME,-0.5,1.85,37,0-2,oddsflow_core_strategy,NOVA88,15,WON,12.75
2026-10-02,Ettan Norra,Karlberg,Sollentuna,,AH,HOME,-0.25,1.8,10,0-1,oddsflow_core_strategy,APIFOOTBALL,50,WON,40
2026-10-02,Ettan Norra,Karlberg,Sollentuna,,AH,HOME,-0.25,1.86,10,0-1,oddsflow_core_strategy,NOVA88,18,WON,15.48
2026-10-02,Norwegian First Division,Ranheim,Egersund,,AH,AWAY,-0.5,1.85,10,2-0,oddsflow_core_strategy,APIFOOTBALL,50,LOST,-50
2026-10-02,Norwegian First Division,Ranheim,Egersund,,AH,AWAY,-0.5,1.94,10,2-0,oddsflow_core_strategy,NOVA88,50,LOST,-50
2026-10-02,Ettan Södra,Lund,Laholm,,AH,AWAY,-1.25,1.875,10,0-0,oddsflow_core_strategy,APIFOOTBALL,50,WON,43.75
2026-10-02,Ettan Södra,Lund,Laholm,,AH,AWAY,-1.25,1.88,10,0-0,oddsflow_core_strategy,NOVA88,15,WON,13.2
2026-10-02,Club Friendlies,FC Saarbrücken,Nancy,,1X2,HOME,0,3.65,40,0-0,oddsflow_handicap_sniper,NOVA88,15,WON,39.75
2026-10-02,UAE League Cup,Shabab Al Ahli Dubai,Al Nasr,,1X2,AWAY,0,1.615,67,0-1,oddsflow_active_trader,APIFOOTBALL,50,LOST,-50
2026-10-02,Spanish Primera División RFEF - Group 1,Real Avilés,Lugo,,AH,AWAY,0,1.875,10,1-0,oddsflow_core_strategy,APIFOOTBALL,50,WON,43.75
2026-10-02,Ettan Södra,Kristianstad,AFC Malmo,,AH,HOME,0.25,1.825,11,0-1,oddsflow_core_strategy,APIFOOTBALL,50,HALF_WON,20.63
2026-10-02,Ettan Södra,Kristianstad,AFC Malmo,,AH,HOME,0.25,1.89,11,0-1,oddsflow_core_strategy,NOVA88,16,HALF_WON,7.12
2026-10-02,UAE League Cup,Shabab Al Ahli Dubai,Al Nasr,,1X2,AWAY,0,1.615,67,0-1,oddsflow_handicap_sniper,APIFOOTBALL,50,LOST,-50
2026-10-02,Club Friendlies,FC Saarbrücken,Nancy,,1X2,HOME,0,3.75,41,0-0,oddsflow_handicap_sniper,APIFOOTBALL,50,WON,137.5
2026-10-02,Friendlies,England U19,USA U19,,OU,UNDER,3.5,2,54,1-1,oddsflow_handicap_sniper,APIFOOTBALL,50,WON,50
2026-10-02,Club Friendlies,FC Saarbrücken,Nancy,,OU,OVER,1.5,1.825,41,0-0,oddsflow_active_trader,APIFOOTBALL,50,WON,41.25
2026-10-02,Club Friendlies,FC Saarbrücken,Nancy,,OU,OVER,1.5,1.825,41,0-0,oddsflow_handicap_sniper,APIFOOTBALL,50,WON,41.25
2026-10-02,Friendlies,England U19,USA U19,,1X2,DRAW,0,3,55,1-1,oddsflow_handicap_sniper,APIFOOTBALL,50,LOST,-50
2026-10-02,Club Friendlies,1. FC Kaiserslautern,SG Sonnenhof Grossaspach,,1X2,DRAW,0,2.68,58,1-1,oddsflow_active_trader,NOVA88,15,WON,25.2
2026-10-02,UEFA Nations League,Latvia,Montenegro,,OU,OVER,3,2,57,0-2,oddsflow_core_strategy,APIFOOTBALL,50,VOID,0
2026-10-02,Club Friendlies,Laval,Rennes,,AH,AWAY,0.5,2,10,0-0,oddsflow_core_strategy,APIFOOTBALL,50,LOST,-50
2026-10-02,Club Friendlies,Grenoble,Stade Lausanne-Ouchy,,OU,OVER,1,2,57,0-0,oddsflow_core_strategy,APIFOOTBALL,50,LOST,-50
2026-10-02,Club Friendlies,1. FC Kaiserslautern,SG Sonnenhof Grossaspach,,1X2,DRAW,0,2.75,60,1-1,oddsflow_active_trader,APIFOOTBALL,50,WON,87.5
2026-10-02,Botola Pro,FUS Rabat,Amal Tiznit,,1X2,AWAY,0,1.571,59,0-1,oddsflow_active_trader,APIFOOTBALL,50,WON,28.55
2026-10-02,Botola Pro,FUS Rabat,Amal Tiznit,,1X2,AWAY,0,1.571,59,0-1,oddsflow_handicap_sniper,APIFOOTBALL,50,WON,28.55
2026-10-02,UEFA Nations League,Latvia,Montenegro,,AH,HOME,0,2.425,58,0-2,oddsflow_handicap_sniper,APIFOOTBALL,50,WON,71.25
2026-10-02,UEFA Nations League,Latvia,Montenegro,,AH,HOME,0,2.425,59,0-2,oddsflow_active_trader,APIFOOTBALL,50,WON,71.25
2026-10-02,Club Friendlies,Laval,Rennes,,AH,AWAY,0.75,2,11,0-0,oddsflow_core_strategy,APIFOOTBALL,50,LOST,-50
2026-10-02,UEFA Nations League,Latvia,Montenegro,,AH,HOME,0,2.425,59,0-2,oddsflow_core_strategy,APIFOOTBALL,50,WON,71.25
2026-10-02,UAE League Cup,Shabab Al Ahli Dubai,Al Nasr,,AH,AWAY,-0.25,1.875,72,0-1,oddsflow_core_strategy,APIFOOTBALL,50,LOST,-50
2026-10-02,Club Friendlies,Rapid,Genoa,,1X2,HOME,0,1.5,56,1-0,oddsflow_active_trader,APIFOOTBALL,50,WON,25
2026-10-02,Club Friendlies,Rapid,Genoa,,1X2,HOME,0,1.5,56,1-0,oddsflow_handicap_sniper,APIFOOTBALL,50,WON,25
2026-10-02,UAE League Cup,Shabab Al Ahli Dubai,Al Nasr,,AH,AWAY,-0.25,1.8,74,0-1,oddsflow_active_trader,APIFOOTBALL,50,LOST,-50
2026-10-02,UAE League Cup,Shabab Al Ahli Dubai,Al Nasr,,AH,AWAY,-0.25,1.84,74,0-1,oddsflow_active_trader,NOVA88,15,LOST,-15
2026-10-02,UEFA Nations League,Latvia,Montenegro,,AH,HOME,0,2.425,60,0-2,oddsflow_beta,APIFOOTBALL,50,WON,71.25
2026-10-02,Botola Pro,FUS Rabat,Amal Tiznit,,AH,AWAY,-0.25,2.075,61,0-1,oddsflow_core_strategy,APIFOOTBALL,50,HALF_WON,26.88
2026-10-02,Club Friendlies,Rapid,Genoa,,AH,AWAY,0.25,2.2,57,1-0,oddsflow_core_strategy,APIFOOTBALL,50,LOST,-50
2026-10-02,Club Friendlies,Rapid,Genoa,,AH,AWAY,0.25,2.27,57,1-0,oddsflow_core_strategy,NOVA88,15,LOST,-15
2026-10-02,Club Friendlies,Rapid,Genoa,,AH,AWAY,0.25,2.2,57,1-0,oddsflow_active_trader,APIFOOTBALL,50,LOST,-50
2026-10-02,Botola Pro,FUS Rabat,Amal Tiznit,,AH,AWAY,-0.25,2.075,61,0-1,oddsflow_active_trader,APIFOOTBALL,50,HALF_WON,26.88
2026-10-02,Club Friendlies,Rapid,Genoa,,AH,AWAY,0.25,2.27,57,1-0,oddsflow_active_trader,NOVA88,15,LOST,-15
2026-10-02,Club Friendlies,Laval,Rennes,,AH,AWAY,1,2.35,13,0-0,oddsflow_core_strategy,APIFOOTBALL,50,LOST,-50
2026-10-02,Botola Pro,FUS Rabat,Amal Tiznit,,AH,AWAY,-0.25,2.075,61,0-1,oddsflow_handicap_sniper,APIFOOTBALL,50,HALF_WON,26.88
2026-10-02,Club Friendlies,Rapid,Genoa,,OU,OVER,2,2,58,1-0,oddsflow_core_strategy,APIFOOTBALL,50,VOID,0
2026-10-02,UAE League Cup,Shabab Al Ahli Dubai,Al Nasr,,AH,AWAY,-0.25,1.775,75,0-1,oddsflow_handicap_sniper,APIFOOTBALL,50,LOST,-50
2026-10-02,Ettan Södra,Lund,Laholm,,AH,AWAY,-1,2.025,20,0-0,oddsflow_core_strategy,APIFOOTBALL,50,WON,51.25
2026-10-02,Ettan Södra,Lund,Laholm,,AH,AWAY,-1,2.05,20,0-0,oddsflow_core_strategy,NOVA88,15,WON,15.75
2026-10-02,Club Friendlies,1. FC Kaiserslautern,SG Sonnenhof Grossaspach,,OU,UNDER,3.25,1.75,65,1-1,oddsflow_core_strategy,APIFOOTBALL,50,WON,37.5
2026-10-02,Ettan Norra,Karlberg,Sollentuna,,AH,HOME,-0.5,2.1,22,0-1,oddsflow_core_strategy,APIFOOTBALL,50,WON,55
2026-10-02,Club Friendlies,1. FC Kaiserslautern,SG Sonnenhof Grossaspach,,AH,AWAY,-0.25,2.025,67,1-1,oddsflow_core_strategy,APIFOOTBALL,50,HALF_WON,25.62
2026-10-02,Club Friendlies,1. FC Kaiserslautern,SG Sonnenhof Grossaspach,,AH,AWAY,-0.25,2.025,67,1-1,oddsflow_active_trader,APIFOOTBALL,50,HALF_WON,25.62
2026-10-02,Club Friendlies,1. FC Kaiserslautern,SG Sonnenhof Grossaspach,,AH,AWAY,-0.25,2.025,67,1-1,oddsflow_handicap_sniper,APIFOOTBALL,50,HALF_WON,25.62
2026-10-02,Club Friendlies,1. FC Kaiserslautern,SG Sonnenhof Grossaspach,,AH,AWAY,-0.25,2.15,67,1-1,oddsflow_handicap_sniper,NOVA88,17,HALF_WON,9.77
2026-10-02,Ettan Södra,Kristianstad,AFC Malmo,,AH,HOME,0,2.15,24,0-1,oddsflow_core_strategy,APIFOOTBALL,50,VOID,0
2026-10-02,Club Friendlies,Grenoble,Stade Lausanne-Ouchy,,1X2,DRAW,0,1.909,65,0-0,oddsflow_handicap_sniper,APIFOOTBALL,50,WON,45.45
2026-10-02,Club Friendlies,Grenoble,Stade Lausanne-Ouchy,,1X2,DRAW,0,1.909,65,0-0,oddsflow_active_trader,APIFOOTBALL,50,WON,45.45
2026-10-02,Botola Pro,FUS Rabat,Amal Tiznit,,OU,OVER,1.75,2,67,0-1,oddsflow_core_strategy,APIFOOTBALL,50,LOST,-50
2026-10-02,Botola Pro,FUS Rabat,Amal Tiznit,,OU,OVER,1.5,1.725,69,0-1,oddsflow_active_trader,APIFOOTBALL,50,LOST,-50
2026-10-02,Club Friendlies,Grenoble,Stade Lausanne-Ouchy,,OU,OVER,0.5,1.775,68,0-0,oddsflow_handicap_sniper,APIFOOTBALL,50,LOST,-50
2026-10-02,Club Friendlies,Grenoble,Stade Lausanne-Ouchy,,OU,OVER,0.5,1.775,68,0-0,oddsflow_active_trader,APIFOOTBALL,50,LOST,-50
2026-10-02,Club Friendlies,1. FC Kaiserslautern,SG Sonnenhof Grossaspach,,AH,AWAY,0,2.675,75,1-1,oddsflow_active_trader,APIFOOTBALL,50,VOID,0
2026-10-02,Club Friendlies,1. FC Kaiserslautern,SG Sonnenhof Grossaspach,,AH,AWAY,0,2.675,75,1-1,oddsflow_handicap_sniper,APIFOOTBALL,50,VOID,0
2026-10-02,Club Friendlies,1. FC Kaiserslautern,SG Sonnenhof Grossaspach,,AH,AWAY,0,2.675,75,1-1,oddsflow_core_strategy,APIFOOTBALL,50,VOID,0
2026-10-02,Ettan Södra,Lund,Laholm,,AH,AWAY,-1,1.8,35,0-0,oddsflow_active_trader,APIFOOTBALL,50,WON,40
2026-10-02,Ettan Södra,Kristianstad,AFC Malmo,,AH,HOME,0,2.05,35,0-1,oddsflow_active_trader,APIFOOTBALL,50,VOID,0
2026-10-02,Ettan Norra,Karlberg,Sollentuna,,1X2,DRAW,0,3,35,1-1,oddsflow_handicap_sniper,APIFOOTBALL,50,LOST,-50
2026-10-02,Ettan Södra,Lund,Laholm,,AH,AWAY,-1,1.8,35,0-0,oddsflow_handicap_sniper,APIFOOTBALL,50,WON,40
2026-10-02,Ettan Södra,Kristianstad,AFC Malmo,,AH,HOME,0,2.05,35,0-1,oddsflow_handicap_sniper,APIFOOTBALL,50,VOID,0
2026-10-02,Ettan Södra,Lund,Laholm,,AH,AWAY,-1,1.81,35,0-0,oddsflow_active_trader,NOVA88,18,WON,14.58
2026-10-02,Ettan Södra,Kristianstad,AFC Malmo,,AH,HOME,0,2.06,35,0-1,oddsflow_active_trader,NOVA88,15,VOID,0
2026-10-02,Ettan Södra,Lund,Laholm,,AH,AWAY,-1,1.81,35,0-0,oddsflow_handicap_sniper,NOVA88,15,WON,12.15
2026-10-02,Ettan Södra,Kristianstad,AFC Malmo,,AH,HOME,0,2.06,35,0-1,oddsflow_handicap_sniper,NOVA88,15,VOID,0
2026-10-02,Ettan Södra,Lund,Laholm,,AH,AWAY,-0.75,2.05,36,0-0,oddsflow_core_strategy,APIFOOTBALL,50,WON,52.5
2026-10-02,Ettan Södra,Lund,Laholm,,AH,AWAY,-0.75,2.05,36,0-0,oddsflow_active_trader,APIFOOTBALL,50,WON,52.5
2026-10-02,Ettan Södra,Lund,Laholm,,AH,AWAY,-0.75,2.05,36,0-0,oddsflow_handicap_sniper,APIFOOTBALL,50,WON,52.5
2026-10-02,Club Friendlies,Rapid,Genoa,,AH,HOME,0,2.075,75,1-0,oddsflow_active_trader,APIFOOTBALL,50,WON,53.75
2026-10-02,Club Friendlies,Rapid,Genoa,,AH,HOME,0,2.075,76,1-0,oddsflow_core_strategy,APIFOOTBALL,35,WON,37.63
2026-10-02,Spanish Primera División RFEF - Group 1,Real Avilés,Lugo,,1X2,HOME,0,1.533,37,1-0,oddsflow_handicap_sniper,APIFOOTBALL,50,LOST,-50
2026-10-02,Spanish Primera División RFEF - Group 1,Real Avilés,Lugo,,1X2,HOME,0,1.533,37,1-0,oddsflow_active_trader,APIFOOTBALL,50,LOST,-50
2026-10-02,Ettan Norra,Karlberg,Sollentuna,,AH,HOME,-0.25,2,40,1-2,oddsflow_handicap_sniper,APIFOOTBALL,50,WON,50
2026-10-02,Club Friendlies,Rapid,Genoa,,AH,HOME,0,2.15,78,1-0,oddsflow_handicap_sniper,APIFOOTBALL,50,WON,57.5
2026-10-02,Club Friendlies,Rapid,Genoa,,AH,HOME,0,2.18,78,1-0,oddsflow_handicap_sniper,NOVA88,15,WON,17.7
2026-10-02,Ettan Norra,Karlberg,Sollentuna,,AH,HOME,-0.25,1.97,40,1-2,oddsflow_handicap_sniper,NOVA88,15,WON,14.55
2026-10-02,Ettan Norra,Karlberg,Sollentuna,,AH,HOME,-0.25,2,40,1-2,oddsflow_active_trader,APIFOOTBALL,50,WON,50
2026-10-02,Spanish Primera División RFEF - Group 1,Real Avilés,Lugo,,AH,HOME,0,2.3,41,1-0,oddsflow_core_strategy,APIFOOTBALL,50,LOST,-50
2026-10-02,Frauen Bundesliga,Bayer Leverkusen W,Werder Bremen W,,OU,UNDER,3.5,2.025,51,0-2,oddsflow_beta,APIFOOTBALL,50,LOST,-50
2026-10-02,Spanish Primera División RFEF - Group 1,Real Avilés,Lugo,,AH,HOME,0,2.35,45,1-0,oddsflow_active_trader,APIFOOTBALL,50,LOST,-50
2026-10-02,Frauen Bundesliga,Bayer Leverkusen W,Werder Bremen W,,OU,UNDER,3.5,2.025,51,0-2,oddsflow_active_trader,APIFOOTBALL,50,LOST,-50
2026-10-02,Spanish Primera División RFEF - Group 1,Real Avilés,Lugo,,AH,HOME,0,2.35,45,1-0,oddsflow_handicap_sniper,APIFOOTBALL,50,LOST,-50
2026-10-02,Ettan Södra,Lund,Laholm,,OU,OVER,1.5,1.85,45,0-0,oddsflow_active_trader,APIFOOTBALL,50,LOST,-50
2026-10-02,Ettan Södra,Lund,Laholm,,OU,OVER,1.5,1.9,45,0-0,oddsflow_handicap_sniper,APIFOOTBALL,50,LOST,-50
2026-10-02,Club Friendlies,FC Saarbrücken,Nancy,,OU,OVER,1,2.025,62,0-0,oddsflow_core_strategy,APIFOOTBALL,50,WON,51.25
2026-10-02,Frauen Bundesliga,Bayer Leverkusen W,Werder Bremen W,,1X2,AWAY,0,1.727,55,1-2,oddsflow_active_trader,APIFOOTBALL,50,LOST,-50
2026-10-02,Frauen Bundesliga,Bayer Leverkusen W,Werder Bremen W,,1X2,AWAY,0,1.727,55,1-2,oddsflow_handicap_sniper,APIFOOTBALL,50,LOST,-50
2026-10-02,Frauen Bundesliga,Bayer Leverkusen W,Werder Bremen W,,1X2,AWAY,0,1.727,55,1-2,oddsflow_beta,APIFOOTBALL,50,LOST,-50
2026-10-02,Spanish Primera División RFEF - Group 1,Real Avilés,Lugo,,AH,HOME,0.25,1.825,45,1-0,oddsflow_core_strategy,APIFOOTBALL,50,LOST,-50
2026-10-02,Club Friendlies,FC Saarbrücken,Nancy,,1X2,HOME,0,1.571,65,1-0,oddsflow_active_trader,APIFOOTBALL,50,WON,28.55
2026-10-02,Frauen Bundesliga,Bayer Leverkusen W,Werder Bremen W,,AH,AWAY,-0.25,2,58,2-2,oddsflow_core_strategy,APIFOOTBALL,50,LOST,-50
2026-10-02,Frauen Bundesliga,Bayer Leverkusen W,Werder Bremen W,,AH,AWAY,-0.25,2,58,2-2,oddsflow_handicap_sniper,APIFOOTBALL,50,LOST,-50
2026-10-02,Frauen Bundesliga,Bayer Leverkusen W,Werder Bremen W,,AH,AWAY,-0.25,2,58,2-2,oddsflow_active_trader,APIFOOTBALL,50,LOST,-50
2026-10-02,Frauen Bundesliga,Bayer Leverkusen W,Werder Bremen W,,1X2,DRAW,0,2.6,58,2-2,oddsflow_handicap_sniper,APIFOOTBALL,50,LOST,-50
2026-10-02,Spanish Primera División RFEF - Group 1,Real Avilés,Lugo,,AH,HOME,0.25,1.85,45,1-0,oddsflow_active_trader,APIFOOTBALL,50,LOST,-50
2026-10-02,Frauen Bundesliga,Bayer Leverkusen W,Werder Bremen W,,1X2,DRAW,0,2.4,62,2-2,oddsflow_active_trader,APIFOOTBALL,50,LOST,-50
2026-10-02,Club Friendlies,FC Saarbrücken,Nancy,,OU,OVER,2.5,1.75,73,2-0,oddsflow_active_trader,APIFOOTBALL,50,WON,37.5
2026-10-02,Ettan Södra,Lund,Laholm,,AH,AWAY,-0.5,2.025,50,0-0,oddsflow_core_strategy,APIFOOTBALL,50,WON,51.25
2026-10-02,Ettan Södra,Lund,Laholm,,AH,AWAY,-0.5,2.06,50,0-0,oddsflow_core_strategy,NOVA88,15,WON,15.9
2026-10-02,Ettan Södra,Lund,Laholm,,AH,AWAY,-0.5,2.025,50,0-0,oddsflow_handicap_sniper,APIFOOTBALL,50,WON,51.25
2026-10-02,Ettan Södra,Lund,Laholm,,AH,AWAY,-0.5,2.025,50,0-0,oddsflow_active_trader,APIFOOTBALL,50,WON,51.25
2026-10-02,Ettan Södra,Lund,Laholm,,AH,AWAY,-0.5,2.05,50,0-0,oddsflow_active_trader,NOVA88,15,WON,15.75
2026-10-02,Ettan Norra,Karlberg,Sollentuna,,AH,AWAY,0,1.975,50,3-2,oddsflow_core_strategy,APIFOOTBALL,50,VOID,0
2026-10-02,Ettan Norra,Karlberg,Sollentuna,,AH,AWAY,0,1.99,50,3-2,oddsflow_core_strategy,NOVA88,15,VOID,0
2026-10-02,Ettan Norra,Karlberg,Sollentuna,,AH,AWAY,0,2,50,3-2,oddsflow_handicap_sniper,APIFOOTBALL,50,VOID,0
2026-10-02,Ettan Norra,Karlberg,Sollentuna,,AH,AWAY,0,2,50,3-2,oddsflow_handicap_sniper,NOVA88,15,VOID,0
2026-10-02,Ettan Norra,Karlberg,Sollentuna,,AH,AWAY,0,2,50,3-2,oddsflow_active_trader,APIFOOTBALL,50,VOID,0
2026-10-02,Club Friendlies,Laval,Rennes,,AH,HOME,0.5,2.025,45,0-0,oddsflow_core_strategy,APIFOOTBALL,50,WON,51.25
2026-10-02,Botola Pro,Widad Témara,UTS Rabat,,AH,HOME,0,1.875,10,0-0,oddsflow_core_strategy,APIFOOTBALL,50,LOST,-50
2026-10-02,Ettan Norra,Karlberg,Sollentuna,,OU,UNDER,6.5,1.75,54,3-2,oddsflow_handicap_sniper,APIFOOTBALL,50,WON,37.5
2026-10-02,Ettan Norra,Karlberg,Sollentuna,,OU,UNDER,6.5,1.75,54,3-2,oddsflow_active_trader,APIFOOTBALL,50,WON,37.5
2026-10-02,Club Friendlies,FC Saarbrücken,Nancy,,AH,HOME,0,2.675,84,2-1,oddsflow_core_strategy,APIFOOTBALL,35,VOID,0
2026-10-02,Club Friendlies,FC Saarbrücken,Nancy,,AH,HOME,0,2.72,84,2-1,oddsflow_core_strategy,NOVA88,33,VOID,0
2026-10-02,Club Friendlies,Laval,Rennes,,AH,HOME,0.5,1.975,49,0-0,oddsflow_handicap_sniper,APIFOOTBALL,50,WON,48.75
2026-10-02,Club Friendlies,Laval,Rennes,,AH,HOME,0.5,1.975,50,0-0,oddsflow_active_trader,APIFOOTBALL,50,WON,48.75
2026-10-02,Club Friendlies,Laval,Rennes,,AH,HOME,0.5,2.02,50,0-0,oddsflow_active_trader,NOVA88,15,WON,15.3
2026-10-02,Ettan Södra,Lund,Laholm,,AH,AWAY,-0.25,2.1,63,0-0,oddsflow_handicap_sniper,APIFOOTBALL,50,WON,55
2026-10-02,Ettan Södra,Lund,Laholm,,AH,AWAY,-0.25,2.1,63,0-0,oddsflow_active_trader,APIFOOTBALL,50,WON,55
2026-10-02,Ettan Södra,Lund,Laholm,,AH,AWAY,-0.25,2.1,63,0-0,oddsflow_core_strategy,APIFOOTBALL,50,WON,55
2026-10-02,Frauen Bundesliga,Bayer Leverkusen W,Werder Bremen W,,AH,AWAY,0,2.375,83,3-2,oddsflow_core_strategy,APIFOOTBALL,35,VOID,0
2026-10-02,Frauen Bundesliga,Bayer Leverkusen W,Werder Bremen W,,AH,AWAY,0,2.35,83,3-2,oddsflow_core_strategy,NOVA88,20,VOID,0
2026-10-02,Ettan Södra,Lund,Laholm,,1X2,DRAW,0,2.2,66,0-0,oddsflow_handicap_sniper,APIFOOTBALL,50,LOST,-50
2026-10-02,Ettan Södra,Lund,Laholm,,1X2,DRAW,0,2.1,68,0-0,oddsflow_active_trader,APIFOOTBALL,50,LOST,-50
2026-10-02,Club Friendlies,Laval,Rennes,,1X2,HOME,0,1.833,62,1-0,oddsflow_active_trader,APIFOOTBALL,50,WON,41.65
2026-10-02,Club Friendlies,Laval,Rennes,,1X2,HOME,0,1.8,62,1-0,oddsflow_handicap_sniper,APIFOOTBALL,50,WON,40
2026-10-02,Spanish Primera División RFEF - Group 1,Real Avilés,Lugo,,1X2,DRAW,0,1.909,67,1-1,oddsflow_handicap_sniper,APIFOOTBALL,50,LOST,-50
2026-10-02,Spanish Primera División RFEF - Group 1,Real Avilés,Lugo,,1X2,DRAW,0,1.909,67,1-1,oddsflow_active_trader,APIFOOTBALL,50,LOST,-50
2026-10-02,Spanish Primera División RFEF - Group 1,Real Avilés,Lugo,,OU,OVER,2.75,2.05,68,1-1,oddsflow_core_strategy,APIFOOTBALL,50,HALF_WON,26.25
2026-10-02,Club Friendlies,Laval,Rennes,,OU,UNDER,2,1.925,65,1-0,oddsflow_core_strategy,APIFOOTBALL,50,WON,46.25
2026-10-02,Ettan Norra,Karlberg,Sollentuna,,AH,HOME,0,2.05,74,3-2,oddsflow_core_strategy,APIFOOTBALL,50,VOID,0
2026-10-02,Ettan Södra,Lund,Laholm,,1X2,AWAY,0,1.5,79,0-1,oddsflow_active_trader,APIFOOTBALL,50,WON,25
2026-10-02,Ettan Södra,Lund,Laholm,,1X2,AWAY,0,1.5,79,0-1,oddsflow_handicap_sniper,APIFOOTBALL,50,WON,25
2026-10-02,Ettan Södra,Lund,Laholm,,1X2,AWAY,0,1.47,79,0-1,oddsflow_handicap_sniper,NOVA88,46,WON,21.62
2026-10-02,Club Friendlies,Laval,Rennes,,AH,HOME,0.25,2.075,71,1-0,oddsflow_core_strategy,APIFOOTBALL,50,HALF_WON,26.88
2026-10-02,Club Friendlies,Laval,Rennes,,AH,HOME,0.25,2.14,71,1-0,oddsflow_core_strategy,NOVA88,17,HALF_WON,9.69
2026-10-02,Club Friendlies,Laval,Rennes,,AH,HOME,0.25,2.075,71,1-0,oddsflow_handicap_sniper,APIFOOTBALL,50,HALF_WON,26.88
2026-10-02,Club Friendlies,Laval,Rennes,,AH,HOME,0.25,2.14,71,1-0,oddsflow_handicap_sniper,NOVA88,19,HALF_WON,10.83
2026-10-02,Club Friendlies,Laval,Rennes,,AH,HOME,0.25,2.075,71,1-0,oddsflow_active_trader,APIFOOTBALL,50,HALF_WON,26.88
2026-10-02,Club Friendlies,Laval,Rennes,,AH,HOME,0.25,2.12,71,1-0,oddsflow_active_trader,NOVA88,16,HALF_WON,8.96
2026-10-02,Botola Pro,Widad Témara,UTS Rabat,,OU,OVER,1,1.7,36,0-0,oddsflow_handicap_sniper,APIFOOTBALL,50,VOID,0
2026-10-02,Botola Pro,Widad Témara,UTS Rabat,,OU,OVER,1,1.7,36,0-0,oddsflow_active_trader,APIFOOTBALL,50,VOID,0
2026-10-02,Club Friendlies,Sevilla,Aston Villa,,AH,AWAY,0,1.9,10,0-0,oddsflow_core_strategy,APIFOOTBALL,50,WON,45
2026-10-02,Club Friendlies,Sevilla,Aston Villa,,AH,AWAY,0,1.91,10,0-0,oddsflow_core_strategy,NOVA88,15,WON,13.65
2026-10-02,Botola Pro,Widad Témara,UTS Rabat,,AH,HOME,-0.25,2.1,45,0-1,oddsflow_active_trader,APIFOOTBALL,50,HALF_LOST,-25
2026-10-02,Botola Pro,Widad Témara,UTS Rabat,,AH,HOME,-0.25,2.1,45,0-1,oddsflow_core_strategy,APIFOOTBALL,50,HALF_LOST,-25
2026-10-02,Botola Pro,Widad Témara,UTS Rabat,,AH,HOME,-0.25,2.15,45,0-1,oddsflow_handicap_sniper,APIFOOTBALL,50,HALF_LOST,-25
2026-10-02,UEFA Nations League,Bosnia & Herzegovina,Sweden,,AH,AWAY,0,1.775,10,0-0,oddsflow_core_strategy,APIFOOTBALL,50,VOID,0
2026-10-02,UEFA Nations League,Bosnia & Herzegovina,Sweden,,AH,AWAY,0.25,2.05,11,0-0,oddsflow_core_strategy,APIFOOTBALL,50,HALF_LOST,-25
2026-10-02,UEFA Nations League,Belgium,Türkiye,,AH,AWAY,-1,1.85,11,1-0,oddsflow_core_strategy,APIFOOTBALL,50,LOST,-50
2026-10-02,UEFA Nations League,Belgium,Türkiye,,AH,AWAY,-1,1.86,11,1-0,oddsflow_core_strategy,NOVA88,15,LOST,-15
2026-10-02,UEFA Nations League,Belgium,Türkiye,,AH,AWAY,-0.75,2.05,12,1-0,oddsflow_core_strategy,APIFOOTBALL,50,LOST,-50
2026-10-02,Club Friendlies,Sevilla,Aston Villa,,AH,AWAY,0.25,2.25,26,0-0,oddsflow_core_strategy,APIFOOTBALL,50,WON,62.5
2026-10-02,Irish Premier Division,Dundalk,Bohemians,,AH,HOME,0.25,2.5,16,0-0,oddsflow_core_strategy,APIFOOTBALL,50,LOST,-50
2026-10-02,UEFA Nations League,Hungary,Georgia,,AH,HOME,-0.25,1.875,15,0-0,oddsflow_core_strategy,APIFOOTBALL,50,WON,43.75
2026-10-02,UEFA Nations League,Hungary,Georgia,,AH,HOME,-0.25,1.92,15,0-0,oddsflow_core_strategy,NOVA88,19,WON,17.48
2026-10-02,UEFA Nations League,France,Italy,,AH,HOME,-1,1.975,14,0-0,oddsflow_core_strategy,APIFOOTBALL,50,LOST,-50
2026-10-02,Irish Premier Division,Dundalk,Bohemians,,AH,HOME,0.75,1.825,16,0-0,oddsflow_core_strategy,APIFOOTBALL,50,HALF_LOST,-25
2026-10-02,UEFA Nations League,France,Italy,,AH,HOME,-1,2.02,14,0-0,oddsflow_core_strategy,NOVA88,15,LOST,-15
2026-10-02,Irish Premier Division,Dundalk,Bohemians,,AH,HOME,0.75,1.87,16,0-0,oddsflow_core_strategy,NOVA88,23,HALF_LOST,-11.5
2026-10-02,Irish Premier Division,Dundalk,Bohemians,,AH,HOME,0.5,2,19,0-0,oddsflow_core_strategy,APIFOOTBALL,50,LOST,-50
2026-10-02,Irish Premier Division,Dundalk,Bohemians,,AH,HOME,0.5,2.04,19,0-0,oddsflow_core_strategy,NOVA88,20,LOST,-20
2026-10-02,Segunda División,Eldense,Oviedo,,1X2,AWAY,0,1.7,36,0-1,oddsflow_handicap_sniper,NOVA88,15,LOST,-15
2026-10-02,CONCACAF Nations League,St. Lucia,Guadeloupe,,AH,AWAY,-0.25,1.8,10,0-0,oddsflow_core_strategy,APIFOOTBALL,50,LOST,-50
2026-10-02,CONCACAF Nations League,St. Lucia,Guadeloupe,,AH,AWAY,-0.25,1.78,10,0-0,oddsflow_core_strategy,NOVA88,26,LOST,-26
2026-10-02,Botola Pro,Widad Témara,UTS Rabat,,OU,OVER,2,2.1,50,0-1,oddsflow_core_strategy,APIFOOTBALL,50,LOST,-50
2026-10-02,Botola Pro,Widad Témara,UTS Rabat,,OU,OVER,1.75,1.725,51,0-1,oddsflow_handicap_sniper,APIFOOTBALL,50,LOST,-50
2026-10-02,Botola Pro,Widad Témara,UTS Rabat,,OU,OVER,1.75,1.725,51,0-1,oddsflow_active_trader,APIFOOTBALL,50,LOST,-50
2026-10-02,Segunda División,Eldense,Oviedo,,AH,AWAY,-0.5,1.75,42,0-1,oddsflow_core_strategy,APIFOOTBALL,50,LOST,-50
2026-10-02,Segunda División,Eldense,Oviedo,,AH,AWAY,-0.5,1.75,42,0-1,oddsflow_handicap_sniper,APIFOOTBALL,50,LOST,-50
2026-10-02,Segunda División,Eldense,Oviedo,,AH,AWAY,-0.5,1.75,42,0-1,oddsflow_active_trader,APIFOOTBALL,50,LOST,-50
2026-10-02,Segunda División,Eldense,Oviedo,,1X2,AWAY,0,1.727,42,0-1,oddsflow_handicap_sniper,APIFOOTBALL,50,LOST,-50
2026-10-02,Segunda División,Eldense,Oviedo,,1X2,AWAY,0,1.727,42,0-1,oddsflow_active_trader,APIFOOTBALL,50,LOST,-50
2026-10-02,Irish Premier Division,Dundalk,Bohemians,,AH,HOME,1.25,1.875,26,0-0,oddsflow_core_strategy,APIFOOTBALL,50,HALF_WON,21.88
2026-10-02,Segunda División,Eldense,Oviedo,,AH,AWAY,-0.25,1.975,42,0-1,oddsflow_core_strategy,APIFOOTBALL,50,LOST,-50
2026-10-02,Segunda División,Eldense,Oviedo,,AH,AWAY,-0.25,2.09,42,0-1,oddsflow_core_strategy,NOVA88,15,LOST,-15
2026-10-02,Segunda División,Eldense,Oviedo,,AH,AWAY,-0.25,1.975,42,0-1,oddsflow_active_trader,APIFOOTBALL,50,LOST,-50
2026-10-02,Segunda División,Eldense,Oviedo,,AH,AWAY,-0.25,2.08,42,0-1,oddsflow_active_trader,NOVA88,15,LOST,-15
2026-10-02,Segunda División,Eldense,Oviedo,,AH,AWAY,-0.25,2.025,42,0-1,oddsflow_handicap_sniper,APIFOOTBALL,50,LOST,-50
2026-10-02,Segunda División,Eldense,Oviedo,,AH,AWAY,-0.25,2.08,42,0-1,oddsflow_handicap_sniper,NOVA88,15,LOST,-15
2026-10-02,Club Friendlies,Sevilla,Aston Villa,,AH,AWAY,0.25,2.3,45,0-0,oddsflow_active_trader,APIFOOTBALL,50,WON,65
2026-10-02,Irish Premier Division,Dundalk,Bohemians,,AH,HOME,0.25,2.025,35,0-1,oddsflow_handicap_sniper,APIFOOTBALL,50,HALF_WON,25.62
2026-10-02,Irish Premier Division,Dundalk,Bohemians,,AH,HOME,0.25,2.025,35,0-1,oddsflow_active_trader,APIFOOTBALL,50,HALF_WON,25.62
2026-10-02,Irish Premier Division,Dundalk,Bohemians,,AH,HOME,0.25,2.08,35,0-1,oddsflow_handicap_sniper,NOVA88,35,HALF_WON,18.9
2026-10-02,Irish Premier Division,Dundalk,Bohemians,,AH,HOME,0.25,2.08,35,0-1,oddsflow_active_trader,NOVA88,34,HALF_WON,18.36
2026-10-02,UEFA Nations League,Hungary,Georgia,,1X2,HOME,0,2.26,35,0-0,oddsflow_active_trader,NOVA88,15,WON,18.9
2026-10-02,UEFA Nations League,Bosnia & Herzegovina,Sweden,,1X2,AWAY,0,2.72,35,0-0,oddsflow_handicap_sniper,NOVA88,15,LOST,-15
2026-10-02,Irish Premier Division,Dundalk,Bohemians,,AH,HOME,0,2.6,36,0-1,oddsflow_active_trader,APIFOOTBALL,50,VOID,0
2026-10-02,UEFA Nations League,Bosnia & Herzegovina,Sweden,,AH,AWAY,0,1.825,36,0-0,oddsflow_handicap_sniper,APIFOOTBALL,50,VOID,0
2026-10-02,UEFA Nations League,Bosnia & Herzegovina,Sweden,,AH,AWAY,0,1.86,36,0-0,oddsflow_handicap_sniper,NOVA88,15,VOID,0
2026-10-02,UEFA Nations League,Bosnia & Herzegovina,Sweden,,AH,AWAY,0,1.825,36,0-0,oddsflow_active_trader,APIFOOTBALL,50,VOID,0
2026-10-02,UEFA Nations League,Bosnia & Herzegovina,Sweden,,AH,AWAY,0,1.86,36,0-0,oddsflow_active_trader,NOVA88,15,VOID,0
2026-10-02,Botola Pro,Widad Témara,UTS Rabat,,OU,OVER,1.5,1.725,62,0-1,oddsflow_active_trader,APIFOOTBALL,50,LOST,-50
2026-10-02,Botola Pro,Widad Témara,UTS Rabat,,OU,OVER,1.5,1.725,62,0-1,oddsflow_handicap_sniper,APIFOOTBALL,50,LOST,-50
2026-10-02,UEFA Nations League,Hungary,Georgia,,AH,AWAY,-0.25,2.05,37,1-0,oddsflow_beta,APIFOOTBALL,50,HALF_WON,26.25
2026-10-02,UEFA Nations League,Hungary,Georgia,,AH,AWAY,-0.25,2.05,37,1-0,oddsflow_active_trader,APIFOOTBALL,50,HALF_WON,26.25
2026-10-02,UEFA Nations League,Hungary,Georgia,,AH,AWAY,-0.25,2.05,37,1-0,oddsflow_handicap_sniper,APIFOOTBALL,50,HALF_WON,26.25
2026-10-02,UEFA Nations League,Belgium,Türkiye,,AH,AWAY,-0.5,1.95,37,1-0,oddsflow_core_strategy,APIFOOTBALL,50,LOST,-50
2026-10-02,UEFA Nations League,Belgium,Türkiye,,AH,AWAY,-0.5,2,37,1-0,oddsflow_core_strategy,NOVA88,15,LOST,-15
2026-10-02,UEFA Nations League,Belgium,Türkiye,,AH,AWAY,-0.5,1.975,38,1-0,oddsflow_handicap_sniper,APIFOOTBALL,50,LOST,-50
2026-10-02,UEFA Nations League,Belgium,Türkiye,,AH,AWAY,-0.5,2.02,38,1-0,oddsflow_handicap_sniper,NOVA88,15,LOST,-15
2026-10-02,UEFA Nations League,Belgium,Türkiye,,AH,AWAY,-0.5,2,38,1-0,oddsflow_active_trader,APIFOOTBALL,50,LOST,-50
2026-10-02,Spanish Primera División RFEF - Group 2,Real Madrid II,Atlético Madrid II,,AH,AWAY,-0.5,1.85,10,1-0,oddsflow_core_strategy,APIFOOTBALL,50,WON,42.5
2026-10-02,UEFA Nations League,Belgium,Türkiye,,AH,AWAY,-0.5,2,38,1-0,oddsflow_active_trader,NOVA88,15,LOST,-15
2026-10-02,Botola Pro,Widad Témara,UTS Rabat,,AH,AWAY,0,2.35,65,0-1,oddsflow_core_strategy,APIFOOTBALL,50,VOID,0
2026-10-02,UEFA Nations League,Bosnia & Herzegovina,Sweden,,AH,AWAY,0.25,2.25,41,0-0,oddsflow_handicap_sniper,APIFOOTBALL,50,HALF_LOST,-25
2026-10-02,UEFA Nations League,Bosnia & Herzegovina,Sweden,,AH,AWAY,0.25,2.25,41,0-0,oddsflow_active_trader,APIFOOTBALL,50,HALF_LOST,-25
2026-10-02,CONCACAF Nations League,St. Lucia,Guadeloupe,,AH,AWAY,-0.5,1.825,28,1-0,oddsflow_core_strategy,APIFOOTBALL,50,LOST,-50
2026-10-02,UEFA Nations League,Hungary,Georgia,,OU,UNDER,2.5,1.775,42,1-0,oddsflow_beta,APIFOOTBALL,50,WON,38.75
2026-10-02,Spanish Primera División RFEF - Group 2,Real Madrid II,Atlético Madrid II,,AH,AWAY,-0.25,2.075,13,1-0,oddsflow_core_strategy,APIFOOTBALL,50,HALF_WON,26.88
2026-10-02,UEFA Nations League,Bosnia & Herzegovina,Sweden,,1X2,DRAW,0,2.75,43,0-0,oddsflow_handicap_sniper,APIFOOTBALL,50,WON,87.5
2026-10-02,Botola Pro,Widad Témara,UTS Rabat,,AH,AWAY,0,2.375,68,0-1,oddsflow_active_trader,APIFOOTBALL,50,VOID,0
2026-10-02,Botola Pro,Widad Témara,UTS Rabat,,AH,AWAY,0,2.375,68,0-1,oddsflow_handicap_sniper,APIFOOTBALL,50,VOID,0
2026-10-02,UEFA Nations League,France,Italy,,AH,AWAY,-0.75,2,41,0-0,oddsflow_core_strategy,APIFOOTBALL,50,WON,50
2026-10-02,UEFA Nations League,Hungary,Georgia,,OU,UNDER,2.5,1.75,44,1-0,oddsflow_active_trader,APIFOOTBALL,50,WON,37.5
2026-10-02,UEFA Nations League,France,Italy,,AH,AWAY,-0.75,2,42,0-0,oddsflow_active_trader,APIFOOTBALL,50,WON,50
2026-10-02,UEFA Nations League,France,Italy,,AH,AWAY,-0.75,2,42,0-0,oddsflow_active_trader,NOVA88,15,WON,15
2026-10-02,UEFA Nations League,France,Italy,,AH,AWAY,-0.75,2,44,0-0,oddsflow_handicap_sniper,APIFOOTBALL,50,WON,50
2026-10-02,CONCACAF Nations League,St. Lucia,Guadeloupe,,AH,AWAY,-0.5,1.8,35,1-0,oddsflow_active_trader,APIFOOTBALL,50,LOST,-50
2026-10-02,CONCACAF Nations League,St. Lucia,Guadeloupe,,AH,AWAY,-0.5,1.81,35,1-0,oddsflow_active_trader,NOVA88,50,LOST,-50
2026-10-02,CONCACAF Nations League,St. Lucia,Guadeloupe,,AH,AWAY,-0.5,1.8,35,1-0,oddsflow_handicap_sniper,APIFOOTBALL,50,LOST,-50
2026-10-02,CONCACAF Nations League,St. Lucia,Guadeloupe,,AH,AWAY,-0.5,1.81,35,1-0,oddsflow_handicap_sniper,NOVA88,50,LOST,-50
2026-10-02,CONCACAF Nations League,St. Lucia,Guadeloupe,,AH,AWAY,-0.25,2,40,2-0,oddsflow_active_trader,APIFOOTBALL,50,LOST,-50
2026-10-02,CONCACAF Nations League,St. Lucia,Guadeloupe,,AH,AWAY,-0.25,2.02,40,2-0,oddsflow_active_trader,NOVA88,50,LOST,-50
2026-10-02,CONCACAF Nations League,St. Lucia,Guadeloupe,,AH,AWAY,-0.25,2,40,2-0,oddsflow_handicap_sniper,APIFOOTBALL,50,LOST,-50
2026-10-02,CONCACAF Nations League,St. Lucia,Guadeloupe,,AH,AWAY,-0.25,2.02,40,2-0,oddsflow_handicap_sniper,NOVA88,50,LOST,-50
2026-10-02,Segunda División,Eldense,Oviedo,,AH,AWAY,-1,1.9,56,0-1,oddsflow_handicap_sniper,APIFOOTBALL,50,LOST,-50
2026-10-02,Segunda División,Eldense,Oviedo,,AH,AWAY,-1,1.9,56,0-1,oddsflow_core_strategy,APIFOOTBALL,50,LOST,-50
2026-10-02,Segunda División,Eldense,Oviedo,,AH,AWAY,-1,1.9,56,0-1,oddsflow_active_trader,APIFOOTBALL,50,LOST,-50
2026-10-02,Segunda División,Eldense,Oviedo,,OU,OVER,3,2,57,1-1,oddsflow_core_strategy,APIFOOTBALL,50,WON,50
2026-10-02,Segunda División,Eldense,Oviedo,,1X2,DRAW,0,2.2,57,1-1,oddsflow_active_trader,APIFOOTBALL,50,LOST,-50
2026-10-02,Segunda División,Eldense,Oviedo,,1X2,DRAW,0,2.2,57,1-1,oddsflow_handicap_sniper,APIFOOTBALL,50,LOST,-50
2026-10-02,Segunda División,Eldense,Oviedo,,AH,AWAY,0,2.15,57,1-1,oddsflow_handicap_sniper,APIFOOTBALL,50,LOST,-50
2026-10-02,Segunda División,Eldense,Oviedo,,AH,AWAY,0,2.15,57,1-1,oddsflow_core_strategy,APIFOOTBALL,50,LOST,-50
2026-10-02,Segunda División,Eldense,Oviedo,,AH,AWAY,0,2.15,57,1-1,oddsflow_active_trader,APIFOOTBALL,50,LOST,-50
2026-10-02,Club Friendlies,Sevilla,Aston Villa,,AH,AWAY,0,1.925,51,0-0,oddsflow_active_trader,APIFOOTBALL,50,WON,46.25
2026-10-02,Irish Premier Division,Dundalk,Bohemians,,AH,HOME,0,2.47,45,0-1,oddsflow_handicap_sniper,NOVA88,32,VOID,0
2026-10-02,Club Friendlies,Sevilla,Aston Villa,,AH,AWAY,0,1.975,51,0-0,oddsflow_handicap_sniper,APIFOOTBALL,50,WON,48.75
2026-10-02,Irish Premier Division,Dundalk,Bohemians,,AH,HOME,0,2.425,45,0-1,oddsflow_core_strategy,APIFOOTBALL,50,VOID,0
2026-10-02,Irish Premier Division,Dundalk,Bohemians,,AH,HOME,0,2.425,45,0-1,oddsflow_handicap_sniper,APIFOOTBALL,50,VOID,0
2026-10-02,UEFA Nations League,France,Italy,,AH,AWAY,-0.25,2.75,45,0-0,oddsflow_active_trader,NOVA88,15,HALF_WON,13.13
2026-10-02,Spanish Primera División RFEF - Group 2,Real Madrid II,Atlético Madrid II,,AH,AWAY,-0.25,2,35,1-0,oddsflow_active_trader,APIFOOTBALL,50,HALF_WON,25
2026-10-02,Spanish Primera División RFEF - Group 2,Real Madrid II,Atlético Madrid II,,AH,AWAY,-0.25,2,35,1-0,oddsflow_handicap_sniper,APIFOOTBALL,50,HALF_WON,25
2026-10-02,Spanish Primera División RFEF - Group 2,Real Madrid II,Atlético Madrid II,,AH,AWAY,0,2.425,36,1-0,oddsflow_active_trader,APIFOOTBALL,50,VOID,0
2026-10-02,Spanish Primera División RFEF - Group 2,Real Madrid II,Atlético Madrid II,,AH,AWAY,0,2.425,36,1-0,oddsflow_handicap_sniper,APIFOOTBALL,50,VOID,0
2026-10-02,Spanish Primera División RFEF - Group 2,Real Madrid II,Atlético Madrid II,,AH,AWAY,0,2.425,36,1-0,oddsflow_core_strategy,APIFOOTBALL,50,VOID,0
2026-10-02,UEFA Nations League,France,Italy,,AH,AWAY,-0.25,2.675,45,0-0,oddsflow_core_strategy,APIFOOTBALL,50,HALF_WON,41.87
2026-10-02,UEFA Nations League,Hungary,Georgia,,AH,HOME,-0.25,2.39,47,1-0,oddsflow_beta,NOVA88,15,HALF_LOST,-7.5
2026-10-02,UEFA Nations League,France,Italy,,AH,AWAY,-0.25,2.675,45,0-0,oddsflow_active_trader,APIFOOTBALL,50,HALF_WON,41.87
2026-10-02,Spanish Primera División RFEF - Group 2,Real Madrid II,Atlético Madrid II,,AH,AWAY,-0.5,1.7,37,1-0,oddsflow_active_trader,APIFOOTBALL,50,WON,35
2026-10-02,Spanish Primera División RFEF - Group 2,Real Madrid II,Atlético Madrid II,,AH,AWAY,-0.5,1.7,37,1-0,oddsflow_handicap_sniper,APIFOOTBALL,50,WON,35
2026-10-02,Segunda División,Eldense,Oviedo,,AH,AWAY,-0.75,2.25,68,1-1,oddsflow_active_trader,APIFOOTBALL,50,LOST,-50
2026-10-02,Segunda División,Eldense,Oviedo,,OU,UNDER,3.5,1.75,68,1-1,oddsflow_active_trader,APIFOOTBALL,50,LOST,-50
2026-10-02,Segunda División,Eldense,Oviedo,,AH,AWAY,-0.75,2.25,68,1-1,oddsflow_handicap_sniper,APIFOOTBALL,50,LOST,-50
2026-10-02,Segunda División,Eldense,Oviedo,,OU,UNDER,3.5,1.75,68,1-1,oddsflow_handicap_sniper,APIFOOTBALL,50,LOST,-50
2026-10-02,Segunda División,Eldense,Oviedo,,AH,AWAY,0,2.025,69,2-1,oddsflow_beta,APIFOOTBALL,50,LOST,-50
2026-10-02,Segunda División,Eldense,Oviedo,,AH,AWAY,0,2.11,69,2-1,oddsflow_beta,NOVA88,15,LOST,-15
2026-10-02,Club Friendlies,Sevilla,Aston Villa,,OU,OVER,2,2.075,63,1-0,oddsflow_core_strategy,APIFOOTBALL,50,WON,53.75
2026-10-02,UEFA Nations League,Belgium,Türkiye,,OU,UNDER,2.5,2.05,54,1-0,oddsflow_handicap_sniper,APIFOOTBALL,50,LOST,-50
2026-10-02,UEFA Nations League,Belgium,Türkiye,,AH,AWAY,-0.25,2.1,54,1-0,oddsflow_core_strategy,APIFOOTBALL,50,LOST,-50
2026-10-02,UEFA Nations League,Belgium,Türkiye,,AH,AWAY,-0.25,2.11,54,1-0,oddsflow_core_strategy,NOVA88,15,LOST,-15
2026-10-02,UEFA Nations League,Belgium,Türkiye,,OU,UNDER,2.5,2.05,54,1-0,oddsflow_active_trader,APIFOOTBALL,50,LOST,-50
2026-10-02,UEFA Nations League,France,Italy,,AH,AWAY,-0.5,1.875,57,1-0,oddsflow_core_strategy,APIFOOTBALL,50,WON,43.75
2026-10-02,UEFA Nations League,France,Italy,,AH,AWAY,-0.5,1.86,57,1-0,oddsflow_core_strategy,NOVA88,25,WON,21.5
2026-10-02,UEFA Nations League,France,Italy,,AH,AWAY,-0.5,1.875,57,1-0,oddsflow_active_trader,APIFOOTBALL,50,WON,43.75
2026-10-02,UEFA Nations League,France,Italy,,AH,AWAY,-0.5,1.875,57,1-0,oddsflow_handicap_sniper,APIFOOTBALL,50,WON,43.75
2026-10-02,Spanish Primera División RFEF - Group 2,Real Madrid II,Atlético Madrid II,,1X2,DRAW,0,3,45,1-1,oddsflow_handicap_sniper,APIFOOTBALL,50,LOST,-50
2026-10-02,UEFA Nations League,France,Italy,,AH,AWAY,-0.5,1.82,57,1-0,oddsflow_handicap_sniper,NOVA88,22,WON,18.04
2026-10-02,UEFA Nations League,France,Italy,,AH,AWAY,-0.25,2.075,58,1-0,oddsflow_handicap_sniper,APIFOOTBALL,50,WON,53.75
2026-10-02,UEFA Nations League,France,Italy,,AH,AWAY,-0.25,2.16,58,1-0,oddsflow_handicap_sniper,NOVA88,15,WON,17.4
2026-10-02,Club Friendlies,Sevilla,Aston Villa,,AH,HOME,0,2.2,71,1-1,oddsflow_core_strategy,APIFOOTBALL,50,LOST,-50
2026-10-02,Club Friendlies,Sevilla,Aston Villa,,1X2,DRAW,0,1.833,71,1-1,oddsflow_handicap_sniper,APIFOOTBALL,50,LOST,-50
2026-10-02,Club Friendlies,Sevilla,Aston Villa,,AH,HOME,0,2.2,71,1-1,oddsflow_active_trader,APIFOOTBALL,50,LOST,-50
2026-10-02,Club Friendlies,Sevilla,Aston Villa,,1X2,DRAW,0,1.833,71,1-1,oddsflow_active_trader,APIFOOTBALL,50,LOST,-50
2026-10-02,CONCACAF Nations League,St. Lucia,Guadeloupe,,AH,AWAY,0,2.27,47,2-0,oddsflow_handicap_sniper,NOVA88,50,LOST,-50
2026-10-02,CONCACAF Nations League,St. Lucia,Guadeloupe,,AH,AWAY,0,2.27,47,2-0,oddsflow_active_trader,NOVA88,50,LOST,-50
2026-10-02,UEFA Nations League,Belgium,Türkiye,,AH,AWAY,-0.25,1.8,62,2-0,oddsflow_active_trader,APIFOOTBALL,50,LOST,-50
2026-10-02,UEFA Nations League,Bosnia & Herzegovina,Sweden,,AH,HOME,0,2.075,62,0-1,oddsflow_core_strategy,APIFOOTBALL,50,WON,53.75
2026-10-02,UEFA Nations League,Bosnia & Herzegovina,Sweden,,AH,HOME,0,2.075,62,0-1,oddsflow_active_trader,APIFOOTBALL,50,WON,53.75
2026-10-02,UEFA Nations League,Bosnia & Herzegovina,Sweden,,AH,HOME,0,2.075,62,0-1,oddsflow_handicap_sniper,APIFOOTBALL,50,WON,53.75
2026-10-02,UEFA Nations League,Hungary,Georgia,,AH,AWAY,0,2.2,64,1-0,oddsflow_core_strategy,APIFOOTBALL,50,VOID,0
2026-10-02,UEFA Nations League,Hungary,Georgia,,AH,AWAY,0,2.22,64,1-0,oddsflow_core_strategy,NOVA88,15,VOID,0
2026-10-02,UEFA Nations League,Hungary,Georgia,,AH,AWAY,0,2.2,64,1-0,oddsflow_beta,APIFOOTBALL,50,VOID,0
2026-10-02,Irish Premier Division,Dundalk,Bohemians,,OU,OVER,2,2.15,65,0-1,oddsflow_core_strategy,APIFOOTBALL,50,WON,57.5
2026-10-02,UEFA Nations League,Hungary,Georgia,,AH,AWAY,0,2.25,65,1-0,oddsflow_active_trader,NOVA88,15,VOID,0
2026-10-02,UEFA Nations League,Faroe Islands,Slovakia,,OU,OVER,2.5,1.775,68,1-1,oddsflow_handicap_sniper,APIFOOTBALL,50,LOST,-50
2026-10-02,UEFA Nations League,Faroe Islands,Slovakia,,1X2,DRAW,0,1.8,68,1-1,oddsflow_handicap_sniper,APIFOOTBALL,50,WON,40
2026-10-02,UEFA Nations League,Faroe Islands,Slovakia,,OU,OVER,2.5,1.775,68,1-1,oddsflow_active_trader,APIFOOTBALL,50,LOST,-50
2026-10-02,UEFA Nations League,Faroe Islands,Slovakia,,1X2,DRAW,0,1.8,68,1-1,oddsflow_active_trader,APIFOOTBALL,50,WON,40
2026-10-02,UEFA Nations League,Hungary,Georgia,,AH,AWAY,0,2.2,66,1-0,oddsflow_active_trader,APIFOOTBALL,50,VOID,0
2026-10-02,Botola Pro,Ittihad Tanger,Moghreb Tetouan,,AH,AWAY,-0.5,1.85,10,0-0,oddsflow_core_strategy,APIFOOTBALL,50,WON,42.5
2026-10-02,CONCACAF Nations League,St. Lucia,Guadeloupe,,AH,AWAY,0,2.25,51,2-0,oddsflow_handicap_sniper,APIFOOTBALL,50,LOST,-50
2026-10-02,CONCACAF Nations League,St. Lucia,Guadeloupe,,AH,AWAY,0,2.25,51,2-0,oddsflow_core_strategy,APIFOOTBALL,50,LOST,-50
2026-10-02,UEFA Nations League,France,Italy,,OU,OVER,2,2.05,65,1-0,oddsflow_core_strategy,APIFOOTBALL,50,VOID,0
2026-10-02,CONCACAF Nations League,St. Lucia,Guadeloupe,,AH,AWAY,0,2.25,51,2-0,oddsflow_active_trader,APIFOOTBALL,50,LOST,-50
2026-10-02,UEFA Nations League,Belgium,Türkiye,,AH,AWAY,0,2.3,67,2-0,oddsflow_core_strategy,APIFOOTBALL,50,LOST,-50
2026-10-02,UEFA Nations League,Belgium,Türkiye,,OU,UNDER,3,2.025,67,2-0,oddsflow_core_strategy,APIFOOTBALL,50,VOID,0
2026-10-02,UEFA Nations League,Belgium,Türkiye,,AH,AWAY,0,2.3,67,2-0,oddsflow_handicap_sniper,APIFOOTBALL,50,LOST,-50
2026-10-02,UEFA Nations League,Belgium,Türkiye,,AH,AWAY,0,2.3,67,2-0,oddsflow_active_trader,APIFOOTBALL,50,LOST,-50
2026-10-02,Botola Pro,Ittihad Tanger,Moghreb Tetouan,,AH,AWAY,-0.25,2.25,12,0-0,oddsflow_core_strategy,APIFOOTBALL,50,HALF_WON,31.25
2026-10-02,UEFA Nations League,Hungary,Georgia,,AH,AWAY,0,2.2,69,1-0,oddsflow_handicap_sniper,APIFOOTBALL,50,VOID,0
2026-10-02,UEFA Nations League,Hungary,Georgia,,AH,AWAY,0,2.28,69,1-0,oddsflow_handicap_sniper,NOVA88,15,VOID,0
2026-10-02,UEFA Nations League,Belgium,Türkiye,,AH,AWAY,-0.25,1.7,71,2-0,oddsflow_handicap_sniper,APIFOOTBALL,50,LOST,-50
2026-10-02,UEFA Nations League,Faroe Islands,Slovakia,,AH,HOME,0,2.75,75,1-1,oddsflow_active_trader,APIFOOTBALL,50,VOID,0
2026-10-02,UEFA Nations League,Faroe Islands,Slovakia,,AH,HOME,0,2.75,75,1-1,oddsflow_core_strategy,APIFOOTBALL,50,VOID,0
2026-10-02,UEFA Nations League,Faroe Islands,Slovakia,,AH,HOME,0,2.75,75,1-1,oddsflow_handicap_sniper,APIFOOTBALL,50,VOID,0
2026-10-02,UEFA Nations League,Hungary,Georgia,,AH,HOME,0,2.05,82,1-0,oddsflow_core_strategy,APIFOOTBALL,35,VOID,0
2026-10-02,Spanish Primera División RFEF - Group 2,Real Madrid II,Atlético Madrid II,,OU,UNDER,3.5,1.775,52,1-1,oddsflow_active_trader,APIFOOTBALL,50,LOST,-50
2026-10-02,Spanish Primera División RFEF - Group 2,Real Madrid II,Atlético Madrid II,,OU,UNDER,3.5,1.775,52,1-1,oddsflow_handicap_sniper,APIFOOTBALL,50,LOST,-50
2026-10-02,Spanish Primera División RFEF - Group 2,Real Madrid II,Atlético Madrid II,,AH,AWAY,-1,1.95,57,1-1,oddsflow_core_strategy,APIFOOTBALL,50,VOID,0
2026-10-02,Spanish Primera División RFEF - Group 2,Real Madrid II,Atlético Madrid II,,AH,AWAY,-1,1.95,57,1-1,oddsflow_active_trader,APIFOOTBALL,50,VOID,0
2026-10-02,Spanish Primera División RFEF - Group 2,Real Madrid II,Atlético Madrid II,,AH,AWAY,-1,1.95,57,1-1,oddsflow_handicap_sniper,APIFOOTBALL,50,VOID,0
2026-10-02,Spanish Primera División RFEF - Group 2,Real Madrid II,Atlético Madrid II,,1X2,DRAW,0,4,57,1-1,oddsflow_active_trader,APIFOOTBALL,50,LOST,-50
2026-10-02,Botola Pro,Ittihad Tanger,Moghreb Tetouan,,1X2,AWAY,0,1.8,36,0-1,oddsflow_handicap_sniper,APIFOOTBALL,50,LOST,-50
2026-10-02,Botola Pro,Ittihad Tanger,Moghreb Tetouan,,1X2,AWAY,0,1.8,36,0-1,oddsflow_active_trader,APIFOOTBALL,50,LOST,-50
2026-10-02,Ecuadorian Serie B,San Antonio,Cuniburo,,AH,AWAY,0.5,1.825,10,0-0,oddsflow_core_strategy,APIFOOTBALL,50,LOST,-50
2026-10-02,Ecuadorian Serie B,Deportivo Cuenca Juniors,Ind. Juniors,,AH,HOME,0,2.025,11,0-0,oddsflow_core_strategy,APIFOOTBALL,50,LOST,-50
2026-10-02,Botola Pro,Ittihad Tanger,Moghreb Tetouan,,AH,AWAY,-0.5,1.9,41,0-1,oddsflow_handicap_sniper,APIFOOTBALL,50,LOST,-50
2026-10-02,Botola Pro,Ittihad Tanger,Moghreb Tetouan,,AH,AWAY,-0.5,1.9,42,0-1,oddsflow_active_trader,APIFOOTBALL,50,LOST,-50
2026-10-02,Spanish Primera División RFEF - Group 2,Real Madrid II,Atlético Madrid II,,AH,HOME,0.75,1.775,66,2-1,oddsflow_handicap_sniper,APIFOOTBALL,50,WON,38.75
2026-10-02,Spanish Primera División RFEF - Group 2,Real Madrid II,Atlético Madrid II,,1X2,HOME,0,2.2,66,2-1,oddsflow_handicap_sniper,APIFOOTBALL,50,WON,60
2026-10-02,Spanish Primera División RFEF - Group 2,Real Madrid II,Atlético Madrid II,,AH,HOME,0.75,1.775,66,2-1,oddsflow_active_trader,APIFOOTBALL,50,WON,38.75
2026-10-02,Spanish Primera División RFEF - Group 2,Real Madrid II,Atlético Madrid II,,1X2,HOME,0,2.2,66,2-1,oddsflow_active_trader,APIFOOTBALL,50,WON,60
2026-10-02,Spanish Primera División RFEF - Group 2,Real Madrid II,Atlético Madrid II,,AH,HOME,0.75,1.775,66,2-1,oddsflow_core_strategy,APIFOOTBALL,50,WON,38.75
2026-10-02,Ecuadorian Serie B,Deportivo Cuenca Juniors,Ind. Juniors,,AH,HOME,0.25,1.7,16,0-1,oddsflow_core_strategy,APIFOOTBALL,50,LOST,-50
2026-10-02,Ecuadorian Serie B,Deportivo Cuenca Juniors,Ind. Juniors,,AH,HOME,0,2.05,35,0-1,oddsflow_active_trader,APIFOOTBALL,50,LOST,-50
2026-10-02,Ecuadorian Serie B,Deportivo Cuenca Juniors,Ind. Juniors,,AH,HOME,0,2.05,35,0-1,oddsflow_handicap_sniper,APIFOOTBALL,50,LOST,-50
2026-10-02,Ecuadorian Serie B,San Antonio,Cuniburo,,1X2,AWAY,0,2.1,37,0-0,oddsflow_active_trader,APIFOOTBALL,50,LOST,-50
2026-10-02,Ecuadorian Serie B,San Antonio,Cuniburo,,1X2,AWAY,0,2.1,37,0-0,oddsflow_handicap_sniper,APIFOOTBALL,50,LOST,-50
2026-10-02,CONCACAF Nations League,St. Kitts and Nevis,Cuba,,AH,HOME,1,1.9,10,0-0,oddsflow_core_strategy,APIFOOTBALL,50,WON,45
2026-10-02,CONCACAF Nations League,St. Kitts and Nevis,Cuba,,AH,HOME,1,1.92,10,0-0,oddsflow_core_strategy,NOVA88,33,WON,30.36
2026-10-02,Ecuadorian Serie B,San Antonio,Cuniburo,,AH,AWAY,0.25,1.825,40,0-0,oddsflow_core_strategy,APIFOOTBALL,50,HALF_LOST,-25
2026-10-02,Ecuadorian Serie B,Deportivo Cuenca Juniors,Ind. Juniors,,AH,HOME,0.25,1.7,43,0-1,oddsflow_active_trader,APIFOOTBALL,50,LOST,-50
2026-10-02,Ecuadorian Serie B,San Antonio,Cuniburo,,AH,AWAY,0.25,1.875,43,0-0,oddsflow_active_trader,APIFOOTBALL,50,HALF_LOST,-25
2026-10-02,Ecuadorian Serie B,San Antonio,Cuniburo,,AH,AWAY,0.25,1.875,43,0-0,oddsflow_handicap_sniper,APIFOOTBALL,50,HALF_LOST,-25
2026-10-02,Ecuadorian Serie B,Deportivo Cuenca Juniors,Ind. Juniors,,AH,HOME,0.25,1.7,43,0-1,oddsflow_handicap_sniper,APIFOOTBALL,50,LOST,-50
2026-10-02,Botola Pro,Ittihad Tanger,Moghreb Tetouan,,OU,OVER,3,2.1,59,1-1,oddsflow_core_strategy,APIFOOTBALL,50,LOST,-50
2026-10-02,Botola Pro,Ittihad Tanger,Moghreb Tetouan,,AH,AWAY,-0.25,1.95,59,1-1,oddsflow_active_trader,APIFOOTBALL,50,HALF_WON,23.75
2026-10-02,Botola Pro,Ittihad Tanger,Moghreb Tetouan,,AH,AWAY,-0.25,1.95,59,1-1,oddsflow_handicap_sniper,APIFOOTBALL,50,HALF_WON,23.75
2026-10-02,Botola Pro,Ittihad Tanger,Moghreb Tetouan,,1X2,DRAW,0,2.1,59,1-1,oddsflow_active_trader,APIFOOTBALL,50,WON,55
2026-10-02,Botola Pro,Ittihad Tanger,Moghreb Tetouan,,1X2,DRAW,0,2.1,59,1-1,oddsflow_handicap_sniper,APIFOOTBALL,50,WON,55
2026-10-02,CONCACAF Nations League,St. Kitts and Nevis,Cuba,,AH,HOME,0.75,2.025,25,0-0,oddsflow_core_strategy,APIFOOTBALL,50,WON,51.25
2026-10-02,CONCACAF Nations League,St. Kitts and Nevis,Cuba,,AH,HOME,0.75,1.975,35,1-1,oddsflow_active_trader,APIFOOTBALL,50,WON,48.75
2026-10-02,CONCACAF Nations League,St. Kitts and Nevis,Cuba,,AH,HOME,0.75,1.975,35,1-1,oddsflow_handicap_sniper,APIFOOTBALL,50,WON,48.75
2026-10-02,CONCACAF Nations League,St. Kitts and Nevis,Cuba,,AH,HOME,0.75,2,35,1-1,oddsflow_active_trader,NOVA88,39,WON,39
2026-10-02,CONCACAF Nations League,St. Kitts and Nevis,Cuba,,AH,HOME,0.75,2,35,1-1,oddsflow_handicap_sniper,NOVA88,43,WON,43
2026-10-02,CONCACAF Nations League,St. Kitts and Nevis,Cuba,,1X2,DRAW,0,3.05,35,1-1,oddsflow_handicap_sniper,NOVA88,15,WON,30.75
2026-10-02,CONCACAF Nations League,St. Kitts and Nevis,Cuba,,1X2,DRAW,0,3.4,36,1-1,oddsflow_handicap_sniper,APIFOOTBALL,50,WON,120
2026-10-02,CONCACAF Nations League,St. Kitts and Nevis,Cuba,,AH,HOME,0.5,2,39,1-2,oddsflow_active_trader,APIFOOTBALL,50,WON,50
2026-10-02,CONCACAF Nations League,St. Kitts and Nevis,Cuba,,AH,HOME,0.5,2,39,1-2,oddsflow_handicap_sniper,APIFOOTBALL,50,WON,50
2026-10-02,CONCACAF Nations League,St. Kitts and Nevis,Cuba,,AH,HOME,0.5,2,39,1-2,oddsflow_core_strategy,APIFOOTBALL,50,WON,50
2026-10-02,Ecuadorian Serie B,Deportivo Cuenca Juniors,Ind. Juniors,,OU,OVER,2,2,50,0-1,oddsflow_core_strategy,APIFOOTBALL,50,VOID,0
2026-10-02,CONCACAF Nations League,St. Kitts and Nevis,Cuba,,AH,HOME,0.75,1.875,40,1-2,oddsflow_beta,APIFOOTBALL,50,WON,43.75
2026-10-02,CONCACAF Nations League,St. Kitts and Nevis,Cuba,,AH,HOME,0.75,1.88,40,1-2,oddsflow_beta,NOVA88,50,WON,44
2026-10-02,Ecuadorian Serie B,Deportivo Cuenca Juniors,Ind. Juniors,,OU,OVER,1.75,1.675,53,0-1,oddsflow_active_trader,APIFOOTBALL,50,HALF_WON,16.88
2026-10-02,Ecuadorian Serie B,Deportivo Cuenca Juniors,Ind. Juniors,,OU,OVER,1.75,1.675,53,0-1,oddsflow_handicap_sniper,APIFOOTBALL,50,HALF_WON,16.88
2026-10-02,Ecuadorian Serie B,San Antonio,Cuniburo,,1X2,DRAW,0,2.4,51,0-0,oddsflow_handicap_sniper,APIFOOTBALL,50,WON,70
2026-10-02,Ecuadorian Serie B,San Antonio,Cuniburo,,1X2,DRAW,0,2.3,54,0-0,oddsflow_active_trader,APIFOOTBALL,50,WON,65
2026-10-02,CONCACAF Nations League,St. Kitts and Nevis,Cuba,,AH,HOME,0.5,2.025,45,1-2,oddsflow_beta,APIFOOTBALL,50,WON,51.25
2026-10-02,CONCACAF Nations League,St. Kitts and Nevis,Cuba,,AH,HOME,0.25,2.56,45,1-2,oddsflow_active_trader,NOVA88,50,WON,78
2026-10-02,CONCACAF Nations League,St. Kitts and Nevis,Cuba,,AH,HOME,0.25,2.56,45,1-2,oddsflow_beta,NOVA88,50,WON,78
2026-10-02,CONCACAF Nations League,St. Kitts and Nevis,Cuba,,AH,HOME,0.25,2.56,45,1-2,oddsflow_handicap_sniper,NOVA88,48,WON,74.88
2026-10-02,CONCACAF Nations League,St. Kitts and Nevis,Cuba,,OU,UNDER,4.5,2.075,45,1-2,oddsflow_beta,APIFOOTBALL,50,LOST,-50
2026-10-02,CONCACAF Nations League,St. Kitts and Nevis,Cuba,,OU,UNDER,4.5,2.075,45,1-2,oddsflow_handicap_sniper,APIFOOTBALL,50,LOST,-50
2026-10-02,CONCACAF Nations League,St. Kitts and Nevis,Cuba,,OU,UNDER,4.5,2.075,45,1-2,oddsflow_active_trader,APIFOOTBALL,50,LOST,-50
2026-10-02,Ecuadorian Serie B,San Antonio,Cuniburo,,AH,HOME,0.25,1.725,68,0-0,oddsflow_core_strategy,APIFOOTBALL,50,HALF_WON,18.13
2026-10-02,Ecuadorian Serie B,San Antonio,Cuniburo,,AH,HOME,0.25,1.725,68,0-0,oddsflow_active_trader,APIFOOTBALL,50,HALF_WON,18.13
2026-10-02,Ecuadorian Serie B,San Antonio,Cuniburo,,OU,OVER,0.75,2,68,0-0,oddsflow_core_strategy,APIFOOTBALL,50,LOST,-50
2026-10-02,Ecuadorian Serie B,San Antonio,Cuniburo,,AH,HOME,0.25,1.7,70,0-0,oddsflow_handicap_sniper,APIFOOTBALL,50,HALF_WON,17.5
2026-10-02,CONCACAF Nations League,St. Kitts and Nevis,Cuba,,OU,UNDER,5.5,1.775,53,1-3,oddsflow_handicap_sniper,APIFOOTBALL,50,LOST,-50
2026-10-02,CONCACAF Nations League,St. Kitts and Nevis,Cuba,,OU,UNDER,5.5,1.775,53,1-3,oddsflow_active_trader,APIFOOTBALL,50,LOST,-50
2026-10-02,Ecuadorian Serie B,San Antonio,Cuniburo,,AH,HOME,0,2.5,82,0-0,oddsflow_core_strategy,APIFOOTBALL,35,VOID,0
2026-10-02,Colombian Primera B,Depor FC,Real Cundinamarca,,AH,AWAY,1,2.4,13,1-0,oddsflow_core_strategy,APIFOOTBALL,50,WON,70
2026-10-02,Primera Nacional,Ferro Carril Oeste,Deportivo Madryn,,AH,AWAY,-0.5,1.95,10,0-0,oddsflow_core_strategy,APIFOOTBALL,50,WON,47.5
2026-10-02,CONCACAF Nations League,St. Kitts and Nevis,Cuba,,AH,HOME,0.25,2.05,59,1-3,oddsflow_active_trader,APIFOOTBALL,50,WON,52.5
2026-10-02,CONCACAF Nations League,St. Kitts and Nevis,Cuba,,AH,HOME,0.25,2.05,59,1-3,oddsflow_handicap_sniper,APIFOOTBALL,50,WON,52.5
2026-10-02,CONCACAF Nations League,St. Kitts and Nevis,Cuba,,AH,HOME,0.25,2.05,59,1-3,oddsflow_core_strategy,APIFOOTBALL,50,WON,52.5
2026-10-02,CONCACAF Nations League,St. Kitts and Nevis,Cuba,,AH,HOME,0.25,2.06,59,1-3,oddsflow_core_strategy,NOVA88,47,WON,49.82
2026-10-02,Primera Nacional,Ferro Carril Oeste,Deportivo Madryn,,AH,AWAY,-0.75,1.825,15,0-0,oddsflow_core_strategy,APIFOOTBALL,50,WON,41.25
2026-10-02,Primera Nacional,Ferro Carril Oeste,Deportivo Madryn,,AH,AWAY,-0.75,1.87,15,0-0,oddsflow_core_strategy,NOVA88,23,WON,20.01
2026-10-02,Colombian Primera B,Depor FC,Real Cundinamarca,,AH,HOME,0.75,2,23,1-0,oddsflow_core_strategy,APIFOOTBALL,50,LOST,-50
2026-10-02,Colombian Primera B,Depor FC,Real Cundinamarca,,AH,HOME,0.75,2.03,23,1-0,oddsflow_core_strategy,NOVA88,15,LOST,-15
2026-10-02,Colombian Primera B,Depor FC,Real Cundinamarca,,AH,HOME,0.5,2.25,33,1-0,oddsflow_core_strategy,APIFOOTBALL,50,LOST,-50
2026-10-02,Colombian Primera B,Depor FC,Real Cundinamarca,,AH,HOME,0.75,1.95,35,1-0,oddsflow_active_trader,APIFOOTBALL,50,LOST,-50
2026-10-02,Colombian Primera B,Depor FC,Real Cundinamarca,,AH,HOME,0.75,1.94,35,1-0,oddsflow_active_trader,NOVA88,15,LOST,-15
2026-10-02,Colombian Primera B,Depor FC,Real Cundinamarca,,1X2,HOME,0,2.2,35,1-0,oddsflow_active_trader,APIFOOTBALL,50,LOST,-50
2026-10-02,Colombian Primera B,Depor FC,Real Cundinamarca,,1X2,HOME,0,2.29,35,1-0,oddsflow_active_trader,NOVA88,15,LOST,-15
2026-10-02,Colombian Primera B,Depor FC,Real Cundinamarca,,AH,HOME,0.75,1.95,35,1-0,oddsflow_handicap_sniper,APIFOOTBALL,50,LOST,-50
2026-10-02,Colombian Primera B,Depor FC,Real Cundinamarca,,AH,HOME,0.75,1.94,35,1-0,oddsflow_handicap_sniper,NOVA88,15,LOST,-15
2026-10-02,Colombian Primera B,Depor FC,Real Cundinamarca,,1X2,HOME,0,2.2,35,1-0,oddsflow_handicap_sniper,APIFOOTBALL,50,LOST,-50
2026-10-02,Colombian Primera B,Depor FC,Real Cundinamarca,,1X2,HOME,0,2.29,35,1-0,oddsflow_handicap_sniper,NOVA88,17,LOST,-17
2026-10-02,Primera Nacional,Ferro Carril Oeste,Deportivo Madryn,,AH,AWAY,-0.5,2.025,35,0-0,oddsflow_handicap_sniper,APIFOOTBALL,50,WON,51.25
2026-10-02,Primera Nacional,Ferro Carril Oeste,Deportivo Madryn,,1X2,DRAW,0,2.875,35,0-0,oddsflow_handicap_sniper,APIFOOTBALL,50,LOST,-50
2026-10-02,Primera Nacional,Ferro Carril Oeste,Deportivo Madryn,,AH,AWAY,-0.5,2.025,35,0-0,oddsflow_active_trader,APIFOOTBALL,50,WON,51.25
2026-10-02,Brasileirão Série B,São Bernardo,CRB,,AH,HOME,0.25,1.825,10,0-0,oddsflow_core_strategy,APIFOOTBALL,50,WON,41.25
2026-10-02,Brasileirão Série B,São Bernardo,CRB,,AH,HOME,0.25,1.86,10,0-0,oddsflow_core_strategy,NOVA88,26,WON,22.36
2026-10-02,Colombian Primera B,Depor FC,Real Cundinamarca,,AH,HOME,0.5,2.15,43,1-0,oddsflow_active_trader,APIFOOTBALL,50,LOST,-50
2026-10-02,Colombian Primera B,Depor FC,Real Cundinamarca,,AH,HOME,0.5,2.15,44,1-0,oddsflow_handicap_sniper,APIFOOTBALL,50,LOST,-50
2026-10-02,Brasileirão Série B,São Bernardo,CRB,,AH,HOME,0,2.35,16,0-0,oddsflow_core_strategy,APIFOOTBALL,50,WON,67.5
2026-10-02,CONCACAF Nations League,Suriname,Guatemala,,AH,AWAY,-0.75,1.775,45,0-0,oddsflow_active_trader,APIFOOTBALL,50,WON,38.75
2026-10-02,CONCACAF Nations League,Suriname,Guatemala,,AH,AWAY,-0.75,1.83,45,0-0,oddsflow_active_trader,NOVA88,50,WON,41.5
2026-10-02,CONCACAF Nations League,Suriname,Guatemala,,AH,AWAY,-0.75,1.775,45,0-0,oddsflow_beta,APIFOOTBALL,50,WON,38.75
2026-10-02,CONCACAF Nations League,Suriname,Guatemala,,AH,AWAY,-0.75,1.83,45,0-0,oddsflow_beta,NOVA88,50,WON,41.5
2026-10-02,CONCACAF Nations League,Suriname,Guatemala,,1X2,DRAW,0,2.875,45,0-0,oddsflow_beta,APIFOOTBALL,50,WON,93.75
2026-10-02,CONCACAF Nations League,Suriname,Guatemala,,1X2,DRAW,0,2.85,45,0-0,oddsflow_beta,NOVA88,18,WON,33.3
2026-10-02,CONCACAF Nations League,Suriname,Guatemala,,AH,AWAY,-0.75,1.775,45,0-0,oddsflow_core_strategy,APIFOOTBALL,50,WON,38.75
2026-10-02,CONCACAF Nations League,Suriname,Guatemala,,AH,AWAY,-0.75,1.775,45,0-0,oddsflow_handicap_sniper,APIFOOTBALL,50,WON,38.75
2026-10-02,Colombian Primera B,Depor FC,Real Cundinamarca,,1X2,DRAW,0,2.75,45,1-1,oddsflow_handicap_sniper,APIFOOTBALL,50,LOST,-50
2026-10-02,Colombian Primera B,Depor FC,Real Cundinamarca,,1X2,DRAW,0,2.62,45,1-1,oddsflow_handicap_sniper,NOVA88,15,LOST,-15
2026-10-02,CONCACAF Nations League,Suriname,Guatemala,,1X2,DRAW,0,2.82,45,0-0,oddsflow_handicap_sniper,NOVA88,17,WON,30.94
2026-10-02,CONCACAF Nations League,Suriname,Guatemala,,1X2,DRAW,0,2.83,45,0-0,oddsflow_active_trader,NOVA88,15,WON,27.45
2026-10-02,Liga Profesional Argentina,Independiente,Instituto de Cordoba,,OU,OVER,3,1.725,42,1-1,oddsflow_active_trader,APIFOOTBALL,50,WON,36.25
2026-10-02,CONCACAF Nations League,Suriname,Guatemala,,AH,AWAY,-0.5,2.08,46,0-0,oddsflow_handicap_sniper,NOVA88,50,WON,54
2026-10-02,CONCACAF Nations League,Suriname,Guatemala,,AH,AWAY,-0.5,2.08,46,0-0,oddsflow_active_trader,NOVA88,50,WON,54
2026-10-02,CONCACAF Nations League,Suriname,Guatemala,,AH,AWAY,-0.5,2.08,47,0-0,oddsflow_beta,NOVA88,50,WON,54
2026-10-02,Brasileirão Série B,São Bernardo,CRB,,AH,HOME,0.25,1.775,35,0-0,oddsflow_handicap_sniper,APIFOOTBALL,50,WON,38.75
2026-10-02,Brasileirão Série B,São Bernardo,CRB,,1X2,DRAW,0,2.78,35,0-0,oddsflow_handicap_sniper,NOVA88,15,LOST,-15
2026-10-02,Brasileirão Série B,São Bernardo,CRB,,AH,HOME,0.25,1.775,35,0-0,oddsflow_active_trader,APIFOOTBALL,50,WON,38.75
2026-10-02,CONCACAF Nations League,Suriname,Guatemala,,AH,AWAY,-0.5,2,48,0-0,oddsflow_core_strategy,APIFOOTBALL,50,WON,50
2026-10-02,CONCACAF Nations League,Suriname,Guatemala,,AH,AWAY,-0.5,2.02,48,0-0,oddsflow_core_strategy,NOVA88,50,WON,51
2026-10-02,CONCACAF Nations League,Suriname,Guatemala,,AH,AWAY,-0.5,2,48,0-0,oddsflow_handicap_sniper,APIFOOTBALL,50,WON,50
2026-10-02,CONCACAF Nations League,Suriname,Guatemala,,OU,UNDER,1.5,1.775,48,0-0,oddsflow_handicap_sniper,APIFOOTBALL,50,WON,38.75
2026-10-02,CONCACAF Nations League,Suriname,Guatemala,,AH,AWAY,-0.5,2,48,0-0,oddsflow_beta,APIFOOTBALL,50,WON,50
2026-10-02,CONCACAF Nations League,Suriname,Guatemala,,OU,UNDER,1.5,1.775,48,0-0,oddsflow_beta,APIFOOTBALL,50,WON,38.75
2026-10-02,CONCACAF Nations League,Suriname,Guatemala,,AH,AWAY,-0.5,2,48,0-0,oddsflow_active_trader,APIFOOTBALL,50,WON,50
2026-10-02,CONCACAF Nations League,Suriname,Guatemala,,OU,UNDER,1.5,1.775,48,0-0,oddsflow_active_trader,APIFOOTBALL,50,WON,38.75
2026-10-02,CONCACAF Nations League,Suriname,Guatemala,,1X2,DRAW,0,2.75,48,0-0,oddsflow_handicap_sniper,APIFOOTBALL,50,WON,87.5
2026-10-02,Brasileirão Série B,São Bernardo,CRB,,1X2,DRAW,0,2.75,37,0-0,oddsflow_handicap_sniper,APIFOOTBALL,50,LOST,-50
2026-10-02,Colombian Primera B,Depor FC,Real Cundinamarca,,1X2,DRAW,0,2.6,50,1-1,oddsflow_active_trader,APIFOOTBALL,50,LOST,-50
2026-10-02,Brasileirão Série B,São Bernardo,CRB,,OU,UNDER,1.5,2.025,41,0-0,oddsflow_active_trader,APIFOOTBALL,50,LOST,-50
2026-10-02,CONCACAF Nations League,Suriname,Guatemala,,1X2,DRAW,0,2.5,54,0-0,oddsflow_active_trader,APIFOOTBALL,50,WON,75
2026-10-02,Primera Nacional,Ferro Carril Oeste,Deportivo Madryn,,1X2,DRAW,0,2.5,48,0-0,oddsflow_active_trader,APIFOOTBALL,50,LOST,-50
2026-10-02,CONCACAF Nations League,Suriname,Guatemala,,AH,AWAY,-0.25,2.16,58,0-0,oddsflow_beta,NOVA88,42,HALF_WON,24.36
2026-10-02,CONCACAF Nations League,Suriname,Guatemala,,AH,AWAY,-0.25,2.16,58,0-0,oddsflow_handicap_sniper,NOVA88,42,HALF_WON,24.36
2026-10-02,CONCACAF Nations League,Suriname,Guatemala,,AH,AWAY,-0.25,2.16,58,0-0,oddsflow_active_trader,NOVA88,44,HALF_WON,25.52
2026-10-02,CONCACAF Nations League,Suriname,Guatemala,,AH,AWAY,-0.25,2.075,61,0-0,oddsflow_core_strategy,APIFOOTBALL,50,HALF_WON,26.88
2026-10-02,CONCACAF Nations League,Suriname,Guatemala,,AH,AWAY,-0.25,2.075,61,0-0,oddsflow_beta,APIFOOTBALL,50,HALF_WON,26.88
2026-10-02,CONCACAF Nations League,Suriname,Guatemala,,AH,AWAY,-0.25,2.12,61,0-0,oddsflow_core_strategy,NOVA88,44,HALF_WON,24.64
2026-10-02,CONCACAF Nations League,Suriname,Guatemala,,AH,AWAY,-0.25,2.075,61,0-0,oddsflow_handicap_sniper,APIFOOTBALL,50,HALF_WON,26.88
2026-10-02,CONCACAF Nations League,Suriname,Guatemala,,AH,AWAY,-0.25,2.075,61,0-0,oddsflow_active_trader,APIFOOTBALL,50,HALF_WON,26.88
2026-10-02,Colombian Primera B,Depor FC,Real Cundinamarca,,AH,HOME,0.25,2.05,61,1-1,oddsflow_handicap_sniper,APIFOOTBALL,50,LOST,-50
2026-10-02,Colombian Primera B,Depor FC,Real Cundinamarca,,AH,HOME,0.25,2.11,61,1-1,oddsflow_handicap_sniper,NOVA88,26,LOST,-26
2026-10-02,Colombian Primera B,Depor FC,Real Cundinamarca,,AH,HOME,0.25,2.05,61,1-1,oddsflow_active_trader,APIFOOTBALL,50,LOST,-50
2026-10-02,Colombian Primera B,Depor FC,Real Cundinamarca,,AH,HOME,0.25,2.11,61,1-1,oddsflow_active_trader,NOVA88,26,LOST,-26
2026-10-02,Colombian Primera B,Depor FC,Real Cundinamarca,,AH,HOME,0.25,2.05,62,1-1,oddsflow_core_strategy,APIFOOTBALL,50,LOST,-50
2026-10-02,Colombian Primera B,Depor FC,Real Cundinamarca,,OU,OVER,3,2.05,62,1-1,oddsflow_core_strategy,APIFOOTBALL,50,VOID,0
2026-10-02,Colombian Primera B,Depor FC,Real Cundinamarca,,AH,HOME,0.25,2.11,62,1-1,oddsflow_core_strategy,NOVA88,26,LOST,-26
2026-10-02,Brasileirão Série B,São Bernardo,CRB,,AH,HOME,0,2.35,45,0-0,oddsflow_handicap_sniper,APIFOOTBALL,50,WON,67.5
2026-10-02,Brasileirão Série B,São Bernardo,CRB,,AH,HOME,0,2.35,45,0-0,oddsflow_active_trader,APIFOOTBALL,50,WON,67.5
2026-10-02,Primera Nacional,Ferro Carril Oeste,Deportivo Madryn,,OU,OVER,1,2.075,55,0-0,oddsflow_core_strategy,APIFOOTBALL,50,WON,53.75
2026-10-02,Primera Nacional,Ferro Carril Oeste,Deportivo Madryn,,AH,AWAY,-0.25,2.075,62,0-0,oddsflow_active_trader,APIFOOTBALL,50,WON,53.75
2026-10-02,Primera Nacional,Ferro Carril Oeste,Deportivo Madryn,,AH,AWAY,-0.25,2.075,62,0-0,oddsflow_core_strategy,APIFOOTBALL,50,WON,53.75
2026-10-02,Primera Nacional,Ferro Carril Oeste,Deportivo Madryn,,AH,AWAY,-0.25,2.075,62,0-0,oddsflow_handicap_sniper,APIFOOTBALL,50,WON,53.75
2026-10-02,Chilean Primera División,Universidad de Concepcion,Huachipato,,AH,HOME,-0.25,1.975,29,0-1,oddsflow_core_strategy,APIFOOTBALL,50,LOST,-50
2026-10-02,Brasileirão Série A,Sao Paulo,Santos,,AH,AWAY,-1,1.975,33,0-0,oddsflow_core_strategy,APIFOOTBALL,50,WON,48.75
2026-10-02,Brasileirão Série B,São Bernardo,CRB,,OU,UNDER,1.5,1.775,47,0-0,oddsflow_handicap_sniper,APIFOOTBALL,50,LOST,-50
2026-10-02,Brasileirão Série B,São Bernardo,CRB,,1X2,DRAW,0,2.5,48,0-0,oddsflow_active_trader,APIFOOTBALL,50,LOST,-50
2026-10-02,Chilean Primera División,Universidad de Concepcion,Huachipato,,1X2,AWAY,0,1.727,38,0-1,oddsflow_handicap_sniper,APIFOOTBALL,50,WON,36.35
2026-10-02,Chilean Primera División,Universidad de Concepcion,Huachipato,,1X2,AWAY,0,1.727,39,0-1,oddsflow_active_trader,APIFOOTBALL,50,WON,36.35
2026-10-02,Colombian Primera B,Depor FC,Real Cundinamarca,,AH,HOME,1,1.7,85,1-1,oddsflow_core_strategy,APIFOOTBALL,35,VOID,0
2026-10-02,Brasileirão Série A,Sao Paulo,Santos,,1X2,DRAW,0,2.5,45,1-1,oddsflow_handicap_sniper,APIFOOTBALL,50,LOST,-50
2026-10-02,Brasileirão Série B,São Bernardo,CRB,,OU,OVER,3,2.075,61,1-1,oddsflow_core_strategy,APIFOOTBALL,500,WON,537.5
2026-10-02,Brasileirão Série A,Sao Paulo,Santos,,1X2,DRAW,0,2.4,45,1-1,oddsflow_beta,APIFOOTBALL,50,LOST,-50
2026-10-02,Brasileirão Série B,Londrina,Criciuma,,AH,HOME,0,2.2,35,0-0,oddsflow_active_trader,APIFOOTBALL,50,LOST,-50
2026-10-02,Brasileirão Série B,Londrina,Criciuma,,AH,HOME,0,2.2,35,0-0,oddsflow_handicap_sniper,APIFOOTBALL,50,LOST,-50
2026-10-02,Brasileirão Série B,Londrina,Criciuma,,AH,HOME,0,2.2,35,0-0,oddsflow_core_strategy,APIFOOTBALL,50,LOST,-50
2026-10-02,Brasileirão Série B,Londrina,Criciuma,,1X2,DRAW,0,2.63,35,0-0,oddsflow_handicap_sniper,NOVA88,15,LOST,-15
2026-10-02,Chilean Primera División,Universidad de Concepcion,Huachipato,,AH,HOME,0.25,1.75,46,0-1,oddsflow_handicap_sniper,APIFOOTBALL,50,LOST,-50
2026-10-02,Chilean Primera División,Universidad de Concepcion,Huachipato,,AH,HOME,0.25,1.75,46,0-1,oddsflow_active_trader,APIFOOTBALL,50,LOST,-50
2026-10-02,Chilean Primera División,Universidad de Concepcion,Huachipato,,AH,HOME,0.25,1.75,46,0-1,oddsflow_core_strategy,APIFOOTBALL,50,LOST,-50
2026-10-02,Brasileirão Série B,Londrina,Criciuma,,1X2,DRAW,0,2.625,40,0-0,oddsflow_handicap_sniper,APIFOOTBALL,50,LOST,-50
2026-10-02,Brasileirão Série A,Sao Paulo,Santos,,AH,AWAY,-0.25,1.9,51,1-1,oddsflow_core_strategy,APIFOOTBALL,50,WON,45
2026-10-02,Brasileirão Série A,Sao Paulo,Santos,,AH,AWAY,-0.25,1.92,51,1-1,oddsflow_core_strategy,NOVA88,15,WON,13.8
2026-10-02,Brasileirão Série A,Sao Paulo,Santos,,AH,AWAY,0,2.75,52,1-1,oddsflow_handicap_sniper,APIFOOTBALL,50,WON,87.5
2026-10-02,Brasileirão Série A,Sao Paulo,Santos,,AH,AWAY,0,2.75,52,1-1,oddsflow_beta,APIFOOTBALL,50,WON,87.5
2026-10-02,Brasileirão Série A,Sao Paulo,Santos,,AH,AWAY,0,2.75,52,1-1,oddsflow_active_trader,APIFOOTBALL,50,WON,87.5
2026-10-02,Brasileirão Série A,Sao Paulo,Santos,,AH,AWAY,0,2.75,52,1-1,oddsflow_core_strategy,APIFOOTBALL,50,WON,87.5
2026-10-02,Brasileirão Série B,Juventude,Operario-PR,,AH,AWAY,-0.5,1.925,35,1-0,oddsflow_active_trader,APIFOOTBALL,50,LOST,-50
2026-10-02,Brasileirão Série B,Juventude,Operario-PR,,AH,AWAY,-0.5,1.95,35,1-0,oddsflow_active_trader,NOVA88,32,LOST,-32
2026-10-02,Brasileirão Série B,Juventude,Operario-PR,,AH,AWAY,-0.5,1.925,35,1-0,oddsflow_handicap_sniper,APIFOOTBALL,50,LOST,-50
2026-10-02,Brasileirão Série B,Juventude,Operario-PR,,AH,AWAY,-0.5,1.94,35,1-0,oddsflow_handicap_sniper,NOVA88,32,LOST,-32
2026-10-02,Brasileirão Série B,Juventude,Operario-PR,,AH,AWAY,-0.5,1.925,35,1-0,oddsflow_beta,APIFOOTBALL,50,LOST,-50
2026-10-02,Brasileirão Série B,Juventude,Operario-PR,,AH,AWAY,-0.5,1.94,35,1-0,oddsflow_beta,NOVA88,34,LOST,-34
2026-10-02,Brasileirão Série A,Sao Paulo,Santos,,AH,AWAY,-0.25,1.875,54,1-1,oddsflow_beta,APIFOOTBALL,50,WON,43.75
2026-10-02,Brasileirão Série A,Sao Paulo,Santos,,1X2,AWAY,0,1.571,56,1-2,oddsflow_handicap_sniper,APIFOOTBALL,50,WON,28.55
2026-10-02,Brasileirão Série A,Sao Paulo,Santos,,1X2,AWAY,0,1.571,56,1-2,oddsflow_active_trader,APIFOOTBALL,50,WON,28.55
2026-10-02,Brasileirão Série A,Sao Paulo,Santos,,OU,OVER,4,2.05,58,1-2,oddsflow_core_strategy,APIFOOTBALL,500,LOST,-500
2026-10-02,Brasileirão Série A,Sao Paulo,Santos,,AH,AWAY,-0.25,2.025,61,1-2,oddsflow_handicap_sniper,APIFOOTBALL,50,HALF_WON,25.62
2026-10-02,Brasileirão Série A,Sao Paulo,Santos,,AH,AWAY,-0.25,2.025,61,1-2,oddsflow_active_trader,APIFOOTBALL,50,HALF_WON,25.62
