match_date,league,home_team,away_team,final_score,market,selection,line,entry_odds,entry_minute,score_at_entry,model_key,source,stake,result,profit_loss
2026-05-01,Süper Lig,Rizespor,Konyaspor,,AH,AWAY,-1,1.7,15,0-0,oddsflow_core_strategy,APIFOOTBALL,200,VOID,0
2026-05-01,Süper Lig,Rizespor,Konyaspor,,AH,AWAY,-0.5,2.15,25,1-1,oddsflow_beta,APIFOOTBALL,500,LOST,-500
2026-05-01,Süper Lig,Rizespor,Konyaspor,,OU,UNDER,4.5,1.727,25,1-1,oddsflow_beta,APIFOOTBALL,500,LOST,-500
2026-05-01,Süper Lig,Rizespor,Konyaspor,,AH,AWAY,-0.5,2.15,25,1-1,oddsflow_handicap_sniper,APIFOOTBALL,500,LOST,-500
2026-05-01,Süper Lig,Rizespor,Konyaspor,,AH,AWAY,-0.5,2.15,25,1-1,oddsflow_active_trader,APIFOOTBALL,500,LOST,-500
2026-05-01,Süper Lig,Rizespor,Konyaspor,,OU,UNDER,4.5,1.727,25,1-1,oddsflow_handicap_sniper,APIFOOTBALL,500,LOST,-500
2026-05-01,Süper Lig,Rizespor,Konyaspor,,OU,UNDER,4.5,1.727,25,1-1,oddsflow_active_trader,APIFOOTBALL,500,LOST,-500
2026-05-01,Süper Lig,Rizespor,Konyaspor,,1X2,HOME,0,1.666,25,1-1,oddsflow_active_trader,APIFOOTBALL,500,WON,333
2026-05-01,Süper Lig,Rizespor,Konyaspor,,OU,UNDER,3.5,2.5,36,1-1,oddsflow_beta,APIFOOTBALL,500,LOST,-500
2026-05-01,Süper Lig,Rizespor,Konyaspor,,OU,UNDER,3.5,2.5,36,1-1,oddsflow_active_trader,APIFOOTBALL,500,LOST,-500
2026-05-01,Süper Lig,Rizespor,Konyaspor,,OU,UNDER,3.5,2.5,36,1-1,oddsflow_handicap_sniper,APIFOOTBALL,500,LOST,-500
2026-05-01,Süper Lig,Rizespor,Konyaspor,,1X2,DRAW,0,3.4,37,1-1,oddsflow_handicap_sniper,APIFOOTBALL,500,LOST,-500
2026-05-01,Süper Lig,Rizespor,Konyaspor,,1X2,DRAW,0,3.4,37,1-1,oddsflow_beta,APIFOOTBALL,500,LOST,-500
2026-05-01,Süper Lig,Rizespor,Konyaspor,,AH,AWAY,-0.5,1.95,48,1-1,oddsflow_beta,APIFOOTBALL,500,LOST,-500
2026-05-01,Süper Lig,Rizespor,Konyaspor,,1X2,DRAW,0,2.625,55,1-1,oddsflow_active_trader,APIFOOTBALL,500,LOST,-500
2026-05-01,Süper Lig,Rizespor,Konyaspor,,AH,AWAY,-1,2.75,60,2-1,oddsflow_active_trader,APIFOOTBALL,500,WON,875
2026-05-01,Süper Lig,Rizespor,Konyaspor,,AH,AWAY,-1,2.75,60,2-1,oddsflow_beta,APIFOOTBALL,500,WON,875
2026-05-01,Serie A,Pisa,Lecce,,1X2,DRAW,0,2.75,25,0-0,oddsflow_handicap_sniper,APIFOOTBALL,500,LOST,-500
2026-05-01,Serie A,Pisa,Lecce,,AH,AWAY,0,1.8,27,0-0,oddsflow_active_trader,APIFOOTBALL,542,WON,433.6
2026-05-01,Serie A,Pisa,Lecce,,AH,AWAY,0,1.8,27,0-0,oddsflow_handicap_sniper,APIFOOTBALL,525,WON,420
2026-05-01,Serie A,Pisa,Lecce,,AH,AWAY,0,1.8,27,0-0,oddsflow_core_strategy,APIFOOTBALL,200,WON,160
2026-05-01,La Liga,Girona,Mallorca,,AH,AWAY,0,2.6,15,0-0,oddsflow_core_strategy,APIFOOTBALL,200,WON,320
2026-05-01,Serie A,Pisa,Lecce,,1X2,DRAW,0,2.6,35,0-0,oddsflow_active_trader,APIFOOTBALL,500,LOST,-500
2026-05-01,Serie A,Pisa,Lecce,,OU,UNDER,1.5,1.727,37,0-0,oddsflow_handicap_sniper,APIFOOTBALL,500,LOST,-500
2026-05-01,Serie A,Pisa,Lecce,,OU,UNDER,1.5,1.727,38,0-0,oddsflow_active_trader,APIFOOTBALL,500,LOST,-500
2026-05-01,Premier League,Leeds United,Burnley,,AH,AWAY,-1.5,2.675,25,1-0,oddsflow_active_trader,APIFOOTBALL,647,WON,1083.73
2026-05-01,Premier League,Leeds United,Burnley,,OU,UNDER,3.5,1.533,25,1-0,oddsflow_active_trader,APIFOOTBALL,500,LOST,-500
2026-05-01,Premier League,Leeds United,Burnley,,AH,AWAY,-1.5,2.675,25,1-0,oddsflow_handicap_sniper,APIFOOTBALL,649,WON,1087.07
2026-05-01,Premier League,Leeds United,Burnley,,OU,UNDER,3.5,1.533,25,1-0,oddsflow_handicap_sniper,APIFOOTBALL,500,LOST,-500
2026-05-01,La Liga,Girona,Mallorca,,AH,AWAY,0,2.75,25,0-0,oddsflow_handicap_sniper,APIFOOTBALL,500,WON,875
2026-05-01,La Liga,Girona,Mallorca,,AH,AWAY,0,2.75,25,0-0,oddsflow_active_trader,APIFOOTBALL,500,WON,875
2026-05-01,Premier League,Leeds United,Burnley,,AH,AWAY,-1.5,2.5,28,1-0,oddsflow_active_trader,APIFOOTBALL,530,WON,795
2026-05-01,Serie A,Pisa,Lecce,,1X2,DRAW,0,2.4,42,0-0,oddsflow_active_trader,APIFOOTBALL,500,LOST,-500
2026-05-01,La Liga,Girona,Mallorca,,AH,AWAY,0,2.6,27,0-0,oddsflow_active_trader,APIFOOTBALL,500,WON,800
2026-05-01,Premier League,Leeds United,Burnley,,AH,AWAY,-1.5,2.2,32,1-0,oddsflow_core_strategy,APIFOOTBALL,200,WON,240
2026-05-01,La Liga,Girona,Mallorca,,AH,HOME,0.5,2.075,44,0-1,oddsflow_active_trader,APIFOOTBALL,841,WON,904.08
2026-05-01,La Liga,Girona,Mallorca,,AH,HOME,0.5,2.075,44,0-1,oddsflow_handicap_sniper,APIFOOTBALL,817,WON,878.28
2026-05-01,La Liga,Girona,Mallorca,,1X2,AWAY,0,1.727,44,0-1,oddsflow_handicap_sniper,APIFOOTBALL,500,WON,363.5
2026-05-01,La Liga,Girona,Mallorca,,1X2,AWAY,0,1.8,46,0-1,oddsflow_active_trader,APIFOOTBALL,500,WON,400
2026-05-01,La Liga,Girona,Mallorca,,1X2,AWAY,0,1.8,48,0-1,oddsflow_handicap_sniper,APIFOOTBALL,500,WON,400
2026-05-01,Serie A,Pisa,Lecce,,AH,HOME,1,2.125,54,0-1,oddsflow_active_trader,APIFOOTBALL,500,WON,562.5
2026-05-01,Serie A,Pisa,Lecce,,AH,HOME,1,2.125,54,0-1,oddsflow_handicap_sniper,APIFOOTBALL,500,WON,562.5
2026-05-01,La Liga,Girona,Mallorca,,OU,OVER,1.5,1.909,48,0-1,oddsflow_handicap_sniper,APIFOOTBALL,500,LOST,-500
2026-05-01,La Liga,Girona,Mallorca,,OU,OVER,1.5,1.909,48,0-1,oddsflow_active_trader,APIFOOTBALL,500,LOST,-500
2026-05-01,Serie A,Pisa,Lecce,,OU,UNDER,2.5,2.5,56,0-1,oddsflow_active_trader,APIFOOTBALL,500,LOST,-500
2026-05-01,Serie A,Pisa,Lecce,,OU,UNDER,2.5,2.5,56,0-1,oddsflow_handicap_sniper,APIFOOTBALL,500,LOST,-500
2026-05-01,Serie A,Pisa,Lecce,,OU,OVER,2.5,1.571,57,1-1,oddsflow_handicap_sniper,APIFOOTBALL,500,WON,285.5
2026-05-01,Serie A,Pisa,Lecce,,OU,OVER,2.5,1.571,57,1-1,oddsflow_active_trader,APIFOOTBALL,500,WON,285.5
2026-05-01,Premier League,Leeds United,Burnley,,OU,UNDER,2.5,1.727,47,1-0,oddsflow_active_trader,APIFOOTBALL,500,LOST,-500
2026-05-01,Premier League,Leeds United,Burnley,,OU,UNDER,2.5,1.666,48,1-0,oddsflow_handicap_sniper,APIFOOTBALL,500,LOST,-500
2026-05-01,Premier League,Leeds United,Burnley,,OU,UNDER,2.5,1.615,53,1-0,oddsflow_active_trader,APIFOOTBALL,500,LOST,-500
2026-05-01,La Liga,Girona,Mallorca,,OU,UNDER,2.5,1.666,54,0-1,oddsflow_handicap_sniper,APIFOOTBALL,500,WON,333
2026-05-01,La Liga,Girona,Mallorca,,OU,UNDER,2.5,1.666,54,0-1,oddsflow_active_trader,APIFOOTBALL,500,WON,333
2026-05-01,La Liga,Girona,Mallorca,,AH,HOME,0.5,2.2,80,0-1,oddsflow_beta,APIFOOTBALL,547,WON,656.4
2026-05-01,La Liga,Girona,Mallorca,,OU,UNDER,2.5,1.5,80,0-1,oddsflow_beta,APIFOOTBALL,840,WON,420
2026-05-01,La Liga,Girona,Mallorca,,1X2,AWAY,0,1.666,80,0-1,oddsflow_beta,APIFOOTBALL,575,WON,382.95
2026-05-01,La Liga,Girona,Mallorca,,OU,UNDER,2.5,1.727,83,0-1,oddsflow_core_strategy,APIFOOTBALL,500,WON,363.5
2026-05-02,La Liga,Villarreal,Levante,,AH,AWAY,-0.5,2.075,15,0-0,oddsflow_core_strategy,APIFOOTBALL,200,LOST,-200
2026-05-02,La Liga,Villarreal,Levante,,AH,AWAY,-0.5,2.075,25,0-0,oddsflow_beta,APIFOOTBALL,500,LOST,-500
2026-05-02,La Liga,Villarreal,Levante,,AH,AWAY,-0.5,2.075,25,0-0,oddsflow_handicap_sniper,APIFOOTBALL,500,LOST,-500
2026-05-02,La Liga,Villarreal,Levante,,AH,AWAY,-0.5,2.075,25,0-0,oddsflow_active_trader,APIFOOTBALL,500,LOST,-500
2026-05-02,La Liga,Villarreal,Levante,,1X2,AWAY,0,4.75,25,0-0,oddsflow_beta,APIFOOTBALL,500,LOST,-500
2026-05-02,La Liga,Villarreal,Levante,,1X2,AWAY,0,4.75,25,0-0,oddsflow_handicap_sniper,APIFOOTBALL,500,LOST,-500
2026-05-02,La Liga,Villarreal,Levante,,OU,UNDER,2.5,1.727,29,0-0,oddsflow_active_trader,APIFOOTBALL,500,LOST,-500
2026-05-02,La Liga,Villarreal,Levante,,AH,AWAY,-1.5,1.875,38,1-0,oddsflow_active_trader,APIFOOTBALL,816,LOST,-816
2026-05-02,La Liga,Villarreal,Levante,,OU,UNDER,3.5,1.5,38,1-0,oddsflow_active_trader,APIFOOTBALL,500,LOST,-500
2026-05-02,La Liga,Villarreal,Levante,,AH,AWAY,-1.5,1.875,38,1-0,oddsflow_beta,APIFOOTBALL,812,LOST,-812
2026-05-02,La Liga,Villarreal,Levante,,OU,UNDER,3.5,1.5,38,1-0,oddsflow_beta,APIFOOTBALL,500,LOST,-500
2026-05-02,La Liga,Villarreal,Levante,,AH,AWAY,-1.5,1.875,38,1-0,oddsflow_handicap_sniper,APIFOOTBALL,815,LOST,-815
2026-05-02,La Liga,Villarreal,Levante,,OU,UNDER,3.5,1.5,38,1-0,oddsflow_handicap_sniper,APIFOOTBALL,500,LOST,-500
2026-05-02,La Liga,Villarreal,Levante,,AH,AWAY,-1,2.675,39,1-0,oddsflow_active_trader,APIFOOTBALL,608,LOST,-608
2026-05-02,La Liga,Villarreal,Levante,,AH,AWAY,-1,2.675,39,1-0,oddsflow_beta,APIFOOTBALL,500,LOST,-500
2026-05-02,La Liga,Villarreal,Levante,,AH,AWAY,-1,2.675,39,1-0,oddsflow_handicap_sniper,APIFOOTBALL,500,LOST,-500
2026-05-02,La Liga,Villarreal,Levante,,OU,UNDER,2.5,2.375,41,1-0,oddsflow_beta,APIFOOTBALL,500,LOST,-500
2026-05-02,La Liga,Villarreal,Levante,,OU,UNDER,2.5,2.375,42,1-0,oddsflow_handicap_sniper,APIFOOTBALL,500,LOST,-500
2026-05-02,La Liga,Villarreal,Levante,,AH,AWAY,0,2.75,52,1-1,oddsflow_active_trader,APIFOOTBALL,500,LOST,-500
2026-05-02,La Liga,Villarreal,Levante,,AH,AWAY,0,2.75,52,1-1,oddsflow_beta,APIFOOTBALL,500,LOST,-500
2026-05-02,La Liga,Villarreal,Levante,,1X2,DRAW,0,2.75,52,1-1,oddsflow_beta,APIFOOTBALL,500,LOST,-500
2026-05-02,La Liga,Villarreal,Levante,,AH,AWAY,0,2.75,52,1-1,oddsflow_handicap_sniper,APIFOOTBALL,500,LOST,-500
2026-05-02,La Liga,Villarreal,Levante,,1X2,DRAW,0,2.75,52,1-1,oddsflow_handicap_sniper,APIFOOTBALL,500,LOST,-500
2026-05-02,La Liga,Villarreal,Levante,,1X2,DRAW,0,2.5,57,1-1,oddsflow_active_trader,APIFOOTBALL,500,LOST,-500
2026-05-02,La Liga,Villarreal,Levante,,OU,UNDER,4.5,1.5,62,1-1,oddsflow_handicap_sniper,APIFOOTBALL,862,LOST,-862
2026-05-02,La Liga,Villarreal,Levante,,OU,UNDER,4.5,1.5,62,1-1,oddsflow_beta,APIFOOTBALL,859,LOST,-859
2026-05-02,La Liga,Villarreal,Levante,,OU,UNDER,4.5,1.5,62,1-1,oddsflow_active_trader,APIFOOTBALL,862,LOST,-862
2026-05-02,Bundesliga,Hoffenheim,VfB Stuttgart,,AH,AWAY,-1,1.9,15,1-0,oddsflow_core_strategy,APIFOOTBALL,200,WON,180
2026-05-02,Bundesliga,Hoffenheim,VfB Stuttgart,,AH,AWAY,-1,2,25,2-1,oddsflow_active_trader,APIFOOTBALL,1039,WON,1039
2026-05-02,Bundesliga,Hoffenheim,VfB Stuttgart,,AH,AWAY,-1,2,25,2-1,oddsflow_handicap_sniper,APIFOOTBALL,1031,WON,1031
2026-05-02,Bundesliga,Hoffenheim,VfB Stuttgart,,AH,AWAY,-1,1.95,27,2-1,oddsflow_beta,APIFOOTBALL,1061,WON,1007.95
2026-05-02,Bundesliga,Hoffenheim,VfB Stuttgart,,1X2,HOME,0,1.5,35,2-1,oddsflow_active_trader,APIFOOTBALL,500,LOST,-500
2026-05-02,Bundesliga,Eintracht Frankfurt,Hamburger SV,,AH,AWAY,-0.5,1.75,47,0-0,oddsflow_core_strategy,APIFOOTBALL,200,WON,150
2026-05-02,Bundesliga,Hoffenheim,VfB Stuttgart,,AH,AWAY,0,2.2,48,2-1,oddsflow_beta,APIFOOTBALL,689,WON,826.8
2026-05-02,Bundesliga,Hoffenheim,VfB Stuttgart,,1X2,HOME,0,2.2,48,2-1,oddsflow_beta,APIFOOTBALL,500,LOST,-500
2026-05-02,Bundesliga,Eintracht Frankfurt,Hamburger SV,,AH,AWAY,-0.5,1.75,47,0-0,oddsflow_handicap_sniper,APIFOOTBALL,500,WON,375
2026-05-02,Bundesliga,Hoffenheim,VfB Stuttgart,,AH,AWAY,0,2.1,48,2-1,oddsflow_handicap_sniper,APIFOOTBALL,718,WON,789.8
2026-05-02,Bundesliga,Eintracht Frankfurt,Hamburger SV,,1X2,DRAW,0,2.875,47,0-0,oddsflow_handicap_sniper,APIFOOTBALL,500,LOST,-500
2026-05-02,Bundesliga,Hoffenheim,VfB Stuttgart,,1X2,HOME,0,2.3,48,2-1,oddsflow_handicap_sniper,APIFOOTBALL,500,LOST,-500
2026-05-02,Bundesliga,Eintracht Frankfurt,Hamburger SV,,AH,AWAY,-0.5,1.75,47,0-0,oddsflow_active_trader,APIFOOTBALL,500,WON,375
2026-05-02,Bundesliga,Hoffenheim,VfB Stuttgart,,AH,AWAY,0,2.1,48,2-1,oddsflow_active_trader,APIFOOTBALL,549,WON,603.9
2026-05-02,Bundesliga,Hoffenheim,VfB Stuttgart,,OU,OVER,3.5,1.727,48,2-1,oddsflow_beta,APIFOOTBALL,500,WON,363.5
2026-05-02,Bundesliga,Hoffenheim,VfB Stuttgart,,OU,OVER,3.5,1.727,48,2-1,oddsflow_handicap_sniper,APIFOOTBALL,500,WON,363.5
2026-05-02,Bundesliga,Hoffenheim,VfB Stuttgart,,OU,OVER,3.5,1.727,48,2-1,oddsflow_active_trader,APIFOOTBALL,500,WON,363.5
2026-05-02,Bundesliga,Eintracht Frankfurt,Hamburger SV,,OU,UNDER,1.5,2,47,0-0,oddsflow_active_trader,APIFOOTBALL,500,LOST,-500
2026-05-02,Bundesliga,Eintracht Frankfurt,Hamburger SV,,OU,UNDER,1.5,2,47,0-0,oddsflow_handicap_sniper,APIFOOTBALL,500,LOST,-500
2026-05-02,Bundesliga,Hoffenheim,VfB Stuttgart,,OU,OVER,4.5,2.5,48,2-1,oddsflow_active_trader,APIFOOTBALL,500,WON,750
2026-05-02,Bundesliga,Hoffenheim,VfB Stuttgart,,OU,OVER,4.5,2.5,48,2-1,oddsflow_beta,APIFOOTBALL,500,WON,750
2026-05-02,Bundesliga,Hoffenheim,VfB Stuttgart,,OU,OVER,4.5,2.5,48,2-1,oddsflow_handicap_sniper,APIFOOTBALL,500,WON,750
2026-05-02,Bundesliga,Eintracht Frankfurt,Hamburger SV,,AH,AWAY,0,2.75,47,0-0,oddsflow_handicap_sniper,APIFOOTBALL,500,WON,875
2026-05-02,Bundesliga,Eintracht Frankfurt,Hamburger SV,,AH,AWAY,0,2.75,47,0-0,oddsflow_active_trader,APIFOOTBALL,500,WON,875
2026-05-02,Bundesliga,Eintracht Frankfurt,Hamburger SV,,OU,OVER,3.5,2.5,68,1-2,oddsflow_active_trader,APIFOOTBALL,500,LOST,-500
2026-05-02,Bundesliga,Eintracht Frankfurt,Hamburger SV,,OU,OVER,3.5,2.5,68,1-2,oddsflow_handicap_sniper,APIFOOTBALL,500,LOST,-500
2026-05-02,Bundesliga,Eintracht Frankfurt,Hamburger SV,,AH,HOME,0.5,2.375,70,1-2,oddsflow_active_trader,APIFOOTBALL,593,WON,815.38
2026-05-02,Bundesliga,Eintracht Frankfurt,Hamburger SV,,1X2,AWAY,0,1.571,70,1-2,oddsflow_active_trader,APIFOOTBALL,500,WON,285.5
2026-05-02,Bundesliga,Eintracht Frankfurt,Hamburger SV,,AH,HOME,0.5,2.375,70,1-2,oddsflow_handicap_sniper,APIFOOTBALL,500,WON,687.5
2026-05-02,Bundesliga,Eintracht Frankfurt,Hamburger SV,,1X2,AWAY,0,1.571,70,1-2,oddsflow_handicap_sniper,APIFOOTBALL,500,WON,285.5
2026-05-02,Bundesliga,Hoffenheim,VfB Stuttgart,,OU,OVER,5.5,2.375,69,3-2,oddsflow_handicap_sniper,APIFOOTBALL,500,WON,687.5
2026-05-02,Bundesliga,Hoffenheim,VfB Stuttgart,,OU,OVER,5.5,2.375,69,3-2,oddsflow_beta,APIFOOTBALL,500,WON,687.5
2026-05-02,Bundesliga,Hoffenheim,VfB Stuttgart,,OU,OVER,5.5,2.3,69,3-2,oddsflow_active_trader,APIFOOTBALL,500,WON,650
2026-05-02,Primeira Liga,Arouca,Santa Clara,,AH,AWAY,0,1.95,49,1-1,oddsflow_active_trader,APIFOOTBALL,853,VOID,0
2026-05-02,Primeira Liga,Arouca,Santa Clara,,1X2,AWAY,0,3.2,49,1-1,oddsflow_active_trader,APIFOOTBALL,500,LOST,-500
2026-05-02,Primeira Liga,Arouca,Santa Clara,,AH,AWAY,0,1.95,49,1-1,oddsflow_core_strategy,APIFOOTBALL,200,VOID,0
2026-05-02,Primeira Liga,Arouca,Santa Clara,,AH,AWAY,0,1.95,49,1-1,oddsflow_handicap_sniper,APIFOOTBALL,843,VOID,0
2026-05-02,Primeira Liga,Arouca,Santa Clara,,1X2,AWAY,0,3.2,49,1-1,oddsflow_handicap_sniper,APIFOOTBALL,500,LOST,-500
2026-05-02,Primeira Liga,Arouca,Santa Clara,,OU,OVER,3.5,2.5,46,1-1,oddsflow_active_trader,APIFOOTBALL,500,WON,750
2026-05-02,Primeira Liga,Arouca,Santa Clara,,OU,OVER,3.5,2.5,46,1-1,oddsflow_handicap_sniper,APIFOOTBALL,500,WON,750
2026-05-02,Primeira Liga,Arouca,Santa Clara,,OU,UNDER,3.5,1.666,54,1-1,oddsflow_active_trader,APIFOOTBALL,500,LOST,-500
2026-05-02,Primeira Liga,Arouca,Santa Clara,,OU,UNDER,3.5,1.666,54,1-1,oddsflow_handicap_sniper,APIFOOTBALL,500,LOST,-500
2026-05-02,Primeira Liga,Arouca,Santa Clara,,1X2,DRAW,0,2.625,56,1-1,oddsflow_handicap_sniper,APIFOOTBALL,500,WON,812.5
2026-05-02,Primeira Liga,Arouca,Santa Clara,,1X2,DRAW,0,2.625,56,1-1,oddsflow_active_trader,APIFOOTBALL,500,WON,812.5
2026-05-02,Primeira Liga,Arouca,Santa Clara,,AH,AWAY,-0.5,2.3,69,1-1,oddsflow_handicap_sniper,APIFOOTBALL,500,WON,650
2026-05-02,Primeira Liga,Arouca,Santa Clara,,AH,AWAY,-0.5,2.3,69,1-1,oddsflow_active_trader,APIFOOTBALL,500,WON,650
2026-05-02,Primeira Liga,Arouca,Santa Clara,,AH,AWAY,-1,1.725,71,1-1,oddsflow_handicap_sniper,APIFOOTBALL,886,WON,642.35
2026-05-02,Primeira Liga,Arouca,Santa Clara,,AH,AWAY,-1,1.725,71,1-1,oddsflow_active_trader,APIFOOTBALL,892,WON,646.7
2026-05-02,Ligue 1,Paris Saint-Germain,Lorient,,AH,AWAY,-1,1.7,71,2-1,oddsflow_beta,APIFOOTBALL,1405,WON,983.5
2026-05-02,Ligue 1,Paris Saint-Germain,Lorient,,OU,OVER,3.5,1.727,71,2-1,oddsflow_beta,APIFOOTBALL,520,WON,378.04
2026-05-02,Ligue 1,Paris Saint-Germain,Lorient,,1X2,HOME,0,1.571,71,2-1,oddsflow_beta,APIFOOTBALL,921,LOST,-921
2026-05-02,Ligue 1,Paris Saint-Germain,Lorient,,AH,AWAY,-1,1.7,71,2-1,oddsflow_handicap_sniper,APIFOOTBALL,1387,WON,970.9
2026-05-02,Serie A,Como,Napoli,,AH,HOME,-0.5,2.375,25,0-0,oddsflow_handicap_sniper,APIFOOTBALL,500,LOST,-500
2026-05-02,Ligue 1,Paris Saint-Germain,Lorient,,1X2,HOME,0,1.571,71,2-1,oddsflow_handicap_sniper,APIFOOTBALL,1228,LOST,-1228
2026-05-02,Serie A,Como,Napoli,,OU,OVER,1.5,1.615,25,0-0,oddsflow_handicap_sniper,APIFOOTBALL,527,LOST,-527
2026-05-02,Serie A,Como,Napoli,,1X2,HOME,0,2.4,25,0-0,oddsflow_handicap_sniper,APIFOOTBALL,500,LOST,-500
2026-05-02,Ligue 1,Paris Saint-Germain,Lorient,,AH,AWAY,-1,1.725,71,2-1,oddsflow_active_trader,APIFOOTBALL,1364,WON,988.9
2026-05-02,Serie A,Como,Napoli,,AH,HOME,-0.5,2.375,25,0-0,oddsflow_active_trader,APIFOOTBALL,500,LOST,-500
2026-05-02,Ligue 1,Paris Saint-Germain,Lorient,,1X2,HOME,0,1.571,71,2-1,oddsflow_active_trader,APIFOOTBALL,962,LOST,-962
2026-05-02,Serie A,Como,Napoli,,OU,OVER,1.5,1.615,25,0-0,oddsflow_active_trader,APIFOOTBALL,520,LOST,-520
2026-05-02,Serie A,Como,Napoli,,1X2,HOME,0,2.4,25,0-0,oddsflow_active_trader,APIFOOTBALL,500,LOST,-500
2026-05-02,Ligue 1,Paris Saint-Germain,Lorient,,AH,AWAY,-0.5,2.35,73,2-1,oddsflow_active_trader,APIFOOTBALL,500,WON,675
2026-05-02,Ligue 1,Paris Saint-Germain,Lorient,,AH,AWAY,-0.5,2.35,73,2-1,oddsflow_beta,APIFOOTBALL,500,WON,675
2026-05-02,Ligue 1,Paris Saint-Germain,Lorient,,AH,AWAY,-0.5,2.35,73,2-1,oddsflow_handicap_sniper,APIFOOTBALL,500,WON,675
2026-05-02,Ligue 1,Paris Saint-Germain,Lorient,,1X2,DRAW,0,3.4,79,2-2,oddsflow_handicap_sniper,APIFOOTBALL,500,WON,1200
2026-05-02,Ligue 1,Paris Saint-Germain,Lorient,,1X2,DRAW,0,3.4,79,2-2,oddsflow_beta,APIFOOTBALL,500,WON,1200
2026-05-02,Ligue 1,Paris Saint-Germain,Lorient,,1X2,DRAW,0,3.4,79,2-2,oddsflow_active_trader,APIFOOTBALL,500,WON,1200
2026-05-02,Serie A,Como,Napoli,,AH,HOME,-0.5,2.3,34,0-0,oddsflow_beta,APIFOOTBALL,500,LOST,-500
2026-05-02,Serie A,Como,Napoli,,OU,OVER,1.5,1.8,34,0-0,oddsflow_beta,APIFOOTBALL,500,LOST,-500
2026-05-02,Serie A,Como,Napoli,,1X2,HOME,0,2.3,34,0-0,oddsflow_beta,APIFOOTBALL,500,LOST,-500
2026-05-02,Serie A,Como,Napoli,,AH,AWAY,0,2.35,42,0-0,oddsflow_handicap_sniper,APIFOOTBALL,500,VOID,0
2026-05-02,Serie A,Como,Napoli,,AH,AWAY,0,2.35,42,0-0,oddsflow_active_trader,APIFOOTBALL,500,VOID,0
2026-05-02,Serie A,Como,Napoli,,AH,AWAY,0,2.35,43,0-0,oddsflow_beta,APIFOOTBALL,500,VOID,0
2026-05-02,La Liga,Alaves,Athletic Bilbao,,AH,AWAY,-0.5,2.1,25,1-0,oddsflow_handicap_sniper,APIFOOTBALL,683,WON,751.3
2026-05-02,La Liga,Alaves,Athletic Bilbao,,OU,OVER,2.5,1.666,25,1-0,oddsflow_handicap_sniper,APIFOOTBALL,508,WON,338.33
2026-05-02,La Liga,Alaves,Athletic Bilbao,,1X2,HOME,0,1.727,25,1-0,oddsflow_handicap_sniper,APIFOOTBALL,500,LOST,-500
2026-05-02,La Liga,Alaves,Athletic Bilbao,,AH,AWAY,-0.5,2.15,25,1-0,oddsflow_active_trader,APIFOOTBALL,673,WON,773.95
2026-05-02,La Liga,Alaves,Athletic Bilbao,,OU,OVER,2.5,1.666,25,1-0,oddsflow_active_trader,APIFOOTBALL,500,WON,333
2026-05-02,La Liga,Alaves,Athletic Bilbao,,1X2,HOME,0,1.727,25,1-0,oddsflow_active_trader,APIFOOTBALL,500,LOST,-500
2026-05-02,Serie A,Como,Napoli,,OU,OVER,0.5,1.533,61,0-0,oddsflow_handicap_sniper,APIFOOTBALL,500,LOST,-500
2026-05-02,Serie A,Como,Napoli,,OU,OVER,0.5,1.533,61,0-0,oddsflow_active_trader,APIFOOTBALL,500,LOST,-500
2026-05-02,Serie A,Como,Napoli,,1X2,DRAW,0,2,65,0-0,oddsflow_handicap_sniper,APIFOOTBALL,500,WON,500
2026-05-02,La Liga,Alaves,Athletic Bilbao,,OU,UNDER,2.5,2,48,1-0,oddsflow_active_trader,APIFOOTBALL,500,LOST,-500
2026-05-02,La Liga,Alaves,Athletic Bilbao,,OU,UNDER,2.5,2.1,48,1-0,oddsflow_handicap_sniper,APIFOOTBALL,500,LOST,-500
2026-05-02,Serie A,Como,Napoli,,1X2,DRAW,0,1.727,71,0-0,oddsflow_active_trader,APIFOOTBALL,500,WON,363.5
2026-05-02,La Liga,Alaves,Athletic Bilbao,,1X2,DRAW,0,3.6,48,1-1,oddsflow_handicap_sniper,APIFOOTBALL,500,LOST,-500
2026-05-02,La Liga,Alaves,Athletic Bilbao,,1X2,DRAW,0,3.6,48,1-1,oddsflow_active_trader,APIFOOTBALL,500,LOST,-500
2026-05-02,La Liga,Alaves,Athletic Bilbao,,AH,AWAY,0,1.7,54,1-1,oddsflow_handicap_sniper,APIFOOTBALL,500,WON,350
2026-05-02,La Liga,Alaves,Athletic Bilbao,,AH,AWAY,0,1.7,54,1-1,oddsflow_active_trader,APIFOOTBALL,500,WON,350
2026-05-02,La Liga,Alaves,Athletic Bilbao,,OU,OVER,2.5,2.5,54,1-1,oddsflow_core_strategy,APIFOOTBALL,500,WON,750
2026-05-02,Süper Lig,Fenerbahce,Basaksehir,,AH,AWAY,-0.5,2,49,1-1,oddsflow_active_trader,APIFOOTBALL,556,LOST,-556
2026-05-02,Süper Lig,Fenerbahce,Basaksehir,,OU,OVER,2.5,1.666,49,1-1,oddsflow_active_trader,APIFOOTBALL,534,WON,355.64
2026-05-02,Süper Lig,Fenerbahce,Basaksehir,,1X2,DRAW,0,3.75,49,1-1,oddsflow_active_trader,APIFOOTBALL,500,LOST,-500
2026-05-02,Süper Lig,Fenerbahce,Basaksehir,,AH,AWAY,-0.5,2,49,1-1,oddsflow_handicap_sniper,APIFOOTBALL,532,LOST,-532
2026-05-02,Süper Lig,Fenerbahce,Basaksehir,,OU,OVER,2.5,1.666,49,1-1,oddsflow_handicap_sniper,APIFOOTBALL,534,WON,355.64
2026-05-02,Süper Lig,Fenerbahce,Basaksehir,,1X2,DRAW,0,3.75,49,1-1,oddsflow_handicap_sniper,APIFOOTBALL,500,LOST,-500
2026-05-02,Süper Lig,Fenerbahce,Basaksehir,,OU,OVER,3.5,1.666,62,2-1,oddsflow_active_trader,APIFOOTBALL,500,WON,333
2026-05-02,Süper Lig,Fenerbahce,Basaksehir,,1X2,HOME,0,1.909,62,2-1,oddsflow_active_trader,APIFOOTBALL,500,WON,454.5
2026-05-02,Süper Lig,Fenerbahce,Basaksehir,,AH,AWAY,-0.5,1.875,62,2-1,oddsflow_beta,APIFOOTBALL,500,LOST,-500
2026-05-02,Süper Lig,Fenerbahce,Basaksehir,,OU,OVER,3.5,1.666,62,2-1,oddsflow_beta,APIFOOTBALL,534,WON,355.64
2026-05-02,Süper Lig,Fenerbahce,Basaksehir,,1X2,HOME,0,1.909,62,2-1,oddsflow_beta,APIFOOTBALL,803,WON,729.93
2026-05-02,Süper Lig,Fenerbahce,Basaksehir,,OU,OVER,3.5,1.666,62,2-1,oddsflow_handicap_sniper,APIFOOTBALL,500,WON,333
2026-05-02,Süper Lig,Fenerbahce,Basaksehir,,1X2,HOME,0,1.909,62,2-1,oddsflow_handicap_sniper,APIFOOTBALL,642,WON,583.58
2026-05-02,Süper Lig,Fenerbahce,Basaksehir,,AH,AWAY,-1,2.375,66,2-1,oddsflow_active_trader,APIFOOTBALL,592,VOID,0
2026-05-02,Süper Lig,Samsunspor,Galatasaray,,AH,AWAY,-1,1.975,65,2-1,oddsflow_active_trader,APIFOOTBALL,1150,LOST,-1150
2026-05-02,Süper Lig,Fenerbahce,Basaksehir,,AH,AWAY,-1,2.375,66,2-1,oddsflow_beta,APIFOOTBALL,590,VOID,0
2026-05-02,Süper Lig,Fenerbahce,Basaksehir,,AH,AWAY,-1,2.375,66,2-1,oddsflow_handicap_sniper,APIFOOTBALL,592,VOID,0
2026-05-02,Süper Lig,Samsunspor,Galatasaray,,AH,AWAY,-1,1.975,65,2-1,oddsflow_handicap_sniper,APIFOOTBALL,1155,LOST,-1155
2026-05-02,Eredivisie,Groningen,Excelsior,,AH,AWAY,0,2.5,84,2-2,oddsflow_active_trader,APIFOOTBALL,500,WON,750
2026-05-02,Eredivisie,Groningen,Excelsior,,AH,AWAY,0,2.5,84,2-2,oddsflow_handicap_sniper,APIFOOTBALL,503,WON,754.5
2026-05-02,Eredivisie,Ajax,PSV Eindhoven,,AH,HOME,-0.5,2.375,27,1-1,oddsflow_active_trader,APIFOOTBALL,500,LOST,-500
2026-05-02,Eredivisie,Ajax,PSV Eindhoven,,AH,HOME,-0.5,2.375,27,1-1,oddsflow_handicap_sniper,APIFOOTBALL,500,LOST,-500
2026-05-02,Eredivisie,Ajax,PSV Eindhoven,,1X2,DRAW,0,3.6,27,1-1,oddsflow_handicap_sniper,APIFOOTBALL,500,WON,1300
2026-05-02,Eredivisie,Ajax,PSV Eindhoven,,AH,AWAY,0,2.05,29,1-1,oddsflow_handicap_sniper,APIFOOTBALL,500,VOID,0
2026-05-02,Eredivisie,Ajax,PSV Eindhoven,,AH,AWAY,0,2.05,31,1-1,oddsflow_active_trader,APIFOOTBALL,500,VOID,0
2026-05-02,Eredivisie,Ajax,PSV Eindhoven,,OU,UNDER,4.5,1.727,33,1-1,oddsflow_active_trader,APIFOOTBALL,500,WON,363.5
2026-05-02,Eredivisie,Ajax,PSV Eindhoven,,OU,UNDER,4.5,1.727,33,1-1,oddsflow_handicap_sniper,APIFOOTBALL,500,WON,363.5
2026-05-02,Eredivisie,Ajax,PSV Eindhoven,,OU,UNDER,3.5,2.375,45,1-1,oddsflow_handicap_sniper,APIFOOTBALL,500,LOST,-500
2026-05-02,Eredivisie,Ajax,PSV Eindhoven,,OU,UNDER,3.5,2.375,45,1-1,oddsflow_active_trader,APIFOOTBALL,500,LOST,-500
2026-05-02,Serie A,Atalanta,Genoa,,AH,AWAY,-1,1.8,25,0-0,oddsflow_active_trader,APIFOOTBALL,695,WON,556
2026-05-02,Serie A,Atalanta,Genoa,,AH,AWAY,-1,1.775,25,0-0,oddsflow_handicap_sniper,APIFOOTBALL,707,WON,547.93
2026-05-02,Eredivisie,Ajax,PSV Eindhoven,,1X2,DRAW,0,2.875,52,1-1,oddsflow_active_trader,APIFOOTBALL,500,WON,937.5
2026-05-02,Serie A,Atalanta,Genoa,,AH,AWAY,-0.5,2.3,28,0-0,oddsflow_handicap_sniper,APIFOOTBALL,500,WON,650
2026-05-02,Serie A,Atalanta,Genoa,,AH,AWAY,-0.5,2.3,28,0-0,oddsflow_active_trader,APIFOOTBALL,500,WON,650
2026-05-02,Serie A,Atalanta,Genoa,,OU,UNDER,1.5,2.3,39,0-0,oddsflow_active_trader,APIFOOTBALL,500,WON,650
2026-05-02,Serie A,Atalanta,Genoa,,OU,UNDER,1.5,2.3,39,0-0,oddsflow_handicap_sniper,APIFOOTBALL,500,WON,650
2026-05-02,Serie A,Atalanta,Genoa,,1X2,DRAW,0,3,44,0-0,oddsflow_handicap_sniper,APIFOOTBALL,500,WON,1000
2026-05-02,Eredivisie,Ajax,PSV Eindhoven,,OU,OVER,2.5,1.533,71,1-1,oddsflow_handicap_sniper,APIFOOTBALL,500,WON,266.5
2026-05-02,Serie A,Atalanta,Genoa,,AH,AWAY,-0.5,1.975,45,0-0,oddsflow_beta,APIFOOTBALL,500,WON,487.5
2026-05-02,Serie A,Atalanta,Genoa,,1X2,DRAW,0,2.875,45,0-0,oddsflow_beta,APIFOOTBALL,500,WON,937.5
2026-05-02,Serie A,Atalanta,Genoa,,OU,UNDER,1.5,1.727,50,0-0,oddsflow_beta,APIFOOTBALL,500,WON,363.5
2026-05-02,Serie A,Atalanta,Genoa,,1X2,DRAW,0,2.4,60,0-0,oddsflow_active_trader,APIFOOTBALL,500,WON,700
2026-05-02,Serie A,Atalanta,Genoa,,OU,OVER,0.5,1.533,65,0-0,oddsflow_active_trader,APIFOOTBALL,500,LOST,-500
2026-05-02,Serie A,Atalanta,Genoa,,OU,OVER,0.5,1.533,65,0-0,oddsflow_beta,APIFOOTBALL,500,LOST,-500
2026-05-02,Serie A,Atalanta,Genoa,,OU,OVER,0.5,1.533,65,0-0,oddsflow_handicap_sniper,APIFOOTBALL,500,LOST,-500
2026-05-02,Ligue 1,Nice,Lens,,AH,HOME,1,2.375,76,0-1,oddsflow_handicap_sniper,APIFOOTBALL,521,WON,716.38
2026-05-02,Ligue 1,Nice,Lens,,AH,HOME,1,2.375,76,0-1,oddsflow_active_trader,APIFOOTBALL,530,WON,728.75
2026-05-02,Primeira Liga,FC Porto,Alverca,,AH,AWAY,-1.5,1.9,69,1-0,oddsflow_active_trader,APIFOOTBALL,1219,WON,1097.1
2026-05-02,Primeira Liga,FC Porto,Alverca,,AH,AWAY,-1.5,1.9,69,1-0,oddsflow_handicap_sniper,APIFOOTBALL,1206,WON,1085.4
2026-05-02,Primeira Liga,FC Porto,Alverca,,OU,UNDER,2.5,1.5,71,1-0,oddsflow_handicap_sniper,APIFOOTBALL,1128,WON,564
2026-05-02,Primeira Liga,FC Porto,Alverca,,OU,UNDER,2.5,1.5,71,1-0,oddsflow_active_trader,APIFOOTBALL,1105,WON,552.5
2026-05-02,Primeira Liga,FC Porto,Alverca,,AH,AWAY,-1.5,1.825,73,1-0,oddsflow_beta,APIFOOTBALL,1335,WON,1101.38
2026-05-02,Primeira Liga,FC Porto,Alverca,,OU,UNDER,2.5,1.533,74,1-0,oddsflow_beta,APIFOOTBALL,1245,WON,663.58
2026-05-02,Primeira Liga,FC Porto,Alverca,,OU,UNDER,2.5,1.727,81,1-0,oddsflow_core_strategy,APIFOOTBALL,500,WON,363.5
2026-05-02,Brasileirão Série A,Vitoria,Coritiba,,AH,AWAY,-1,2,25,1-0,oddsflow_handicap_sniper,APIFOOTBALL,1057,LOST,-1057
2026-05-02,Brasileirão Série A,Vitoria,Coritiba,,OU,UNDER,2.5,2,25,1-0,oddsflow_handicap_sniper,APIFOOTBALL,552,LOST,-552
2026-05-02,Brasileirão Série A,Vitoria,Coritiba,,AH,AWAY,-1,2,25,1-0,oddsflow_active_trader,APIFOOTBALL,1041,LOST,-1041
2026-05-02,Brasileirão Série A,Vitoria,Coritiba,,OU,UNDER,2.5,2,25,1-0,oddsflow_active_trader,APIFOOTBALL,538,LOST,-538
2026-05-03,Brasileirão Série A,Cruzeiro,Atletico Mineiro,,AH,HOME,0,2.6,25,0-1,oddsflow_handicap_sniper,APIFOOTBALL,716,LOST,-716
2026-05-03,Brasileirão Série A,Cruzeiro,Atletico Mineiro,,OU,OVER,2.5,1.727,25,0-1,oddsflow_handicap_sniper,APIFOOTBALL,606,WON,440.56
2026-05-03,Brasileirão Série A,Cruzeiro,Atletico Mineiro,,1X2,HOME,0,3.75,25,0-1,oddsflow_handicap_sniper,APIFOOTBALL,500,LOST,-500
2026-05-03,Brasileirão Série A,Cruzeiro,Atletico Mineiro,,AH,HOME,0,2.6,25,0-1,oddsflow_active_trader,APIFOOTBALL,716,LOST,-716
2026-05-03,Brasileirão Série A,Cruzeiro,Atletico Mineiro,,OU,OVER,2.5,1.727,25,0-1,oddsflow_active_trader,APIFOOTBALL,585,WON,425.3
2026-05-03,Brasileirão Série A,Cruzeiro,Atletico Mineiro,,1X2,HOME,0,3.75,25,0-1,oddsflow_active_trader,APIFOOTBALL,500,LOST,-500
2026-05-03,Serie A,Bologna,Cagliari,,AH,AWAY,0,2.375,15,0-0,oddsflow_core_strategy,APIFOOTBALL,200,VOID,0
2026-05-03,Serie A,Bologna,Cagliari,,AH,AWAY,0,2.3,25,0-0,oddsflow_active_trader,APIFOOTBALL,655,VOID,0
2026-05-03,Serie A,Bologna,Cagliari,,1X2,AWAY,0,3.5,25,0-0,oddsflow_active_trader,APIFOOTBALL,500,LOST,-500
2026-05-03,Serie A,Bologna,Cagliari,,AH,AWAY,0,2.3,25,0-0,oddsflow_handicap_sniper,APIFOOTBALL,664,VOID,0
2026-05-03,Serie A,Bologna,Cagliari,,1X2,AWAY,0,3.5,25,0-0,oddsflow_handicap_sniper,APIFOOTBALL,500,LOST,-500
2026-05-03,Serie A,Bologna,Cagliari,,OU,UNDER,1.5,1.571,51,0-0,oddsflow_active_trader,APIFOOTBALL,500,WON,285.5
2026-05-03,Serie A,Bologna,Cagliari,,OU,UNDER,1.5,1.571,51,0-0,oddsflow_handicap_sniper,APIFOOTBALL,500,WON,285.5
2026-05-03,Serie A,Bologna,Cagliari,,1X2,DRAW,0,2.375,51,0-0,oddsflow_handicap_sniper,APIFOOTBALL,500,WON,687.5
2026-05-03,Serie A,Bologna,Cagliari,,1X2,DRAW,0,2.375,51,0-0,oddsflow_active_trader,APIFOOTBALL,500,WON,687.5
2026-05-03,Serie A,Bologna,Cagliari,,OU,OVER,0.5,1.533,57,0-0,oddsflow_active_trader,APIFOOTBALL,500,LOST,-500
2026-05-03,Serie A,Bologna,Cagliari,,OU,OVER,0.5,1.533,57,0-0,oddsflow_handicap_sniper,APIFOOTBALL,500,LOST,-500
2026-05-03,Serie A,Bologna,Cagliari,,1X2,DRAW,0,1.8,69,0-0,oddsflow_beta,APIFOOTBALL,500,WON,400
2026-05-03,Serie A,Bologna,Cagliari,,AH,AWAY,0,2.75,75,0-0,oddsflow_beta,APIFOOTBALL,500,VOID,0
2026-05-03,La Liga,Celta Vigo,Elche,,AH,AWAY,-0.5,1.925,15,1-0,oddsflow_core_strategy,APIFOOTBALL,200,LOST,-200
2026-05-03,La Liga,Celta Vigo,Elche,,AH,AWAY,-1,2.35,25,1-0,oddsflow_handicap_sniper,APIFOOTBALL,706,VOID,0
2026-05-03,La Liga,Celta Vigo,Elche,,OU,OVER,2.5,1.533,25,1-0,oddsflow_handicap_sniper,APIFOOTBALL,500,WON,266.5
2026-05-03,La Liga,Celta Vigo,Elche,,AH,AWAY,-1,2.35,25,1-0,oddsflow_active_trader,APIFOOTBALL,715,VOID,0
2026-05-03,La Liga,Celta Vigo,Elche,,OU,OVER,2.5,1.533,25,1-0,oddsflow_active_trader,APIFOOTBALL,500,WON,266.5
2026-05-03,Eredivisie,Fortuna Sittard,Feyenoord,,AH,AWAY,1,2.025,15,0-0,oddsflow_core_strategy,APIFOOTBALL,200,VOID,0
2026-05-03,Eredivisie,PEC Zwolle,Heracles,,AH,HOME,-0.5,1.7,17,0-0,oddsflow_core_strategy,APIFOOTBALL,200,WON,140
2026-05-03,Eredivisie,PEC Zwolle,Heracles,,AH,AWAY,-1.5,1.95,25,1-0,oddsflow_handicap_sniper,APIFOOTBALL,693,WON,658.35
2026-05-03,Eredivisie,PEC Zwolle,Heracles,,OU,UNDER,3.5,1.727,25,1-0,oddsflow_handicap_sniper,APIFOOTBALL,883,WON,641.94
2026-05-03,Eredivisie,PEC Zwolle,Heracles,,AH,AWAY,-1.5,1.95,25,1-0,oddsflow_active_trader,APIFOOTBALL,680,WON,646
2026-05-03,Eredivisie,PEC Zwolle,Heracles,,OU,UNDER,3.5,1.727,25,1-0,oddsflow_active_trader,APIFOOTBALL,883,WON,641.94
2026-05-03,Eredivisie,Fortuna Sittard,Feyenoord,,AH,AWAY,1,2.05,25,0-0,oddsflow_handicap_sniper,APIFOOTBALL,699,VOID,0
2026-05-03,Eredivisie,Fortuna Sittard,Feyenoord,,OU,OVER,2.5,1.833,25,0-0,oddsflow_handicap_sniper,APIFOOTBALL,500,WON,416.5
2026-05-03,Eredivisie,Fortuna Sittard,Feyenoord,,1X2,AWAY,0,1.615,25,0-0,oddsflow_handicap_sniper,APIFOOTBALL,500,WON,307.5
2026-05-03,Eredivisie,Fortuna Sittard,Feyenoord,,AH,AWAY,1,2.05,25,0-0,oddsflow_active_trader,APIFOOTBALL,722,VOID,0
2026-05-03,Eredivisie,Fortuna Sittard,Feyenoord,,OU,OVER,2.5,1.833,25,0-0,oddsflow_active_trader,APIFOOTBALL,500,WON,416.5
2026-05-03,Eredivisie,Fortuna Sittard,Feyenoord,,1X2,AWAY,0,1.615,25,0-0,oddsflow_active_trader,APIFOOTBALL,500,WON,307.5
2026-05-03,Eredivisie,PEC Zwolle,Heracles,,AH,AWAY,-1,2.75,27,1-0,oddsflow_handicap_sniper,APIFOOTBALL,500,WON,875
2026-05-03,Eredivisie,PEC Zwolle,Heracles,,AH,AWAY,-1,2.75,27,1-0,oddsflow_active_trader,APIFOOTBALL,500,WON,875
2026-05-03,Eredivisie,PEC Zwolle,Heracles,,OU,UNDER,2.5,2.5,36,1-0,oddsflow_handicap_sniper,APIFOOTBALL,500,WON,750
2026-05-03,Eredivisie,PEC Zwolle,Heracles,,OU,UNDER,2.5,2.5,36,1-0,oddsflow_active_trader,APIFOOTBALL,500,WON,750
2026-05-03,Eredivisie,PEC Zwolle,Heracles,,OU,UNDER,2.5,1.833,65,1-0,oddsflow_core_strategy,APIFOOTBALL,500,WON,416.5
2026-05-03,Premier League,Bournemouth,Crystal Palace,,AH,AWAY,-1.5,2.15,25,1-0,oddsflow_active_trader,APIFOOTBALL,704,LOST,-704
2026-05-03,Premier League,Bournemouth,Crystal Palace,,AH,AWAY,-1.5,2.15,25,1-0,oddsflow_handicap_sniper,APIFOOTBALL,699,LOST,-699
2026-05-03,Premier League,Bournemouth,Crystal Palace,,OU,UNDER,3.5,1.615,25,1-0,oddsflow_active_trader,APIFOOTBALL,500,WON,307.5
2026-05-03,Premier League,Bournemouth,Crystal Palace,,OU,UNDER,3.5,1.615,25,1-0,oddsflow_handicap_sniper,APIFOOTBALL,500,WON,307.5
2026-05-03,Premier League,Bournemouth,Crystal Palace,,AH,AWAY,-1.5,2.15,25,1-0,oddsflow_beta,APIFOOTBALL,705,LOST,-705
2026-05-03,Premier League,Bournemouth,Crystal Palace,,OU,UNDER,3.5,1.615,25,1-0,oddsflow_beta,APIFOOTBALL,500,WON,307.5
2026-05-03,Ligue 1,Lille,Le Havre,,AH,AWAY,-1,2.2,73,1-1,oddsflow_handicap_sniper,APIFOOTBALL,1123,WON,1347.6
2026-05-03,Ligue 1,Lille,Le Havre,,AH,AWAY,-1,2.2,73,1-1,oddsflow_active_trader,APIFOOTBALL,1123,WON,1347.6
2026-05-03,Ligue 1,Lille,Le Havre,,1X2,DRAW,0,4.5,73,1-1,oddsflow_handicap_sniper,APIFOOTBALL,500,WON,1750
2026-05-03,Ligue 1,Lille,Le Havre,,1X2,DRAW,0,4.5,73,1-1,oddsflow_active_trader,APIFOOTBALL,500,WON,1750
2026-05-03,Ligue 1,Lille,Le Havre,,AH,AWAY,-1,2.2,73,1-1,oddsflow_beta,APIFOOTBALL,1124,WON,1348.8
2026-05-03,Ligue 1,Lille,Le Havre,,1X2,DRAW,0,4.5,73,1-1,oddsflow_beta,APIFOOTBALL,500,WON,1750
2026-05-03,La Liga,Getafe,Rayo Vallecano,,AH,HOME,0.5,2.35,49,0-1,oddsflow_active_trader,APIFOOTBALL,846,LOST,-846
2026-05-03,La Liga,Getafe,Rayo Vallecano,,AH,HOME,0.5,2.375,49,0-1,oddsflow_handicap_sniper,APIFOOTBALL,838,LOST,-838
2026-05-03,La Liga,Getafe,Rayo Vallecano,,1X2,AWAY,0,1.533,53,0-1,oddsflow_handicap_sniper,APIFOOTBALL,500,WON,266.5
2026-05-03,La Liga,Getafe,Rayo Vallecano,,AH,HOME,0.5,2.425,53,0-1,oddsflow_beta,APIFOOTBALL,816,LOST,-816
2026-05-03,La Liga,Getafe,Rayo Vallecano,,1X2,AWAY,0,1.533,53,0-1,oddsflow_beta,APIFOOTBALL,500,WON,266.5
2026-05-03,La Liga,Getafe,Rayo Vallecano,,1X2,AWAY,0,1.533,55,0-1,oddsflow_active_trader,APIFOOTBALL,500,WON,266.5
2026-05-03,La Liga,Getafe,Rayo Vallecano,,OU,OVER,1.5,1.533,57,0-1,oddsflow_active_trader,APIFOOTBALL,500,WON,266.5
2026-05-03,La Liga,Getafe,Rayo Vallecano,,OU,OVER,1.5,1.533,57,0-1,oddsflow_handicap_sniper,APIFOOTBALL,500,WON,266.5
2026-05-03,La Liga,Getafe,Rayo Vallecano,,OU,OVER,1.5,1.533,57,0-1,oddsflow_beta,APIFOOTBALL,500,WON,266.5
2026-05-03,Premier League,Manchester United,Liverpool,,AH,AWAY,-1,1.875,48,2-1,oddsflow_core_strategy,APIFOOTBALL,200,WON,175
2026-05-03,Premier League,Manchester United,Liverpool,,AH,AWAY,-1,1.875,48,2-1,oddsflow_beta,APIFOOTBALL,1121,WON,980.88
2026-05-03,Premier League,Manchester United,Liverpool,,OU,UNDER,4.5,2,48,2-1,oddsflow_beta,APIFOOTBALL,500,LOST,-500
2026-05-03,Premier League,Manchester United,Liverpool,,AH,AWAY,-1,1.875,48,2-1,oddsflow_active_trader,APIFOOTBALL,1136,WON,994
2026-05-03,Premier League,Manchester United,Liverpool,,AH,AWAY,-1,1.875,48,2-1,oddsflow_handicap_sniper,APIFOOTBALL,1138,WON,995.75
2026-05-03,Premier League,Manchester United,Liverpool,,OU,UNDER,4.5,2,48,2-1,oddsflow_active_trader,APIFOOTBALL,500,LOST,-500
2026-05-03,Premier League,Manchester United,Liverpool,,OU,UNDER,4.5,2,48,2-1,oddsflow_handicap_sniper,APIFOOTBALL,500,LOST,-500
2026-05-03,Premier League,Manchester United,Liverpool,,1X2,HOME,0,1.5,49,2-1,oddsflow_active_trader,APIFOOTBALL,594,WON,297
2026-05-03,Premier League,Manchester United,Liverpool,,1X2,HOME,0,1.5,49,2-1,oddsflow_handicap_sniper,APIFOOTBALL,615,WON,307.5
2026-05-03,Premier League,Manchester United,Liverpool,,1X2,HOME,0,1.5,49,2-1,oddsflow_beta,APIFOOTBALL,615,WON,307.5
2026-05-03,La Liga,Getafe,Rayo Vallecano,,AH,AWAY,0,1.825,63,0-1,oddsflow_beta,APIFOOTBALL,500,WON,412.5
2026-05-03,La Liga,Getafe,Rayo Vallecano,,AH,AWAY,0,1.825,63,0-1,oddsflow_active_trader,APIFOOTBALL,500,WON,412.5
2026-05-03,La Liga,Getafe,Rayo Vallecano,,AH,AWAY,0,1.825,63,0-1,oddsflow_handicap_sniper,APIFOOTBALL,500,WON,412.5
2026-05-03,La Liga,Getafe,Rayo Vallecano,,AH,AWAY,0,1.825,63,0-1,oddsflow_core_strategy,APIFOOTBALL,200,WON,165
2026-05-03,Premier League,Manchester United,Liverpool,,AH,AWAY,0,1.85,56,2-1,oddsflow_beta,APIFOOTBALL,500,VOID,0
2026-05-03,Premier League,Manchester United,Liverpool,,OU,UNDER,5.5,1.615,56,2-1,oddsflow_beta,APIFOOTBALL,757,WON,465.56
2026-05-03,Premier League,Manchester United,Liverpool,,AH,AWAY,0,1.85,56,2-1,oddsflow_active_trader,APIFOOTBALL,500,VOID,0
2026-05-03,Premier League,Manchester United,Liverpool,,AH,AWAY,0,1.85,56,2-1,oddsflow_handicap_sniper,APIFOOTBALL,500,VOID,0
2026-05-03,Premier League,Manchester United,Liverpool,,OU,UNDER,5.5,1.615,56,2-1,oddsflow_active_trader,APIFOOTBALL,756,WON,464.94
2026-05-03,Premier League,Manchester United,Liverpool,,OU,UNDER,5.5,1.615,56,2-1,oddsflow_handicap_sniper,APIFOOTBALL,773,WON,475.4
2026-05-03,Premier League,Manchester United,Liverpool,,1X2,DRAW,0,2.5,57,2-2,oddsflow_beta,APIFOOTBALL,500,LOST,-500
2026-05-03,Premier League,Manchester United,Liverpool,,1X2,DRAW,0,2.5,57,2-2,oddsflow_active_trader,APIFOOTBALL,500,LOST,-500
2026-05-03,Premier League,Manchester United,Liverpool,,1X2,DRAW,0,2.5,57,2-2,oddsflow_handicap_sniper,APIFOOTBALL,500,LOST,-500
2026-05-03,Eredivisie,AZ Alkmaar,FC Twente,,AH,AWAY,0,2.1,75,1-2,oddsflow_core_strategy,APIFOOTBALL,200,LOST,-200
2026-05-03,Eredivisie,AZ Alkmaar,FC Twente,,AH,AWAY,0,2.1,75,1-2,oddsflow_handicap_sniper,APIFOOTBALL,571,LOST,-571
2026-05-03,Eredivisie,AZ Alkmaar,FC Twente,,AH,AWAY,0,2.1,75,1-2,oddsflow_active_trader,APIFOOTBALL,564,LOST,-564
2026-05-03,Eredivisie,Sparta Rotterdam,Go Ahead Eagles,,AH,AWAY,-1,2.025,81,2-2,oddsflow_active_trader,APIFOOTBALL,861,WON,882.53
2026-05-03,Eredivisie,Sparta Rotterdam,Go Ahead Eagles,,AH,AWAY,-1,2.025,81,2-2,oddsflow_handicap_sniper,APIFOOTBALL,866,WON,887.65
2026-05-03,Eredivisie,Sparta Rotterdam,Go Ahead Eagles,,1X2,DRAW,0,4.333,81,2-2,oddsflow_active_trader,APIFOOTBALL,500,WON,1666.5
2026-05-03,Eredivisie,Sparta Rotterdam,Go Ahead Eagles,,1X2,DRAW,0,4.333,81,2-2,oddsflow_handicap_sniper,APIFOOTBALL,500,WON,1666.5
2026-05-03,Eredivisie,Sparta Rotterdam,Go Ahead Eagles,,AH,AWAY,0,2.1,84,2-2,oddsflow_core_strategy,APIFOOTBALL,200,VOID,0
2026-05-03,Eredivisie,Sparta Rotterdam,Go Ahead Eagles,,AH,AWAY,0,2.1,84,2-2,oddsflow_active_trader,APIFOOTBALL,500,VOID,0
2026-05-03,Eredivisie,Sparta Rotterdam,Go Ahead Eagles,,AH,AWAY,0,2.1,84,2-2,oddsflow_handicap_sniper,APIFOOTBALL,500,VOID,0
2026-05-03,La Liga,Real Betis,Oviedo,,AH,AWAY,-1,2.75,41,1-0,oddsflow_active_trader,APIFOOTBALL,721,LOST,-721
2026-05-03,La Liga,Real Betis,Oviedo,,AH,AWAY,-1,2.75,41,1-0,oddsflow_handicap_sniper,APIFOOTBALL,714,LOST,-714
2026-05-03,La Liga,Real Betis,Oviedo,,AH,AWAY,-1.5,1.775,43,1-0,oddsflow_active_trader,APIFOOTBALL,991,LOST,-991
2026-05-03,La Liga,Real Betis,Oviedo,,AH,AWAY,-1.5,1.775,43,1-0,oddsflow_handicap_sniper,APIFOOTBALL,989,LOST,-989
2026-05-03,Süper Lig,Antalyaspor,Alanyaspor,,AH,AWAY,0,1.725,25,0-0,oddsflow_active_trader,APIFOOTBALL,1273,VOID,0
2026-05-03,Süper Lig,Antalyaspor,Alanyaspor,,1X2,AWAY,0,2.6,25,0-0,oddsflow_active_trader,APIFOOTBALL,500,LOST,-500
2026-05-03,Süper Lig,Antalyaspor,Alanyaspor,,AH,AWAY,0,1.725,25,0-0,oddsflow_handicap_sniper,APIFOOTBALL,1292,VOID,0
2026-05-03,Süper Lig,Antalyaspor,Alanyaspor,,1X2,AWAY,0,2.6,25,0-0,oddsflow_handicap_sniper,APIFOOTBALL,500,LOST,-500
2026-05-03,Süper Lig,Antalyaspor,Alanyaspor,,AH,AWAY,0.5,2.425,25,0-0,oddsflow_active_trader,APIFOOTBALL,500,LOST,-500
2026-05-03,Süper Lig,Antalyaspor,Alanyaspor,,AH,AWAY,0.5,2.425,25,0-0,oddsflow_handicap_sniper,APIFOOTBALL,500,LOST,-500
2026-05-03,Süper Lig,Antalyaspor,Alanyaspor,,OU,OVER,1.5,1.615,27,0-0,oddsflow_active_trader,APIFOOTBALL,500,LOST,-500
2026-05-03,La Liga,Real Betis,Oviedo,,OU,OVER,3.5,2.5,54,2-1,oddsflow_active_trader,APIFOOTBALL,533,LOST,-533
2026-05-03,La Liga,Real Betis,Oviedo,,OU,OVER,3.5,2.5,54,2-1,oddsflow_handicap_sniper,APIFOOTBALL,533,LOST,-533
2026-05-03,Süper Lig,Antalyaspor,Alanyaspor,,OU,OVER,1.5,2.5,65,0-1,oddsflow_handicap_sniper,APIFOOTBALL,500,LOST,-500
2026-05-03,Süper Lig,Antalyaspor,Alanyaspor,,OU,OVER,1.5,2.5,65,0-1,oddsflow_core_strategy,APIFOOTBALL,500,LOST,-500
2026-05-03,Süper Lig,Kayserispor,Eyüpspor,,AH,AWAY,0,1.7,54,0-1,oddsflow_core_strategy,APIFOOTBALL,200,LOST,-200
2026-05-03,Süper Lig,Kayserispor,Eyüpspor,,AH,AWAY,0,1.7,54,0-1,oddsflow_active_trader,APIFOOTBALL,955,LOST,-955
2026-05-03,Süper Lig,Kayserispor,Eyüpspor,,OU,UNDER,3.5,1.666,54,0-1,oddsflow_active_trader,APIFOOTBALL,1225,WON,815.85
2026-05-03,Süper Lig,Kayserispor,Eyüpspor,,AH,AWAY,0,1.7,54,0-1,oddsflow_handicap_sniper,APIFOOTBALL,977,LOST,-977
2026-05-03,Süper Lig,Kayserispor,Eyüpspor,,1X2,AWAY,0,2.3,54,0-1,oddsflow_active_trader,APIFOOTBALL,500,LOST,-500
2026-05-03,Süper Lig,Kayserispor,Eyüpspor,,OU,UNDER,3.5,1.666,54,0-1,oddsflow_handicap_sniper,APIFOOTBALL,1231,WON,819.85
2026-05-03,Süper Lig,Kayserispor,Eyüpspor,,1X2,AWAY,0,2.3,54,0-1,oddsflow_handicap_sniper,APIFOOTBALL,626,LOST,-626
2026-05-03,Süper Lig,Antalyaspor,Alanyaspor,,OU,OVER,0.5,1.727,67,0-0,oddsflow_active_trader,APIFOOTBALL,500,LOST,-500
2026-05-03,Süper Lig,Antalyaspor,Alanyaspor,,OU,OVER,0.5,1.727,67,0-0,oddsflow_handicap_sniper,APIFOOTBALL,500,LOST,-500
2026-05-03,Süper Lig,Kayserispor,Eyüpspor,,1X2,DRAW,0,3.6,60,1-1,oddsflow_active_trader,APIFOOTBALL,500,WON,1300
2026-05-03,Süper Lig,Kayserispor,Eyüpspor,,1X2,DRAW,0,3.6,60,1-1,oddsflow_handicap_sniper,APIFOOTBALL,500,WON,1300
2026-05-03,Süper Lig,Antalyaspor,Alanyaspor,,1X2,DRAW,0,1.666,73,0-0,oddsflow_active_trader,APIFOOTBALL,500,WON,333
2026-05-03,Süper Lig,Antalyaspor,Alanyaspor,,1X2,DRAW,0,1.666,74,0-0,oddsflow_handicap_sniper,APIFOOTBALL,500,WON,333
2026-05-03,Süper Lig,Kayserispor,Eyüpspor,,AH,AWAY,-0.5,2.25,63,1-1,oddsflow_active_trader,APIFOOTBALL,530,WON,662.5
2026-05-03,Süper Lig,Kayserispor,Eyüpspor,,OU,OVER,2.5,1.8,63,1-1,oddsflow_active_trader,APIFOOTBALL,500,LOST,-500
2026-05-03,Süper Lig,Kayserispor,Eyüpspor,,AH,AWAY,-0.5,2.25,63,1-1,oddsflow_handicap_sniper,APIFOOTBALL,530,WON,662.5
2026-05-03,Süper Lig,Kayserispor,Eyüpspor,,OU,OVER,2.5,1.8,63,1-1,oddsflow_handicap_sniper,APIFOOTBALL,500,LOST,-500
2026-05-03,Saudi Pro League,Al-Qadisiyah FC,Al-Nassr,,AH,AWAY,0,2.75,49,1-1,oddsflow_active_trader,APIFOOTBALL,667,LOST,-667
2026-05-03,Saudi Pro League,Al-Qadisiyah FC,Al-Nassr,,OU,UNDER,3.5,2,49,1-1,oddsflow_active_trader,APIFOOTBALL,1025,LOST,-1025
2026-05-03,Saudi Pro League,Al-Qadisiyah FC,Al-Nassr,,AH,AWAY,0,2.75,49,1-1,oddsflow_handicap_sniper,APIFOOTBALL,665,LOST,-665
2026-05-03,Saudi Pro League,Al-Qadisiyah FC,Al-Nassr,,1X2,DRAW,0,4,49,1-1,oddsflow_active_trader,APIFOOTBALL,500,LOST,-500
2026-05-03,Saudi Pro League,Al-Qadisiyah FC,Al-Nassr,,OU,UNDER,3.5,2,49,1-1,oddsflow_handicap_sniper,APIFOOTBALL,1023,LOST,-1023
2026-05-03,Saudi Pro League,Al-Qadisiyah FC,Al-Nassr,,1X2,DRAW,0,4,49,1-1,oddsflow_handicap_sniper,APIFOOTBALL,500,LOST,-500
2026-05-03,Saudi Pro League,Al-Qadisiyah FC,Al-Nassr,,AH,AWAY,0,2.75,49,1-1,oddsflow_beta,APIFOOTBALL,675,LOST,-675
2026-05-03,Saudi Pro League,Al-Qadisiyah FC,Al-Nassr,,OU,UNDER,3.5,2,49,1-1,oddsflow_beta,APIFOOTBALL,1028,LOST,-1028
2026-05-03,Saudi Pro League,Al-Qadisiyah FC,Al-Nassr,,1X2,DRAW,0,4,49,1-1,oddsflow_beta,APIFOOTBALL,500,LOST,-500
2026-05-03,Bundesliga,SC Freiburg,VfL Wolfsburg,,AH,HOME,0.5,2.6,70,0-1,oddsflow_active_trader,APIFOOTBALL,783,WON,1252.8
2026-05-03,Bundesliga,SC Freiburg,VfL Wolfsburg,,OU,OVER,1.5,1.571,70,0-1,oddsflow_active_trader,APIFOOTBALL,500,WON,285.5
2026-05-03,Bundesliga,SC Freiburg,VfL Wolfsburg,,AH,HOME,0.5,2.6,70,0-1,oddsflow_handicap_sniper,APIFOOTBALL,774,WON,1238.4
2026-05-03,Bundesliga,SC Freiburg,VfL Wolfsburg,,1X2,AWAY,0,1.5,70,0-1,oddsflow_active_trader,APIFOOTBALL,500,LOST,-500
2026-05-03,Bundesliga,SC Freiburg,VfL Wolfsburg,,OU,OVER,1.5,1.571,70,0-1,oddsflow_handicap_sniper,APIFOOTBALL,500,WON,285.5
2026-05-03,Bundesliga,SC Freiburg,VfL Wolfsburg,,1X2,AWAY,0,1.5,70,0-1,oddsflow_handicap_sniper,APIFOOTBALL,500,LOST,-500
2026-05-03,Süper Lig,Kayserispor,Eyüpspor,,OU,UNDER,3.5,1.727,89,1-1,oddsflow_core_strategy,APIFOOTBALL,500,WON,363.5
2026-05-03,Bundesliga,SC Freiburg,VfL Wolfsburg,,OU,UNDER,2.5,1.5,74,0-1,oddsflow_active_trader,APIFOOTBALL,500,WON,250
2026-05-03,Bundesliga,SC Freiburg,VfL Wolfsburg,,OU,UNDER,2.5,1.5,75,0-1,oddsflow_handicap_sniper,APIFOOTBALL,500,WON,250
2026-05-03,Bundesliga,SC Freiburg,VfL Wolfsburg,,1X2,DRAW,0,3.6,76,1-1,oddsflow_active_trader,APIFOOTBALL,500,WON,1300
2026-05-03,Bundesliga,SC Freiburg,VfL Wolfsburg,,1X2,DRAW,0,3.6,76,1-1,oddsflow_handicap_sniper,APIFOOTBALL,500,WON,1300
2026-05-03,Bundesliga,SC Freiburg,VfL Wolfsburg,,AH,AWAY,0,2.1,77,1-1,oddsflow_core_strategy,APIFOOTBALL,200,VOID,0
2026-05-03,Bundesliga,SC Freiburg,VfL Wolfsburg,,AH,AWAY,0,2.1,77,1-1,oddsflow_active_trader,APIFOOTBALL,500,VOID,0
2026-05-03,Bundesliga,SC Freiburg,VfL Wolfsburg,,AH,AWAY,0,2.1,77,1-1,oddsflow_handicap_sniper,APIFOOTBALL,500,VOID,0
2026-05-03,Primeira Liga,Rio Ave,Gil Vicente,,OU,OVER,0.5,1.533,69,0-0,oddsflow_handicap_sniper,APIFOOTBALL,500,LOST,-500
2026-05-03,Primeira Liga,Rio Ave,Gil Vicente,,1X2,DRAW,0,2,69,0-0,oddsflow_handicap_sniper,APIFOOTBALL,500,WON,500
2026-05-03,Primeira Liga,Rio Ave,Gil Vicente,,OU,OVER,0.5,1.533,69,0-0,oddsflow_active_trader,APIFOOTBALL,500,LOST,-500
2026-05-03,Primeira Liga,Rio Ave,Gil Vicente,,OU,OVER,0.5,1.533,69,0-0,oddsflow_beta,APIFOOTBALL,500,LOST,-500
2026-05-03,Primeira Liga,Rio Ave,Gil Vicente,,1X2,DRAW,0,2,69,0-0,oddsflow_beta,APIFOOTBALL,500,WON,500
2026-05-03,Primeira Liga,Rio Ave,Gil Vicente,,1X2,DRAW,0,1.952,70,0-0,oddsflow_active_trader,APIFOOTBALL,500,WON,476
2026-05-03,Brasileirão Série A,Internacional,Fluminense,,AH,AWAY,0,2.375,25,0-0,oddsflow_active_trader,APIFOOTBALL,679,LOST,-679
2026-05-03,Brasileirão Série A,Internacional,Fluminense,,AH,AWAY,0,2.375,25,0-0,oddsflow_handicap_sniper,APIFOOTBALL,690,LOST,-690
2026-05-03,Brasileirão Série A,Internacional,Fluminense,,OU,OVER,1.5,1.909,25,0-0,oddsflow_active_trader,APIFOOTBALL,600,WON,545.4
2026-05-03,Brasileirão Série A,Internacional,Fluminense,,OU,OVER,1.5,1.909,25,0-0,oddsflow_handicap_sniper,APIFOOTBALL,597,WON,542.67
2026-05-03,Brasileirão Série A,Internacional,Fluminense,,1X2,AWAY,0,3.75,25,0-0,oddsflow_active_trader,APIFOOTBALL,500,LOST,-500
2026-05-03,Brasileirão Série A,Internacional,Fluminense,,1X2,AWAY,0,3.75,25,0-0,oddsflow_handicap_sniper,APIFOOTBALL,500,LOST,-500
2026-05-03,Brasileirão Série A,Chapecoense,RB Bragantino,,AH,AWAY,-0.5,1.925,25,1-0,oddsflow_active_trader,APIFOOTBALL,536,WON,495.8
2026-05-03,Brasileirão Série A,Chapecoense,RB Bragantino,,OU,UNDER,2.5,2.375,25,1-0,oddsflow_active_trader,APIFOOTBALL,500,LOST,-500
2026-05-03,Brasileirão Série A,Chapecoense,RB Bragantino,,AH,AWAY,-0.5,1.95,25,1-0,oddsflow_handicap_sniper,APIFOOTBALL,554,WON,526.3
2026-05-03,Brasileirão Série A,Chapecoense,RB Bragantino,,1X2,HOME,0,1.909,25,1-0,oddsflow_active_trader,APIFOOTBALL,500,LOST,-500
2026-05-03,Brasileirão Série A,Chapecoense,RB Bragantino,,OU,UNDER,2.5,2.3,25,1-0,oddsflow_handicap_sniper,APIFOOTBALL,500,LOST,-500
2026-05-03,Brasileirão Série A,Chapecoense,RB Bragantino,,1X2,HOME,0,1.909,25,1-0,oddsflow_handicap_sniper,APIFOOTBALL,548,LOST,-548
2026-05-03,Brasileirão Série A,Internacional,Fluminense,,AH,AWAY,-1,2,40,1-0,oddsflow_active_trader,APIFOOTBALL,712,VOID,0
2026-05-03,Brasileirão Série A,Internacional,Fluminense,,AH,AWAY,-1,2,40,1-0,oddsflow_handicap_sniper,APIFOOTBALL,713,VOID,0
2026-05-03,Brasileirão Série A,Internacional,Fluminense,,OU,OVER,2.5,2.375,40,1-0,oddsflow_active_trader,APIFOOTBALL,500,LOST,-500
2026-05-03,Brasileirão Série A,Internacional,Fluminense,,OU,OVER,2.5,2.375,40,1-0,oddsflow_handicap_sniper,APIFOOTBALL,500,LOST,-500
2026-05-04,Premier League,Chelsea,Nottingham Forest,,AH,HOME,0.5,1.85,15,0-1,oddsflow_core_strategy,APIFOOTBALL,200,LOST,-200
2026-05-04,Saudi Pro League,Al-Fayha,Al Riyadh,,AH,HOME,-0.5,2.425,15,0-0,oddsflow_core_strategy,APIFOOTBALL,200,WON,285
2026-05-04,Serie A,Cremonese,Lazio,,OU,UNDER,2.5,1.5,25,0-0,oddsflow_active_trader,APIFOOTBALL,782,LOST,-782
2026-05-04,Serie A,Cremonese,Lazio,,1X2,DRAW,0,2.875,25,0-0,oddsflow_handicap_sniper,APIFOOTBALL,500,LOST,-500
2026-05-04,Serie A,Cremonese,Lazio,,OU,UNDER,1.5,2.1,25,0-0,oddsflow_handicap_sniper,APIFOOTBALL,500,LOST,-500
2026-05-04,Serie A,Cremonese,Lazio,,OU,UNDER,1.5,2.5,27,0-0,oddsflow_active_trader,APIFOOTBALL,500,LOST,-500
2026-05-04,Serie A,Cremonese,Lazio,,1X2,DRAW,0,3,29,0-0,oddsflow_active_trader,APIFOOTBALL,500,LOST,-500
2026-05-04,Serie A,Cremonese,Lazio,,AH,AWAY,-0.5,2.2,29,0-0,oddsflow_handicap_sniper,APIFOOTBALL,533,WON,639.6
2026-05-04,Serie A,Cremonese,Lazio,,AH,AWAY,-0.5,2.2,29,0-0,oddsflow_core_strategy,APIFOOTBALL,200,WON,240
2026-05-04,Serie A,Cremonese,Lazio,,OU,UNDER,2.5,2,29,0-0,oddsflow_handicap_sniper,APIFOOTBALL,514,LOST,-514
2026-05-04,Serie A,Cremonese,Lazio,,1X2,HOME,0,1.8,30,1-0,oddsflow_handicap_sniper,APIFOOTBALL,500,LOST,-500
2026-05-04,Serie A,Cremonese,Lazio,,AH,AWAY,-0.5,2.025,30,1-0,oddsflow_active_trader,APIFOOTBALL,866,WON,887.65
2026-05-04,Serie A,Cremonese,Lazio,,1X2,HOME,0,1.8,30,1-0,oddsflow_active_trader,APIFOOTBALL,500,LOST,-500
2026-05-04,Serie A,Cremonese,Lazio,,OU,OVER,1.5,1.533,33,1-0,oddsflow_active_trader,APIFOOTBALL,500,WON,266.5
2026-05-04,Saudi Pro League,Al-Ittihad FC,Al Kholood,,AH,AWAY,-0.5,1.975,35,0-0,oddsflow_core_strategy,APIFOOTBALL,200,WON,195
2026-05-04,Saudi Pro League,Al-Ittihad FC,Al Kholood,,AH,AWAY,-0.5,1.975,36,0-0,oddsflow_handicap_sniper,APIFOOTBALL,500,WON,487.5
2026-05-04,Saudi Pro League,Al-Ittihad FC,Al Kholood,,OU,UNDER,1.5,2.25,36,0-0,oddsflow_handicap_sniper,APIFOOTBALL,500,WON,625
2026-05-04,Saudi Pro League,Al-Ittihad FC,Al Kholood,,1X2,DRAW,0,3.2,36,0-0,oddsflow_handicap_sniper,APIFOOTBALL,500,WON,1100
2026-05-04,Saudi Pro League,Al-Ittihad FC,Al Kholood,,AH,AWAY,-0.5,1.975,36,0-0,oddsflow_active_trader,APIFOOTBALL,500,WON,487.5
2026-05-04,Saudi Pro League,Al-Ittihad FC,Al Kholood,,OU,UNDER,1.5,2.25,36,0-0,oddsflow_active_trader,APIFOOTBALL,500,WON,625
2026-05-04,Saudi Pro League,Al-Ittihad FC,Al Kholood,,1X2,DRAW,0,3.2,36,0-0,oddsflow_active_trader,APIFOOTBALL,500,WON,1100
2026-05-04,Saudi Pro League,Al-Ettifaq,Al Najma,,AH,HOME,-1.5,2.675,40,0-1,oddsflow_active_trader,APIFOOTBALL,500,LOST,-500
2026-05-04,Saudi Pro League,Al-Ettifaq,Al Najma,,OU,OVER,2.5,2.1,40,0-1,oddsflow_active_trader,APIFOOTBALL,892,LOST,-892
2026-05-04,Saudi Pro League,Al-Ettifaq,Al Najma,,AH,HOME,-1.5,2.675,40,0-1,oddsflow_handicap_sniper,APIFOOTBALL,500,LOST,-500
2026-05-04,Saudi Pro League,Al-Ettifaq,Al Najma,,OU,OVER,2.5,2.1,40,0-1,oddsflow_handicap_sniper,APIFOOTBALL,883,LOST,-883
2026-05-04,Saudi Pro League,Al-Ettifaq,Al Najma,,AH,HOME,-1.5,2.675,40,0-1,oddsflow_core_strategy,APIFOOTBALL,200,LOST,-200
2026-05-04,Saudi Pro League,Al-Ettifaq,Al Najma,,AH,HOME,-1,2.15,42,0-0,oddsflow_active_trader,APIFOOTBALL,500,LOST,-500
2026-05-04,Saudi Pro League,Al-Ettifaq,Al Najma,,AH,HOME,-1,2.15,42,0-0,oddsflow_handicap_sniper,APIFOOTBALL,500,LOST,-500
2026-05-04,Saudi Pro League,Al-Ettifaq,Al Najma,,1X2,HOME,0,1.615,42,0-0,oddsflow_active_trader,APIFOOTBALL,508,LOST,-508
2026-05-04,Saudi Pro League,Al-Ettifaq,Al Najma,,1X2,HOME,0,1.615,42,0-0,oddsflow_handicap_sniper,APIFOOTBALL,656,LOST,-656
2026-05-04,Serie A,AS Roma,Fiorentina,,AH,AWAY,-1.5,2.075,15,1-0,oddsflow_core_strategy,APIFOOTBALL,200,LOST,-200
2026-05-04,Saudi Pro League,Al-Ettifaq,Al Najma,,AH,HOME,-0.5,1.7,46,0-0,oddsflow_active_trader,APIFOOTBALL,500,LOST,-500
2026-05-04,Saudi Pro League,Al-Ettifaq,Al Najma,,AH,HOME,-0.5,1.7,46,0-0,oddsflow_handicap_sniper,APIFOOTBALL,500,LOST,-500
2026-05-04,Saudi Pro League,Al-Ettifaq,Al Najma,,OU,OVER,1.5,1.615,46,0-0,oddsflow_active_trader,APIFOOTBALL,500,LOST,-500
2026-05-04,Saudi Pro League,Al-Ettifaq,Al Najma,,OU,OVER,1.5,1.615,46,0-0,oddsflow_handicap_sniper,APIFOOTBALL,500,LOST,-500
2026-05-04,La Liga,Sevilla,Real Sociedad,,AH,AWAY,0,2.2,15,0-0,oddsflow_core_strategy,APIFOOTBALL,200,LOST,-200
2026-05-04,La Liga,Sevilla,Real Sociedad,,AH,AWAY,0,2.425,25,0-0,oddsflow_active_trader,APIFOOTBALL,654,LOST,-654
2026-05-04,La Liga,Sevilla,Real Sociedad,,OU,OVER,1.5,1.666,25,0-0,oddsflow_active_trader,APIFOOTBALL,500,LOST,-500
2026-05-04,La Liga,Sevilla,Real Sociedad,,1X2,AWAY,0,3.6,25,0-0,oddsflow_active_trader,APIFOOTBALL,500,LOST,-500
2026-05-04,La Liga,Sevilla,Real Sociedad,,AH,AWAY,0,2.425,25,0-0,oddsflow_handicap_sniper,APIFOOTBALL,638,LOST,-638
2026-05-04,La Liga,Sevilla,Real Sociedad,,OU,OVER,1.5,1.666,25,0-0,oddsflow_handicap_sniper,APIFOOTBALL,500,LOST,-500
2026-05-04,La Liga,Sevilla,Real Sociedad,,1X2,AWAY,0,3.6,25,0-0,oddsflow_handicap_sniper,APIFOOTBALL,500,LOST,-500
2026-05-04,La Liga,Sevilla,Real Sociedad,,AH,AWAY,0,2.425,25,0-0,oddsflow_beta,APIFOOTBALL,644,LOST,-644
2026-05-04,La Liga,Sevilla,Real Sociedad,,OU,OVER,1.5,1.666,25,0-0,oddsflow_beta,APIFOOTBALL,500,LOST,-500
2026-05-04,La Liga,Sevilla,Real Sociedad,,1X2,AWAY,0,3.6,25,0-0,oddsflow_beta,APIFOOTBALL,500,LOST,-500
2026-05-04,Saudi Pro League,Al-Ettifaq,Al Najma,,OU,OVER,0.5,1.533,72,0-0,oddsflow_active_trader,APIFOOTBALL,500,LOST,-500
2026-05-04,Saudi Pro League,Al-Ettifaq,Al Najma,,OU,OVER,0.5,1.533,72,0-0,oddsflow_handicap_sniper,APIFOOTBALL,500,LOST,-500
2026-05-04,Saudi Pro League,Al-Ettifaq,Al Najma,,1X2,DRAW,0,1.8,80,0-0,oddsflow_handicap_sniper,APIFOOTBALL,500,WON,400
2026-05-04,Saudi Pro League,Al-Ettifaq,Al Najma,,1X2,DRAW,0,1.8,80,0-0,oddsflow_active_trader,APIFOOTBALL,500,WON,400
2026-05-04,Saudi Pro League,Al-Ettifaq,Al Najma,,AH,AWAY,0,2.75,84,0-0,oddsflow_handicap_sniper,APIFOOTBALL,500,VOID,0
2026-05-04,Saudi Pro League,Al-Ettifaq,Al Najma,,AH,AWAY,0,2.75,84,0-0,oddsflow_active_trader,APIFOOTBALL,500,VOID,0
2026-05-04,La Liga,Sevilla,Real Sociedad,,AH,AWAY,-1,2.125,51,1-0,oddsflow_handicap_sniper,APIFOOTBALL,677,WON,761.63
2026-05-04,La Liga,Sevilla,Real Sociedad,,AH,AWAY,-1,2.125,51,1-0,oddsflow_beta,APIFOOTBALL,685,WON,770.63
2026-05-04,La Liga,Sevilla,Real Sociedad,,AH,AWAY,-1,2.125,51,1-0,oddsflow_active_trader,APIFOOTBALL,685,WON,770.63
2026-05-05,Saudi Pro League,Al Khaleej Saihat,Al-Hilal Saudi FC,,AH,AWAY,1,2.375,15,1-0,oddsflow_core_strategy,APIFOOTBALL,200,WON,275
2026-05-05,Saudi Pro League,Al Khaleej Saihat,Al-Hilal Saudi FC,,OU,UNDER,3.5,2.2,25,1-0,oddsflow_handicap_sniper,APIFOOTBALL,555,WON,666
2026-05-05,Saudi Pro League,Al Khaleej Saihat,Al-Hilal Saudi FC,,AH,AWAY,1,2.75,34,1-0,oddsflow_active_trader,APIFOOTBALL,500,WON,875
2026-05-05,Saudi Pro League,Al Khaleej Saihat,Al-Hilal Saudi FC,,AH,AWAY,1,2.75,34,1-0,oddsflow_handicap_sniper,APIFOOTBALL,500,WON,875
2026-05-05,Saudi Pro League,Al Khaleej Saihat,Al-Hilal Saudi FC,,OU,UNDER,4.5,1.666,34,1-0,oddsflow_handicap_sniper,APIFOOTBALL,1090,WON,725.94
2026-05-05,Saudi Pro League,Al Khaleej Saihat,Al-Hilal Saudi FC,,OU,UNDER,4.5,1.666,34,1-0,oddsflow_active_trader,APIFOOTBALL,1464,WON,975.02
2026-05-05,Saudi Pro League,Al Khaleej Saihat,Al-Hilal Saudi FC,,AH,HOME,1,2.3,35,1-1,oddsflow_handicap_sniper,APIFOOTBALL,500,VOID,0
2026-05-05,Saudi Pro League,Al Khaleej Saihat,Al-Hilal Saudi FC,,1X2,DRAW,0,4.333,35,1-1,oddsflow_handicap_sniper,APIFOOTBALL,500,LOST,-500
2026-05-05,Saudi Pro League,Al Khaleej Saihat,Al-Hilal Saudi FC,,AH,HOME,1,2.3,35,1-1,oddsflow_active_trader,APIFOOTBALL,500,VOID,0
2026-05-05,Saudi Pro League,Al Khaleej Saihat,Al-Hilal Saudi FC,,1X2,DRAW,0,4.333,35,1-1,oddsflow_active_trader,APIFOOTBALL,500,LOST,-500
2026-05-05,Saudi Pro League,Al Khaleej Saihat,Al-Hilal Saudi FC,,AH,HOME,1,2.2,40,1-1,oddsflow_beta,APIFOOTBALL,500,VOID,0
2026-05-05,Saudi Pro League,Al Khaleej Saihat,Al-Hilal Saudi FC,,OU,UNDER,4.5,1.615,40,1-1,oddsflow_beta,APIFOOTBALL,1276,WON,784.74
2026-05-05,Saudi Pro League,Al Khaleej Saihat,Al-Hilal Saudi FC,,1X2,DRAW,0,4.333,40,1-1,oddsflow_beta,APIFOOTBALL,500,LOST,-500
2026-05-05,Saudi Pro League,Al Khaleej Saihat,Al-Hilal Saudi FC,,AH,HOME,0.5,2.425,48,1-1,oddsflow_active_trader,APIFOOTBALL,500,LOST,-500
2026-05-05,Saudi Pro League,Al Khaleej Saihat,Al-Hilal Saudi FC,,OU,UNDER,3.5,2.25,48,1-1,oddsflow_active_trader,APIFOOTBALL,500,WON,625
2026-05-05,Saudi Pro League,Al Khaleej Saihat,Al-Hilal Saudi FC,,AH,HOME,0.5,2.425,48,1-1,oddsflow_beta,APIFOOTBALL,500,LOST,-500
2026-05-05,Saudi Pro League,Al Khaleej Saihat,Al-Hilal Saudi FC,,OU,UNDER,3.5,2.25,48,1-1,oddsflow_beta,APIFOOTBALL,500,WON,625
2026-05-05,Saudi Pro League,Al Khaleej Saihat,Al-Hilal Saudi FC,,AH,HOME,0.5,2.425,48,1-1,oddsflow_handicap_sniper,APIFOOTBALL,500,LOST,-500
2026-05-05,UEFA Champions League,Arsenal,Atletico Madrid,,AH,AWAY,-0.5,2,30,0-0,oddsflow_core_strategy,APIFOOTBALL,200,LOST,-200
2026-05-05,UEFA Champions League,Arsenal,Atletico Madrid,,AH,AWAY,-0.5,2,30,0-0,oddsflow_active_trader,APIFOOTBALL,500,LOST,-500
2026-05-05,UEFA Champions League,Arsenal,Atletico Madrid,,AH,AWAY,-1,2.6,50,1-0,oddsflow_handicap_sniper,APIFOOTBALL,834,WON,1334.4
2026-05-05,UEFA Champions League,Arsenal,Atletico Madrid,,AH,AWAY,-1,2.6,50,1-0,oddsflow_active_trader,APIFOOTBALL,834,WON,1334.4
2026-05-05,UEFA Champions League,Arsenal,Atletico Madrid,,OU,UNDER,2.5,1.533,56,1-0,oddsflow_active_trader,APIFOOTBALL,500,WON,266.5
2026-05-06,J1 League,Shimizu S-Pulse,Cerezo Osaka,,AH,AWAY,0,1.9,15,0-0,oddsflow_core_strategy,APIFOOTBALL,200,VOID,0
2026-05-06,J1 League,V-Varen Nagasaki,Fagiano Okayama,,AH,AWAY,0,1.825,15,0-0,oddsflow_core_strategy,APIFOOTBALL,200,LOST,-200
2026-05-06,J1 League,Shimizu S-Pulse,Cerezo Osaka,,AH,HOME,0.5,2.3,25,0-1,oddsflow_handicap_sniper,APIFOOTBALL,657,WON,854.1
2026-05-06,J1 League,Shimizu S-Pulse,Cerezo Osaka,,OU,UNDER,3.5,1.5,25,0-1,oddsflow_handicap_sniper,APIFOOTBALL,500,WON,250
2026-05-06,J1 League,Shimizu S-Pulse,Cerezo Osaka,,1X2,AWAY,0,1.615,25,0-1,oddsflow_handicap_sniper,APIFOOTBALL,500,LOST,-500
2026-05-06,J1 League,Shimizu S-Pulse,Cerezo Osaka,,AH,HOME,0.5,2.3,25,0-1,oddsflow_active_trader,APIFOOTBALL,660,WON,858
2026-05-06,J1 League,Shimizu S-Pulse,Cerezo Osaka,,1X2,AWAY,0,1.615,25,0-1,oddsflow_active_trader,APIFOOTBALL,500,LOST,-500
2026-05-06,J1 League,V-Varen Nagasaki,Fagiano Okayama,,AH,AWAY,-0.5,2.2,25,1-0,oddsflow_active_trader,APIFOOTBALL,723,WON,867.6
2026-05-06,J1 League,V-Varen Nagasaki,Fagiano Okayama,,AH,AWAY,-0.5,2.2,25,1-0,oddsflow_handicap_sniper,APIFOOTBALL,745,WON,894
2026-05-06,J1 League,V-Varen Nagasaki,Fagiano Okayama,,1X2,HOME,0,1.727,26,1-0,oddsflow_active_trader,APIFOOTBALL,500,WON,363.5
2026-05-06,J1 League,V-Varen Nagasaki,Fagiano Okayama,,1X2,HOME,0,1.727,26,1-0,oddsflow_handicap_sniper,APIFOOTBALL,500,WON,363.5
2026-05-06,J1 League,Shimizu S-Pulse,Cerezo Osaka,,OU,UNDER,3.5,1.5,28,0-1,oddsflow_active_trader,APIFOOTBALL,500,WON,250
2026-05-06,J1 League,Shimizu S-Pulse,Cerezo Osaka,,OU,UNDER,2.5,2.25,32,0-1,oddsflow_active_trader,APIFOOTBALL,500,WON,625
2026-05-06,J1 League,Shimizu S-Pulse,Cerezo Osaka,,AH,HOME,0.5,2.3,32,0-1,oddsflow_beta,APIFOOTBALL,658,WON,855.4
2026-05-06,J1 League,Shimizu S-Pulse,Cerezo Osaka,,OU,UNDER,2.5,2.2,32,0-1,oddsflow_beta,APIFOOTBALL,500,WON,600
2026-05-06,J1 League,Shimizu S-Pulse,Cerezo Osaka,,1X2,AWAY,0,1.615,32,0-1,oddsflow_beta,APIFOOTBALL,500,LOST,-500
2026-05-06,J1 League,Shimizu S-Pulse,Cerezo Osaka,,OU,UNDER,2.5,2.1,35,0-1,oddsflow_handicap_sniper,APIFOOTBALL,500,WON,550
2026-05-06,J1 League,V-Varen Nagasaki,Fagiano Okayama,,AH,AWAY,-1.5,2.25,43,1-0,oddsflow_handicap_sniper,APIFOOTBALL,786,WON,982.5
2026-05-06,J1 League,V-Varen Nagasaki,Fagiano Okayama,,OU,UNDER,4.5,1.615,52,2-1,oddsflow_active_trader,APIFOOTBALL,500,WON,307.5
2026-05-06,J1 League,V-Varen Nagasaki,Fagiano Okayama,,OU,UNDER,4.5,1.615,52,2-1,oddsflow_handicap_sniper,APIFOOTBALL,500,WON,307.5
2026-05-06,J1 League,Nagoya Grampus,Gamba Osaka,,AH,AWAY,-1,1.85,15,1-0,oddsflow_core_strategy,APIFOOTBALL,200,WON,170
2026-05-06,J1 League,Avispa Fukuoka,Kyoto Sanga,,AH,HOME,0.5,1.7,18,0-0,oddsflow_core_strategy,APIFOOTBALL,200,WON,140
2026-05-06,J1 League,Shimizu S-Pulse,Cerezo Osaka,,OU,OVER,1.5,1.5,62,0-1,oddsflow_beta,APIFOOTBALL,500,WON,250
2026-05-06,J1 League,Nagoya Grampus,Gamba Osaka,,AH,AWAY,-1,2.15,25,1-0,oddsflow_active_trader,APIFOOTBALL,955,WON,1098.25
2026-05-06,J1 League,Nagoya Grampus,Gamba Osaka,,OU,UNDER,3.5,1.666,25,1-0,oddsflow_active_trader,APIFOOTBALL,603,WON,401.6
2026-05-06,J1 League,Nagoya Grampus,Gamba Osaka,,AH,AWAY,-1,2.15,25,1-0,oddsflow_handicap_sniper,APIFOOTBALL,957,WON,1100.55
2026-05-06,J1 League,Nagoya Grampus,Gamba Osaka,,OU,UNDER,3.5,1.666,25,1-0,oddsflow_handicap_sniper,APIFOOTBALL,614,WON,408.92
2026-05-06,J1 League,Nagoya Grampus,Gamba Osaka,,AH,AWAY,-1.5,2.75,32,1-0,oddsflow_handicap_sniper,APIFOOTBALL,584,WON,1022
2026-05-06,J1 League,Shimizu S-Pulse,Cerezo Osaka,,AH,HOME,1,1.7,78,0-1,oddsflow_handicap_sniper,APIFOOTBALL,500,WON,350
2026-05-06,J1 League,Shimizu S-Pulse,Cerezo Osaka,,AH,HOME,1,1.7,78,0-1,oddsflow_beta,APIFOOTBALL,500,WON,350
2026-05-06,J1 League,Shimizu S-Pulse,Cerezo Osaka,,AH,HOME,1,1.7,78,0-1,oddsflow_active_trader,APIFOOTBALL,500,WON,350
2026-05-06,J1 League,Avispa Fukuoka,Kyoto Sanga,,AH,HOME,1,2.15,47,0-1,oddsflow_active_trader,APIFOOTBALL,699,WON,803.85
2026-05-06,J1 League,Avispa Fukuoka,Kyoto Sanga,,AH,HOME,1,2.15,47,0-1,oddsflow_handicap_sniper,APIFOOTBALL,690,WON,793.5
2026-05-06,J1 League,Sanfrecce Hiroshima,Vissel Kobe,,AH,AWAY,0,2.2,15,0-0,oddsflow_core_strategy,APIFOOTBALL,200,VOID,0
2026-05-06,J1 League,FC Tokyo,JEF United Chiba,,AH,HOME,-0.5,2.15,18,0-1,oddsflow_core_strategy,APIFOOTBALL,200,LOST,-200
2026-05-06,J1 League,Avispa Fukuoka,Kyoto Sanga,,OU,OVER,1.5,1.533,60,0-1,oddsflow_handicap_sniper,APIFOOTBALL,500,WON,266.5
2026-05-06,J1 League,Avispa Fukuoka,Kyoto Sanga,,OU,OVER,1.5,1.533,60,0-1,oddsflow_active_trader,APIFOOTBALL,500,WON,266.5
2026-05-06,J1 League,FC Tokyo,JEF United Chiba,,AH,HOME,-0.5,2.3,25,0-1,oddsflow_handicap_sniper,APIFOOTBALL,500,LOST,-500
2026-05-06,J1 League,Sanfrecce Hiroshima,Vissel Kobe,,AH,AWAY,0,2.35,25,0-0,oddsflow_handicap_sniper,APIFOOTBALL,500,VOID,0
2026-05-06,J1 League,FC Tokyo,JEF United Chiba,,AH,HOME,-0.5,2.3,25,0-1,oddsflow_active_trader,APIFOOTBALL,500,LOST,-500
2026-05-06,J1 League,Sanfrecce Hiroshima,Vissel Kobe,,AH,AWAY,0,2.35,25,0-0,oddsflow_active_trader,APIFOOTBALL,500,VOID,0
2026-05-06,J1 League,FC Tokyo,JEF United Chiba,,OU,UNDER,3.5,1.666,25,0-1,oddsflow_active_trader,APIFOOTBALL,500,WON,333
2026-05-06,J1 League,FC Tokyo,JEF United Chiba,,OU,UNDER,3.5,1.666,26,0-1,oddsflow_handicap_sniper,APIFOOTBALL,500,WON,333
2026-05-06,J1 League,FC Tokyo,JEF United Chiba,,AH,HOME,-0.5,2.3,27,0-1,oddsflow_beta,APIFOOTBALL,500,LOST,-500
2026-05-06,J1 League,FC Tokyo,JEF United Chiba,,OU,UNDER,3.5,1.666,27,0-1,oddsflow_beta,APIFOOTBALL,500,WON,333
2026-05-06,J1 League,Sanfrecce Hiroshima,Vissel Kobe,,AH,AWAY,0,2.375,29,0-0,oddsflow_beta,APIFOOTBALL,500,VOID,0
2026-05-06,J1 League,Sanfrecce Hiroshima,Vissel Kobe,,1X2,DRAW,0,2.875,29,0-0,oddsflow_beta,APIFOOTBALL,500,WON,937.5
2026-05-06,J1 League,Sanfrecce Hiroshima,Vissel Kobe,,1X2,DRAW,0,2.875,30,0-0,oddsflow_handicap_sniper,APIFOOTBALL,500,WON,937.5
2026-05-06,J1 League,Avispa Fukuoka,Kyoto Sanga,,AH,AWAY,0,1.775,74,0-1,oddsflow_handicap_sniper,APIFOOTBALL,647,LOST,-647
2026-05-06,J1 League,Avispa Fukuoka,Kyoto Sanga,,AH,AWAY,0,1.775,74,0-1,oddsflow_active_trader,APIFOOTBALL,659,LOST,-659
2026-05-06,J1 League,Avispa Fukuoka,Kyoto Sanga,,OU,UNDER,2.5,1.833,74,0-1,oddsflow_core_strategy,APIFOOTBALL,500,WON,416.5
2026-05-06,J1 League,Avispa Fukuoka,Kyoto Sanga,,1X2,DRAW,0,1.571,74,1-1,oddsflow_handicap_sniper,APIFOOTBALL,500,WON,285.5
2026-05-06,J1 League,Avispa Fukuoka,Kyoto Sanga,,1X2,DRAW,0,1.615,75,1-1,oddsflow_active_trader,APIFOOTBALL,500,WON,307.5
2026-05-06,J1 League,FC Tokyo,JEF United Chiba,,OU,UNDER,2.5,2.5,38,0-1,oddsflow_handicap_sniper,APIFOOTBALL,500,LOST,-500
2026-05-06,J1 League,FC Tokyo,JEF United Chiba,,OU,UNDER,2.5,2.5,38,0-1,oddsflow_active_trader,APIFOOTBALL,500,LOST,-500
2026-05-06,J1 League,Sanfrecce Hiroshima,Vissel Kobe,,OU,OVER,1.5,1.909,44,1-0,oddsflow_beta,APIFOOTBALL,500,WON,454.5
2026-05-06,J1 League,Sanfrecce Hiroshima,Vissel Kobe,,1X2,HOME,0,2.5,44,1-0,oddsflow_beta,APIFOOTBALL,500,LOST,-500
2026-05-06,J1 League,Sanfrecce Hiroshima,Vissel Kobe,,OU,OVER,1.5,1.909,44,1-0,oddsflow_active_trader,APIFOOTBALL,590,WON,536.31
2026-05-06,J1 League,Sanfrecce Hiroshima,Vissel Kobe,,1X2,HOME,0,2.5,44,1-0,oddsflow_active_trader,APIFOOTBALL,500,LOST,-500
2026-05-06,J1 League,Sanfrecce Hiroshima,Vissel Kobe,,OU,OVER,1.5,1.909,44,1-0,oddsflow_handicap_sniper,APIFOOTBALL,500,WON,454.5
2026-05-06,J1 League,Sanfrecce Hiroshima,Vissel Kobe,,1X2,HOME,0,2.5,44,1-0,oddsflow_handicap_sniper,APIFOOTBALL,500,LOST,-500
2026-05-06,J1 League,Sanfrecce Hiroshima,Vissel Kobe,,AH,AWAY,-1,1.925,44,1-0,oddsflow_beta,APIFOOTBALL,692,WON,640.1
2026-05-06,J1 League,Sanfrecce Hiroshima,Vissel Kobe,,OU,UNDER,2.5,1.727,44,1-0,oddsflow_beta,APIFOOTBALL,500,WON,363.5
2026-05-06,J1 League,Sanfrecce Hiroshima,Vissel Kobe,,AH,AWAY,-1,1.925,44,1-0,oddsflow_handicap_sniper,APIFOOTBALL,702,WON,649.35
2026-05-06,J1 League,Sanfrecce Hiroshima,Vissel Kobe,,AH,AWAY,-1,1.925,44,1-0,oddsflow_active_trader,APIFOOTBALL,694,WON,641.95
2026-05-06,J1 League,Sanfrecce Hiroshima,Vissel Kobe,,OU,UNDER,2.5,1.727,45,1-0,oddsflow_active_trader,APIFOOTBALL,500,WON,363.5
2026-05-06,J1 League,Sanfrecce Hiroshima,Vissel Kobe,,OU,UNDER,2.5,1.727,46,1-0,oddsflow_handicap_sniper,APIFOOTBALL,500,WON,363.5
2026-05-06,J1 League,FC Tokyo,JEF United Chiba,,AH,HOME,0,2.075,49,0-1,oddsflow_handicap_sniper,APIFOOTBALL,500,LOST,-500
2026-05-06,J1 League,FC Tokyo,JEF United Chiba,,1X2,AWAY,0,2.4,49,0-1,oddsflow_handicap_sniper,APIFOOTBALL,500,WON,700
2026-05-06,J1 League,FC Tokyo,JEF United Chiba,,AH,HOME,0,2.075,49,0-1,oddsflow_active_trader,APIFOOTBALL,500,LOST,-500
2026-05-06,J1 League,FC Tokyo,JEF United Chiba,,1X2,AWAY,0,2.4,49,0-1,oddsflow_active_trader,APIFOOTBALL,500,WON,700
2026-05-06,J1 League,Machida Zelvia,Yokohama F. Marinos,,AH,AWAY,0,2.425,15,0-0,oddsflow_core_strategy,APIFOOTBALL,200,LOST,-200
2026-05-06,J1 League,Sanfrecce Hiroshima,Vissel Kobe,,OU,OVER,2.5,1.571,64,1-1,oddsflow_handicap_sniper,APIFOOTBALL,500,LOST,-500
2026-05-06,J1 League,Sanfrecce Hiroshima,Vissel Kobe,,OU,OVER,2.5,1.571,64,1-1,oddsflow_beta,APIFOOTBALL,500,LOST,-500
2026-05-06,J1 League,Sanfrecce Hiroshima,Vissel Kobe,,1X2,DRAW,0,1.952,64,1-1,oddsflow_active_trader,APIFOOTBALL,500,WON,476
2026-05-06,J1 League,Kashima Antlers,Mito Hollyhock,,AH,AWAY,-0.5,2.05,20,0-0,oddsflow_core_strategy,APIFOOTBALL,200,LOST,-200
2026-05-06,J1 League,FC Tokyo,JEF United Chiba,,AH,HOME,0.5,1.7,63,0-1,oddsflow_handicap_sniper,APIFOOTBALL,655,LOST,-655
2026-05-06,J1 League,FC Tokyo,JEF United Chiba,,AH,HOME,0.5,1.7,63,0-1,oddsflow_active_trader,APIFOOTBALL,657,LOST,-657
2026-05-06,J1 League,Machida Zelvia,Yokohama F. Marinos,,AH,AWAY,0,2.5,25,0-0,oddsflow_active_trader,APIFOOTBALL,500,LOST,-500
2026-05-06,J1 League,Machida Zelvia,Yokohama F. Marinos,,AH,AWAY,0,2.5,25,0-0,oddsflow_handicap_sniper,APIFOOTBALL,500,LOST,-500
2026-05-06,J1 League,Kashima Antlers,Mito Hollyhock,,AH,AWAY,-0.5,1.925,25,0-0,oddsflow_handicap_sniper,APIFOOTBALL,500,LOST,-500
2026-05-06,J1 League,Kashima Antlers,Mito Hollyhock,,AH,AWAY,-0.5,1.925,25,0-0,oddsflow_active_trader,APIFOOTBALL,500,LOST,-500
2026-05-06,J1 League,FC Tokyo,JEF United Chiba,,OU,OVER,1.5,1.533,70,0-1,oddsflow_handicap_sniper,APIFOOTBALL,500,WON,266.5
2026-05-06,J1 League,FC Tokyo,JEF United Chiba,,OU,OVER,1.5,1.533,70,0-1,oddsflow_active_trader,APIFOOTBALL,500,WON,266.5
2026-05-06,J1 League,Machida Zelvia,Yokohama F. Marinos,,AH,AWAY,-1,2.3,55,1-0,oddsflow_active_trader,APIFOOTBALL,1036,VOID,0
2026-05-06,J1 League,Machida Zelvia,Yokohama F. Marinos,,AH,AWAY,-1,2.3,55,1-0,oddsflow_handicap_sniper,APIFOOTBALL,1029,VOID,0
2026-05-06,J1 League,Machida Zelvia,Yokohama F. Marinos,,OU,OVER,1.5,1.533,62,1-0,oddsflow_active_trader,APIFOOTBALL,500,WON,266.5
2026-05-06,J1 League,Machida Zelvia,Yokohama F. Marinos,,OU,UNDER,2.5,2.2,66,1-0,oddsflow_active_trader,APIFOOTBALL,679,WON,814.8
2026-05-06,J1 League,Machida Zelvia,Yokohama F. Marinos,,OU,UNDER,2.5,2.2,66,1-0,oddsflow_handicap_sniper,APIFOOTBALL,901,WON,1081.2
2026-05-06,J1 League,Kawasaki Frontale,Tokyo Verdy,,AH,AWAY,0,2.375,62,0-0,oddsflow_core_strategy,APIFOOTBALL,200,LOST,-200
2026-05-06,J1 League,Kawasaki Frontale,Tokyo Verdy,,AH,AWAY,0,2.375,62,0-0,oddsflow_handicap_sniper,APIFOOTBALL,620,LOST,-620
2026-05-06,J1 League,Kawasaki Frontale,Tokyo Verdy,,1X2,DRAW,0,1.952,62,0-0,oddsflow_handicap_sniper,APIFOOTBALL,500,LOST,-500
2026-05-06,J1 League,Kawasaki Frontale,Tokyo Verdy,,AH,AWAY,0,2.375,62,0-0,oddsflow_active_trader,APIFOOTBALL,634,LOST,-634
2026-05-06,J1 League,Kawasaki Frontale,Tokyo Verdy,,1X2,DRAW,0,1.952,62,0-0,oddsflow_active_trader,APIFOOTBALL,500,LOST,-500
2026-05-06,J1 League,Kawasaki Frontale,Tokyo Verdy,,AH,AWAY,-1,1.8,73,0-0,oddsflow_handicap_sniper,APIFOOTBALL,1037,VOID,0
2026-05-06,J1 League,Kawasaki Frontale,Tokyo Verdy,,OU,UNDER,1.5,1.727,73,0-0,oddsflow_handicap_sniper,APIFOOTBALL,874,WON,635.4
2026-05-06,J1 League,Kawasaki Frontale,Tokyo Verdy,,AH,AWAY,-1,1.925,73,1-0,oddsflow_active_trader,APIFOOTBALL,966,WON,893.55
2026-05-06,J1 League,Kashiwa Reysol,Urawa Red Diamonds,,AH,AWAY,0,2.15,17,0-0,oddsflow_core_strategy,APIFOOTBALL,200,WON,230
2026-05-06,J1 League,Kashiwa Reysol,Urawa Red Diamonds,,AH,AWAY,0,2.05,25,0-0,oddsflow_handicap_sniper,APIFOOTBALL,500,WON,525
2026-05-06,J1 League,Kashiwa Reysol,Urawa Red Diamonds,,OU,UNDER,2.5,1.533,25,0-0,oddsflow_handicap_sniper,APIFOOTBALL,566,WON,301.68
2026-05-06,J1 League,Kashiwa Reysol,Urawa Red Diamonds,,AH,AWAY,0,2.05,25,0-0,oddsflow_active_trader,APIFOOTBALL,500,WON,525
2026-05-06,J1 League,Kashiwa Reysol,Urawa Red Diamonds,,1X2,DRAW,0,3.2,25,0-0,oddsflow_handicap_sniper,APIFOOTBALL,500,LOST,-500
2026-05-06,J1 League,Kashiwa Reysol,Urawa Red Diamonds,,OU,UNDER,2.5,1.533,25,0-0,oddsflow_active_trader,APIFOOTBALL,573,WON,305.41
2026-05-06,J1 League,Kashiwa Reysol,Urawa Red Diamonds,,OU,UNDER,1.5,2.5,26,0-0,oddsflow_active_trader,APIFOOTBALL,500,WON,750
2026-05-06,J1 League,Kashiwa Reysol,Urawa Red Diamonds,,OU,UNDER,1.5,2.5,26,0-0,oddsflow_handicap_sniper,APIFOOTBALL,500,WON,750
2026-05-06,J1 League,Kashiwa Reysol,Urawa Red Diamonds,,1X2,DRAW,0,3.1,30,0-0,oddsflow_active_trader,APIFOOTBALL,500,LOST,-500
2026-05-06,J1 League,Kashiwa Reysol,Urawa Red Diamonds,,AH,HOME,0.5,2.75,59,0-1,oddsflow_handicap_sniper,APIFOOTBALL,500,WON,875
2026-05-06,J1 League,Kashiwa Reysol,Urawa Red Diamonds,,AH,HOME,0.5,2.75,59,0-1,oddsflow_active_trader,APIFOOTBALL,500,WON,875
2026-05-06,J1 League,Kashiwa Reysol,Urawa Red Diamonds,,1X2,AWAY,0,1.5,62,0-1,oddsflow_active_trader,APIFOOTBALL,500,WON,250
2026-05-06,J1 League,Kashiwa Reysol,Urawa Red Diamonds,,1X2,AWAY,0,1.5,62,0-1,oddsflow_handicap_sniper,APIFOOTBALL,500,WON,250
2026-05-06,Indian Super League,Minerva Punjab,Chennaiyin,,AH,AWAY,-1,1.775,15,0-0,oddsflow_core_strategy,APIFOOTBALL,200,VOID,0
2026-05-06,Indian Super League,Minerva Punjab,Chennaiyin,,AH,AWAY,-1,1.75,25,0-0,oddsflow_handicap_sniper,APIFOOTBALL,769,VOID,0
2026-05-06,Indian Super League,Minerva Punjab,Chennaiyin,,AH,AWAY,-1,1.75,25,0-0,oddsflow_active_trader,APIFOOTBALL,758,VOID,0
2026-05-06,Indian Super League,Minerva Punjab,Chennaiyin,,OU,UNDER,2.5,1.615,25,0-0,oddsflow_handicap_sniper,APIFOOTBALL,500,WON,307.5
2026-05-06,Indian Super League,Minerva Punjab,Chennaiyin,,OU,UNDER,2.5,1.615,25,0-0,oddsflow_active_trader,APIFOOTBALL,500,WON,307.5
2026-05-06,Indian Super League,Minerva Punjab,Chennaiyin,,AH,AWAY,-0.5,2.3,27,0-0,oddsflow_handicap_sniper,APIFOOTBALL,500,LOST,-500
2026-05-06,Indian Super League,Minerva Punjab,Chennaiyin,,AH,AWAY,-0.5,2.3,27,0-0,oddsflow_active_trader,APIFOOTBALL,500,LOST,-500
2026-05-06,Indian Super League,Minerva Punjab,Chennaiyin,,AH,AWAY,-0.5,2.2,29,0-0,oddsflow_beta,APIFOOTBALL,500,LOST,-500
2026-05-06,Indian Super League,Minerva Punjab,Chennaiyin,,1X2,DRAW,0,3.4,30,0-0,oddsflow_beta,APIFOOTBALL,500,LOST,-500
2026-05-06,Indian Super League,Minerva Punjab,Chennaiyin,,OU,UNDER,1.5,2.25,33,0-0,oddsflow_beta,APIFOOTBALL,500,WON,625
2026-05-06,Indian Super League,Minerva Punjab,Chennaiyin,,OU,UNDER,1.5,2.25,33,0-0,oddsflow_handicap_sniper,APIFOOTBALL,500,WON,625
2026-05-06,Indian Super League,Minerva Punjab,Chennaiyin,,OU,UNDER,1.5,2.25,34,0-0,oddsflow_active_trader,APIFOOTBALL,500,WON,625
2026-05-06,Indian Super League,Minerva Punjab,Chennaiyin,,1X2,DRAW,0,3.4,34,0-0,oddsflow_handicap_sniper,APIFOOTBALL,500,LOST,-500
2026-05-06,Indian Super League,Minerva Punjab,Chennaiyin,,AH,AWAY,-0.5,1.975,49,0-0,oddsflow_core_strategy,APIFOOTBALL,200,LOST,-200
2026-05-06,Indian Super League,Minerva Punjab,Chennaiyin,,1X2,DRAW,0,2.5,56,0-0,oddsflow_active_trader,APIFOOTBALL,500,LOST,-500
2026-05-06,Indian Super League,Minerva Punjab,Chennaiyin,,AH,AWAY,0,2.75,83,0-0,oddsflow_handicap_sniper,APIFOOTBALL,500,LOST,-500
2026-05-06,Indian Super League,Minerva Punjab,Chennaiyin,,AH,AWAY,0,2.75,83,0-0,oddsflow_active_trader,APIFOOTBALL,500,LOST,-500
2026-05-06,Saudi Pro League,Al-Ahli Jeddah,Al-Fateh,,AH,AWAY,-1,2.5,16,0-0,oddsflow_core_strategy,APIFOOTBALL,200,LOST,-200
2026-05-06,Saudi Pro League,Al-Ahli Jeddah,Al-Fateh,,AH,AWAY,-1,2.2,25,0-0,oddsflow_active_trader,APIFOOTBALL,610,LOST,-610
2026-05-06,Saudi Pro League,Al-Ahli Jeddah,Al-Fateh,,OU,UNDER,2.5,2,25,0-0,oddsflow_active_trader,APIFOOTBALL,500,LOST,-500
2026-05-06,Saudi Pro League,Al-Ahli Jeddah,Al-Fateh,,AH,AWAY,-1,2.2,25,0-0,oddsflow_handicap_sniper,APIFOOTBALL,596,LOST,-596
2026-05-06,Saudi Pro League,Al-Ahli Jeddah,Al-Fateh,,OU,UNDER,2.5,2,25,0-0,oddsflow_handicap_sniper,APIFOOTBALL,500,LOST,-500
2026-05-06,Saudi Pro League,Al-Ahli Jeddah,Al-Fateh,,AH,AWAY,-1.5,2.6,27,1-0,oddsflow_active_trader,APIFOOTBALL,517,WON,827.2
2026-05-06,Saudi Pro League,Al-Ahli Jeddah,Al-Fateh,,OU,UNDER,3.5,2,27,1-0,oddsflow_active_trader,APIFOOTBALL,500,LOST,-500
2026-05-06,Saudi Pro League,Al-Ahli Jeddah,Al-Fateh,,AH,AWAY,-1.5,2.6,27,1-0,oddsflow_handicap_sniper,APIFOOTBALL,512,WON,819.2
2026-05-06,Saudi Pro League,Al-Ahli Jeddah,Al-Fateh,,OU,UNDER,3.5,2,27,1-0,oddsflow_handicap_sniper,APIFOOTBALL,500,LOST,-500
2026-05-06,UEFA Champions League,Bayern Munich,Paris Saint-Germain,,1X2,AWAY,0,4.22,0,0-0,oddsflow_prematch_edge,APIFOOTBALL,200,LOST,-200
2026-05-06,Saudi Pro League,Al-Ahli Jeddah,Al-Fateh,,AH,AWAY,-0.5,2.2,50,1-0,oddsflow_handicap_sniper,APIFOOTBALL,500,LOST,-500
2026-05-06,Saudi Pro League,Al-Ahli Jeddah,Al-Fateh,,1X2,HOME,0,1.666,50,1-0,oddsflow_handicap_sniper,APIFOOTBALL,826,WON,550.12
2026-05-06,Saudi Pro League,Al-Ahli Jeddah,Al-Fateh,,AH,AWAY,-0.5,2.2,51,1-0,oddsflow_active_trader,APIFOOTBALL,500,LOST,-500
2026-05-06,Saudi Pro League,Al-Ahli Jeddah,Al-Fateh,,1X2,HOME,0,1.666,51,1-0,oddsflow_active_trader,APIFOOTBALL,601,WON,400.27
2026-05-06,Saudi Pro League,Al-Ahli Jeddah,Al-Fateh,,1X2,DRAW,0,3.1,51,1-1,oddsflow_handicap_sniper,APIFOOTBALL,500,LOST,-500
2026-05-06,UEFA Champions League,Bayern Munich,Paris Saint-Germain,,AH,HOME,-0.5,2.25,15,0-1,oddsflow_core_strategy,APIFOOTBALL,200,WON,250
2026-05-06,Saudi Pro League,Al-Ahli Jeddah,Al-Fateh,,1X2,DRAW,0,3.1,53,1-1,oddsflow_active_trader,APIFOOTBALL,500,LOST,-500
2026-05-06,Saudi Pro League,Al-Ahli Jeddah,Al-Fateh,,AH,AWAY,-0.5,2.15,60,1-1,oddsflow_beta,APIFOOTBALL,500,LOST,-500
2026-05-06,Saudi Pro League,Al-Ahli Jeddah,Al-Fateh,,OU,UNDER,3.5,1.666,60,1-1,oddsflow_beta,APIFOOTBALL,718,LOST,-718
2026-05-06,Saudi Pro League,Al-Ahli Jeddah,Al-Fateh,,1X2,DRAW,0,2.875,60,1-1,oddsflow_beta,APIFOOTBALL,500,LOST,-500
2026-05-06,UEFA Champions League,Bayern Munich,Paris Saint-Germain,,AH,HOME,0,2.025,25,0-1,oddsflow_active_trader,APIFOOTBALL,500,WON,512.5
2026-05-06,UEFA Champions League,Bayern Munich,Paris Saint-Germain,,AH,HOME,0,2.05,25,0-1,oddsflow_handicap_sniper,APIFOOTBALL,500,WON,525
2026-05-06,UEFA Champions League,Bayern Munich,Paris Saint-Germain,,AH,HOME,0.5,1.7,38,0-1,oddsflow_active_trader,APIFOOTBALL,1020,WON,714
2026-05-06,UEFA Champions League,Bayern Munich,Paris Saint-Germain,,AH,HOME,0.5,1.7,38,0-1,oddsflow_handicap_sniper,APIFOOTBALL,997,WON,697.9
2026-05-06,Saudi Pro League,Al-Ahli Jeddah,Al-Fateh,,AH,AWAY,-1,2.425,75,1-1,oddsflow_beta,APIFOOTBALL,500,LOST,-500
2026-05-06,Saudi Pro League,Al-Ahli Jeddah,Al-Fateh,,OU,UNDER,3.5,1.909,75,1-1,oddsflow_core_strategy,APIFOOTBALL,500,LOST,-500
2026-05-06,UEFA Champions League,Bayern Munich,Paris Saint-Germain,,OU,UNDER,3.5,1.727,47,0-1,oddsflow_active_trader,APIFOOTBALL,500,WON,363.5
2026-05-06,UEFA Champions League,Bayern Munich,Paris Saint-Germain,,OU,UNDER,3.5,1.727,48,0-1,oddsflow_handicap_sniper,APIFOOTBALL,500,WON,363.5
2026-05-06,UEFA Champions League,Bayern Munich,Paris Saint-Germain,,1X2,AWAY,0,2.2,48,0-1,oddsflow_handicap_sniper,APIFOOTBALL,500,LOST,-500
2026-05-06,UEFA Champions League,Bayern Munich,Paris Saint-Germain,,1X2,AWAY,0,2.05,54,0-1,oddsflow_active_trader,APIFOOTBALL,500,LOST,-500
2026-05-06,UEFA Champions League,Bayern Munich,Paris Saint-Germain,,OU,UNDER,2.5,2,61,0-1,oddsflow_active_trader,APIFOOTBALL,500,WON,500
2026-05-06,UEFA Champions League,Bayern Munich,Paris Saint-Germain,,OU,UNDER,2.5,2,61,0-1,oddsflow_handicap_sniper,APIFOOTBALL,500,WON,500
2026-05-06,UEFA Champions League,Bayern Munich,Paris Saint-Germain,,OU,UNDER,2.5,1.8,65,0-1,oddsflow_core_strategy,APIFOOTBALL,500,WON,400
2026-05-07,Saudi Pro League,Al Shabab,Al-Nassr,,AH,HOME,1.5,2.6,30,1-2,oddsflow_beta,APIFOOTBALL,638,WON,1020.8
2026-05-07,Saudi Pro League,Al Shabab,Al-Nassr,,OU,UNDER,5.5,2,30,1-2,oddsflow_beta,APIFOOTBALL,500,LOST,-500
2026-05-07,Saudi Pro League,Al Shabab,Al-Nassr,,AH,HOME,1.5,2.6,30,1-2,oddsflow_active_trader,APIFOOTBALL,664,WON,1062.4
2026-05-07,Saudi Pro League,Al Shabab,Al-Nassr,,OU,UNDER,5.5,2,30,1-2,oddsflow_active_trader,APIFOOTBALL,500,LOST,-500
2026-05-07,Saudi Pro League,Al Shabab,Al-Nassr,,AH,HOME,1.5,2.6,30,1-2,oddsflow_handicap_sniper,APIFOOTBALL,656,WON,1049.6
2026-05-07,Saudi Pro League,Al Shabab,Al-Nassr,,OU,UNDER,5.5,2,30,1-2,oddsflow_handicap_sniper,APIFOOTBALL,500,LOST,-500
2026-05-07,Saudi Pro League,Al Shabab,Al-Nassr,,AH,HOME,1.5,2.15,45,1-2,oddsflow_core_strategy,APIFOOTBALL,200,WON,230
2026-05-07,Saudi Pro League,Al Shabab,Al-Nassr,,OU,UNDER,4.5,2.25,47,1-2,oddsflow_beta,APIFOOTBALL,500,LOST,-500
2026-05-07,Saudi Pro League,Al Shabab,Al-Nassr,,OU,UNDER,4.5,2.25,47,1-2,oddsflow_active_trader,APIFOOTBALL,500,LOST,-500
2026-05-07,Saudi Pro League,Al Shabab,Al-Nassr,,OU,UNDER,4.5,1.727,58,1-2,oddsflow_handicap_sniper,APIFOOTBALL,500,LOST,-500
2026-05-07,Saudi Pro League,Al Shabab,Al-Nassr,,AH,HOME,1,2.75,71,1-2,oddsflow_handicap_sniper,APIFOOTBALL,500,VOID,0
2026-05-07,Saudi Pro League,Al Shabab,Al-Nassr,,AH,HOME,1,2.75,71,1-2,oddsflow_active_trader,APIFOOTBALL,500,VOID,0
2026-05-07,UEFA Europa League,Aston Villa,Nottingham Forest,,AH,AWAY,-0.75,1.94,0,0-0,oddsflow_prematch_edge,APIFOOTBALL,438,LOST,-438
2026-05-07,UEFA Europa League,SC Freiburg,SC Braga,,AH,AWAY,-0.75,1.96,0,0-0,oddsflow_prematch_edge,APIFOOTBALL,404,LOST,-404
2026-05-07,UEFA Conference League,Crystal Palace,Shakhtar Donetsk,,OU,OVER,2.5,1.88,0,0-0,oddsflow_prematch_edge,APIFOOTBALL,475,WON,418
2026-05-07,UEFA Conference League,Crystal Palace,Shakhtar Donetsk,,AH,HOME,-0.5,1.725,15,0-0,oddsflow_core_strategy,APIFOOTBALL,200,WON,145
2026-05-07,UEFA Europa League,Aston Villa,Nottingham Forest,,AH,AWAY,-0.5,2.05,15,0-0,oddsflow_core_strategy,APIFOOTBALL,200,LOST,-200
2026-05-07,UEFA Conference League,Strasbourg,Rayo Vallecano,,AH,HOME,-0.5,2.375,15,0-0,oddsflow_core_strategy,APIFOOTBALL,200,LOST,-200
2026-05-07,UEFA Europa League,Aston Villa,Nottingham Forest,,AH,AWAY,-0.5,2.05,25,0-0,oddsflow_beta,APIFOOTBALL,500,LOST,-500
2026-05-07,UEFA Europa League,Aston Villa,Nottingham Forest,,OU,UNDER,2.5,1.533,25,0-0,oddsflow_beta,APIFOOTBALL,500,LOST,-500
2026-05-07,UEFA Europa League,Aston Villa,Nottingham Forest,,1X2,DRAW,0,3.4,25,0-0,oddsflow_beta,APIFOOTBALL,500,LOST,-500
2026-05-07,UEFA Europa League,Aston Villa,Nottingham Forest,,AH,AWAY,-0.5,2.05,25,0-0,oddsflow_handicap_sniper,APIFOOTBALL,500,LOST,-500
2026-05-07,UEFA Europa League,Aston Villa,Nottingham Forest,,OU,UNDER,2.5,1.533,25,0-0,oddsflow_handicap_sniper,APIFOOTBALL,500,LOST,-500
2026-05-07,UEFA Europa League,Aston Villa,Nottingham Forest,,1X2,DRAW,0,3.4,25,0-0,oddsflow_handicap_sniper,APIFOOTBALL,500,LOST,-500
2026-05-07,UEFA Europa League,Aston Villa,Nottingham Forest,,AH,AWAY,-0.5,2.05,25,0-0,oddsflow_active_trader,APIFOOTBALL,500,LOST,-500
2026-05-07,UEFA Europa League,Aston Villa,Nottingham Forest,,OU,UNDER,2.5,1.533,25,0-0,oddsflow_active_trader,APIFOOTBALL,500,LOST,-500
2026-05-07,UEFA Conference League,Strasbourg,Rayo Vallecano,,AH,HOME,-0.5,2.425,25,0-0,oddsflow_active_trader,APIFOOTBALL,500,LOST,-500
2026-05-07,UEFA Conference League,Strasbourg,Rayo Vallecano,,AH,HOME,-0.5,2.375,25,0-0,oddsflow_handicap_sniper,APIFOOTBALL,500,LOST,-500
2026-05-07,UEFA Conference League,Strasbourg,Rayo Vallecano,,1X2,HOME,0,2.4,25,0-0,oddsflow_handicap_sniper,APIFOOTBALL,500,LOST,-500
2026-05-07,UEFA Conference League,Strasbourg,Rayo Vallecano,,1X2,HOME,0,2.6,25,0-0,oddsflow_active_trader,APIFOOTBALL,500,LOST,-500
2026-05-07,UEFA Conference League,Strasbourg,Rayo Vallecano,,AH,AWAY,0,2.3,25,0-0,oddsflow_handicap_sniper,APIFOOTBALL,500,WON,650
2026-05-07,UEFA Conference League,Strasbourg,Rayo Vallecano,,OU,UNDER,2.5,1.727,25,0-0,oddsflow_handicap_sniper,APIFOOTBALL,500,WON,363.5
2026-05-07,UEFA Europa League,Aston Villa,Nottingham Forest,,OU,UNDER,1.5,2.375,32,0-0,oddsflow_beta,APIFOOTBALL,500,LOST,-500
2026-05-07,UEFA Europa League,Aston Villa,Nottingham Forest,,OU,UNDER,1.5,2.375,32,0-0,oddsflow_active_trader,APIFOOTBALL,500,LOST,-500
2026-05-07,UEFA Europa League,Aston Villa,Nottingham Forest,,OU,UNDER,1.5,2.375,32,0-0,oddsflow_handicap_sniper,APIFOOTBALL,500,LOST,-500
2026-05-07,UEFA Conference League,Strasbourg,Rayo Vallecano,,AH,HOME,-0.5,2.6,32,0-0,oddsflow_beta,APIFOOTBALL,500,LOST,-500
2026-05-07,UEFA Conference League,Strasbourg,Rayo Vallecano,,1X2,HOME,0,2.625,32,0-0,oddsflow_beta,APIFOOTBALL,500,LOST,-500
2026-05-07,UEFA Europa League,Aston Villa,Nottingham Forest,,AH,AWAY,-1,2.5,36,0-0,oddsflow_active_trader,APIFOOTBALL,624,LOST,-624
2026-05-07,UEFA Europa League,Aston Villa,Nottingham Forest,,1X2,DRAW,0,5,36,0-0,oddsflow_active_trader,APIFOOTBALL,500,LOST,-500
2026-05-07,UEFA Europa League,Aston Villa,Nottingham Forest,,AH,AWAY,-1,2.5,36,0-0,oddsflow_beta,APIFOOTBALL,509,LOST,-509
2026-05-07,UEFA Europa League,Aston Villa,Nottingham Forest,,AH,AWAY,-1.5,1.825,36,1-0,oddsflow_active_trader,APIFOOTBALL,709,LOST,-709
2026-05-07,UEFA Europa League,Aston Villa,Nottingham Forest,,AH,AWAY,-1.5,1.825,36,1-0,oddsflow_beta,APIFOOTBALL,705,LOST,-705
2026-05-07,UEFA Europa League,Aston Villa,Nottingham Forest,,AH,AWAY,-1.5,1.825,36,1-0,oddsflow_handicap_sniper,APIFOOTBALL,703,LOST,-703
2026-05-07,UEFA Conference League,Strasbourg,Rayo Vallecano,,AH,AWAY,0,1.75,36,0-0,oddsflow_beta,APIFOOTBALL,500,WON,375
2026-05-07,UEFA Conference League,Strasbourg,Rayo Vallecano,,AH,AWAY,0,1.775,37,0-0,oddsflow_active_trader,APIFOOTBALL,500,WON,387.5
2026-05-07,UEFA Europa League,Aston Villa,Nottingham Forest,,AH,AWAY,-1,2.75,43,1-0,oddsflow_handicap_sniper,APIFOOTBALL,504,LOST,-504
2026-05-07,UEFA Conference League,Strasbourg,Rayo Vallecano,,AH,HOME,0.5,2.675,42,0-0,oddsflow_beta,APIFOOTBALL,500,LOST,-500
2026-05-07,UEFA Conference League,Strasbourg,Rayo Vallecano,,1X2,DRAW,0,4,42,0-0,oddsflow_beta,APIFOOTBALL,500,LOST,-500
2026-05-07,UEFA Conference League,Strasbourg,Rayo Vallecano,,AH,HOME,0.5,2.675,42,0-0,oddsflow_active_trader,APIFOOTBALL,500,LOST,-500
2026-05-07,UEFA Conference League,Strasbourg,Rayo Vallecano,,1X2,AWAY,0,1.533,44,0-1,oddsflow_active_trader,APIFOOTBALL,500,WON,266.5
2026-05-07,UEFA Conference League,Strasbourg,Rayo Vallecano,,OU,UNDER,2.5,1.727,53,0-1,oddsflow_active_trader,APIFOOTBALL,500,WON,363.5
2026-05-07,UEFA Conference League,Strasbourg,Rayo Vallecano,,OU,UNDER,2.5,1.727,53,0-1,oddsflow_beta,APIFOOTBALL,500,WON,363.5
2026-05-07,UEFA Conference League,Strasbourg,Rayo Vallecano,,AH,HOME,1,1.825,55,0-1,oddsflow_active_trader,APIFOOTBALL,585,WON,482.63
2026-05-07,UEFA Conference League,Strasbourg,Rayo Vallecano,,AH,HOME,1,1.825,55,0-1,oddsflow_beta,APIFOOTBALL,572,WON,471.9
2026-05-07,UEFA Conference League,Strasbourg,Rayo Vallecano,,OU,OVER,1.5,1.5,65,0-1,oddsflow_beta,APIFOOTBALL,500,LOST,-500
2026-05-07,UEFA Conference League,Strasbourg,Rayo Vallecano,,OU,OVER,1.5,1.533,68,0-1,oddsflow_active_trader,APIFOOTBALL,500,LOST,-500
2026-05-07,UEFA Conference League,Crystal Palace,Shakhtar Donetsk,,AH,AWAY,-1,2.25,83,2-1,oddsflow_active_trader,APIFOOTBALL,774,WON,967.5
2026-05-08,Bundesliga,Borussia Dortmund,Eintracht Frankfurt,,AH,HOME,-0.75,1.93,0,0-0,oddsflow_prematch_edge,APIFOOTBALL,651,HALF_WON,302.71
2026-05-08,Serie A,Torino,Sassuolo,,1X2,AWAY,0,2.94,0,0-0,oddsflow_prematch_edge,APIFOOTBALL,200,LOST,-200
2026-05-08,Serie A,Torino,Sassuolo,,1X2,AWAY,0,2.94,0,0-0,oddsflow_prematch_edge,APIFOOTBALL,200,LOST,-200
2026-05-08,Bundesliga,Borussia Dortmund,Eintracht Frankfurt,,AH,HOME,0.5,1.725,15,0-1,oddsflow_core_strategy,APIFOOTBALL,200,WON,145
2026-05-08,Bundesliga,Borussia Dortmund,Eintracht Frankfurt,,AH,HOME,0.5,1.725,25,0-1,oddsflow_handicap_sniper,APIFOOTBALL,1162,WON,842.45
2026-05-08,Bundesliga,Borussia Dortmund,Eintracht Frankfurt,,OU,OVER,3.5,1.909,25,0-1,oddsflow_handicap_sniper,APIFOOTBALL,500,WON,454.5
2026-05-08,Bundesliga,Borussia Dortmund,Eintracht Frankfurt,,1X2,HOME,0,3.2,25,0-1,oddsflow_handicap_sniper,APIFOOTBALL,500,WON,1100
2026-05-08,Bundesliga,Borussia Dortmund,Eintracht Frankfurt,,AH,HOME,0.5,1.7,25,0-1,oddsflow_active_trader,APIFOOTBALL,1169,WON,818.3
2026-05-08,Bundesliga,Borussia Dortmund,Eintracht Frankfurt,,OU,OVER,3.5,1.909,25,0-1,oddsflow_active_trader,APIFOOTBALL,500,WON,454.5
2026-05-08,Bundesliga,Borussia Dortmund,Eintracht Frankfurt,,1X2,HOME,0,3.1,25,0-1,oddsflow_active_trader,APIFOOTBALL,500,WON,1050
2026-05-08,Bundesliga,Borussia Dortmund,Eintracht Frankfurt,,AH,HOME,0,2.25,25,0-1,oddsflow_active_trader,APIFOOTBALL,500,WON,625
2026-05-08,Bundesliga,Borussia Dortmund,Eintracht Frankfurt,,AH,HOME,0,2.25,25,0-1,oddsflow_handicap_sniper,APIFOOTBALL,500,WON,625
2026-05-08,La Liga,Levante,Osasuna,,1X2,AWAY,0,2.98,0,0-0,oddsflow_prematch_edge,APIFOOTBALL,200,LOST,-200
2026-05-08,Bundesliga,Borussia Dortmund,Eintracht Frankfurt,,AH,HOME,0,2.1,29,0-1,oddsflow_beta,APIFOOTBALL,523,WON,575.3
2026-05-08,Bundesliga,Borussia Dortmund,Eintracht Frankfurt,,OU,OVER,3.5,2,29,0-1,oddsflow_beta,APIFOOTBALL,500,WON,500
2026-05-08,Bundesliga,Borussia Dortmund,Eintracht Frankfurt,,1X2,HOME,0,2.875,29,0-1,oddsflow_beta,APIFOOTBALL,500,WON,937.5
2026-05-08,Serie A,Torino,Sassuolo,,AH,AWAY,0,1.9,15,0-0,oddsflow_core_strategy,APIFOOTBALL,200,LOST,-200
2026-05-08,Bundesliga,Borussia Dortmund,Eintracht Frankfurt,,OU,OVER,2.5,1.5,40,0-1,oddsflow_active_trader,APIFOOTBALL,500,WON,250
2026-05-08,Serie A,Torino,Sassuolo,,AH,AWAY,0,1.75,25,0-0,oddsflow_active_trader,APIFOOTBALL,500,LOST,-500
2026-05-08,Serie A,Torino,Sassuolo,,AH,AWAY,0,1.775,25,0-0,oddsflow_handicap_sniper,APIFOOTBALL,500,LOST,-500
2026-05-08,Serie A,Torino,Sassuolo,,AH,AWAY,0,1.75,25,0-0,oddsflow_beta,APIFOOTBALL,500,LOST,-500
2026-05-08,Serie A,Torino,Sassuolo,,OU,UNDER,2.5,1.5,26,0-0,oddsflow_beta,APIFOOTBALL,500,LOST,-500
2026-05-08,Bundesliga,Borussia Dortmund,Eintracht Frankfurt,,AH,HOME,-0.5,1.95,44,1-1,oddsflow_active_trader,APIFOOTBALL,500,WON,475
2026-05-08,Bundesliga,Borussia Dortmund,Eintracht Frankfurt,,AH,HOME,-0.5,1.95,44,1-1,oddsflow_handicap_sniper,APIFOOTBALL,500,WON,475
2026-05-08,Serie A,Torino,Sassuolo,,1X2,DRAW,0,2.875,28,0-0,oddsflow_handicap_sniper,APIFOOTBALL,500,LOST,-500
2026-05-08,Bundesliga,Borussia Dortmund,Eintracht Frankfurt,,AH,HOME,-0.5,1.95,46,1-1,oddsflow_beta,APIFOOTBALL,500,WON,475
2026-05-08,Bundesliga,Borussia Dortmund,Eintracht Frankfurt,,AH,AWAY,-1,2.6,46,1-1,oddsflow_active_trader,APIFOOTBALL,500,VOID,0
2026-05-08,Bundesliga,Borussia Dortmund,Eintracht Frankfurt,,OU,UNDER,4.5,2.3,46,1-1,oddsflow_active_trader,APIFOOTBALL,500,LOST,-500
2026-05-08,Bundesliga,Borussia Dortmund,Eintracht Frankfurt,,AH,AWAY,-1,2.6,46,1-1,oddsflow_beta,APIFOOTBALL,500,VOID,0
2026-05-08,Bundesliga,Borussia Dortmund,Eintracht Frankfurt,,OU,UNDER,4.5,2.3,46,1-1,oddsflow_beta,APIFOOTBALL,500,LOST,-500
2026-05-08,Bundesliga,Borussia Dortmund,Eintracht Frankfurt,,1X2,DRAW,0,5,46,1-1,oddsflow_beta,APIFOOTBALL,500,LOST,-500
2026-05-08,Bundesliga,Borussia Dortmund,Eintracht Frankfurt,,AH,AWAY,-1,2.6,47,2-1,oddsflow_handicap_sniper,APIFOOTBALL,500,WON,800
2026-05-08,Serie A,Torino,Sassuolo,,1X2,DRAW,0,2.875,31,0-0,oddsflow_beta,APIFOOTBALL,500,LOST,-500
2026-05-08,Serie A,Torino,Sassuolo,,OU,UNDER,1.5,2.1,37,0-0,oddsflow_active_trader,APIFOOTBALL,500,LOST,-500
2026-05-08,Serie A,Torino,Sassuolo,,OU,UNDER,1.5,2.1,37,0-0,oddsflow_beta,APIFOOTBALL,500,LOST,-500
2026-05-08,Serie A,Torino,Sassuolo,,OU,UNDER,1.5,2.1,38,0-0,oddsflow_handicap_sniper,APIFOOTBALL,500,LOST,-500
2026-05-08,Serie A,Torino,Sassuolo,,1X2,DRAW,0,2.625,44,0-0,oddsflow_active_trader,APIFOOTBALL,500,LOST,-500
2026-05-08,La Liga,Levante,Osasuna,,AH,HOME,0.5,2.1,36,1-2,oddsflow_handicap_sniper,APIFOOTBALL,649,WON,713.9
2026-05-08,La Liga,Levante,Osasuna,,OU,OVER,3.5,1.909,36,1-2,oddsflow_handicap_sniper,APIFOOTBALL,550,WON,499.95
2026-05-08,La Liga,Levante,Osasuna,,1X2,AWAY,0,1.727,36,1-2,oddsflow_handicap_sniper,APIFOOTBALL,500,LOST,-500
2026-05-08,La Liga,Levante,Osasuna,,AH,HOME,0.5,2.1,36,1-2,oddsflow_core_strategy,APIFOOTBALL,200,WON,220
2026-05-08,La Liga,Levante,Osasuna,,AH,HOME,0.5,2.1,36,1-2,oddsflow_active_trader,APIFOOTBALL,663,WON,729.3
2026-05-08,La Liga,Levante,Osasuna,,OU,UNDER,4.5,2,36,1-2,oddsflow_active_trader,APIFOOTBALL,500,LOST,-500
2026-05-08,La Liga,Levante,Osasuna,,1X2,AWAY,0,1.727,36,1-2,oddsflow_active_trader,APIFOOTBALL,500,LOST,-500
2026-05-08,La Liga,Levante,Osasuna,,AH,AWAY,0,2.375,38,2-2,oddsflow_active_trader,APIFOOTBALL,500,LOST,-500
2026-05-08,La Liga,Levante,Osasuna,,OU,UNDER,5.5,2.1,38,2-2,oddsflow_active_trader,APIFOOTBALL,500,WON,550
2026-05-08,La Liga,Levante,Osasuna,,1X2,DRAW,0,2.875,38,2-2,oddsflow_active_trader,APIFOOTBALL,500,LOST,-500
2026-05-08,La Liga,Levante,Osasuna,,AH,AWAY,0,2.3,38,2-2,oddsflow_beta,APIFOOTBALL,608,LOST,-608
2026-05-08,La Liga,Levante,Osasuna,,OU,UNDER,5.5,2,38,2-2,oddsflow_beta,APIFOOTBALL,500,WON,500
2026-05-08,La Liga,Levante,Osasuna,,1X2,DRAW,0,2.75,38,2-2,oddsflow_beta,APIFOOTBALL,500,LOST,-500
2026-05-08,Bundesliga,Borussia Dortmund,Eintracht Frankfurt,,OU,UNDER,4.5,2.2,54,2-1,oddsflow_handicap_sniper,APIFOOTBALL,500,LOST,-500
2026-05-08,La Liga,Levante,Osasuna,,AH,AWAY,-0.5,2.15,45,2-2,oddsflow_beta,APIFOOTBALL,500,LOST,-500
2026-05-08,La Liga,Levante,Osasuna,,AH,AWAY,-0.5,2.15,45,2-2,oddsflow_active_trader,APIFOOTBALL,500,LOST,-500
2026-05-08,Bundesliga,Borussia Dortmund,Eintracht Frankfurt,,AH,AWAY,-0.5,1.9,59,2-1,oddsflow_handicap_sniper,APIFOOTBALL,500,WON,450
2026-05-08,Bundesliga,Borussia Dortmund,Eintracht Frankfurt,,AH,AWAY,0,1.7,63,2-1,oddsflow_handicap_sniper,APIFOOTBALL,500,VOID,0
2026-05-08,Serie A,Torino,Sassuolo,,AH,HOME,0.5,2.75,52,0-0,oddsflow_active_trader,APIFOOTBALL,500,WON,875
2026-05-08,Serie A,Torino,Sassuolo,,OU,UNDER,2.5,1.666,52,0-0,oddsflow_active_trader,APIFOOTBALL,727,LOST,-727
2026-05-08,Serie A,Torino,Sassuolo,,AH,HOME,0.5,2.75,52,0-1,oddsflow_handicap_sniper,APIFOOTBALL,500,WON,875
2026-05-08,Serie A,Torino,Sassuolo,,OU,UNDER,2.5,1.666,52,0-1,oddsflow_handicap_sniper,APIFOOTBALL,500,LOST,-500
2026-05-08,Serie A,Torino,Sassuolo,,1X2,AWAY,0,1.5,52,0-1,oddsflow_active_trader,APIFOOTBALL,500,LOST,-500
2026-05-08,Serie A,Torino,Sassuolo,,1X2,AWAY,0,1.5,52,0-1,oddsflow_handicap_sniper,APIFOOTBALL,500,LOST,-500
2026-05-08,Ligue 1,Lens,Nantes,,AH,AWAY,-0.5,1.975,56,0-0,oddsflow_beta,APIFOOTBALL,500,LOST,-500
2026-05-08,Ligue 1,Lens,Nantes,,AH,AWAY,-0.5,1.975,56,0-0,oddsflow_core_strategy,APIFOOTBALL,200,LOST,-200
2026-05-08,Ligue 1,Lens,Nantes,,OU,UNDER,1.5,1.727,56,0-0,oddsflow_beta,APIFOOTBALL,500,WON,363.5
2026-05-08,Ligue 1,Lens,Nantes,,1X2,DRAW,0,2.75,56,0-0,oddsflow_beta,APIFOOTBALL,500,LOST,-500
2026-05-08,Ligue 1,Lens,Nantes,,AH,AWAY,-0.5,1.975,56,0-0,oddsflow_handicap_sniper,APIFOOTBALL,500,LOST,-500
2026-05-08,Ligue 1,Lens,Nantes,,OU,UNDER,1.5,1.727,56,0-0,oddsflow_handicap_sniper,APIFOOTBALL,500,WON,363.5
2026-05-08,Ligue 1,Lens,Nantes,,1X2,DRAW,0,2.75,56,0-0,oddsflow_handicap_sniper,APIFOOTBALL,500,LOST,-500
2026-05-08,Ligue 1,Lens,Nantes,,AH,AWAY,-0.5,1.95,56,0-0,oddsflow_active_trader,APIFOOTBALL,500,LOST,-500
2026-05-08,Ligue 1,Lens,Nantes,,OU,UNDER,1.5,1.727,56,0-0,oddsflow_active_trader,APIFOOTBALL,500,WON,363.5
2026-05-08,Ligue 1,Lens,Nantes,,1X2,DRAW,0,2.75,58,0-0,oddsflow_active_trader,APIFOOTBALL,500,LOST,-500
2026-05-08,Serie A,Torino,Sassuolo,,AH,AWAY,-1,1.8,70,1-1,oddsflow_active_trader,APIFOOTBALL,817,VOID,0
2026-05-08,Serie A,Torino,Sassuolo,,OU,UNDER,3.5,2.3,70,1-1,oddsflow_active_trader,APIFOOTBALL,525,WON,682.5
2026-05-08,Serie A,Torino,Sassuolo,,AH,AWAY,-1,1.85,71,2-1,oddsflow_handicap_sniper,APIFOOTBALL,796,WON,676.6
2026-05-08,Ligue 1,Lens,Nantes,,AH,AWAY,-1,2.6,84,1-0,oddsflow_active_trader,APIFOOTBALL,500,WON,800
2026-05-08,Ligue 1,Lens,Nantes,,1X2,HOME,0,1.909,84,1-0,oddsflow_handicap_sniper,APIFOOTBALL,500,WON,454.5
2026-05-08,Ligue 1,Lens,Nantes,,OU,UNDER,3.25,1.83,0,0-0,oddsflow_prematch_edge,APIFOOTBALL,216,WON,179.28
2026-05-09,J1 League,Mito Hollyhock,Urawa Red Diamonds,,1X2,AWAY,0,2.25,0,0-0,oddsflow_prematch_edge,APIFOOTBALL,1044,WON,1305
2026-05-09,K League 1,Jeju United FC,FC Seoul,,OU,UNDER,2.25,1.88,0,0-0,oddsflow_prematch_edge,APIFOOTBALL,1463,LOST,-1463
2026-05-09,J1 League,Mito Hollyhock,Urawa Red Diamonds,,AH,HOME,1.5,1.7,36,0-1,oddsflow_active_trader,APIFOOTBALL,943,LOST,-943
2026-05-09,J1 League,Mito Hollyhock,Urawa Red Diamonds,,AH,HOME,1.5,1.7,36,0-1,oddsflow_handicap_sniper,APIFOOTBALL,946,LOST,-946
2026-05-09,J1 League,Mito Hollyhock,Urawa Red Diamonds,,OU,UNDER,2.5,1.727,36,0-1,oddsflow_handicap_sniper,APIFOOTBALL,500,LOST,-500
2026-05-09,J1 League,Mito Hollyhock,Urawa Red Diamonds,,AH,HOME,1.5,1.7,36,0-1,oddsflow_beta,APIFOOTBALL,961,LOST,-961
2026-05-09,J1 League,Mito Hollyhock,Urawa Red Diamonds,,OU,UNDER,2.5,1.727,36,0-1,oddsflow_beta,APIFOOTBALL,500,LOST,-500
2026-05-09,J1 League,Mito Hollyhock,Urawa Red Diamonds,,AH,HOME,1.5,1.7,37,0-1,oddsflow_core_strategy,APIFOOTBALL,200,LOST,-200
2026-05-09,J1 League,Mito Hollyhock,Urawa Red Diamonds,,OU,UNDER,2.5,1.727,37,0-1,oddsflow_active_trader,APIFOOTBALL,500,LOST,-500
2026-05-09,J1 League,Mito Hollyhock,Urawa Red Diamonds,,AH,HOME,1,2.675,40,0-1,oddsflow_active_trader,APIFOOTBALL,500,LOST,-500
2026-05-09,J1 League,Mito Hollyhock,Urawa Red Diamonds,,AH,HOME,1,2.675,40,0-1,oddsflow_handicap_sniper,APIFOOTBALL,500,LOST,-500
2026-05-09,J1 League,Mito Hollyhock,Urawa Red Diamonds,,AH,HOME,1,2.675,40,0-1,oddsflow_beta,APIFOOTBALL,500,LOST,-500
2026-05-09,J1 League,Cerezo Osaka,V-Varen Nagasaki,,AH,AWAY,-0.5,2.06,0,0-0,oddsflow_prematch_edge,APIFOOTBALL,686,LOST,-686
2026-05-09,J1 League,Cerezo Osaka,V-Varen Nagasaki,,AH,AWAY,-0.5,2.05,15,0-0,oddsflow_core_strategy,APIFOOTBALL,200,LOST,-200
2026-05-09,J1 League,Cerezo Osaka,V-Varen Nagasaki,,AH,AWAY,-0.5,2.025,25,0-0,oddsflow_active_trader,APIFOOTBALL,500,LOST,-500
2026-05-09,J1 League,Cerezo Osaka,V-Varen Nagasaki,,AH,AWAY,-0.5,2.025,25,0-0,oddsflow_handicap_sniper,APIFOOTBALL,500,LOST,-500
2026-05-09,J1 League,Cerezo Osaka,V-Varen Nagasaki,,OU,UNDER,2.5,1.666,25,0-0,oddsflow_active_trader,APIFOOTBALL,695,LOST,-695
2026-05-09,J1 League,Cerezo Osaka,V-Varen Nagasaki,,OU,UNDER,2.5,1.666,25,0-0,oddsflow_handicap_sniper,APIFOOTBALL,687,LOST,-687
2026-05-09,J1 League,Cerezo Osaka,V-Varen Nagasaki,,1X2,DRAW,0,3.5,25,0-0,oddsflow_active_trader,APIFOOTBALL,500,LOST,-500
2026-05-09,J1 League,Cerezo Osaka,V-Varen Nagasaki,,1X2,DRAW,0,3.5,25,0-0,oddsflow_handicap_sniper,APIFOOTBALL,500,LOST,-500
2026-05-09,J1 League,Cerezo Osaka,V-Varen Nagasaki,,OU,UNDER,3.5,1.615,31,0-0,oddsflow_handicap_sniper,APIFOOTBALL,851,LOST,-851
2026-05-09,J1 League,Cerezo Osaka,V-Varen Nagasaki,,OU,UNDER,3.5,1.615,31,0-0,oddsflow_active_trader,APIFOOTBALL,850,LOST,-850
2026-05-09,K League 1,Gwangju FC,Gangwon FC,,AH,AWAY,1.25,2.05,0,0-0,oddsflow_prematch_edge,APIFOOTBALL,808,LOST,-808
2026-05-09,J1 League,Cerezo Osaka,V-Varen Nagasaki,,AH,HOME,0,2.3,26,0-1,oddsflow_handicap_sniper,APIFOOTBALL,500,WON,650
2026-05-09,J1 League,Cerezo Osaka,V-Varen Nagasaki,,AH,HOME,0,2.3,26,0-1,oddsflow_active_trader,APIFOOTBALL,500,WON,650
2026-05-09,J1 League,Cerezo Osaka,V-Varen Nagasaki,,1X2,AWAY,0,2.25,26,0-1,oddsflow_handicap_sniper,APIFOOTBALL,500,LOST,-500
2026-05-09,J1 League,Cerezo Osaka,V-Varen Nagasaki,,1X2,AWAY,0,2.25,26,0-1,oddsflow_active_trader,APIFOOTBALL,500,LOST,-500
2026-05-09,J1 League,Cerezo Osaka,V-Varen Nagasaki,,OU,UNDER,4.5,1.571,28,1-1,oddsflow_handicap_sniper,APIFOOTBALL,500,LOST,-500
2026-05-09,J1 League,Cerezo Osaka,V-Varen Nagasaki,,OU,UNDER,4.5,1.571,28,1-1,oddsflow_active_trader,APIFOOTBALL,500,LOST,-500
2026-05-09,K League 1,Daejeon Citizen,Pohang Steelers,,OU,UNDER,2.25,1.92,0,0-0,oddsflow_prematch_edge,APIFOOTBALL,1492,HALF_WON,686.32
2026-05-09,Premier League,Liverpool,Chelsea,,AH,HOME,-0.5,1.96,0,0-0,oddsflow_prematch_edge,APIFOOTBALL,719,LOST,-719
2026-05-09,Premier League,Liverpool,Chelsea,,AH,AWAY,-1,2.1,15,1-0,oddsflow_core_strategy,APIFOOTBALL,200,WON,220
2026-05-09,Premier League,Liverpool,Chelsea,,AH,AWAY,-1,2.1,25,1-0,oddsflow_active_trader,APIFOOTBALL,670,WON,737
2026-05-09,Premier League,Liverpool,Chelsea,,OU,OVER,2.5,1.5,25,1-0,oddsflow_active_trader,APIFOOTBALL,500,LOST,-500
2026-05-09,Premier League,Liverpool,Chelsea,,AH,AWAY,-1,2.1,25,1-0,oddsflow_handicap_sniper,APIFOOTBALL,662,WON,728.2
2026-05-09,Premier League,Liverpool,Chelsea,,OU,OVER,2.5,1.5,25,1-0,oddsflow_handicap_sniper,APIFOOTBALL,500,LOST,-500
2026-05-09,La Liga,Elche,Alaves,,OU,OVER,2.5,2,0,0-0,oddsflow_prematch_edge,APIFOOTBALL,870,LOST,-870
2026-05-09,Premier League,Liverpool,Chelsea,,AH,AWAY,0,2.2,35,1-0,oddsflow_active_trader,APIFOOTBALL,500,WON,600
2026-05-09,Premier League,Liverpool,Chelsea,,AH,AWAY,0,2.2,35,1-0,oddsflow_handicap_sniper,APIFOOTBALL,500,WON,600
2026-05-09,Premier League,Liverpool,Chelsea,,OU,UNDER,3.5,2.3,35,1-0,oddsflow_active_trader,APIFOOTBALL,500,WON,650
2026-05-09,Premier League,Liverpool,Chelsea,,OU,UNDER,3.5,2.3,35,1-0,oddsflow_handicap_sniper,APIFOOTBALL,500,WON,650
2026-05-09,Premier League,Liverpool,Chelsea,,1X2,HOME,0,2.4,35,1-0,oddsflow_active_trader,APIFOOTBALL,500,LOST,-500
2026-05-09,Premier League,Liverpool,Chelsea,,1X2,HOME,0,2.4,35,1-0,oddsflow_handicap_sniper,APIFOOTBALL,548,LOST,-548
2026-05-09,Premier League,Liverpool,Chelsea,,AH,HOME,-0.5,2.375,36,1-1,oddsflow_active_trader,APIFOOTBALL,500,LOST,-500
2026-05-09,Premier League,Liverpool,Chelsea,,AH,HOME,-0.5,2.375,36,1-1,oddsflow_handicap_sniper,APIFOOTBALL,500,LOST,-500
2026-05-09,Premier League,Liverpool,Chelsea,,OU,OVER,3.5,1.666,36,1-1,oddsflow_active_trader,APIFOOTBALL,500,LOST,-500
2026-05-09,Indian Super League,Goa,ATK Mohun Bagan,,AH,HOME,0.5,1.925,43,0-0,oddsflow_handicap_sniper,APIFOOTBALL,500,WON,462.5
2026-05-09,Indian Super League,Goa,ATK Mohun Bagan,,1X2,DRAW,0,2.875,43,0-0,oddsflow_handicap_sniper,APIFOOTBALL,500,WON,937.5
2026-05-09,Indian Super League,Goa,ATK Mohun Bagan,,AH,HOME,0.5,1.925,43,0-0,oddsflow_active_trader,APIFOOTBALL,500,WON,462.5
2026-05-09,Indian Super League,Goa,ATK Mohun Bagan,,AH,HOME,0.5,1.925,43,0-0,oddsflow_core_strategy,APIFOOTBALL,200,WON,185
2026-05-09,Indian Super League,Goa,ATK Mohun Bagan,,1X2,DRAW,0,2.875,45,0-0,oddsflow_active_trader,APIFOOTBALL,500,WON,937.5
2026-05-09,La Liga,Elche,Alaves,,AH,AWAY,0,2.15,15,0-0,oddsflow_core_strategy,APIFOOTBALL,200,VOID,0
2026-05-09,Indian Super League,Goa,ATK Mohun Bagan,,OU,UNDER,1.5,1.727,45,0-0,oddsflow_active_trader,APIFOOTBALL,500,LOST,-500
2026-05-09,La Liga,Elche,Alaves,,AH,AWAY,0,2.25,25,0-0,oddsflow_handicap_sniper,APIFOOTBALL,500,VOID,0
2026-05-09,La Liga,Elche,Alaves,,AH,AWAY,0,2.25,25,0-0,oddsflow_active_trader,APIFOOTBALL,500,VOID,0
2026-05-09,La Liga,Elche,Alaves,,OU,OVER,1.5,1.615,25,0-0,oddsflow_handicap_sniper,APIFOOTBALL,568,WON,349.32
2026-05-09,La Liga,Elche,Alaves,,OU,OVER,1.5,1.615,25,0-0,oddsflow_active_trader,APIFOOTBALL,592,WON,364.08
2026-05-09,La Liga,Elche,Alaves,,1X2,HOME,0,2.5,27,0-0,oddsflow_handicap_sniper,APIFOOTBALL,500,LOST,-500
2026-05-09,Premier League,Liverpool,Chelsea,,OU,OVER,3.5,2.2,47,1-1,oddsflow_handicap_sniper,APIFOOTBALL,500,LOST,-500
2026-05-09,Indian Super League,Goa,ATK Mohun Bagan,,OU,UNDER,1.5,1.727,48,0-0,oddsflow_handicap_sniper,APIFOOTBALL,500,LOST,-500
2026-05-09,Premier League,Liverpool,Chelsea,,AH,HOME,0.5,2.35,48,1-1,oddsflow_handicap_sniper,APIFOOTBALL,500,WON,675
2026-05-09,Premier League,Liverpool,Chelsea,,OU,UNDER,4.5,1.666,48,1-1,oddsflow_handicap_sniper,APIFOOTBALL,500,WON,333
2026-05-09,Premier League,Liverpool,Chelsea,,AH,HOME,0.5,2.35,48,1-1,oddsflow_active_trader,APIFOOTBALL,500,WON,675
2026-05-09,Premier League,Liverpool,Chelsea,,OU,UNDER,4.5,1.666,48,1-1,oddsflow_active_trader,APIFOOTBALL,500,WON,333
2026-05-09,Premier League,Liverpool,Chelsea,,1X2,DRAW,0,3.5,49,1-1,oddsflow_handicap_sniper,APIFOOTBALL,500,WON,1250
2026-05-09,Premier League,Liverpool,Chelsea,,OU,OVER,3.5,2.3,50,1-2,oddsflow_core_strategy,APIFOOTBALL,500,LOST,-500
2026-05-09,Indian Super League,Goa,ATK Mohun Bagan,,AH,HOME,0.5,1.825,54,0-0,oddsflow_beta,APIFOOTBALL,500,WON,412.5
2026-05-09,Indian Super League,Goa,ATK Mohun Bagan,,OU,UNDER,1.5,1.571,54,0-0,oddsflow_beta,APIFOOTBALL,570,LOST,-570
2026-05-09,Indian Super League,Goa,ATK Mohun Bagan,,1X2,DRAW,0,2.6,54,0-0,oddsflow_beta,APIFOOTBALL,500,WON,800
2026-05-09,Indian Super League,Goa,ATK Mohun Bagan,,OU,UNDER,2.5,1.533,55,0-0,oddsflow_handicap_sniper,APIFOOTBALL,866,WON,461.58
2026-05-09,Indian Super League,Goa,ATK Mohun Bagan,,OU,UNDER,2.5,1.533,55,0-0,oddsflow_active_trader,APIFOOTBALL,871,WON,464.24
2026-05-09,Indian Super League,Goa,ATK Mohun Bagan,,OU,UNDER,2.5,1.533,55,0-0,oddsflow_beta,APIFOOTBALL,847,WON,451.45
2026-05-09,Indian Super League,Goa,ATK Mohun Bagan,,AH,HOME,1,2.75,58,0-1,oddsflow_handicap_sniper,APIFOOTBALL,500,WON,875
2026-05-09,Indian Super League,Goa,ATK Mohun Bagan,,AH,HOME,1,2.75,58,0-1,oddsflow_active_trader,APIFOOTBALL,500,WON,875
2026-05-09,Indian Super League,Goa,ATK Mohun Bagan,,AH,HOME,1,2.75,62,0-1,oddsflow_beta,APIFOOTBALL,500,WON,875
2026-05-09,Premier League,Liverpool,Chelsea,,1X2,DRAW,0,2.2,65,1-1,oddsflow_active_trader,APIFOOTBALL,500,WON,600
2026-05-09,Indian Super League,Goa,ATK Mohun Bagan,,1X2,AWAY,0,2.2,67,0-1,oddsflow_handicap_sniper,APIFOOTBALL,500,LOST,-500
2026-05-09,Indian Super League,Goa,ATK Mohun Bagan,,1X2,AWAY,0,2.2,67,0-1,oddsflow_active_trader,APIFOOTBALL,500,LOST,-500
2026-05-09,Serie A,Cagliari,Udinese,,1X2,HOME,0,2.67,0,0-0,oddsflow_prematch_edge,APIFOOTBALL,252,LOST,-252
2026-05-09,Serie A,Cagliari,Udinese,,1X2,HOME,0,2.67,0,0-0,oddsflow_prematch_edge,APIFOOTBALL,252,LOST,-252
2026-05-09,La Liga,Elche,Alaves,,AH,HOME,0.5,2,51,0-0,oddsflow_handicap_sniper,APIFOOTBALL,500,WON,500
2026-05-09,La Liga,Elche,Alaves,,AH,HOME,0.5,2,51,0-0,oddsflow_active_trader,APIFOOTBALL,500,WON,500
2026-05-09,La Liga,Elche,Alaves,,1X2,HOME,0,5,51,0-0,oddsflow_active_trader,APIFOOTBALL,500,LOST,-500
2026-05-09,La Liga,Elche,Alaves,,1X2,AWAY,0,1.615,51,0-1,oddsflow_handicap_sniper,APIFOOTBALL,500,LOST,-500
2026-05-09,La Liga,Elche,Alaves,,1X2,AWAY,0,1.615,51,0-1,oddsflow_active_trader,APIFOOTBALL,500,LOST,-500
2026-05-09,Serie A,Cagliari,Udinese,,AH,AWAY,0,2.15,15,0-0,oddsflow_core_strategy,APIFOOTBALL,200,WON,230
2026-05-09,Serie A,Cagliari,Udinese,,AH,AWAY,0,2.15,25,0-0,oddsflow_handicap_sniper,APIFOOTBALL,500,WON,575
2026-05-09,Serie A,Cagliari,Udinese,,1X2,HOME,0,2.6,25,0-0,oddsflow_handicap_sniper,APIFOOTBALL,500,LOST,-500
2026-05-09,Serie A,Cagliari,Udinese,,AH,AWAY,0,2.15,25,0-0,oddsflow_active_trader,APIFOOTBALL,500,WON,575
2026-05-09,Serie A,Cagliari,Udinese,,1X2,HOME,0,2.6,25,0-0,oddsflow_active_trader,APIFOOTBALL,500,LOST,-500
2026-05-09,La Liga,Elche,Alaves,,1X2,DRAW,0,1.8,73,1-1,oddsflow_active_trader,APIFOOTBALL,500,WON,400
2026-05-09,La Liga,Elche,Alaves,,1X2,DRAW,0,1.8,73,1-1,oddsflow_handicap_sniper,APIFOOTBALL,500,WON,400
2026-05-09,Serie A,Cagliari,Udinese,,AH,AWAY,0,2.25,34,0-0,oddsflow_beta,APIFOOTBALL,500,WON,625
2026-05-09,Serie A,Cagliari,Udinese,,1X2,HOME,0,2.5,34,0-0,oddsflow_beta,APIFOOTBALL,500,LOST,-500
2026-05-09,Serie A,Cagliari,Udinese,,1X2,DRAW,0,2.375,48,0-0,oddsflow_handicap_sniper,APIFOOTBALL,500,LOST,-500
2026-05-09,Serie A,Cagliari,Udinese,,1X2,DRAW,0,2.25,49,0-0,oddsflow_beta,APIFOOTBALL,500,LOST,-500
2026-05-09,Serie A,Cagliari,Udinese,,AH,HOME,0.5,2.5,55,0-0,oddsflow_beta,APIFOOTBALL,532,LOST,-532
2026-05-09,Serie A,Cagliari,Udinese,,AH,HOME,0.5,2.5,55,0-0,oddsflow_handicap_sniper,APIFOOTBALL,536,LOST,-536
2026-05-09,Serie A,Cagliari,Udinese,,AH,HOME,0.5,2.5,55,0-0,oddsflow_active_trader,APIFOOTBALL,543,LOST,-543
2026-05-09,Serie A,Cagliari,Udinese,,1X2,DRAW,0,3.5,55,0-0,oddsflow_active_trader,APIFOOTBALL,500,LOST,-500
2026-05-09,Serie A,Cagliari,Udinese,,1X2,AWAY,0,1.533,58,0-1,oddsflow_beta,APIFOOTBALL,500,WON,266.5
2026-05-09,Serie A,Cagliari,Udinese,,1X2,AWAY,0,1.533,58,0-1,oddsflow_handicap_sniper,APIFOOTBALL,500,WON,266.5
2026-05-09,Serie A,Cagliari,Udinese,,1X2,AWAY,0,1.533,58,0-1,oddsflow_active_trader,APIFOOTBALL,500,WON,266.5
2026-05-09,Serie A,Cagliari,Udinese,,OU,OVER,1.5,1.533,61,0-1,oddsflow_handicap_sniper,APIFOOTBALL,500,WON,266.5
2026-05-09,Serie A,Cagliari,Udinese,,OU,OVER,1.5,1.533,61,0-1,oddsflow_active_trader,APIFOOTBALL,500,WON,266.5
2026-05-09,Bundesliga,Hoffenheim,Werder Bremen,,OU,UNDER,3.5,1.94,0,0-0,oddsflow_prematch_edge,APIFOOTBALL,217,WON,203.98
2026-05-09,Bundesliga,Hoffenheim,Werder Bremen,,OU,UNDER,3.5,1.94,0,0-0,oddsflow_prematch_edge,APIFOOTBALL,217,WON,203.98
2026-05-09,Bundesliga,Augsburg,Borussia Mönchengladbach,,OU,UNDER,3.25,2,0,0-0,oddsflow_prematch_edge,APIFOOTBALL,540,LOST,-540
2026-05-09,Bundesliga,VfB Stuttgart,Bayer Leverkusen,,1X2,HOME,0,2.32,0,0-0,oddsflow_prematch_edge,APIFOOTBALL,346,WON,456.72
2026-05-09,Bundesliga,VfB Stuttgart,Bayer Leverkusen,,1X2,HOME,0,2.32,0,0-0,oddsflow_prematch_edge,APIFOOTBALL,346,WON,456.72
2026-05-09,Bundesliga,RB Leipzig,FC St. Pauli,,AH,HOME,-1.75,2.06,0,0-0,oddsflow_prematch_edge,APIFOOTBALL,200,LOST,-200
2026-05-09,Bundesliga,RB Leipzig,FC St. Pauli,,AH,HOME,-1.75,2.06,0,0-0,oddsflow_prematch_edge,APIFOOTBALL,200,LOST,-200
2026-05-09,Bundesliga,VfB Stuttgart,Bayer Leverkusen,,AH,AWAY,0,2.6,15,1-1,oddsflow_core_strategy,APIFOOTBALL,200,LOST,-200
2026-05-09,Bundesliga,VfB Stuttgart,Bayer Leverkusen,,AH,AWAY,0,2.375,25,1-1,oddsflow_active_trader,APIFOOTBALL,500,LOST,-500
2026-05-09,Bundesliga,VfB Stuttgart,Bayer Leverkusen,,AH,AWAY,0,2.375,25,1-1,oddsflow_handicap_sniper,APIFOOTBALL,500,LOST,-500
2026-05-09,Bundesliga,VfB Stuttgart,Bayer Leverkusen,,1X2,DRAW,0,3.75,25,1-1,oddsflow_handicap_sniper,APIFOOTBALL,500,LOST,-500
2026-05-09,Bundesliga,VfB Stuttgart,Bayer Leverkusen,,OU,UNDER,5.5,1.5,25,1-1,oddsflow_active_trader,APIFOOTBALL,508,WON,254
2026-05-09,Bundesliga,VfB Stuttgart,Bayer Leverkusen,,OU,UNDER,5.5,1.5,25,1-1,oddsflow_handicap_sniper,APIFOOTBALL,500,WON,250
2026-05-09,Bundesliga,VfB Stuttgart,Bayer Leverkusen,,OU,UNDER,4.5,2.2,26,1-1,oddsflow_active_trader,APIFOOTBALL,500,WON,600
2026-05-09,Bundesliga,VfB Stuttgart,Bayer Leverkusen,,OU,UNDER,4.5,2.2,26,1-1,oddsflow_handicap_sniper,APIFOOTBALL,500,WON,600
2026-05-09,Premier League,Fulham,Bournemouth,,OU,UNDER,3,1.87,0,0-0,oddsflow_prematch_edge,APIFOOTBALL,490,WON,426.3
2026-05-09,Premier League,Brighton,Wolves,,OU,UNDER,3,2.07,0,0-0,oddsflow_prematch_edge,APIFOOTBALL,661,VOID,0
2026-05-09,Premier League,Sunderland,Manchester United,,OU,UNDER,2.75,1.96,0,0-0,oddsflow_prematch_edge,APIFOOTBALL,200,WON,192
2026-05-09,Bundesliga,Augsburg,Borussia Mönchengladbach,,AH,AWAY,-1,2.1,31,1-0,oddsflow_beta,APIFOOTBALL,939,VOID,0
2026-05-09,Bundesliga,Augsburg,Borussia Mönchengladbach,,AH,AWAY,-1,2.1,31,1-0,oddsflow_active_trader,APIFOOTBALL,905,VOID,0
2026-05-09,Bundesliga,Augsburg,Borussia Mönchengladbach,,AH,AWAY,-1,2.1,31,1-0,oddsflow_handicap_sniper,APIFOOTBALL,909,VOID,0
2026-05-09,Bundesliga,Augsburg,Borussia Mönchengladbach,,AH,AWAY,-1,2.05,31,1-0,oddsflow_core_strategy,APIFOOTBALL,200,VOID,0
2026-05-09,Bundesliga,Augsburg,Borussia Mönchengladbach,,OU,UNDER,3.5,1.727,31,1-0,oddsflow_handicap_sniper,APIFOOTBALL,593,LOST,-593
2026-05-09,Bundesliga,Augsburg,Borussia Mönchengladbach,,OU,UNDER,3.5,1.727,31,1-0,oddsflow_beta,APIFOOTBALL,583,LOST,-583
2026-05-09,Bundesliga,Augsburg,Borussia Mönchengladbach,,OU,UNDER,3.5,1.727,31,1-0,oddsflow_active_trader,APIFOOTBALL,570,LOST,-570
2026-05-09,Bundesliga,Augsburg,Borussia Mönchengladbach,,OU,UNDER,4.5,1.571,42,1-0,oddsflow_beta,APIFOOTBALL,1108,WON,632.67
2026-05-09,Bundesliga,Augsburg,Borussia Mönchengladbach,,OU,UNDER,4.5,1.571,42,1-0,oddsflow_handicap_sniper,APIFOOTBALL,1102,WON,629.24
2026-05-09,La Liga,Sevilla,Espanyol,,OU,OVER,2.25,2.1,0,0-0,oddsflow_prematch_edge,APIFOOTBALL,261,WON,287.1
2026-05-09,Premier League,Fulham,Bournemouth,,AH,AWAY,0,1.8,15,0-0,oddsflow_core_strategy,APIFOOTBALL,200,WON,160
2026-05-09,Bundesliga,VfB Stuttgart,Bayer Leverkusen,,1X2,DRAW,0,3.4,47,1-1,oddsflow_active_trader,APIFOOTBALL,500,LOST,-500
2026-05-09,Premier League,Sunderland,Manchester United,,AH,AWAY,0,1.85,18,0-0,oddsflow_core_strategy,APIFOOTBALL,200,VOID,0
2026-05-09,Indian Super League,Jamshedpur,Bengaluru,,AH,AWAY,-0.5,1.875,18,0-0,oddsflow_core_strategy,APIFOOTBALL,200,WON,175
2026-05-09,Bundesliga,VfB Stuttgart,Bayer Leverkusen,,AH,AWAY,0,2.375,49,1-1,oddsflow_beta,APIFOOTBALL,500,LOST,-500
2026-05-09,Bundesliga,VfB Stuttgart,Bayer Leverkusen,,OU,UNDER,4.5,1.615,49,1-1,oddsflow_beta,APIFOOTBALL,781,WON,480.32
2026-05-09,Bundesliga,VfB Stuttgart,Bayer Leverkusen,,1X2,DRAW,0,3.4,49,1-1,oddsflow_beta,APIFOOTBALL,500,LOST,-500
2026-05-09,Bundesliga,VfB Stuttgart,Bayer Leverkusen,,1X2,HOME,0,2.2,53,2-1,oddsflow_beta,APIFOOTBALL,500,WON,600
2026-05-09,Bundesliga,VfB Stuttgart,Bayer Leverkusen,,1X2,HOME,0,2.2,53,2-1,oddsflow_handicap_sniper,APIFOOTBALL,500,WON,600
2026-05-09,Bundesliga,VfB Stuttgart,Bayer Leverkusen,,1X2,HOME,0,2.2,53,2-1,oddsflow_active_trader,APIFOOTBALL,500,WON,600
2026-05-09,Indian Super League,Jamshedpur,Bengaluru,,AH,AWAY,-0.5,1.825,25,0-0,oddsflow_handicap_sniper,APIFOOTBALL,500,WON,412.5
2026-05-09,Indian Super League,Jamshedpur,Bengaluru,,OU,UNDER,1.5,2.5,25,0-0,oddsflow_handicap_sniper,APIFOOTBALL,500,WON,750
2026-05-09,Indian Super League,Jamshedpur,Bengaluru,,AH,AWAY,-0.5,1.825,25,0-0,oddsflow_active_trader,APIFOOTBALL,500,WON,412.5
2026-05-09,Indian Super League,Jamshedpur,Bengaluru,,1X2,DRAW,0,3.2,25,0-0,oddsflow_handicap_sniper,APIFOOTBALL,500,LOST,-500
2026-05-09,Indian Super League,Jamshedpur,Bengaluru,,OU,UNDER,1.5,2.5,25,0-0,oddsflow_active_trader,APIFOOTBALL,500,WON,750
2026-05-09,Premier League,Sunderland,Manchester United,,AH,AWAY,0,1.875,25,0-0,oddsflow_handicap_sniper,APIFOOTBALL,643,VOID,0
2026-05-09,Premier League,Fulham,Bournemouth,,AH,AWAY,0,1.8,25,0-0,oddsflow_handicap_sniper,APIFOOTBALL,705,WON,564
2026-05-09,Premier League,Sunderland,Manchester United,,AH,AWAY,0,1.875,25,0-0,oddsflow_active_trader,APIFOOTBALL,656,VOID,0
2026-05-09,Premier League,Fulham,Bournemouth,,AH,AWAY,0,1.8,25,0-0,oddsflow_active_trader,APIFOOTBALL,678,WON,542.4
2026-05-09,Premier League,Sunderland,Manchester United,,OU,UNDER,2.5,1.533,25,0-0,oddsflow_handicap_sniper,APIFOOTBALL,500,WON,266.5
2026-05-09,Premier League,Fulham,Bournemouth,,OU,UNDER,2.5,1.615,25,0-0,oddsflow_handicap_sniper,APIFOOTBALL,500,WON,307.5
2026-05-09,Premier League,Sunderland,Manchester United,,OU,UNDER,2.5,1.533,25,0-0,oddsflow_active_trader,APIFOOTBALL,500,WON,266.5
2026-05-09,Premier League,Fulham,Bournemouth,,OU,UNDER,2.5,1.615,25,0-0,oddsflow_active_trader,APIFOOTBALL,500,WON,307.5
2026-05-09,Premier League,Sunderland,Manchester United,,AH,AWAY,0,1.875,25,0-0,oddsflow_beta,APIFOOTBALL,668,VOID,0
2026-05-09,Premier League,Sunderland,Manchester United,,OU,UNDER,2.5,1.533,25,0-0,oddsflow_beta,APIFOOTBALL,500,WON,266.5
2026-05-09,Premier League,Sunderland,Manchester United,,1X2,AWAY,0,2.625,25,0-0,oddsflow_beta,APIFOOTBALL,500,LOST,-500
2026-05-09,Premier League,Fulham,Bournemouth,,1X2,AWAY,0,2.5,26,0-0,oddsflow_handicap_sniper,APIFOOTBALL,500,WON,750
2026-05-09,Premier League,Sunderland,Manchester United,,1X2,DRAW,0,3.1,26,0-0,oddsflow_handicap_sniper,APIFOOTBALL,500,WON,1050
2026-05-09,Premier League,Sunderland,Manchester United,,1X2,DRAW,0,3.1,26,0-0,oddsflow_beta,APIFOOTBALL,500,WON,1050
2026-05-09,Indian Super League,Jamshedpur,Bengaluru,,AH,AWAY,-0.5,1.8,27,0-0,oddsflow_beta,APIFOOTBALL,500,WON,400
2026-05-09,Indian Super League,Jamshedpur,Bengaluru,,1X2,DRAW,0,3.1,27,0-0,oddsflow_beta,APIFOOTBALL,500,LOST,-500
2026-05-09,Indian Super League,Jamshedpur,Bengaluru,,AH,AWAY,0,2.75,27,0-0,oddsflow_active_trader,APIFOOTBALL,500,WON,875
2026-05-09,Indian Super League,Jamshedpur,Bengaluru,,AH,AWAY,0,2.75,27,0-0,oddsflow_handicap_sniper,APIFOOTBALL,500,WON,875
2026-05-09,Indian Super League,Jamshedpur,Bengaluru,,AH,AWAY,0,2.75,27,0-0,oddsflow_beta,APIFOOTBALL,500,WON,875
2026-05-09,Premier League,Fulham,Bournemouth,,1X2,DRAW,0,3.1,28,0-0,oddsflow_handicap_sniper,APIFOOTBALL,500,LOST,-500
2026-05-09,Indian Super League,Jamshedpur,Bengaluru,,OU,UNDER,1.5,2.25,28,0-0,oddsflow_beta,APIFOOTBALL,500,WON,625
2026-05-09,Premier League,Sunderland,Manchester United,,OU,UNDER,1.5,2.5,29,0-0,oddsflow_active_trader,APIFOOTBALL,500,WON,750
2026-05-09,Premier League,Sunderland,Manchester United,,OU,UNDER,1.5,2.5,30,0-0,oddsflow_handicap_sniper,APIFOOTBALL,500,WON,750
2026-05-09,Premier League,Sunderland,Manchester United,,OU,UNDER,1.5,2.5,30,0-0,oddsflow_beta,APIFOOTBALL,500,WON,750
2026-05-09,Indian Super League,Jamshedpur,Bengaluru,,AH,HOME,0.5,2,39,0-1,oddsflow_beta,APIFOOTBALL,526,WON,526
2026-05-09,Indian Super League,Jamshedpur,Bengaluru,,AH,HOME,0.5,2,39,0-1,oddsflow_handicap_sniper,APIFOOTBALL,526,WON,526
2026-05-09,Indian Super League,Jamshedpur,Bengaluru,,1X2,AWAY,0,1.8,39,0-1,oddsflow_beta,APIFOOTBALL,500,WON,400
2026-05-09,Indian Super League,Jamshedpur,Bengaluru,,1X2,AWAY,0,1.8,39,0-1,oddsflow_handicap_sniper,APIFOOTBALL,500,WON,400
2026-05-09,Indian Super League,Jamshedpur,Bengaluru,,AH,HOME,0.5,2.05,39,0-1,oddsflow_active_trader,APIFOOTBALL,655,WON,687.75
2026-05-09,Indian Super League,Jamshedpur,Bengaluru,,1X2,AWAY,0,1.727,39,0-1,oddsflow_active_trader,APIFOOTBALL,500,WON,363.5
2026-05-09,Bundesliga,VfB Stuttgart,Bayer Leverkusen,,OU,OVER,4.5,2.3,46,2-1,oddsflow_beta,APIFOOTBALL,500,LOST,-500
2026-05-09,Bundesliga,VfB Stuttgart,Bayer Leverkusen,,OU,OVER,4.5,2.3,46,2-1,oddsflow_active_trader,APIFOOTBALL,500,LOST,-500
2026-05-09,Bundesliga,VfB Stuttgart,Bayer Leverkusen,,OU,OVER,4.5,2.3,46,2-1,oddsflow_handicap_sniper,APIFOOTBALL,500,LOST,-500
2026-05-09,Bundesliga,VfB Stuttgart,Bayer Leverkusen,,AH,AWAY,-1,2.15,49,2-1,oddsflow_handicap_sniper,APIFOOTBALL,593,VOID,0
2026-05-09,Bundesliga,VfB Stuttgart,Bayer Leverkusen,,AH,AWAY,-1,2.15,49,2-1,oddsflow_beta,APIFOOTBALL,581,VOID,0
2026-05-09,Bundesliga,VfB Stuttgart,Bayer Leverkusen,,OU,UNDER,5.5,1.5,49,2-1,oddsflow_beta,APIFOOTBALL,500,WON,250
2026-05-09,Bundesliga,VfB Stuttgart,Bayer Leverkusen,,AH,AWAY,-1,2.15,49,2-1,oddsflow_active_trader,APIFOOTBALL,589,VOID,0
2026-05-09,Indian Super League,Jamshedpur,Bengaluru,,OU,UNDER,2.5,1.727,50,0-1,oddsflow_beta,APIFOOTBALL,500,WON,363.5
2026-05-09,Indian Super League,Jamshedpur,Bengaluru,,OU,UNDER,2.5,1.727,50,0-1,oddsflow_handicap_sniper,APIFOOTBALL,500,WON,363.5
2026-05-09,Indian Super League,Jamshedpur,Bengaluru,,OU,UNDER,2.5,1.727,50,0-1,oddsflow_active_trader,APIFOOTBALL,500,WON,363.5
2026-05-09,Premier League,Sunderland,Manchester United,,1X2,DRAW,0,2.625,47,0-0,oddsflow_active_trader,APIFOOTBALL,500,WON,812.5
2026-05-09,Saudi Pro League,Al Khaleej Saihat,Al-Ettifaq,,AH,AWAY,0.5,2.25,15,0-0,oddsflow_core_strategy,APIFOOTBALL,200,WON,250
2026-05-09,Serie A,Lazio,Inter Milan,,AH,HOME,1,2.35,17,0-1,oddsflow_core_strategy,APIFOOTBALL,200,LOST,-200
2026-05-09,Saudi Pro League,Al Khaleej Saihat,Al-Ettifaq,,AH,HOME,0.5,1.7,25,0-0,oddsflow_handicap_sniper,APIFOOTBALL,500,LOST,-500
2026-05-09,Saudi Pro League,Al Khaleej Saihat,Al-Ettifaq,,AH,HOME,0.5,1.7,25,0-0,oddsflow_active_trader,APIFOOTBALL,500,LOST,-500
2026-05-09,Saudi Pro League,Al Khaleej Saihat,Al-Ettifaq,,OU,UNDER,2.5,1.727,25,0-0,oddsflow_handicap_sniper,APIFOOTBALL,755,LOST,-755
2026-05-09,Saudi Pro League,Al Khaleej Saihat,Al-Ettifaq,,OU,UNDER,2.5,1.727,25,0-0,oddsflow_active_trader,APIFOOTBALL,751,LOST,-751
2026-05-09,Saudi Pro League,Al Khaleej Saihat,Al-Ettifaq,,1X2,DRAW,0,3.25,25,0-0,oddsflow_handicap_sniper,APIFOOTBALL,500,LOST,-500
2026-05-09,Saudi Pro League,Al Khaleej Saihat,Al-Ettifaq,,1X2,DRAW,0,3.25,25,0-0,oddsflow_active_trader,APIFOOTBALL,500,LOST,-500
2026-05-09,Saudi Pro League,Al Khaleej Saihat,Al-Ettifaq,,1X2,AWAY,0,2.1,27,0-1,oddsflow_handicap_sniper,APIFOOTBALL,500,WON,550
2026-05-09,Saudi Pro League,Al Khaleej Saihat,Al-Ettifaq,,1X2,AWAY,0,2.1,27,0-1,oddsflow_active_trader,APIFOOTBALL,500,WON,550
2026-05-09,Saudi Pro League,Al Khaleej Saihat,Al-Ettifaq,,AH,HOME,1,2.2,27,0-1,oddsflow_handicap_sniper,APIFOOTBALL,500,LOST,-500
2026-05-09,Saudi Pro League,Al Khaleej Saihat,Al-Ettifaq,,AH,HOME,1,2.2,27,0-1,oddsflow_active_trader,APIFOOTBALL,500,LOST,-500
2026-05-09,Saudi Pro League,Al Khaleej Saihat,Al-Ettifaq,,OU,UNDER,3.5,1.666,27,0-1,oddsflow_handicap_sniper,APIFOOTBALL,500,LOST,-500
2026-05-09,Saudi Pro League,Al Khaleej Saihat,Al-Ettifaq,,OU,UNDER,3.5,1.666,27,0-1,oddsflow_active_trader,APIFOOTBALL,500,LOST,-500
2026-05-09,Saudi Pro League,Al Khaleej Saihat,Al-Ettifaq,,AH,HOME,1,2.15,28,0-1,oddsflow_beta,APIFOOTBALL,500,LOST,-500
2026-05-09,Saudi Pro League,Al Khaleej Saihat,Al-Ettifaq,,OU,UNDER,3.5,1.666,28,0-1,oddsflow_beta,APIFOOTBALL,868,LOST,-868
2026-05-09,Serie A,Lazio,Inter Milan,,AH,HOME,1,2.375,25,0-1,oddsflow_beta,APIFOOTBALL,500,LOST,-500
2026-05-09,Serie A,Lazio,Inter Milan,,AH,HOME,1,2.375,25,0-1,oddsflow_handicap_sniper,APIFOOTBALL,500,LOST,-500
2026-05-09,Serie A,Lazio,Inter Milan,,AH,HOME,1,2.375,25,0-1,oddsflow_active_trader,APIFOOTBALL,500,LOST,-500
2026-05-09,Premier League,Manchester City,Brentford,,AH,AWAY,-1.5,1.92,0,0-0,oddsflow_prematch_edge,APIFOOTBALL,932,LOST,-932
2026-05-09,La Liga,Atletico Madrid,Celta Vigo,,AH,AWAY,-0.25,2.07,0,0-0,oddsflow_prematch_edge,APIFOOTBALL,261,WON,279.27
2026-05-09,Bundesliga,VfL Wolfsburg,Bayern Munich,,AH,AWAY,1.25,2.06,0,0-0,oddsflow_prematch_edge,APIFOOTBALL,1008,HALF_LOST,-504
2026-05-09,Saudi Pro League,Al Khaleej Saihat,Al-Ettifaq,,AH,HOME,0.5,2.75,34,0-1,oddsflow_beta,APIFOOTBALL,500,LOST,-500
2026-05-09,Serie A,Lazio,Inter Milan,,AH,HOME,1.5,1.7,30,0-1,oddsflow_beta,APIFOOTBALL,1107,LOST,-1107
2026-05-09,Serie A,Lazio,Inter Milan,,AH,HOME,1.5,1.7,30,0-1,oddsflow_active_trader,APIFOOTBALL,1112,LOST,-1112
2026-05-09,Serie A,Lazio,Inter Milan,,AH,HOME,1.5,1.7,30,0-1,oddsflow_handicap_sniper,APIFOOTBALL,1090,LOST,-1090
2026-05-09,Saudi Pro League,Al Khaleej Saihat,Al-Ettifaq,,OU,UNDER,2.5,2.5,36,0-1,oddsflow_beta,APIFOOTBALL,500,LOST,-500
2026-05-09,Saudi Pro League,Al Najma,Al-Hazm,,AH,HOME,0.5,1.7,19,1-1,oddsflow_core_strategy,APIFOOTBALL,200,WON,140
2026-05-09,Serie A,Lazio,Inter Milan,,OU,UNDER,2.5,2,35,0-1,oddsflow_beta,APIFOOTBALL,500,LOST,-500
2026-05-09,Saudi Pro League,Al Najma,Al-Hazm,,AH,HOME,0.5,1.725,25,1-1,oddsflow_handicap_sniper,APIFOOTBALL,500,WON,362.5
2026-05-09,Saudi Pro League,Al Najma,Al-Hazm,,AH,HOME,0.5,1.725,25,1-1,oddsflow_active_trader,APIFOOTBALL,500,WON,362.5
2026-05-09,Saudi Pro League,Al Najma,Al-Hazm,,OU,UNDER,4.5,1.615,25,1-1,oddsflow_handicap_sniper,APIFOOTBALL,658,WON,404.67
2026-05-09,Saudi Pro League,Al Najma,Al-Hazm,,OU,UNDER,4.5,1.615,25,1-1,oddsflow_active_trader,APIFOOTBALL,638,WON,392.37
2026-05-09,Saudi Pro League,Al Najma,Al-Hazm,,1X2,DRAW,0,3.25,25,1-1,oddsflow_handicap_sniper,APIFOOTBALL,500,WON,1125
2026-05-09,Saudi Pro League,Al Najma,Al-Hazm,,OU,UNDER,3.5,2.5,30,1-1,oddsflow_active_trader,APIFOOTBALL,500,LOST,-500
2026-05-09,Saudi Pro League,Al Najma,Al-Hazm,,OU,UNDER,3.5,2.5,30,1-1,oddsflow_handicap_sniper,APIFOOTBALL,500,LOST,-500
2026-05-09,La Liga,Atletico Madrid,Celta Vigo,,AH,AWAY,-0.5,2.2,15,0-0,oddsflow_core_strategy,APIFOOTBALL,200,WON,240
2026-05-09,Premier League,Manchester City,Brentford,,AH,AWAY,-1,2.075,15,0-0,oddsflow_core_strategy,APIFOOTBALL,200,LOST,-200
2026-05-09,Saudi Pro League,Al Najma,Al-Hazm,,1X2,DRAW,0,3,36,1-1,oddsflow_active_trader,APIFOOTBALL,500,WON,1000
2026-05-09,Premier League,Manchester City,Brentford,,AH,AWAY,-1,2.075,25,0-0,oddsflow_handicap_sniper,APIFOOTBALL,718,LOST,-718
2026-05-09,Premier League,Manchester City,Brentford,,OU,UNDER,2.5,2.1,25,0-0,oddsflow_handicap_sniper,APIFOOTBALL,500,LOST,-500
2026-05-09,Premier League,Manchester City,Brentford,,1X2,DRAW,0,4.5,25,0-0,oddsflow_handicap_sniper,APIFOOTBALL,500,LOST,-500
2026-05-09,Premier League,Manchester City,Brentford,,AH,AWAY,-1,2.075,25,0-0,oddsflow_active_trader,APIFOOTBALL,708,LOST,-708
2026-05-09,Premier League,Manchester City,Brentford,,OU,UNDER,2.5,2.1,25,0-0,oddsflow_active_trader,APIFOOTBALL,500,LOST,-500
2026-05-09,La Liga,Atletico Madrid,Celta Vigo,,AH,AWAY,-0.5,2.075,25,0-0,oddsflow_active_trader,APIFOOTBALL,500,WON,537.5
2026-05-09,La Liga,Atletico Madrid,Celta Vigo,,AH,AWAY,-0.5,2.075,25,0-0,oddsflow_handicap_sniper,APIFOOTBALL,500,WON,537.5
2026-05-09,La Liga,Atletico Madrid,Celta Vigo,,1X2,AWAY,0,5,25,0-0,oddsflow_handicap_sniper,APIFOOTBALL,500,WON,2000
2026-05-09,Saudi Pro League,Al Najma,Al-Hazm,,AH,HOME,1,2.35,42,1-1,oddsflow_handicap_sniper,APIFOOTBALL,500,WON,675
2026-05-09,Saudi Pro League,Al Najma,Al-Hazm,,AH,HOME,1,2.375,43,1-2,oddsflow_active_trader,APIFOOTBALL,500,WON,687.5
2026-05-09,Süper Lig,Basaksehir,Samsunspor,,AH,AWAY,-0.5,2.06,0,0-0,oddsflow_prematch_edge,APIFOOTBALL,490,LOST,-490
2026-05-09,Süper Lig,Konyaspor,Fenerbahce,,AH,HOME,1,1.81,0,0-0,oddsflow_prematch_edge,APIFOOTBALL,1254,LOST,-1254
2026-05-09,Süper Lig,Goztepe,Gaziantep FK,,AH,HOME,-0.75,1.85,0,0-0,oddsflow_prematch_edge,APIFOOTBALL,227,HALF_WON,96.48
2026-05-09,Süper Lig,Alanyaspor,Kayserispor,,OU,UNDER,2.75,1.95,0,0-0,oddsflow_prematch_edge,APIFOOTBALL,469,LOST,-469
2026-05-09,Süper Lig,Genclerbirligi,Kasimpasa,,OU,UNDER,2.25,1.88,0,0-0,oddsflow_prematch_edge,APIFOOTBALL,428,LOST,-428
2026-05-09,Süper Lig,Eyüpspor,Rizespor,,AH,HOME,0,1.91,0,0-0,oddsflow_prematch_edge,APIFOOTBALL,1193,WON,1085.63
2026-05-09,Süper Lig,Kocaelispor,Fatih Karagümrük,,OU,UNDER,2.25,2.07,0,0-0,oddsflow_prematch_edge,APIFOOTBALL,1292,WON,1382.44
2026-05-09,Saudi Pro League,Al Najma,Al-Hazm,,1X2,AWAY,0,2.2,47,1-2,oddsflow_handicap_sniper,APIFOOTBALL,500,LOST,-500
2026-05-09,La Liga,Atletico Madrid,Celta Vigo,,1X2,DRAW,0,3.4,30,0-0,oddsflow_handicap_sniper,APIFOOTBALL,500,LOST,-500
2026-05-09,Saudi Pro League,Al Najma,Al-Hazm,,1X2,AWAY,0,2.2,47,1-2,oddsflow_active_trader,APIFOOTBALL,500,LOST,-500
2026-05-09,La Liga,Atletico Madrid,Celta Vigo,,AH,AWAY,-0.5,2.075,31,0-0,oddsflow_beta,APIFOOTBALL,500,WON,537.5
2026-05-09,La Liga,Atletico Madrid,Celta Vigo,,1X2,AWAY,0,5,31,0-0,oddsflow_beta,APIFOOTBALL,500,WON,2000
2026-05-09,Saudi Pro League,Al Najma,Al-Hazm,,OU,UNDER,5.5,1.727,49,2-2,oddsflow_handicap_sniper,APIFOOTBALL,500,WON,363.5
2026-05-09,Saudi Pro League,Al Najma,Al-Hazm,,OU,UNDER,5.5,1.727,49,2-2,oddsflow_active_trader,APIFOOTBALL,500,WON,363.5
2026-05-09,La Liga,Atletico Madrid,Celta Vigo,,1X2,DRAW,0,3.1,40,0-0,oddsflow_beta,APIFOOTBALL,500,LOST,-500
2026-05-09,Süper Lig,Goztepe,Gaziantep FK,,AH,AWAY,-1.5,2.35,15,1-0,oddsflow_core_strategy,APIFOOTBALL,200,WON,270
2026-05-09,Süper Lig,Alanyaspor,Kayserispor,,AH,AWAY,0,1.775,15,1-1,oddsflow_core_strategy,APIFOOTBALL,200,LOST,-200
2026-05-09,Süper Lig,Eyüpspor,Rizespor,,AH,HOME,0,2.1,15,0-0,oddsflow_core_strategy,APIFOOTBALL,200,WON,220
2026-05-09,Süper Lig,Konyaspor,Fenerbahce,,AH,HOME,1.5,1.95,15,0-1,oddsflow_core_strategy,APIFOOTBALL,200,LOST,-200
2026-05-09,Süper Lig,Kocaelispor,Fatih Karagümrük,,AH,AWAY,0,2.2,17,0-0,oddsflow_core_strategy,APIFOOTBALL,200,WON,240
2026-05-09,Süper Lig,Goztepe,Gaziantep FK,,AH,AWAY,-1.5,2.25,25,1-0,oddsflow_active_trader,APIFOOTBALL,500,WON,625
2026-05-09,Süper Lig,Konyaspor,Fenerbahce,,AH,HOME,1.5,1.85,25,0-1,oddsflow_active_trader,APIFOOTBALL,851,LOST,-851
2026-05-09,Süper Lig,Konyaspor,Fenerbahce,,AH,HOME,1.5,1.85,25,0-1,oddsflow_handicap_sniper,APIFOOTBALL,849,LOST,-849
2026-05-09,Süper Lig,Alanyaspor,Kayserispor,,1X2,DRAW,0,3.1,25,1-1,oddsflow_handicap_sniper,APIFOOTBALL,500,LOST,-500
2026-05-09,Süper Lig,Goztepe,Gaziantep FK,,AH,AWAY,-1.5,2.25,25,1-0,oddsflow_handicap_sniper,APIFOOTBALL,500,WON,625
2026-05-09,Süper Lig,Goztepe,Gaziantep FK,,OU,UNDER,3.5,1.666,25,1-0,oddsflow_active_trader,APIFOOTBALL,500,WON,333
2026-05-09,Süper Lig,Goztepe,Gaziantep FK,,OU,UNDER,3.5,1.666,25,1-0,oddsflow_handicap_sniper,APIFOOTBALL,500,WON,333
2026-05-09,Süper Lig,Kocaelispor,Fatih Karagümrük,,AH,AWAY,0,2.05,25,0-0,oddsflow_active_trader,APIFOOTBALL,733,WON,769.65
2026-05-09,Süper Lig,Kocaelispor,Fatih Karagümrük,,OU,UNDER,1.5,2.1,25,0-0,oddsflow_active_trader,APIFOOTBALL,558,WON,613.8
2026-05-09,Süper Lig,Kocaelispor,Fatih Karagümrük,,AH,AWAY,0,2.05,25,0-0,oddsflow_handicap_sniper,APIFOOTBALL,728,WON,764.4
2026-05-09,Süper Lig,Kocaelispor,Fatih Karagümrük,,1X2,DRAW,0,2.75,25,0-0,oddsflow_active_trader,APIFOOTBALL,500,LOST,-500
2026-05-09,Süper Lig,Kocaelispor,Fatih Karagümrük,,OU,UNDER,1.5,2.1,25,0-0,oddsflow_handicap_sniper,APIFOOTBALL,552,WON,607.2
2026-05-09,Süper Lig,Kocaelispor,Fatih Karagümrük,,1X2,DRAW,0,2.75,25,0-0,oddsflow_handicap_sniper,APIFOOTBALL,500,LOST,-500
2026-05-09,Süper Lig,Eyüpspor,Rizespor,,AH,AWAY,-0.5,2.15,25,1-0,oddsflow_active_trader,APIFOOTBALL,500,LOST,-500
2026-05-09,Süper Lig,Besiktas,Trabzonspor,,OU,UNDER,5.5,1.5,25,1-1,oddsflow_active_trader,APIFOOTBALL,1163,WON,581.5
2026-05-09,Süper Lig,Eyüpspor,Rizespor,,1X2,HOME,0,1.666,25,1-0,oddsflow_active_trader,APIFOOTBALL,696,WON,463.54
2026-05-09,Süper Lig,Eyüpspor,Rizespor,,AH,AWAY,-0.5,2.15,25,1-0,oddsflow_handicap_sniper,APIFOOTBALL,500,LOST,-500
2026-05-09,Süper Lig,Besiktas,Trabzonspor,,OU,UNDER,5.5,1.5,25,1-1,oddsflow_handicap_sniper,APIFOOTBALL,1147,WON,573.5
2026-05-09,Süper Lig,Eyüpspor,Rizespor,,1X2,HOME,0,1.666,25,1-0,oddsflow_handicap_sniper,APIFOOTBALL,1030,WON,685.98
2026-05-09,Süper Lig,Galatasaray,Antalyaspor,,OU,UNDER,3.5,1.5,25,0-0,oddsflow_active_trader,APIFOOTBALL,861,LOST,-861
2026-05-09,Süper Lig,Galatasaray,Antalyaspor,,OU,UNDER,3.5,1.5,25,0-0,oddsflow_handicap_sniper,APIFOOTBALL,850,LOST,-850
2026-05-09,Süper Lig,Goztepe,Gaziantep FK,,AH,AWAY,-1.5,2.25,26,1-0,oddsflow_beta,APIFOOTBALL,547,WON,683.75
2026-05-09,Süper Lig,Basaksehir,Samsunspor,,AH,AWAY,-1,2.3,25,1-0,oddsflow_beta,APIFOOTBALL,706,LOST,-706
2026-05-09,Süper Lig,Goztepe,Gaziantep FK,,OU,UNDER,3.5,1.666,26,1-0,oddsflow_beta,APIFOOTBALL,500,WON,333
2026-05-09,Süper Lig,Basaksehir,Samsunspor,,OU,UNDER,3.5,1.666,25,1-0,oddsflow_beta,APIFOOTBALL,500,WON,333
2026-05-09,Süper Lig,Basaksehir,Samsunspor,,AH,AWAY,-1,2.3,25,1-0,oddsflow_active_trader,APIFOOTBALL,701,LOST,-701
2026-05-09,Süper Lig,Basaksehir,Samsunspor,,OU,UNDER,3.5,1.666,25,1-0,oddsflow_active_trader,APIFOOTBALL,500,WON,333
2026-05-09,Süper Lig,Basaksehir,Samsunspor,,AH,AWAY,-1,2.3,25,1-0,oddsflow_handicap_sniper,APIFOOTBALL,710,LOST,-710
2026-05-09,Süper Lig,Basaksehir,Samsunspor,,AH,AWAY,-1,2.3,25,1-0,oddsflow_core_strategy,APIFOOTBALL,200,LOST,-200
2026-05-09,Süper Lig,Basaksehir,Samsunspor,,OU,UNDER,3.5,1.666,25,1-0,oddsflow_handicap_sniper,APIFOOTBALL,500,WON,333
2026-05-09,Süper Lig,Besiktas,Trabzonspor,,AH,AWAY,-0.5,2.1,26,1-1,oddsflow_active_trader,APIFOOTBALL,500,WON,550
2026-05-09,Süper Lig,Besiktas,Trabzonspor,,OU,UNDER,4.5,2.1,26,1-1,oddsflow_handicap_sniper,APIFOOTBALL,541,WON,595.1
2026-05-09,Süper Lig,Besiktas,Trabzonspor,,OU,UNDER,4.5,2.1,26,1-1,oddsflow_active_trader,APIFOOTBALL,500,WON,550
2026-05-09,Süper Lig,Besiktas,Trabzonspor,,AH,AWAY,-0.5,2.1,26,1-1,oddsflow_core_strategy,APIFOOTBALL,200,WON,220
2026-05-09,Süper Lig,Konyaspor,Fenerbahce,,OU,UNDER,3.5,1.727,26,0-1,oddsflow_active_trader,APIFOOTBALL,567,WON,412.21
2026-05-09,Süper Lig,Konyaspor,Fenerbahce,,OU,UNDER,3.5,1.727,26,0-1,oddsflow_handicap_sniper,APIFOOTBALL,574,WON,417.3
2026-05-09,Süper Lig,Besiktas,Trabzonspor,,1X2,DRAW,0,4,28,1-1,oddsflow_handicap_sniper,APIFOOTBALL,500,LOST,-500
2026-05-09,Süper Lig,Alanyaspor,Kayserispor,,AH,AWAY,0,1.7,29,1-1,oddsflow_active_trader,APIFOOTBALL,536,LOST,-536
2026-05-09,Süper Lig,Alanyaspor,Kayserispor,,AH,AWAY,0,1.7,29,1-1,oddsflow_handicap_sniper,APIFOOTBALL,532,LOST,-532
2026-05-09,Süper Lig,Besiktas,Trabzonspor,,AH,AWAY,-0.5,2.1,30,1-1,oddsflow_handicap_sniper,APIFOOTBALL,500,WON,550
2026-05-09,Süper Lig,Goztepe,Gaziantep FK,,OU,UNDER,2.5,2.5,35,1-0,oddsflow_active_trader,APIFOOTBALL,500,LOST,-500
2026-05-09,Süper Lig,Goztepe,Gaziantep FK,,OU,UNDER,2.5,2.5,35,1-0,oddsflow_handicap_sniper,APIFOOTBALL,500,LOST,-500
2026-05-09,Süper Lig,Goztepe,Gaziantep FK,,OU,UNDER,2.5,2.5,36,1-0,oddsflow_beta,APIFOOTBALL,500,LOST,-500
2026-05-09,Süper Lig,Basaksehir,Samsunspor,,OU,UNDER,2.5,2.375,37,1-0,oddsflow_active_trader,APIFOOTBALL,500,LOST,-500
2026-05-09,Süper Lig,Konyaspor,Fenerbahce,,OU,UNDER,2.5,2.5,37,0-1,oddsflow_active_trader,APIFOOTBALL,500,LOST,-500
2026-05-09,Süper Lig,Basaksehir,Samsunspor,,OU,UNDER,2.5,2.375,37,1-0,oddsflow_handicap_sniper,APIFOOTBALL,500,LOST,-500
2026-05-09,Süper Lig,Konyaspor,Fenerbahce,,OU,UNDER,2.5,2.5,37,0-1,oddsflow_handicap_sniper,APIFOOTBALL,500,LOST,-500
2026-05-09,Süper Lig,Konyaspor,Fenerbahce,,AH,HOME,1,2.375,38,0-1,oddsflow_active_trader,APIFOOTBALL,500,LOST,-500
2026-05-09,Süper Lig,Konyaspor,Fenerbahce,,AH,HOME,1,2.375,38,0-1,oddsflow_handicap_sniper,APIFOOTBALL,500,LOST,-500
2026-05-09,Süper Lig,Alanyaspor,Kayserispor,,OU,UNDER,3.5,2.1,39,1-1,oddsflow_active_trader,APIFOOTBALL,500,LOST,-500
2026-05-09,Süper Lig,Alanyaspor,Kayserispor,,OU,UNDER,3.5,2.1,39,1-1,oddsflow_handicap_sniper,APIFOOTBALL,500,LOST,-500
2026-05-09,Süper Lig,Alanyaspor,Kayserispor,,1X2,HOME,0,3,39,1-1,oddsflow_handicap_sniper,APIFOOTBALL,500,WON,1000
2026-05-09,Süper Lig,Alanyaspor,Kayserispor,,AH,AWAY,-0.5,2.05,39,1-1,oddsflow_active_trader,APIFOOTBALL,500,LOST,-500
2026-05-09,Süper Lig,Alanyaspor,Kayserispor,,OU,UNDER,4.5,1.666,39,1-1,oddsflow_active_trader,APIFOOTBALL,668,WON,444.89
2026-05-09,Süper Lig,Alanyaspor,Kayserispor,,1X2,DRAW,0,3.4,39,1-1,oddsflow_active_trader,APIFOOTBALL,500,LOST,-500
2026-05-09,Süper Lig,Alanyaspor,Kayserispor,,AH,AWAY,-0.5,2.05,39,1-1,oddsflow_handicap_sniper,APIFOOTBALL,500,LOST,-500
2026-05-09,Süper Lig,Alanyaspor,Kayserispor,,OU,UNDER,4.5,1.666,39,1-1,oddsflow_handicap_sniper,APIFOOTBALL,504,WON,335.66
2026-05-09,Süper Lig,Alanyaspor,Kayserispor,,1X2,HOME,0,1.615,41,2-1,oddsflow_active_trader,APIFOOTBALL,500,WON,307.5
2026-05-09,Premier League,Manchester City,Brentford,,AH,AWAY,-0.5,2.35,55,0-0,oddsflow_beta,APIFOOTBALL,500,LOST,-500
2026-05-09,Premier League,Manchester City,Brentford,,OU,UNDER,1.5,2,55,0-0,oddsflow_beta,APIFOOTBALL,520,LOST,-520
2026-05-09,Premier League,Manchester City,Brentford,,1X2,DRAW,0,3.2,55,0-0,oddsflow_beta,APIFOOTBALL,500,LOST,-500
2026-05-09,Premier League,Manchester City,Brentford,,AH,AWAY,-0.5,2.35,55,0-0,oddsflow_active_trader,APIFOOTBALL,500,LOST,-500
2026-05-09,Premier League,Manchester City,Brentford,,OU,UNDER,1.5,2,55,0-0,oddsflow_active_trader,APIFOOTBALL,500,LOST,-500
2026-05-09,Premier League,Manchester City,Brentford,,1X2,DRAW,0,3.2,55,0-0,oddsflow_active_trader,APIFOOTBALL,500,LOST,-500
2026-05-09,Premier League,Manchester City,Brentford,,AH,AWAY,-0.5,2.35,55,0-0,oddsflow_handicap_sniper,APIFOOTBALL,500,LOST,-500
2026-05-09,Premier League,Manchester City,Brentford,,OU,UNDER,1.5,2,55,0-0,oddsflow_handicap_sniper,APIFOOTBALL,500,LOST,-500
2026-05-09,Süper Lig,Besiktas,Trabzonspor,,1X2,DRAW,0,3.4,45,1-1,oddsflow_active_trader,APIFOOTBALL,500,LOST,-500
2026-05-09,Süper Lig,Besiktas,Trabzonspor,,OU,UNDER,3.5,2.5,46,1-1,oddsflow_active_trader,APIFOOTBALL,500,WON,750
2026-05-09,Süper Lig,Besiktas,Trabzonspor,,OU,UNDER,3.5,2.5,46,1-1,oddsflow_handicap_sniper,APIFOOTBALL,500,WON,750
2026-05-09,Premier League,Manchester City,Brentford,,OU,UNDER,2.5,1.727,60,0-0,oddsflow_beta,APIFOOTBALL,758,LOST,-758
2026-05-09,Premier League,Manchester City,Brentford,,AH,AWAY,-1.5,1.95,61,1-0,oddsflow_active_trader,APIFOOTBALL,694,LOST,-694
2026-05-09,Premier League,Manchester City,Brentford,,AH,AWAY,-1.5,1.95,61,1-0,oddsflow_beta,APIFOOTBALL,698,LOST,-698
2026-05-09,Premier League,Manchester City,Brentford,,AH,AWAY,-1.5,1.95,61,1-0,oddsflow_handicap_sniper,APIFOOTBALL,697,LOST,-697
2026-05-09,La Liga,Atletico Madrid,Celta Vigo,,AH,HOME,0.5,1.85,62,0-0,oddsflow_handicap_sniper,APIFOOTBALL,500,LOST,-500
2026-05-09,La Liga,Atletico Madrid,Celta Vigo,,AH,HOME,0.5,1.85,62,0-0,oddsflow_beta,APIFOOTBALL,513,LOST,-513
2026-05-09,La Liga,Atletico Madrid,Celta Vigo,,AH,HOME,0.5,1.85,62,0-0,oddsflow_active_trader,APIFOOTBALL,655,LOST,-655
2026-05-09,La Liga,Atletico Madrid,Celta Vigo,,1X2,DRAW,0,2.875,62,0-0,oddsflow_active_trader,APIFOOTBALL,500,LOST,-500
2026-05-09,La Liga,Atletico Madrid,Celta Vigo,,1X2,AWAY,0,1.909,63,0-1,oddsflow_active_trader,APIFOOTBALL,500,WON,454.5
2026-05-09,La Liga,Atletico Madrid,Celta Vigo,,OU,OVER,1.5,1.533,68,0-1,oddsflow_active_trader,APIFOOTBALL,500,LOST,-500
2026-05-09,La Liga,Atletico Madrid,Celta Vigo,,OU,OVER,1.5,1.533,68,0-1,oddsflow_handicap_sniper,APIFOOTBALL,500,LOST,-500
2026-05-09,La Liga,Atletico Madrid,Celta Vigo,,OU,OVER,1.5,1.533,68,0-1,oddsflow_beta,APIFOOTBALL,500,LOST,-500
2026-05-09,Saudi Pro League,Al-Fayha,Al-Qadisiyah FC,,AH,AWAY,1,1.825,15,0-0,oddsflow_core_strategy,APIFOOTBALL,200,VOID,0
2026-05-09,Süper Lig,Goztepe,Gaziantep FK,,AH,AWAY,-0.5,1.9,58,1-1,oddsflow_active_trader,APIFOOTBALL,500,LOST,-500
2026-05-09,Süper Lig,Goztepe,Gaziantep FK,,1X2,DRAW,0,2.625,58,1-1,oddsflow_active_trader,APIFOOTBALL,500,LOST,-500
2026-05-09,Süper Lig,Goztepe,Gaziantep FK,,AH,AWAY,-0.5,1.9,58,1-1,oddsflow_handicap_sniper,APIFOOTBALL,500,LOST,-500
2026-05-09,Süper Lig,Goztepe,Gaziantep FK,,1X2,DRAW,0,2.625,58,1-1,oddsflow_handicap_sniper,APIFOOTBALL,500,LOST,-500
2026-05-09,Süper Lig,Goztepe,Gaziantep FK,,AH,AWAY,-0.5,1.875,60,1-1,oddsflow_beta,APIFOOTBALL,500,LOST,-500
2026-05-09,Süper Lig,Goztepe,Gaziantep FK,,1X2,DRAW,0,2.6,60,1-1,oddsflow_beta,APIFOOTBALL,500,LOST,-500
2026-05-09,Saudi Pro League,Al-Fayha,Al-Qadisiyah FC,,AH,AWAY,1,1.9,25,0-0,oddsflow_handicap_sniper,APIFOOTBALL,631,VOID,0
2026-05-09,Saudi Pro League,Al-Fayha,Al-Qadisiyah FC,,OU,OVER,2.5,2,25,0-0,oddsflow_handicap_sniper,APIFOOTBALL,500,WON,500
2026-05-09,Saudi Pro League,Al-Fayha,Al-Qadisiyah FC,,1X2,AWAY,0,1.5,25,0-0,oddsflow_handicap_sniper,APIFOOTBALL,500,WON,250
2026-05-09,Saudi Pro League,Al-Fayha,Al-Qadisiyah FC,,AH,AWAY,1,1.9,25,0-0,oddsflow_active_trader,APIFOOTBALL,657,VOID,0
2026-05-09,Saudi Pro League,Al-Fayha,Al-Qadisiyah FC,,OU,OVER,2.5,2,25,0-0,oddsflow_active_trader,APIFOOTBALL,500,WON,500
2026-05-09,Saudi Pro League,Al-Fayha,Al-Qadisiyah FC,,1X2,AWAY,0,1.5,25,0-0,oddsflow_active_trader,APIFOOTBALL,500,WON,250
2026-05-09,Süper Lig,Besiktas,Trabzonspor,,AH,HOME,0.5,2,63,1-2,oddsflow_handicap_sniper,APIFOOTBALL,500,WON,500
2026-05-09,Süper Lig,Besiktas,Trabzonspor,,1X2,AWAY,0,1.8,63,1-2,oddsflow_handicap_sniper,APIFOOTBALL,515,WON,412
2026-05-09,Süper Lig,Besiktas,Trabzonspor,,AH,HOME,0.5,2,63,1-2,oddsflow_active_trader,APIFOOTBALL,500,WON,500
2026-05-09,Süper Lig,Besiktas,Trabzonspor,,1X2,AWAY,0,1.8,63,1-2,oddsflow_active_trader,APIFOOTBALL,500,WON,400
2026-05-09,Süper Lig,Galatasaray,Antalyaspor,,AH,AWAY,-2.25,1.98,0,0-0,oddsflow_prematch_edge,APIFOOTBALL,475,HALF_WON,232.75
2026-05-09,Süper Lig,Besiktas,Trabzonspor,,AH,AWAY,-0.75,2.02,0,0-0,oddsflow_prematch_edge,APIFOOTBALL,302,WON,308.04
2026-05-09,La Liga,Real Sociedad,Real Betis,,OU,OVER,2.75,1.85,0,0-0,oddsflow_prematch_edge,APIFOOTBALL,301,WON,255.85
2026-05-09,Brasileirão Série A,Coritiba,Internacional,,1X2,AWAY,0,2.69,0,0-0,oddsflow_prematch_edge,APIFOOTBALL,1380,LOST,-1380
2026-05-09,Serie A,Lecce,Juventus,,AH,HOME,1.5,2.3,21,0-1,oddsflow_core_strategy,APIFOOTBALL,200,WON,260
2026-05-09,Serie A,Lecce,Juventus,,AH,HOME,1.5,2.3,25,0-1,oddsflow_active_trader,APIFOOTBALL,702,WON,912.6
2026-05-09,Serie A,Lecce,Juventus,,AH,HOME,1.5,2.3,25,0-1,oddsflow_handicap_sniper,APIFOOTBALL,702,WON,912.6
2026-05-09,Serie A,Lecce,Juventus,,AH,HOME,1.5,2.3,25,0-1,oddsflow_beta,APIFOOTBALL,708,WON,920.4
2026-05-09,Serie A,Lecce,Juventus,,OU,UNDER,2.5,2.375,25,0-1,oddsflow_beta,APIFOOTBALL,500,WON,687.5
2026-05-09,Serie A,Lecce,Juventus,,OU,UNDER,2.5,2.375,26,0-1,oddsflow_active_trader,APIFOOTBALL,500,WON,687.5
2026-05-09,Serie A,Lecce,Juventus,,OU,UNDER,2.5,2.375,27,0-1,oddsflow_handicap_sniper,APIFOOTBALL,500,WON,687.5
2026-05-09,Brasileirão Série A,Coritiba,Internacional,,AH,AWAY,0,1.85,15,0-0,oddsflow_core_strategy,APIFOOTBALL,200,VOID,0
2026-05-09,La Liga,Real Sociedad,Real Betis,,AH,AWAY,0,1.875,15,0-0,oddsflow_core_strategy,APIFOOTBALL,200,VOID,0
2026-05-09,Brasileirão Série A,Coritiba,Internacional,,AH,AWAY,0.5,2.5,25,0-0,oddsflow_handicap_sniper,APIFOOTBALL,500,LOST,-500
2026-05-09,Brasileirão Série A,Coritiba,Internacional,,OU,OVER,1.5,1.8,25,0-0,oddsflow_handicap_sniper,APIFOOTBALL,500,WON,400
2026-05-09,Brasileirão Série A,Coritiba,Internacional,,1X2,AWAY,0,2.6,25,0-0,oddsflow_handicap_sniper,APIFOOTBALL,500,LOST,-500
2026-05-09,Brasileirão Série A,Coritiba,Internacional,,AH,AWAY,0.5,2.5,25,0-0,oddsflow_active_trader,APIFOOTBALL,500,LOST,-500
2026-05-09,Brasileirão Série A,Coritiba,Internacional,,OU,OVER,1.5,1.8,25,0-0,oddsflow_active_trader,APIFOOTBALL,500,WON,400
2026-05-09,Brasileirão Série A,Coritiba,Internacional,,1X2,AWAY,0,2.6,25,0-0,oddsflow_active_trader,APIFOOTBALL,500,LOST,-500
2026-05-09,Brasileirão Série A,Coritiba,Internacional,,AH,AWAY,-0.5,2.2,31,1-0,oddsflow_active_trader,APIFOOTBALL,612,WON,734.4
2026-05-09,Brasileirão Série A,Coritiba,Internacional,,OU,OVER,2.5,1.909,31,1-0,oddsflow_active_trader,APIFOOTBALL,500,WON,454.5
2026-05-09,Brasileirão Série A,Coritiba,Internacional,,AH,AWAY,-0.5,2.2,31,1-0,oddsflow_handicap_sniper,APIFOOTBALL,611,WON,733.2
2026-05-09,Brasileirão Série A,Coritiba,Internacional,,OU,OVER,2.5,1.909,31,1-0,oddsflow_handicap_sniper,APIFOOTBALL,500,WON,454.5
2026-05-09,La Liga,Real Sociedad,Real Betis,,AH,HOME,0.5,2.425,39,0-1,oddsflow_handicap_sniper,APIFOOTBALL,622,WON,886.35
2026-05-09,La Liga,Real Sociedad,Real Betis,,1X2,AWAY,0,1.533,39,0-1,oddsflow_handicap_sniper,APIFOOTBALL,500,LOST,-500
2026-05-09,La Liga,Real Sociedad,Real Betis,,AH,HOME,0.5,2.425,39,0-1,oddsflow_active_trader,APIFOOTBALL,620,WON,883.5
2026-05-09,La Liga,Real Sociedad,Real Betis,,1X2,AWAY,0,1.533,39,0-1,oddsflow_active_trader,APIFOOTBALL,500,LOST,-500
2026-05-09,Brasileirão Série A,Coritiba,Internacional,,1X2,DRAW,0,3.4,70,1-1,oddsflow_active_trader,APIFOOTBALL,500,WON,1200
2026-05-09,Brasileirão Série A,Coritiba,Internacional,,1X2,DRAW,0,3.4,70,1-1,oddsflow_handicap_sniper,APIFOOTBALL,500,WON,1200
2026-05-09,Brasileirão Série A,Coritiba,Internacional,,1X2,DRAW,0,1.666,74,1-1,oddsflow_beta,APIFOOTBALL,500,WON,333
2026-05-09,Brasileirão Série A,Coritiba,Internacional,,AH,AWAY,0,1.775,83,1-1,oddsflow_active_trader,APIFOOTBALL,500,VOID,0
2026-05-09,Brasileirão Série A,Coritiba,Internacional,,AH,AWAY,0,1.775,83,1-1,oddsflow_handicap_sniper,APIFOOTBALL,500,VOID,0
2026-05-09,Brasileirão Série A,Fluminense,Vitoria,,OU,OVER,2.5,2.02,0,0-0,oddsflow_prematch_edge,APIFOOTBALL,1095,WON,1116.9
2026-05-09,Brasileirão Série A,Fluminense,Vitoria,,AH,AWAY,-0.5,2.25,15,0-0,oddsflow_core_strategy,APIFOOTBALL,200,WON,250
2026-05-09,Brasileirão Série A,Fluminense,Vitoria,,AH,AWAY,-0.5,2.25,25,0-0,oddsflow_active_trader,APIFOOTBALL,500,WON,625
2026-05-09,Brasileirão Série A,Fluminense,Vitoria,,OU,OVER,1.5,1.615,25,0-0,oddsflow_active_trader,APIFOOTBALL,767,WON,471.71
2026-05-09,Brasileirão Série A,Fluminense,Vitoria,,AH,AWAY,-0.5,2.25,25,0-0,oddsflow_handicap_sniper,APIFOOTBALL,500,WON,625
2026-05-09,Brasileirão Série A,Fluminense,Vitoria,,OU,OVER,1.5,1.615,25,0-0,oddsflow_handicap_sniper,APIFOOTBALL,763,WON,469.25
2026-05-09,Brasileirão Série A,Fluminense,Vitoria,,AH,AWAY,-1.5,1.825,40,1-0,oddsflow_active_trader,APIFOOTBALL,871,WON,718.57
2026-05-09,Brasileirão Série A,Fluminense,Vitoria,,OU,OVER,2.5,2,40,1-0,oddsflow_active_trader,APIFOOTBALL,500,WON,500
2026-05-09,Brasileirão Série A,Fluminense,Vitoria,,AH,AWAY,-1.5,1.825,40,1-0,oddsflow_handicap_sniper,APIFOOTBALL,857,WON,707.03
2026-05-09,Brasileirão Série A,Fluminense,Vitoria,,OU,OVER,2.5,2,40,1-0,oddsflow_handicap_sniper,APIFOOTBALL,500,WON,500
2026-05-09,Brasileirão Série A,Fluminense,Vitoria,,AH,AWAY,-1,2.75,49,1-0,oddsflow_active_trader,APIFOOTBALL,622,WON,1088.5
2026-05-09,Brasileirão Série A,Fluminense,Vitoria,,AH,AWAY,-1,2.75,49,1-0,oddsflow_handicap_sniper,APIFOOTBALL,622,WON,1088.5
2026-05-09,Brasileirão Série A,Fluminense,Vitoria,,OU,UNDER,2.5,2.1,61,1-0,oddsflow_active_trader,APIFOOTBALL,500,LOST,-500
2026-05-09,Brasileirão Série A,Fluminense,Vitoria,,1X2,HOME,0,1.952,61,1-0,oddsflow_active_trader,APIFOOTBALL,500,LOST,-500
2026-05-09,Brasileirão Série A,Fluminense,Vitoria,,OU,UNDER,2.5,2.1,61,1-0,oddsflow_handicap_sniper,APIFOOTBALL,500,LOST,-500
2026-05-09,Brasileirão Série A,Fluminense,Vitoria,,1X2,HOME,0,1.952,61,1-0,oddsflow_handicap_sniper,APIFOOTBALL,500,LOST,-500
2026-05-09,Brasileirão Série A,Fluminense,Vitoria,,OU,OVER,2.5,1.615,64,1-1,oddsflow_beta,APIFOOTBALL,500,WON,307.5
2026-05-09,Brasileirão Série A,Fluminense,Vitoria,,AH,HOME,0.5,2.2,68,1-2,oddsflow_handicap_sniper,APIFOOTBALL,500,WON,600
2026-05-09,Brasileirão Série A,Fluminense,Vitoria,,AH,HOME,0.5,2.2,68,1-2,oddsflow_active_trader,APIFOOTBALL,500,WON,600
2026-05-09,Brasileirão Série A,Fluminense,Vitoria,,OU,OVER,3.5,1.571,68,1-2,oddsflow_active_trader,APIFOOTBALL,500,WON,285.5
2026-05-09,Brasileirão Série A,Fluminense,Vitoria,,OU,OVER,3.5,1.571,68,1-2,oddsflow_handicap_sniper,APIFOOTBALL,500,WON,285.5
2026-05-09,Brasileirão Série A,Fluminense,Vitoria,,1X2,AWAY,0,1.666,68,1-2,oddsflow_active_trader,APIFOOTBALL,500,LOST,-500
2026-05-09,Brasileirão Série A,Fluminense,Vitoria,,1X2,AWAY,0,1.666,68,1-2,oddsflow_handicap_sniper,APIFOOTBALL,500,LOST,-500
2026-05-09,Brasileirão Série A,Fluminense,Vitoria,,OU,UNDER,3.5,2.375,68,1-1,oddsflow_handicap_sniper,APIFOOTBALL,500,LOST,-500
2026-05-09,Brasileirão Série A,Fluminense,Vitoria,,OU,UNDER,3.5,2.375,68,1-1,oddsflow_active_trader,APIFOOTBALL,500,LOST,-500
2026-05-09,Brasileirão Série A,Fluminense,Vitoria,,1X2,DRAW,0,3.1,68,1-1,oddsflow_handicap_sniper,APIFOOTBALL,500,WON,1050
2026-05-09,Brasileirão Série A,Fluminense,Vitoria,,1X2,DRAW,0,3.1,68,1-1,oddsflow_active_trader,APIFOOTBALL,500,WON,1050
2026-05-10,Brasileirão Série A,Bahia,Cruzeiro,,OU,OVER,2.25,1.83,0,0-0,oddsflow_prematch_edge,APIFOOTBALL,982,WON,815.06
2026-05-10,Brasileirão Série A,Bahia,Cruzeiro,,AH,HOME,-0.5,2.15,17,0-0,oddsflow_core_strategy,APIFOOTBALL,200,LOST,-200
2026-05-10,Brasileirão Série A,Bahia,Cruzeiro,,AH,HOME,-0.5,2.3,25,0-0,oddsflow_active_trader,APIFOOTBALL,500,LOST,-500
2026-05-10,Brasileirão Série A,Bahia,Cruzeiro,,AH,HOME,-0.5,2.3,25,0-0,oddsflow_handicap_sniper,APIFOOTBALL,500,LOST,-500
2026-05-10,Brasileirão Série A,Bahia,Cruzeiro,,OU,OVER,2.5,2.5,25,0-0,oddsflow_active_trader,APIFOOTBALL,500,WON,750
2026-05-10,Brasileirão Série A,Bahia,Cruzeiro,,OU,OVER,2.5,2.5,25,0-0,oddsflow_handicap_sniper,APIFOOTBALL,500,WON,750
2026-05-10,Brasileirão Série A,Bahia,Cruzeiro,,1X2,HOME,0,2.3,25,0-0,oddsflow_active_trader,APIFOOTBALL,500,LOST,-500
2026-05-10,Brasileirão Série A,Bahia,Cruzeiro,,1X2,HOME,0,2.3,25,0-0,oddsflow_handicap_sniper,APIFOOTBALL,500,LOST,-500
2026-05-10,Brasileirão Série A,Bahia,Cruzeiro,,AH,AWAY,-1,2.05,27,1-0,oddsflow_handicap_sniper,APIFOOTBALL,500,WON,525
2026-05-10,Brasileirão Série A,Bahia,Cruzeiro,,AH,AWAY,-1,2.05,27,1-0,oddsflow_active_trader,APIFOOTBALL,500,WON,525
2026-05-10,Brasileirão Série A,Bahia,Cruzeiro,,OU,UNDER,3.5,2.1,42,1-0,oddsflow_handicap_sniper,APIFOOTBALL,500,WON,550
2026-05-10,Brasileirão Série A,Bahia,Cruzeiro,,OU,UNDER,3.5,2.1,42,1-0,oddsflow_active_trader,APIFOOTBALL,500,WON,550
2026-05-10,Brasileirão Série A,Bahia,Cruzeiro,,AH,AWAY,0,2.025,42,1-0,oddsflow_active_trader,APIFOOTBALL,500,WON,512.5
2026-05-10,Brasileirão Série A,Bahia,Cruzeiro,,AH,AWAY,0,2.025,43,1-0,oddsflow_handicap_sniper,APIFOOTBALL,500,WON,512.5
2026-05-10,Brasileirão Série A,Bahia,Cruzeiro,,AH,HOME,-0.5,2.6,46,1-1,oddsflow_beta,APIFOOTBALL,500,LOST,-500
2026-05-10,Brasileirão Série A,Bahia,Cruzeiro,,1X2,HOME,0,2.75,46,1-1,oddsflow_beta,APIFOOTBALL,500,LOST,-500
2026-05-10,Brasileirão Série A,Bahia,Cruzeiro,,OU,OVER,3.5,2.2,46,1-1,oddsflow_handicap_sniper,APIFOOTBALL,500,LOST,-500
2026-05-10,Brasileirão Série A,Bahia,Cruzeiro,,OU,OVER,3.5,2.2,46,1-1,oddsflow_active_trader,APIFOOTBALL,500,LOST,-500
2026-05-10,Brasileirão Série A,Bahia,Cruzeiro,,OU,OVER,3.5,2.2,46,1-1,oddsflow_beta,APIFOOTBALL,500,LOST,-500
2026-05-10,Brasileirão Série A,Bahia,Cruzeiro,,AH,HOME,0.5,2.5,47,1-1,oddsflow_active_trader,APIFOOTBALL,500,LOST,-500
2026-05-10,Brasileirão Série A,Bahia,Cruzeiro,,AH,HOME,0.5,2.5,47,1-1,oddsflow_handicap_sniper,APIFOOTBALL,500,LOST,-500
2026-05-10,Brasileirão Série A,Bahia,Cruzeiro,,OU,UNDER,4.5,1.666,47,1-1,oddsflow_active_trader,APIFOOTBALL,500,WON,333
2026-05-10,Brasileirão Série A,Bahia,Cruzeiro,,OU,UNDER,4.5,1.666,47,1-1,oddsflow_handicap_sniper,APIFOOTBALL,500,WON,333
2026-05-10,Brasileirão Série A,Bahia,Cruzeiro,,1X2,DRAW,0,3.75,47,1-1,oddsflow_handicap_sniper,APIFOOTBALL,500,LOST,-500
2026-05-10,Brasileirão Série A,Bahia,Cruzeiro,,AH,HOME,0.5,2.5,47,1-1,oddsflow_beta,APIFOOTBALL,500,LOST,-500
2026-05-10,Brasileirão Série A,Bahia,Cruzeiro,,OU,UNDER,4.5,1.666,47,1-1,oddsflow_beta,APIFOOTBALL,500,WON,333
2026-05-10,Brasileirão Série A,Bahia,Cruzeiro,,1X2,DRAW,0,3.75,47,1-1,oddsflow_beta,APIFOOTBALL,500,LOST,-500
2026-05-10,Brasileirão Série A,Bahia,Cruzeiro,,AH,AWAY,0,2.025,50,1-1,oddsflow_beta,APIFOOTBALL,500,WON,512.5
2026-05-10,Brasileirão Série A,Bahia,Cruzeiro,,1X2,DRAW,0,1.909,70,1-1,oddsflow_active_trader,APIFOOTBALL,500,LOST,-500
2026-05-10,J1 League,Shimizu S-Pulse,Avispa Fukuoka,,AH,AWAY,-0.25,2.04,0,0-0,oddsflow_prematch_edge,APIFOOTBALL,601,HALF_WON,312.52
2026-05-10,J1 League,Vissel Kobe,Fagiano Okayama,,AH,HOME,-0.75,1.84,0,0-0,oddsflow_prematch_edge,APIFOOTBALL,200,LOST,-200
2026-05-10,J1 League,Yokohama F. Marinos,Kashima Antlers,,OU,OVER,2.5,1.96,0,0-0,oddsflow_prematch_edge,APIFOOTBALL,964,LOST,-964
2026-05-10,K League 1,Ulsan Hyundai FC,Bucheon FC 1995,,AH,HOME,-0.75,1.94,0,0-0,oddsflow_prematch_edge,APIFOOTBALL,819,HALF_WON,384.93
2026-05-10,J1 League,Shimizu S-Pulse,Avispa Fukuoka,,AH,AWAY,0,2.6,15,0-0,oddsflow_core_strategy,APIFOOTBALL,200,VOID,0
2026-05-10,J1 League,Yokohama F. Marinos,Kashima Antlers,,AH,AWAY,0.5,2.2,25,0-0,oddsflow_active_trader,APIFOOTBALL,807,LOST,-807
2026-05-10,J1 League,Yokohama F. Marinos,Kashima Antlers,,OU,OVER,1.5,1.533,25,0-0,oddsflow_active_trader,APIFOOTBALL,746,WON,397.62
2026-05-10,J1 League,Yokohama F. Marinos,Kashima Antlers,,1X2,AWAY,0,2.25,25,0-0,oddsflow_active_trader,APIFOOTBALL,500,LOST,-500
2026-05-10,J1 League,Yokohama F. Marinos,Kashima Antlers,,AH,AWAY,0.5,2.2,25,0-0,oddsflow_handicap_sniper,APIFOOTBALL,809,LOST,-809
2026-05-10,J1 League,Yokohama F. Marinos,Kashima Antlers,,OU,OVER,1.5,1.533,25,0-0,oddsflow_handicap_sniper,APIFOOTBALL,725,WON,386.42
2026-05-10,J1 League,Yokohama F. Marinos,Kashima Antlers,,AH,AWAY,0.5,2.2,25,0-0,oddsflow_beta,APIFOOTBALL,819,LOST,-819
2026-05-10,J1 League,Yokohama F. Marinos,Kashima Antlers,,1X2,AWAY,0,2.25,25,0-0,oddsflow_handicap_sniper,APIFOOTBALL,516,LOST,-516
2026-05-10,J1 League,Yokohama F. Marinos,Kashima Antlers,,OU,OVER,1.5,1.533,25,0-0,oddsflow_beta,APIFOOTBALL,725,WON,386.42
2026-05-10,J1 League,Yokohama F. Marinos,Kashima Antlers,,1X2,AWAY,0,2.25,25,0-0,oddsflow_beta,APIFOOTBALL,523,LOST,-523
2026-05-10,J1 League,Yokohama F. Marinos,Kashima Antlers,,AH,AWAY,0.5,2.2,25,0-0,oddsflow_core_strategy,APIFOOTBALL,200,LOST,-200
2026-05-10,J1 League,Shimizu S-Pulse,Avispa Fukuoka,,AH,AWAY,0,2.6,25,0-0,oddsflow_active_trader,APIFOOTBALL,535,VOID,0
2026-05-10,J1 League,Shimizu S-Pulse,Avispa Fukuoka,,AH,AWAY,0,2.6,25,0-0,oddsflow_handicap_sniper,APIFOOTBALL,528,VOID,0
2026-05-10,J1 League,Shimizu S-Pulse,Avispa Fukuoka,,1X2,AWAY,0,4.333,25,0-0,oddsflow_handicap_sniper,APIFOOTBALL,500,LOST,-500
2026-05-10,J1 League,Shimizu S-Pulse,Avispa Fukuoka,,1X2,DRAW,0,2.5,26,0-0,oddsflow_handicap_sniper,APIFOOTBALL,500,WON,750
2026-05-10,J1 League,Shimizu S-Pulse,Avispa Fukuoka,,OU,OVER,0.5,1.533,45,0-0,oddsflow_active_trader,APIFOOTBALL,500,WON,266.5
2026-05-10,J1 League,Shimizu S-Pulse,Avispa Fukuoka,,1X2,DRAW,0,2.05,45,0-0,oddsflow_active_trader,APIFOOTBALL,500,WON,525
2026-05-10,J1 League,Shimizu S-Pulse,Avispa Fukuoka,,OU,OVER,0.5,1.533,45,0-0,oddsflow_handicap_sniper,APIFOOTBALL,500,WON,266.5
2026-05-10,J1 League,FC Tokyo,Tokyo Verdy,,OU,UNDER,2,2.06,0,0-0,oddsflow_prematch_edge,APIFOOTBALL,1262,LOST,-1262
2026-05-10,J1 League,FC Tokyo,Tokyo Verdy,,AH,AWAY,-0.5,1.825,15,0-0,oddsflow_core_strategy,APIFOOTBALL,200,LOST,-200
2026-05-10,J1 League,Yokohama F. Marinos,Kashima Antlers,,AH,AWAY,-0.5,2.375,58,0-0,oddsflow_beta,APIFOOTBALL,563,WON,774.13
2026-05-10,J1 League,Yokohama F. Marinos,Kashima Antlers,,AH,AWAY,-0.5,2.375,58,0-0,oddsflow_active_trader,APIFOOTBALL,571,WON,785.13
2026-05-10,J1 League,Yokohama F. Marinos,Kashima Antlers,,AH,AWAY,-0.5,2.375,58,0-0,oddsflow_handicap_sniper,APIFOOTBALL,568,WON,781
2026-05-10,J1 League,Gamba Osaka,Sanfrecce Hiroshima,,AH,AWAY,0.5,2.15,18,0-0,oddsflow_core_strategy,APIFOOTBALL,200,WON,230
2026-05-10,J1 League,Gamba Osaka,Sanfrecce Hiroshima,,OU,UNDER,2.5,1.5,25,0-0,oddsflow_active_trader,APIFOOTBALL,522,WON,261
2026-05-10,J1 League,Gamba Osaka,Sanfrecce Hiroshima,,OU,UNDER,2.5,1.5,25,0-0,oddsflow_handicap_sniper,APIFOOTBALL,505,WON,252.5
2026-05-10,J1 League,FC Tokyo,Tokyo Verdy,,AH,AWAY,-0.5,1.775,25,0-0,oddsflow_active_trader,APIFOOTBALL,522,LOST,-522
2026-05-10,J1 League,FC Tokyo,Tokyo Verdy,,1X2,DRAW,0,2.75,25,0-0,oddsflow_active_trader,APIFOOTBALL,500,LOST,-500
2026-05-10,J1 League,FC Tokyo,Tokyo Verdy,,AH,AWAY,-0.5,1.775,25,0-0,oddsflow_handicap_sniper,APIFOOTBALL,524,LOST,-524
2026-05-10,J1 League,FC Tokyo,Tokyo Verdy,,1X2,DRAW,0,2.75,25,0-0,oddsflow_handicap_sniper,APIFOOTBALL,500,LOST,-500
2026-05-10,J1 League,Shimizu S-Pulse,Avispa Fukuoka,,AH,HOME,0.5,2.6,70,0-0,oddsflow_handicap_sniper,APIFOOTBALL,500,WON,800
2026-05-10,J1 League,Shimizu S-Pulse,Avispa Fukuoka,,OU,UNDER,1.5,1.727,70,0-0,oddsflow_core_strategy,APIFOOTBALL,500,LOST,-500
2026-05-10,J1 League,Shimizu S-Pulse,Avispa Fukuoka,,OU,UNDER,1.5,1.727,70,0-0,oddsflow_handicap_sniper,APIFOOTBALL,690,LOST,-690
2026-05-10,J1 League,Shimizu S-Pulse,Avispa Fukuoka,,AH,HOME,0.5,2.6,70,0-0,oddsflow_active_trader,APIFOOTBALL,500,WON,800
2026-05-10,J1 League,Shimizu S-Pulse,Avispa Fukuoka,,OU,UNDER,1.5,1.727,70,0-0,oddsflow_active_trader,APIFOOTBALL,705,LOST,-705
2026-05-10,J1 League,Gamba Osaka,Sanfrecce Hiroshima,,1X2,DRAW,0,3.1,31,0-0,oddsflow_handicap_sniper,APIFOOTBALL,500,LOST,-500
2026-05-10,J1 League,Gamba Osaka,Sanfrecce Hiroshima,,OU,UNDER,1.5,2.5,31,0-0,oddsflow_handicap_sniper,APIFOOTBALL,500,WON,750
2026-05-10,J1 League,Gamba Osaka,Sanfrecce Hiroshima,,OU,UNDER,1.5,2.5,31,0-0,oddsflow_active_trader,APIFOOTBALL,500,WON,750
2026-05-10,J1 League,Shimizu S-Pulse,Avispa Fukuoka,,AH,AWAY,-1,2.075,79,1-1,oddsflow_handicap_sniper,APIFOOTBALL,507,WON,545.03
2026-05-10,J1 League,Shimizu S-Pulse,Avispa Fukuoka,,OU,UNDER,3.5,1.5,79,1-1,oddsflow_handicap_sniper,APIFOOTBALL,531,WON,265.5
2026-05-10,J1 League,Shimizu S-Pulse,Avispa Fukuoka,,AH,AWAY,-1,2.075,79,1-1,oddsflow_active_trader,APIFOOTBALL,505,WON,542.88
2026-05-10,J1 League,Shimizu S-Pulse,Avispa Fukuoka,,OU,UNDER,3.5,1.5,79,1-1,oddsflow_active_trader,APIFOOTBALL,529,WON,264.5
2026-05-10,J1 League,Gamba Osaka,Sanfrecce Hiroshima,,1X2,DRAW,0,2.75,44,0-0,oddsflow_active_trader,APIFOOTBALL,500,LOST,-500
2026-05-10,J1 League,Kashiwa Reysol,Kawasaki Frontale,,1X2,AWAY,0,3.59,0,0-0,oddsflow_prematch_edge,APIFOOTBALL,407,LOST,-407
2026-05-10,J1 League,Nagoya Grampus,Kyoto Sanga,,1X2,HOME,0,2.1,0,0-0,oddsflow_prematch_edge,APIFOOTBALL,454,WON,499.4
2026-05-10,J1 League,Nagoya Grampus,Kyoto Sanga,,AH,AWAY,-1,2.15,15,1-0,oddsflow_core_strategy,APIFOOTBALL,200,LOST,-200
2026-05-10,J1 League,Kashiwa Reysol,Kawasaki Frontale,,AH,AWAY,-0.5,1.95,15,0-0,oddsflow_core_strategy,APIFOOTBALL,200,LOST,-200
2026-05-10,J1 League,Gamba Osaka,Sanfrecce Hiroshima,,AH,HOME,1,1.975,69,0-1,oddsflow_handicap_sniper,APIFOOTBALL,629,WON,613.28
2026-05-10,J1 League,Gamba Osaka,Sanfrecce Hiroshima,,AH,HOME,1,1.975,69,0-1,oddsflow_active_trader,APIFOOTBALL,623,WON,607.43
2026-05-10,J1 League,Kashiwa Reysol,Kawasaki Frontale,,AH,AWAY,0,2.75,25,0-0,oddsflow_handicap_sniper,APIFOOTBALL,647,LOST,-647
2026-05-10,J1 League,Nagoya Grampus,Kyoto Sanga,,AH,AWAY,-1,2.1,25,1-0,oddsflow_handicap_sniper,APIFOOTBALL,813,LOST,-813
2026-05-10,J1 League,Kashiwa Reysol,Kawasaki Frontale,,OU,UNDER,1.5,2.5,25,0-0,oddsflow_handicap_sniper,APIFOOTBALL,501,WON,751.5
2026-05-10,J1 League,Nagoya Grampus,Kyoto Sanga,,OU,UNDER,3.5,1.571,25,1-0,oddsflow_handicap_sniper,APIFOOTBALL,652,WON,372.29
2026-05-10,J1 League,Kashiwa Reysol,Kawasaki Frontale,,1X2,DRAW,0,3.1,25,0-0,oddsflow_handicap_sniper,APIFOOTBALL,500,LOST,-500
2026-05-10,J1 League,Kashiwa Reysol,Kawasaki Frontale,,AH,AWAY,0,2.75,25,0-0,oddsflow_active_trader,APIFOOTBALL,648,LOST,-648
2026-05-10,J1 League,Nagoya Grampus,Kyoto Sanga,,AH,AWAY,-1,2.1,25,1-0,oddsflow_active_trader,APIFOOTBALL,788,LOST,-788
2026-05-10,J1 League,Kashiwa Reysol,Kawasaki Frontale,,OU,UNDER,1.5,2.5,25,0-0,oddsflow_active_trader,APIFOOTBALL,500,WON,750
2026-05-10,J1 League,Nagoya Grampus,Kyoto Sanga,,OU,UNDER,3.5,1.571,25,1-0,oddsflow_active_trader,APIFOOTBALL,692,WON,395.13
2026-05-10,J1 League,Kashiwa Reysol,Kawasaki Frontale,,1X2,DRAW,0,3.1,25,0-0,oddsflow_active_trader,APIFOOTBALL,500,LOST,-500
2026-05-10,J1 League,Nagoya Grampus,Kyoto Sanga,,AH,AWAY,-1,2.1,25,1-0,oddsflow_beta,APIFOOTBALL,813,LOST,-813
2026-05-10,J1 League,Nagoya Grampus,Kyoto Sanga,,OU,UNDER,3.5,1.571,25,1-0,oddsflow_beta,APIFOOTBALL,720,WON,411.12
2026-05-10,K League 1,FC Anyang,Jeonbuk Motors,,OU,UNDER,2.25,1.96,0,0-0,oddsflow_prematch_edge,APIFOOTBALL,1499,HALF_WON,719.52
2026-05-10,J1 League,JEF United Chiba,Machida Zelvia,,OU,UNDER,2.25,1.97,0,0-0,oddsflow_prematch_edge,APIFOOTBALL,1481,HALF_WON,718.29
2026-05-10,J1 League,Kashiwa Reysol,Kawasaki Frontale,,AH,AWAY,0,2.25,57,0-0,oddsflow_beta,APIFOOTBALL,799,LOST,-799
2026-05-10,J1 League,Kashiwa Reysol,Kawasaki Frontale,,1X2,DRAW,0,2.2,57,0-0,oddsflow_beta,APIFOOTBALL,500,LOST,-500
2026-05-10,J1 League,JEF United Chiba,Machida Zelvia,,AH,HOME,1,2.35,15,0-1,oddsflow_core_strategy,APIFOOTBALL,200,VOID,0
2026-05-10,J1 League,JEF United Chiba,Machida Zelvia,,AH,HOME,1,2.375,25,0-1,oddsflow_handicap_sniper,APIFOOTBALL,653,VOID,0
2026-05-10,J1 League,JEF United Chiba,Machida Zelvia,,OU,UNDER,2.5,2.2,25,0-1,oddsflow_handicap_sniper,APIFOOTBALL,765,WON,918
2026-05-10,J1 League,JEF United Chiba,Machida Zelvia,,AH,HOME,1,2.375,25,0-1,oddsflow_active_trader,APIFOOTBALL,659,VOID,0
2026-05-10,J1 League,JEF United Chiba,Machida Zelvia,,OU,UNDER,2.5,2.2,25,0-1,oddsflow_active_trader,APIFOOTBALL,755,WON,906
2026-05-10,J1 League,Kashiwa Reysol,Kawasaki Frontale,,AH,AWAY,-1,2.15,74,1-0,oddsflow_handicap_sniper,APIFOOTBALL,695,WON,799.25
2026-05-10,J1 League,Kashiwa Reysol,Kawasaki Frontale,,AH,AWAY,-1,2.15,74,1-0,oddsflow_active_trader,APIFOOTBALL,695,WON,799.25
2026-05-10,Serie A,Hellas Verona,Como,,OU,UNDER,2.5,1.93,0,0-0,oddsflow_prematch_edge,APIFOOTBALL,292,WON,271.56
2026-05-10,Serie A,Hellas Verona,Como,,AH,AWAY,1,2.5,41,0-0,oddsflow_active_trader,APIFOOTBALL,500,VOID,0
2026-05-10,Serie A,Hellas Verona,Como,,OU,UNDER,1.5,2.2,41,0-0,oddsflow_active_trader,APIFOOTBALL,500,WON,600
2026-05-10,Serie A,Hellas Verona,Como,,AH,AWAY,1,2.5,41,0-0,oddsflow_core_strategy,APIFOOTBALL,200,VOID,0
2026-05-10,Serie A,Hellas Verona,Como,,AH,AWAY,1,2.5,41,0-0,oddsflow_handicap_sniper,APIFOOTBALL,500,VOID,0
2026-05-10,Serie A,Hellas Verona,Como,,OU,UNDER,1.5,2.2,41,0-0,oddsflow_handicap_sniper,APIFOOTBALL,500,WON,600
2026-05-10,Serie A,Hellas Verona,Como,,1X2,DRAW,0,3.2,41,0-0,oddsflow_handicap_sniper,APIFOOTBALL,500,LOST,-500
2026-05-10,Indian Super League,Kerala Blasters,Mohammedan,,AH,AWAY,-1,2.25,23,0-0,oddsflow_core_strategy,APIFOOTBALL,200,LOST,-200
2026-05-10,Indian Super League,Kerala Blasters,Mohammedan,,AH,AWAY,-1,2.25,25,0-0,oddsflow_handicap_sniper,APIFOOTBALL,672,LOST,-672
2026-05-10,Indian Super League,Kerala Blasters,Mohammedan,,1X2,DRAW,0,4.5,25,0-0,oddsflow_handicap_sniper,APIFOOTBALL,500,LOST,-500
2026-05-10,Indian Super League,Kerala Blasters,Mohammedan,,AH,AWAY,-1,2.25,25,0-0,oddsflow_active_trader,APIFOOTBALL,687,LOST,-687
2026-05-10,La Liga,Mallorca,Villarreal,,1X2,HOME,0,2.49,0,0-0,oddsflow_prematch_edge,APIFOOTBALL,200,LOST,-200
2026-05-10,Indian Super League,Kerala Blasters,Mohammedan,,AH,AWAY,-1,2.2,32,0-0,oddsflow_beta,APIFOOTBALL,750,LOST,-750
2026-05-10,Indian Super League,Kerala Blasters,Mohammedan,,OU,UNDER,2.5,1.727,32,0-0,oddsflow_beta,APIFOOTBALL,636,LOST,-636
2026-05-10,Indian Super League,Kerala Blasters,Mohammedan,,1X2,DRAW,0,4.333,32,0-0,oddsflow_beta,APIFOOTBALL,500,LOST,-500
2026-05-10,Indian Super League,Kerala Blasters,Mohammedan,,OU,UNDER,2.5,1.727,32,0-0,oddsflow_handicap_sniper,APIFOOTBALL,500,LOST,-500
2026-05-10,Indian Super League,Kerala Blasters,Mohammedan,,OU,UNDER,2.5,1.727,32,0-0,oddsflow_active_trader,APIFOOTBALL,642,LOST,-642
2026-05-10,Indian Super League,Kerala Blasters,Mohammedan,,AH,HOME,-0.5,2.375,44,0-1,oddsflow_active_trader,APIFOOTBALL,500,WON,687.5
2026-05-10,Indian Super League,Kerala Blasters,Mohammedan,,AH,HOME,-0.5,2.375,44,0-1,oddsflow_handicap_sniper,APIFOOTBALL,500,WON,687.5
2026-05-10,Indian Super League,Kerala Blasters,Mohammedan,,OU,UNDER,3.5,2.2,45,1-1,oddsflow_handicap_sniper,APIFOOTBALL,500,LOST,-500
2026-05-10,Indian Super League,Kerala Blasters,Mohammedan,,OU,UNDER,3.5,2.25,46,1-1,oddsflow_active_trader,APIFOOTBALL,500,LOST,-500
2026-05-10,La Liga,Mallorca,Villarreal,,AH,HOME,-0.5,2.425,15,0-0,oddsflow_core_strategy,APIFOOTBALL,200,LOST,-200
2026-05-10,Indian Super League,Kerala Blasters,Mohammedan,,1X2,DRAW,0,3.5,48,1-1,oddsflow_active_trader,APIFOOTBALL,500,LOST,-500
2026-05-10,Indian Super League,Kerala Blasters,Mohammedan,,OU,UNDER,3.5,2.1,48,1-1,oddsflow_beta,APIFOOTBALL,500,LOST,-500
2026-05-10,Indian Super League,Kerala Blasters,Mohammedan,,AH,AWAY,0,2.05,50,1-1,oddsflow_active_trader,APIFOOTBALL,500,LOST,-500
2026-05-10,Indian Super League,Kerala Blasters,Mohammedan,,AH,AWAY,0,2.05,50,1-1,oddsflow_beta,APIFOOTBALL,500,LOST,-500
2026-05-10,Indian Super League,Kerala Blasters,Mohammedan,,OU,OVER,2.5,1.5,50,1-1,oddsflow_beta,APIFOOTBALL,500,WON,250
2026-05-10,Indian Super League,Kerala Blasters,Mohammedan,,OU,OVER,2.5,1.533,50,1-1,oddsflow_active_trader,APIFOOTBALL,500,WON,266.5
2026-05-10,Indian Super League,Kerala Blasters,Mohammedan,,OU,OVER,2.5,2.375,50,1-1,oddsflow_core_strategy,APIFOOTBALL,500,WON,687.5
2026-05-10,La Liga,Mallorca,Villarreal,,AH,AWAY,0,2.15,25,0-0,oddsflow_handicap_sniper,APIFOOTBALL,500,VOID,0
2026-05-10,La Liga,Mallorca,Villarreal,,1X2,HOME,0,2.4,25,0-0,oddsflow_handicap_sniper,APIFOOTBALL,500,LOST,-500
2026-05-10,La Liga,Mallorca,Villarreal,,AH,AWAY,0,2.15,25,0-0,oddsflow_active_trader,APIFOOTBALL,500,VOID,0
2026-05-10,La Liga,Mallorca,Villarreal,,1X2,HOME,0,2.4,25,0-0,oddsflow_active_trader,APIFOOTBALL,500,LOST,-500
2026-05-10,La Liga,Mallorca,Villarreal,,OU,OVER,1.5,1.571,25,0-0,oddsflow_handicap_sniper,APIFOOTBALL,500,WON,285.5
2026-05-10,La Liga,Mallorca,Villarreal,,OU,OVER,1.5,1.571,26,0-0,oddsflow_active_trader,APIFOOTBALL,500,WON,285.5
2026-05-10,La Liga,Mallorca,Villarreal,,AH,HOME,0.5,2.075,34,0-1,oddsflow_handicap_sniper,APIFOOTBALL,500,WON,537.5
2026-05-10,La Liga,Mallorca,Villarreal,,AH,HOME,0.5,2.075,34,0-1,oddsflow_active_trader,APIFOOTBALL,501,WON,538.58
2026-05-10,Indian Super League,Kerala Blasters,Mohammedan,,AH,AWAY,-0.5,2.35,51,1-1,oddsflow_handicap_sniper,APIFOOTBALL,500,LOST,-500
2026-05-10,Indian Super League,Kerala Blasters,Mohammedan,,AH,AWAY,-0.5,2.35,51,1-1,oddsflow_beta,APIFOOTBALL,500,LOST,-500
2026-05-10,Indian Super League,Kerala Blasters,Mohammedan,,AH,AWAY,-0.5,2.35,52,1-1,oddsflow_active_trader,APIFOOTBALL,500,LOST,-500
2026-05-10,La Liga,Mallorca,Villarreal,,1X2,AWAY,0,1.727,44,0-1,oddsflow_active_trader,APIFOOTBALL,500,LOST,-500
2026-05-10,La Liga,Mallorca,Villarreal,,1X2,DRAW,0,2.625,49,1-1,oddsflow_handicap_sniper,APIFOOTBALL,500,WON,812.5
2026-05-10,Serie A,Cremonese,Pisa,,1X2,AWAY,0,4.79,0,0-0,oddsflow_prematch_edge,APIFOOTBALL,287,LOST,-287
2026-05-10,Premier League,Nottingham Forest,Newcastle United,,1X2,HOME,0,2.87,0,0-0,oddsflow_prematch_edge,APIFOOTBALL,296,LOST,-296
2026-05-10,Serie A,Cremonese,Pisa,,AH,AWAY,0,2.75,15,0-0,oddsflow_core_strategy,APIFOOTBALL,200,LOST,-200
2026-05-10,Premier League,Crystal Palace,Everton,,AH,HOME,0.5,2.35,15,0-1,oddsflow_core_strategy,APIFOOTBALL,200,WON,270
2026-05-10,Premier League,Burnley,Aston Villa,,AH,AWAY,0,1.85,15,1-0,oddsflow_core_strategy,APIFOOTBALL,200,WON,170
2026-05-10,Serie A,Fiorentina,Genoa,,AH,AWAY,0,2.5,15,0-0,oddsflow_core_strategy,APIFOOTBALL,200,VOID,0
2026-05-10,La Liga,Mallorca,Villarreal,,OU,UNDER,3.5,1.615,57,1-1,oddsflow_active_trader,APIFOOTBALL,500,WON,307.5
2026-05-10,La Liga,Mallorca,Villarreal,,1X2,DRAW,0,2.5,57,1-1,oddsflow_active_trader,APIFOOTBALL,500,WON,750
2026-05-10,Premier League,Crystal Palace,Everton,,AH,HOME,0.5,2.375,25,0-1,oddsflow_handicap_sniper,APIFOOTBALL,564,WON,775.5
2026-05-10,Premier League,Crystal Palace,Everton,,OU,UNDER,2.5,2.375,25,0-1,oddsflow_handicap_sniper,APIFOOTBALL,500,LOST,-500
2026-05-10,Premier League,Crystal Palace,Everton,,1X2,AWAY,0,1.571,25,0-1,oddsflow_handicap_sniper,APIFOOTBALL,500,LOST,-500
2026-05-10,Premier League,Crystal Palace,Everton,,AH,HOME,0.5,2.375,25,0-1,oddsflow_active_trader,APIFOOTBALL,568,WON,781
2026-05-10,Premier League,Crystal Palace,Everton,,OU,UNDER,2.5,2.375,25,0-1,oddsflow_active_trader,APIFOOTBALL,500,LOST,-500
2026-05-10,Premier League,Crystal Palace,Everton,,1X2,AWAY,0,1.571,25,0-1,oddsflow_active_trader,APIFOOTBALL,500,LOST,-500
2026-05-10,Premier League,Nottingham Forest,Newcastle United,,AH,HOME,0.5,1.8,24,0-0,oddsflow_core_strategy,APIFOOTBALL,200,WON,160
2026-05-10,Premier League,Nottingham Forest,Newcastle United,,AH,HOME,0.5,1.8,25,0-0,oddsflow_active_trader,APIFOOTBALL,500,WON,400
2026-05-10,Premier League,Nottingham Forest,Newcastle United,,AH,HOME,0.5,1.8,25,0-0,oddsflow_handicap_sniper,APIFOOTBALL,500,WON,400
2026-05-10,Premier League,Nottingham Forest,Newcastle United,,1X2,HOME,0,4,25,0-0,oddsflow_handicap_sniper,APIFOOTBALL,500,LOST,-500
2026-05-10,Premier League,Burnley,Aston Villa,,AH,AWAY,0,1.7,25,1-0,oddsflow_handicap_sniper,APIFOOTBALL,1149,WON,804.3
2026-05-10,Premier League,Burnley,Aston Villa,,AH,AWAY,0,1.7,25,1-0,oddsflow_active_trader,APIFOOTBALL,1134,WON,793.8
2026-05-10,Premier League,Nottingham Forest,Newcastle United,,1X2,HOME,0,4,26,0-0,oddsflow_active_trader,APIFOOTBALL,500,LOST,-500
2026-05-10,La Liga,Mallorca,Villarreal,,OU,OVER,2.5,1.8,62,1-1,oddsflow_active_trader,APIFOOTBALL,500,LOST,-500
2026-05-10,Serie A,Fiorentina,Genoa,,AH,AWAY,0,2.5,25,0-0,oddsflow_active_trader,APIFOOTBALL,500,VOID,0
2026-05-10,Serie A,Fiorentina,Genoa,,AH,AWAY,0,2.5,25,0-0,oddsflow_handicap_sniper,APIFOOTBALL,500,VOID,0
2026-05-10,Serie A,Fiorentina,Genoa,,1X2,DRAW,0,3,25,0-0,oddsflow_handicap_sniper,APIFOOTBALL,500,WON,1000
2026-05-10,Bundesliga,Hamburger SV,SC Freiburg,,1X2,HOME,0,2.82,0,0-0,oddsflow_prematch_edge,APIFOOTBALL,200,WON,364
2026-05-10,La Liga,Mallorca,Villarreal,,OU,OVER,2.5,1.533,64,1-1,oddsflow_handicap_sniper,APIFOOTBALL,500,LOST,-500
2026-05-10,La Liga,Mallorca,Villarreal,,OU,OVER,2.5,2.5,67,1-1,oddsflow_core_strategy,APIFOOTBALL,500,LOST,-500
2026-05-10,Premier League,Nottingham Forest,Newcastle United,,1X2,DRAW,0,2.875,33,0-0,oddsflow_handicap_sniper,APIFOOTBALL,500,WON,937.5
2026-05-10,Premier League,Crystal Palace,Everton,,AH,AWAY,0,1.95,33,0-1,oddsflow_active_trader,APIFOOTBALL,500,LOST,-500
2026-05-10,Premier League,Crystal Palace,Everton,,OU,UNDER,3.5,2,33,0-1,oddsflow_active_trader,APIFOOTBALL,500,LOST,-500
2026-05-10,Premier League,Crystal Palace,Everton,,AH,AWAY,0,1.95,33,0-1,oddsflow_handicap_sniper,APIFOOTBALL,500,LOST,-500
2026-05-10,Premier League,Crystal Palace,Everton,,OU,UNDER,3.5,2,33,0-1,oddsflow_handicap_sniper,APIFOOTBALL,504,LOST,-504
2026-05-10,Premier League,Crystal Palace,Everton,,1X2,DRAW,0,2.75,34,1-1,oddsflow_handicap_sniper,APIFOOTBALL,500,WON,875
2026-05-10,Premier League,Crystal Palace,Everton,,1X2,DRAW,0,2.75,36,1-1,oddsflow_active_trader,APIFOOTBALL,500,WON,875
2026-05-10,Premier League,Nottingham Forest,Newcastle United,,OU,UNDER,1.5,2.375,36,0-0,oddsflow_active_trader,APIFOOTBALL,500,LOST,-500
2026-05-10,Premier League,Nottingham Forest,Newcastle United,,OU,UNDER,2.5,1.5,37,0-0,oddsflow_active_trader,APIFOOTBALL,500,WON,250
2026-05-10,Premier League,Nottingham Forest,Newcastle United,,1X2,DRAW,0,3.2,40,0-0,oddsflow_active_trader,APIFOOTBALL,500,WON,1100
2026-05-10,Serie A,Fiorentina,Genoa,,1X2,DRAW,0,2.625,43,0-0,oddsflow_active_trader,APIFOOTBALL,500,WON,812.5
2026-05-10,Serie A,Fiorentina,Genoa,,OU,UNDER,1.5,1.727,43,0-0,oddsflow_active_trader,APIFOOTBALL,500,WON,363.5
2026-05-10,Serie A,Fiorentina,Genoa,,OU,UNDER,1.5,1.666,45,0-0,oddsflow_handicap_sniper,APIFOOTBALL,500,WON,333
2026-05-10,Premier League,Crystal Palace,Everton,,OU,OVER,2.5,1.727,47,1-1,oddsflow_active_trader,APIFOOTBALL,500,WON,363.5
2026-05-10,Bundesliga,Hamburger SV,SC Freiburg,,1X2,DRAW,0,3.2,25,1-1,oddsflow_handicap_sniper,APIFOOTBALL,500,LOST,-500
2026-05-10,Bundesliga,Hamburger SV,SC Freiburg,,AH,AWAY,0,1.7,28,1-1,oddsflow_handicap_sniper,APIFOOTBALL,500,LOST,-500
2026-05-10,Premier League,Crystal Palace,Everton,,OU,UNDER,4.5,1.727,47,1-1,oddsflow_handicap_sniper,APIFOOTBALL,707,WON,513.99
2026-05-10,Premier League,Nottingham Forest,Newcastle United,,OU,UNDER,1.5,1.727,50,0-0,oddsflow_handicap_sniper,APIFOOTBALL,500,LOST,-500
2026-05-10,Bundesliga,Hamburger SV,SC Freiburg,,OU,UNDER,3.5,2.3,40,1-1,oddsflow_handicap_sniper,APIFOOTBALL,500,LOST,-500
2026-05-10,Premier League,Crystal Palace,Everton,,AH,HOME,1,1.775,54,1-2,oddsflow_handicap_sniper,APIFOOTBALL,500,WON,387.5
2026-05-10,Premier League,Nottingham Forest,Newcastle United,,OU,OVER,0.5,1.533,64,0-0,oddsflow_handicap_sniper,APIFOOTBALL,500,WON,266.5
2026-05-10,Serie A,Fiorentina,Genoa,,OU,OVER,0.5,1.533,61,0-0,oddsflow_handicap_sniper,APIFOOTBALL,500,LOST,-500
2026-05-10,Serie A,Fiorentina,Genoa,,OU,OVER,0.5,1.533,61,0-0,oddsflow_active_trader,APIFOOTBALL,500,LOST,-500
2026-05-10,Premier League,Nottingham Forest,Newcastle United,,AH,HOME,1,2.4,75,0-0,oddsflow_handicap_sniper,APIFOOTBALL,500,WON,700
2026-05-10,Bundesliga,Hamburger SV,SC Freiburg,,AH,AWAY,-1,1.7,64,1-1,oddsflow_handicap_sniper,APIFOOTBALL,830,VOID,0
2026-05-10,Bundesliga,Hamburger SV,SC Freiburg,,OU,OVER,3.5,1.533,66,2-1,oddsflow_handicap_sniper,APIFOOTBALL,500,WON,266.5
2026-05-10,Bundesliga,Hamburger SV,SC Freiburg,,AH,AWAY,-0.5,2.75,67,2-1,oddsflow_handicap_sniper,APIFOOTBALL,500,WON,875
2026-05-10,Bundesliga,Hamburger SV,SC Freiburg,,AH,AWAY,-1.5,2.675,67,2-1,oddsflow_handicap_sniper,APIFOOTBALL,554,WON,927.95
2026-05-10,Bundesliga,Hamburger SV,SC Freiburg,,OU,UNDER,4.5,2.5,67,2-1,oddsflow_handicap_sniper,APIFOOTBALL,500,LOST,-500
2026-05-10,La Liga,Athletic Bilbao,Valencia,,1X2,AWAY,0,5.41,0,0-0,oddsflow_prematch_edge,APIFOOTBALL,210,WON,926.1
2026-05-10,Indian Super League,NorthEast United,Chennaiyin,,AH,AWAY,-1,1.925,28,1-0,oddsflow_handicap_sniper,APIFOOTBALL,1016,LOST,-1016
2026-05-10,Indian Super League,NorthEast United,Chennaiyin,,OU,UNDER,2.5,2.5,28,1-0,oddsflow_handicap_sniper,APIFOOTBALL,500,LOST,-500
2026-05-10,La Liga,Athletic Bilbao,Valencia,,AH,AWAY,-0.5,2.05,25,0-0,oddsflow_handicap_sniper,APIFOOTBALL,500,WON,525
2026-05-10,La Liga,Athletic Bilbao,Valencia,,OU,OVER,1.5,1.666,25,0-0,oddsflow_handicap_sniper,APIFOOTBALL,565,LOST,-565
2026-05-10,Eredivisie,Feyenoord,AZ Alkmaar,,OU,UNDER,3.25,2,0,0-0,oddsflow_prematch_edge,APIFOOTBALL,600,WON,600
2026-05-10,Eredivisie,Telstar,Heracles,,AH,HOME,-1.25,1.85,0,0-0,oddsflow_prematch_edge,APIFOOTBALL,534,WON,453.9
2026-05-10,Eredivisie,Ajax,Utrecht,,AH,HOME,-1,2.04,0,0-0,oddsflow_prematch_edge,APIFOOTBALL,858,LOST,-858
2026-05-10,Eredivisie,Excelsior,FC Volendam,,OU,OVER,3,1.99,0,0-0,oddsflow_prematch_edge,APIFOOTBALL,530,LOST,-530
2026-05-10,Eredivisie,Groningen,NEC Nijmegen,,AH,AWAY,0.25,2.07,0,0-0,oddsflow_prematch_edge,APIFOOTBALL,253,LOST,-253
2026-05-10,La Liga,Athletic Bilbao,Valencia,,AH,HOME,0,2.1,26,0-0,oddsflow_handicap_sniper,APIFOOTBALL,500,LOST,-500
2026-05-10,La Liga,Athletic Bilbao,Valencia,,1X2,HOME,0,2.875,26,0-0,oddsflow_handicap_sniper,APIFOOTBALL,500,LOST,-500
2026-05-10,La Liga,Athletic Bilbao,Valencia,,AH,AWAY,-0.5,1.925,41,0-0,oddsflow_active_trader,APIFOOTBALL,500,WON,462.5
2026-05-10,La Liga,Athletic Bilbao,Valencia,,AH,AWAY,-0.5,1.925,41,0-0,oddsflow_core_strategy,APIFOOTBALL,200,WON,185
2026-05-10,La Liga,Athletic Bilbao,Valencia,,OU,OVER,1.5,2.2,41,0-0,oddsflow_active_trader,APIFOOTBALL,500,LOST,-500
2026-05-10,Eredivisie,Feyenoord,AZ Alkmaar,,AH,HOME,0.5,1.8,15,0-1,oddsflow_core_strategy,APIFOOTBALL,200,WON,160
2026-05-10,Eredivisie,Groningen,NEC Nijmegen,,AH,AWAY,0,1.775,15,0-0,oddsflow_core_strategy,APIFOOTBALL,200,LOST,-200
2026-05-10,Eredivisie,Ajax,Utrecht,,AH,HOME,-1.5,2.425,15,0-0,oddsflow_core_strategy,APIFOOTBALL,200,LOST,-200
2026-05-10,Eredivisie,Telstar,Heracles,,AH,AWAY,-1,2.3,15,0-0,oddsflow_core_strategy,APIFOOTBALL,200,LOST,-200
2026-05-10,Eredivisie,Fortuna Sittard,PEC Zwolle,,AH,AWAY,0,2.75,16,0-0,oddsflow_core_strategy,APIFOOTBALL,200,LOST,-200
2026-05-10,Eredivisie,Go Ahead Eagles,PSV Eindhoven,,AH,HOME,0.5,1.775,15,0-0,oddsflow_core_strategy,APIFOOTBALL,200,LOST,-200
2026-05-10,Eredivisie,Excelsior,FC Volendam,,AH,HOME,0,2.05,21,0-1,oddsflow_core_strategy,APIFOOTBALL,200,WON,210
2026-05-10,Eredivisie,Groningen,NEC Nijmegen,,AH,AWAY,0,1.875,25,0-0,oddsflow_handicap_sniper,APIFOOTBALL,620,LOST,-620
2026-05-10,Eredivisie,Excelsior,FC Volendam,,AH,HOME,-0.5,2.75,25,0-1,oddsflow_handicap_sniper,APIFOOTBALL,671,WON,1174.25
2026-05-10,Eredivisie,Excelsior,FC Volendam,,OU,OVER,3.5,2.25,25,0-1,oddsflow_handicap_sniper,APIFOOTBALL,500,LOST,-500
2026-05-10,Eredivisie,Excelsior,FC Volendam,,1X2,HOME,0,2.875,25,0-1,oddsflow_handicap_sniper,APIFOOTBALL,500,LOST,-500
2026-05-10,Eredivisie,Groningen,NEC Nijmegen,,AH,AWAY,0,1.875,25,0-0,oddsflow_active_trader,APIFOOTBALL,610,LOST,-610
2026-05-10,Eredivisie,Excelsior,FC Volendam,,AH,HOME,-0.5,2.75,25,0-1,oddsflow_active_trader,APIFOOTBALL,668,WON,1169
2026-05-10,Eredivisie,Excelsior,FC Volendam,,OU,OVER,3.5,2.25,25,0-1,oddsflow_active_trader,APIFOOTBALL,500,LOST,-500
2026-05-10,Eredivisie,Excelsior,FC Volendam,,1X2,HOME,0,2.875,25,0-1,oddsflow_active_trader,APIFOOTBALL,500,LOST,-500
2026-05-10,Eredivisie,Fortuna Sittard,PEC Zwolle,,AH,AWAY,-1,2.25,25,1-0,oddsflow_active_trader,APIFOOTBALL,890,WON,1112.5
2026-05-10,Eredivisie,Feyenoord,AZ Alkmaar,,AH,HOME,0.5,1.725,25,0-1,oddsflow_active_trader,APIFOOTBALL,1137,WON,824.33
2026-05-10,Eredivisie,Fortuna Sittard,PEC Zwolle,,AH,AWAY,-1,2.25,25,1-0,oddsflow_handicap_sniper,APIFOOTBALL,885,WON,1106.25
2026-05-10,Eredivisie,Feyenoord,AZ Alkmaar,,AH,HOME,0.5,1.725,25,0-1,oddsflow_handicap_sniper,APIFOOTBALL,1141,WON,827.23
2026-05-10,Eredivisie,Fortuna Sittard,PEC Zwolle,,AH,AWAY,-1,2.25,25,1-0,oddsflow_beta,APIFOOTBALL,897,WON,1121.25
2026-05-10,Eredivisie,Groningen,NEC Nijmegen,,1X2,AWAY,0,2.6,26,0-0,oddsflow_handicap_sniper,APIFOOTBALL,500,LOST,-500
2026-05-10,Eredivisie,Telstar,Heracles,,AH,AWAY,-1,2.15,25,0-0,oddsflow_active_trader,APIFOOTBALL,500,LOST,-500
2026-05-10,Eredivisie,Groningen,NEC Nijmegen,,OU,UNDER,2.5,1.727,26,0-0,oddsflow_active_trader,APIFOOTBALL,500,LOST,-500
2026-05-10,Eredivisie,Telstar,Heracles,,OU,UNDER,3.5,1.615,25,0-0,oddsflow_active_trader,APIFOOTBALL,997,WON,613.16
2026-05-10,Eredivisie,Telstar,Heracles,,AH,HOME,-1.5,2.375,25,0-0,oddsflow_handicap_sniper,APIFOOTBALL,500,WON,687.5
2026-05-10,Eredivisie,Groningen,NEC Nijmegen,,OU,UNDER,2.5,1.727,26,0-0,oddsflow_handicap_sniper,APIFOOTBALL,500,LOST,-500
2026-05-10,Eredivisie,Telstar,Heracles,,1X2,HOME,0,1.5,25,0-0,oddsflow_handicap_sniper,APIFOOTBALL,1066,WON,533
2026-05-10,Eredivisie,Feyenoord,AZ Alkmaar,,OU,UNDER,3.5,1.727,27,0-1,oddsflow_handicap_sniper,APIFOOTBALL,500,WON,363.5
2026-05-10,Eredivisie,Feyenoord,AZ Alkmaar,,OU,UNDER,3.5,1.727,27,0-1,oddsflow_active_trader,APIFOOTBALL,500,WON,363.5
2026-05-10,Eredivisie,Fortuna Sittard,PEC Zwolle,,AH,AWAY,0,2.675,28,1-0,oddsflow_beta,APIFOOTBALL,500,VOID,0
2026-05-10,Eredivisie,Fortuna Sittard,PEC Zwolle,,OU,OVER,2.5,1.909,28,1-0,oddsflow_beta,APIFOOTBALL,628,WON,570.85
2026-05-10,Eredivisie,Fortuna Sittard,PEC Zwolle,,1X2,HOME,0,1.952,28,1-0,oddsflow_beta,APIFOOTBALL,500,WON,476
2026-05-10,Eredivisie,Fortuna Sittard,PEC Zwolle,,AH,AWAY,0,2.675,28,1-0,oddsflow_active_trader,APIFOOTBALL,500,VOID,0
2026-05-10,Eredivisie,Go Ahead Eagles,PSV Eindhoven,,AH,HOME,1.5,1.7,26,0-1,oddsflow_active_trader,APIFOOTBALL,1305,LOST,-1305
2026-05-10,Eredivisie,Fortuna Sittard,PEC Zwolle,,OU,OVER,2.5,1.833,28,1-0,oddsflow_active_trader,APIFOOTBALL,649,WON,540.62
2026-05-10,Eredivisie,Go Ahead Eagles,PSV Eindhoven,,OU,UNDER,3.5,2.2,26,0-1,oddsflow_active_trader,APIFOOTBALL,500,LOST,-500
2026-05-10,Eredivisie,Fortuna Sittard,PEC Zwolle,,1X2,HOME,0,1.952,28,1-0,oddsflow_active_trader,APIFOOTBALL,500,WON,476
2026-05-10,Eredivisie,Go Ahead Eagles,PSV Eindhoven,,AH,HOME,1.5,1.7,26,0-1,oddsflow_handicap_sniper,APIFOOTBALL,1297,LOST,-1297
2026-05-10,Eredivisie,Go Ahead Eagles,PSV Eindhoven,,OU,UNDER,3.5,2.2,26,0-1,oddsflow_handicap_sniper,APIFOOTBALL,500,LOST,-500
2026-05-10,Eredivisie,Go Ahead Eagles,PSV Eindhoven,,AH,HOME,0.5,1.95,26,0-1,oddsflow_active_trader,APIFOOTBALL,560,LOST,-560
2026-05-10,Eredivisie,Go Ahead Eagles,PSV Eindhoven,,1X2,AWAY,0,1.833,26,0-1,oddsflow_active_trader,APIFOOTBALL,500,WON,416.5
2026-05-10,Eredivisie,Go Ahead Eagles,PSV Eindhoven,,AH,HOME,0.5,1.95,26,0-1,oddsflow_handicap_sniper,APIFOOTBALL,545,LOST,-545
2026-05-10,Eredivisie,Go Ahead Eagles,PSV Eindhoven,,1X2,AWAY,0,1.833,26,0-1,oddsflow_handicap_sniper,APIFOOTBALL,500,WON,416.5
2026-05-10,Eredivisie,Go Ahead Eagles,PSV Eindhoven,,OU,UNDER,4.5,2.1,26,0-1,oddsflow_handicap_sniper,APIFOOTBALL,518,LOST,-518
2026-05-10,Eredivisie,Go Ahead Eagles,PSV Eindhoven,,OU,UNDER,4.5,2.1,26,0-1,oddsflow_active_trader,APIFOOTBALL,512,LOST,-512
2026-05-10,Eredivisie,Go Ahead Eagles,PSV Eindhoven,,1X2,DRAW,0,3.75,27,1-1,oddsflow_handicap_sniper,APIFOOTBALL,500,LOST,-500
2026-05-10,Eredivisie,Go Ahead Eagles,PSV Eindhoven,,1X2,DRAW,0,3.75,28,1-1,oddsflow_active_trader,APIFOOTBALL,500,LOST,-500
2026-05-10,Eredivisie,Telstar,Heracles,,OU,UNDER,2.5,1.727,29,0-0,oddsflow_handicap_sniper,APIFOOTBALL,500,LOST,-500
2026-05-10,Eredivisie,Telstar,Heracles,,AH,AWAY,-1,2,32,0-0,oddsflow_handicap_sniper,APIFOOTBALL,500,LOST,-500
2026-05-10,Eredivisie,FC Twente,Sparta Rotterdam,,AH,AWAY,-1,1.925,33,0-0,oddsflow_handicap_sniper,APIFOOTBALL,500,LOST,-500
2026-05-10,Eredivisie,FC Twente,Sparta Rotterdam,,OU,OVER,2.5,2.1,33,0-0,oddsflow_handicap_sniper,APIFOOTBALL,500,WON,550
2026-05-10,La Liga,Athletic Bilbao,Valencia,,AH,AWAY,0,2.75,47,0-0,oddsflow_handicap_sniper,APIFOOTBALL,500,WON,875
2026-05-10,Eredivisie,Groningen,NEC Nijmegen,,1X2,DRAW,0,3.1,37,0-0,oddsflow_handicap_sniper,APIFOOTBALL,500,LOST,-500
2026-05-10,Eredivisie,Groningen,NEC Nijmegen,,OU,UNDER,1.5,2.5,37,0-0,oddsflow_active_trader,APIFOOTBALL,500,LOST,-500
2026-05-10,Eredivisie,Groningen,NEC Nijmegen,,1X2,DRAW,0,3.25,40,0-0,oddsflow_active_trader,APIFOOTBALL,500,LOST,-500
2026-05-10,Eredivisie,Feyenoord,AZ Alkmaar,,OU,UNDER,2.5,2.5,41,0-1,oddsflow_handicap_sniper,APIFOOTBALL,500,WON,750
2026-05-10,Eredivisie,Feyenoord,AZ Alkmaar,,OU,UNDER,2.5,2.5,41,0-1,oddsflow_active_trader,APIFOOTBALL,500,WON,750
2026-05-10,Eredivisie,Groningen,NEC Nijmegen,,OU,UNDER,1.5,2.2,42,0-0,oddsflow_handicap_sniper,APIFOOTBALL,500,LOST,-500
2026-05-10,Bundesliga,1. FC Köln,1. FC Heidenheim,,1X2,HOME,0,2.1,0,0-0,oddsflow_prematch_edge,APIFOOTBALL,200,LOST,-200
2026-05-10,Eredivisie,Telstar,Heracles,,OU,UNDER,1.5,2.5,41,0-0,oddsflow_handicap_sniper,APIFOOTBALL,500,LOST,-500
2026-05-10,Eredivisie,Fortuna Sittard,PEC Zwolle,,OU,UNDER,3.5,1.5,44,1-0,oddsflow_handicap_sniper,APIFOOTBALL,500,LOST,-500
2026-05-10,Eredivisie,Ajax,Utrecht,,AH,HOME,-0.5,1.7,43,0-0,oddsflow_handicap_sniper,APIFOOTBALL,500,LOST,-500
2026-05-10,Eredivisie,Ajax,Utrecht,,1X2,HOME,0,1.727,43,0-0,oddsflow_handicap_sniper,APIFOOTBALL,500,LOST,-500
2026-05-10,Eredivisie,Ajax,Utrecht,,AH,HOME,-0.5,1.7,43,0-0,oddsflow_active_trader,APIFOOTBALL,500,LOST,-500
2026-05-10,Eredivisie,Ajax,Utrecht,,1X2,HOME,0,1.727,43,0-0,oddsflow_active_trader,APIFOOTBALL,500,LOST,-500
2026-05-10,Eredivisie,Groningen,NEC Nijmegen,,AH,AWAY,-0.5,2.35,47,0-0,oddsflow_handicap_sniper,APIFOOTBALL,500,LOST,-500
2026-05-10,La Liga,Athletic Bilbao,Valencia,,OU,OVER,0.5,1.533,58,0-0,oddsflow_handicap_sniper,APIFOOTBALL,500,WON,266.5
2026-05-10,Eredivisie,Telstar,Heracles,,AH,HOME,-0.5,1.7,47,0-0,oddsflow_handicap_sniper,APIFOOTBALL,500,WON,350
2026-05-10,Eredivisie,Feyenoord,AZ Alkmaar,,1X2,AWAY,0,1.952,48,0-1,oddsflow_handicap_sniper,APIFOOTBALL,500,LOST,-500
2026-05-10,Eredivisie,Groningen,NEC Nijmegen,,1X2,HOME,0,1.615,49,1-0,oddsflow_handicap_sniper,APIFOOTBALL,500,WON,307.5
2026-05-10,La Liga,Athletic Bilbao,Valencia,,1X2,DRAW,0,1.727,70,0-0,oddsflow_handicap_sniper,APIFOOTBALL,500,LOST,-500
2026-05-10,Eredivisie,Feyenoord,AZ Alkmaar,,1X2,AWAY,0,2.05,48,0-1,oddsflow_active_trader,APIFOOTBALL,500,LOST,-500
2026-05-10,La Liga,Athletic Bilbao,Valencia,,AH,HOME,0.5,2.5,71,0-0,oddsflow_handicap_sniper,APIFOOTBALL,500,LOST,-500
2026-05-10,La Liga,Athletic Bilbao,Valencia,,OU,UNDER,1.5,2,71,0-0,oddsflow_handicap_sniper,APIFOOTBALL,544,WON,544
2026-05-10,La Liga,Athletic Bilbao,Valencia,,1X2,AWAY,0,1.5,73,0-1,oddsflow_handicap_sniper,APIFOOTBALL,500,WON,250
2026-05-10,Eredivisie,Ajax,Utrecht,,OU,OVER,1.5,1.727,47,0-0,oddsflow_handicap_sniper,APIFOOTBALL,500,WON,363.5
2026-05-10,Eredivisie,FC Twente,Sparta Rotterdam,,AH,AWAY,-0.5,2.35,52,0-0,oddsflow_handicap_sniper,APIFOOTBALL,500,LOST,-500
2026-05-10,Eredivisie,Ajax,Utrecht,,OU,OVER,1.5,1.8,49,0-0,oddsflow_active_trader,APIFOOTBALL,500,WON,400
2026-05-10,Serie A,Parma,AS Roma,,AH,HOME,1,2.07,0,0-0,oddsflow_prematch_edge,APIFOOTBALL,343,VOID,0
2026-05-10,Eredivisie,Feyenoord,AZ Alkmaar,,OU,UNDER,4.5,1.615,53,0-1,oddsflow_active_trader,APIFOOTBALL,900,WON,553.5
2026-05-10,Eredivisie,Feyenoord,AZ Alkmaar,,AH,AWAY,0,2.6,54,0-1,oddsflow_active_trader,APIFOOTBALL,500,LOST,-500
2026-05-10,Eredivisie,FC Twente,Sparta Rotterdam,,OU,UNDER,3.5,1.666,59,1-0,oddsflow_handicap_sniper,APIFOOTBALL,731,LOST,-731
2026-05-10,Eredivisie,Feyenoord,AZ Alkmaar,,AH,AWAY,0,2.675,57,0-1,oddsflow_handicap_sniper,APIFOOTBALL,500,LOST,-500
2026-05-10,Eredivisie,Feyenoord,AZ Alkmaar,,1X2,DRAW,0,2.5,58,1-1,oddsflow_handicap_sniper,APIFOOTBALL,500,WON,750
2026-05-10,Eredivisie,Go Ahead Eagles,PSV Eindhoven,,AH,HOME,1,2.25,56,1-2,oddsflow_handicap_sniper,APIFOOTBALL,500,LOST,-500
2026-05-10,Eredivisie,Telstar,Heracles,,AH,AWAY,-0.5,2.2,54,0-0,oddsflow_handicap_sniper,APIFOOTBALL,500,LOST,-500
2026-05-10,Eredivisie,Ajax,Utrecht,,OU,OVER,0.5,1.533,68,0-0,oddsflow_active_trader,APIFOOTBALL,500,WON,266.5
2026-05-10,Eredivisie,Ajax,Utrecht,,OU,OVER,0.5,1.533,68,0-0,oddsflow_handicap_sniper,APIFOOTBALL,500,WON,266.5
2026-05-10,Eredivisie,Excelsior,FC Volendam,,OU,OVER,2.5,1.8,70,1-1,oddsflow_handicap_sniper,APIFOOTBALL,500,LOST,-500
2026-05-10,Eredivisie,Excelsior,FC Volendam,,OU,UNDER,3.5,1.833,70,1-1,oddsflow_core_strategy,APIFOOTBALL,500,WON,416.5
2026-05-10,Eredivisie,Excelsior,FC Volendam,,AH,AWAY,-0.5,1.925,70,1-1,oddsflow_active_trader,APIFOOTBALL,500,WON,462.5
2026-05-10,Eredivisie,Excelsior,FC Volendam,,1X2,DRAW,0,2.875,70,1-1,oddsflow_active_trader,APIFOOTBALL,500,WON,937.5
2026-05-10,Eredivisie,Excelsior,FC Volendam,,AH,AWAY,0,2.75,70,1-1,oddsflow_handicap_sniper,APIFOOTBALL,500,VOID,0
2026-05-10,Eredivisie,Excelsior,FC Volendam,,OU,UNDER,3.5,2,70,1-1,oddsflow_active_trader,APIFOOTBALL,500,WON,500
2026-05-10,Eredivisie,Excelsior,FC Volendam,,AH,AWAY,0,1.725,70,1-1,oddsflow_active_trader,APIFOOTBALL,500,VOID,0
2026-05-10,Eredivisie,Telstar,Heracles,,1X2,DRAW,0,2.875,57,0-0,oddsflow_handicap_sniper,APIFOOTBALL,500,LOST,-500
2026-05-10,Eredivisie,Ajax,Utrecht,,1X2,DRAW,0,2,73,0-0,oddsflow_handicap_sniper,APIFOOTBALL,500,LOST,-500
2026-05-10,Eredivisie,Ajax,Utrecht,,1X2,DRAW,0,1.909,75,0-0,oddsflow_active_trader,APIFOOTBALL,500,LOST,-500
2026-05-10,Eredivisie,Ajax,Utrecht,,AH,HOME,0.5,2.5,83,0-1,oddsflow_handicap_sniper,APIFOOTBALL,500,WON,750
2026-05-10,Eredivisie,Ajax,Utrecht,,1X2,AWAY,0,1.5,83,0-1,oddsflow_handicap_sniper,APIFOOTBALL,500,WON,250
2026-05-10,Eredivisie,Ajax,Utrecht,,OU,UNDER,2.5,1.5,84,0-1,oddsflow_handicap_sniper,APIFOOTBALL,522,LOST,-522
2026-05-10,Eredivisie,Groningen,NEC Nijmegen,,OU,UNDER,4.5,1.5,85,2-1,oddsflow_handicap_sniper,APIFOOTBALL,500,WON,250
2026-05-10,Bundesliga,1. FC Köln,1. FC Heidenheim,,AH,HOME,0.5,2.15,48,1-2,oddsflow_handicap_sniper,APIFOOTBALL,842,LOST,-842
2026-05-10,Bundesliga,1. FC Köln,1. FC Heidenheim,,OU,UNDER,4.5,2.3,49,1-2,oddsflow_handicap_sniper,APIFOOTBALL,500,WON,650
2026-05-10,Premier League,West Ham,Arsenal,,AH,AWAY,1,2.75,49,0-0,oddsflow_handicap_sniper,APIFOOTBALL,500,VOID,0
2026-05-10,Premier League,West Ham,Arsenal,,AH,AWAY,1,2.75,49,0-0,oddsflow_core_strategy,APIFOOTBALL,200,VOID,0
2026-05-10,Premier League,West Ham,Arsenal,,AH,HOME,0.5,2.05,49,0-0,oddsflow_active_trader,APIFOOTBALL,500,LOST,-500
2026-05-10,Premier League,West Ham,Arsenal,,AH,HOME,0.5,2.025,50,0-0,oddsflow_handicap_sniper,APIFOOTBALL,500,LOST,-500
2026-05-10,Premier League,West Ham,Arsenal,,1X2,DRAW,0,2.75,51,0-0,oddsflow_handicap_sniper,APIFOOTBALL,500,LOST,-500
2026-05-10,Bundesliga,1. FC Köln,1. FC Heidenheim,,AH,HOME,0.5,2,67,1-2,oddsflow_active_trader,APIFOOTBALL,924,LOST,-924
2026-05-10,Bundesliga,1. FC Köln,1. FC Heidenheim,,OU,UNDER,5.5,1.666,67,1-2,oddsflow_active_trader,APIFOOTBALL,1379,WON,918.41
2026-05-10,Bundesliga,1. FC Köln,1. FC Heidenheim,,1X2,AWAY,0,1.833,67,1-2,oddsflow_active_trader,APIFOOTBALL,500,WON,416.5
2026-05-10,Bundesliga,1. FC Köln,1. FC Heidenheim,,1X2,AWAY,0,1.5,67,1-2,oddsflow_handicap_sniper,APIFOOTBALL,500,WON,250
2026-05-10,Bundesliga,1. FC Köln,1. FC Heidenheim,,AH,HOME,0.5,1.925,67,1-2,oddsflow_core_strategy,APIFOOTBALL,200,LOST,-200
2026-05-10,Bundesliga,1. FC Köln,1. FC Heidenheim,,AH,AWAY,0,2.3,70,1-2,oddsflow_active_trader,APIFOOTBALL,500,WON,650
2026-05-10,Bundesliga,1. FC Köln,1. FC Heidenheim,,OU,UNDER,4.5,2,71,1-2,oddsflow_active_trader,APIFOOTBALL,501,WON,501
2026-05-10,Premier League,West Ham,Arsenal,,1X2,DRAW,0,1.615,82,0-0,oddsflow_active_trader,APIFOOTBALL,500,LOST,-500
2026-05-10,Serie A,Parma,AS Roma,,1X2,DRAW,0,2.05,69,1-1,oddsflow_active_trader,APIFOOTBALL,500,LOST,-500
2026-05-10,Serie A,Parma,AS Roma,,1X2,DRAW,0,2,69,1-1,oddsflow_handicap_sniper,APIFOOTBALL,500,LOST,-500
2026-05-10,Primeira Liga,AVS,FC Porto,,AH,HOME,1.75,2.02,0,0-0,oddsflow_prematch_edge,APIFOOTBALL,1136,WON,1158.72
2026-05-10,La Liga,Oviedo,Getafe,,OU,OVER,1.75,1.87,0,0-0,oddsflow_prematch_edge,APIFOOTBALL,420,LOST,-420
2026-05-10,La Liga,Oviedo,Getafe,,AH,AWAY,0,1.725,29,0-0,oddsflow_handicap_sniper,APIFOOTBALL,500,VOID,0
2026-05-10,Saudi Pro League,Al Riyadh,Al-Fateh,,AH,AWAY,0,2.1,51,0-0,oddsflow_handicap_sniper,APIFOOTBALL,742,LOST,-742
2026-05-10,La Liga,Oviedo,Getafe,,OU,OVER,1.5,2.5,29,0-0,oddsflow_handicap_sniper,APIFOOTBALL,500,LOST,-500
2026-05-10,Saudi Pro League,Al Riyadh,Al-Fateh,,1X2,AWAY,0,3.2,51,0-0,oddsflow_handicap_sniper,APIFOOTBALL,500,LOST,-500
2026-05-10,Saudi Pro League,Al Riyadh,Al-Fateh,,OU,OVER,1.5,1.833,47,0-0,oddsflow_handicap_sniper,APIFOOTBALL,500,LOST,-500
2026-05-10,La Liga,Oviedo,Getafe,,OU,OVER,0.5,1.533,42,0-0,oddsflow_handicap_sniper,APIFOOTBALL,500,LOST,-500
2026-05-10,Saudi Pro League,Al Riyadh,Al-Fateh,,AH,AWAY,-1,2.15,48,1-0,oddsflow_handicap_sniper,APIFOOTBALL,671,WON,771.65
2026-05-10,Saudi Pro League,Al Riyadh,Al-Fateh,,OU,OVER,2.5,1.8,48,1-0,oddsflow_handicap_sniper,APIFOOTBALL,500,LOST,-500
2026-05-10,Saudi Pro League,Al Riyadh,Al-Fateh,,AH,AWAY,-0.5,2.75,49,1-0,oddsflow_handicap_sniper,APIFOOTBALL,500,WON,875
2026-05-10,Bundesliga,Mainz 05,Union Berlin,,AH,HOME,-0.75,1.93,0,0-0,oddsflow_prematch_edge,APIFOOTBALL,732,LOST,-732
2026-05-10,Primeira Liga,AVS,FC Porto,,AH,AWAY,1,2.6,25,1-0,oddsflow_handicap_sniper,APIFOOTBALL,500,LOST,-500
2026-05-10,La Liga,Oviedo,Getafe,,OU,OVER,0.5,1.666,49,0-0,oddsflow_active_trader,APIFOOTBALL,500,LOST,-500
2026-05-10,Primeira Liga,AVS,FC Porto,,AH,AWAY,1,2.675,28,1-0,oddsflow_active_trader,APIFOOTBALL,500,LOST,-500
2026-05-10,Saudi Pro League,Al Riyadh,Al-Fateh,,AH,AWAY,-1,2.075,65,1-0,oddsflow_active_trader,APIFOOTBALL,1205,WON,1295.38
2026-05-10,La Liga,Oviedo,Getafe,,OU,OVER,0.5,1.666,49,0-0,oddsflow_beta,APIFOOTBALL,500,LOST,-500
2026-05-10,Saudi Pro League,Al Riyadh,Al-Fateh,,OU,UNDER,2.5,1.615,65,1-0,oddsflow_active_trader,APIFOOTBALL,500,WON,307.5
2026-05-10,Primeira Liga,AVS,FC Porto,,AH,AWAY,1,2.675,28,1-0,oddsflow_core_strategy,APIFOOTBALL,200,LOST,-200
2026-05-10,Saudi Pro League,Al Riyadh,Al-Fateh,,OU,UNDER,2.5,1.727,65,1-0,oddsflow_core_strategy,APIFOOTBALL,500,WON,363.5
2026-05-10,Primeira Liga,AVS,FC Porto,,OU,UNDER,3.5,1.727,28,1-0,oddsflow_handicap_sniper,APIFOOTBALL,724,LOST,-724
2026-05-10,Primeira Liga,AVS,FC Porto,,OU,UNDER,3.5,1.727,28,1-0,oddsflow_active_trader,APIFOOTBALL,736,LOST,-736
2026-05-10,Saudi Pro League,Al Riyadh,Al-Fateh,,AH,AWAY,-0.5,2.75,67,1-0,oddsflow_active_trader,APIFOOTBALL,539,WON,943.25
2026-05-10,Saudi Pro League,Al Riyadh,Al-Fateh,,AH,AWAY,0,2.15,68,1-0,oddsflow_active_trader,APIFOOTBALL,678,VOID,0
2026-05-10,Saudi Pro League,Al Riyadh,Al-Fateh,,OU,OVER,1.5,1.833,68,1-0,oddsflow_active_trader,APIFOOTBALL,500,LOST,-500
2026-05-10,Saudi Pro League,Al Riyadh,Al-Fateh,,1X2,HOME,0,2.5,68,1-0,oddsflow_active_trader,APIFOOTBALL,500,WON,750
2026-05-10,Saudi Pro League,Al Riyadh,Al-Fateh,,AH,AWAY,0,2.1,73,1-0,oddsflow_core_strategy,APIFOOTBALL,200,VOID,0
2026-05-10,Primeira Liga,AVS,FC Porto,,OU,UNDER,2.5,2.5,40,1-0,oddsflow_handicap_sniper,APIFOOTBALL,500,LOST,-500
2026-05-10,Primeira Liga,AVS,FC Porto,,AH,AWAY,0.5,2.2,42,1-0,oddsflow_handicap_sniper,APIFOOTBALL,500,LOST,-500
2026-05-10,Primeira Liga,AVS,FC Porto,,OU,UNDER,2.5,2,46,1-0,oddsflow_active_trader,APIFOOTBALL,500,LOST,-500
2026-05-10,Primeira Liga,AVS,FC Porto,,AH,AWAY,0.5,2.3,47,1-0,oddsflow_active_trader,APIFOOTBALL,500,LOST,-500
2026-05-10,Bundesliga,Mainz 05,Union Berlin,,AH,HOME,0.5,1.825,40,0-1,oddsflow_core_strategy,APIFOOTBALL,200,LOST,-200
2026-05-10,Bundesliga,Mainz 05,Union Berlin,,AH,HOME,0.5,1.825,40,0-1,oddsflow_active_trader,APIFOOTBALL,1101,LOST,-1101
2026-05-10,Bundesliga,Mainz 05,Union Berlin,,AH,HOME,0.5,1.825,41,0-1,oddsflow_beta,APIFOOTBALL,1117,LOST,-1117
2026-05-10,Bundesliga,Mainz 05,Union Berlin,,1X2,HOME,0,3.6,41,0-1,oddsflow_beta,APIFOOTBALL,500,LOST,-500
2026-05-10,Bundesliga,Mainz 05,Union Berlin,,AH,HOME,0.5,1.825,41,0-1,oddsflow_handicap_sniper,APIFOOTBALL,1115,LOST,-1115
2026-05-10,Bundesliga,Mainz 05,Union Berlin,,1X2,HOME,0,3.6,41,0-1,oddsflow_handicap_sniper,APIFOOTBALL,500,LOST,-500
2026-05-10,Primeira Liga,AVS,FC Porto,,AH,AWAY,0,1.7,49,1-0,oddsflow_handicap_sniper,APIFOOTBALL,866,LOST,-866
2026-05-10,Primeira Liga,AVS,FC Porto,,AH,AWAY,0,1.8,50,1-0,oddsflow_active_trader,APIFOOTBALL,833,LOST,-833
2026-05-10,Bundesliga,Mainz 05,Union Berlin,,OU,UNDER,3.5,1.5,47,0-1,oddsflow_beta,APIFOOTBALL,500,LOST,-500
2026-05-10,Bundesliga,Mainz 05,Union Berlin,,OU,UNDER,3.5,1.5,48,0-1,oddsflow_active_trader,APIFOOTBALL,500,LOST,-500
2026-05-10,Bundesliga,Mainz 05,Union Berlin,,OU,UNDER,2.5,2.375,50,0-1,oddsflow_beta,APIFOOTBALL,500,LOST,-500
2026-05-10,Bundesliga,Mainz 05,Union Berlin,,OU,UNDER,2.5,2.375,51,0-1,oddsflow_active_trader,APIFOOTBALL,500,LOST,-500
2026-05-10,Bundesliga,Mainz 05,Union Berlin,,OU,UNDER,2.5,2.3,52,0-1,oddsflow_handicap_sniper,APIFOOTBALL,500,LOST,-500
2026-05-10,Primeira Liga,AVS,FC Porto,,OU,UNDER,4.5,1.615,60,2-1,oddsflow_active_trader,APIFOOTBALL,565,WON,347.48
2026-05-10,Primeira Liga,AVS,FC Porto,,1X2,HOME,0,2.5,60,2-1,oddsflow_active_trader,APIFOOTBALL,500,WON,750
2026-05-10,Primeira Liga,AVS,FC Porto,,OU,UNDER,4.5,1.615,60,2-1,oddsflow_handicap_sniper,APIFOOTBALL,575,WON,353.63
2026-05-10,Primeira Liga,AVS,FC Porto,,1X2,HOME,0,2.5,60,2-1,oddsflow_handicap_sniper,APIFOOTBALL,500,WON,750
2026-05-10,Primeira Liga,AVS,FC Porto,,OU,OVER,3.5,2.1,62,2-1,oddsflow_active_trader,APIFOOTBALL,500,WON,550
2026-05-10,Bundesliga,Mainz 05,Union Berlin,,1X2,AWAY,0,1.909,57,0-1,oddsflow_active_trader,APIFOOTBALL,500,WON,454.5
2026-05-10,Primeira Liga,AVS,FC Porto,,OU,OVER,3.5,2.1,65,2-1,oddsflow_beta,APIFOOTBALL,586,WON,644.6
2026-05-10,Primeira Liga,AVS,FC Porto,,AH,AWAY,0,1.9,65,2-1,oddsflow_beta,APIFOOTBALL,917,LOST,-917
2026-05-10,Primeira Liga,AVS,FC Porto,,OU,UNDER,4.5,1.571,66,2-1,oddsflow_beta,APIFOOTBALL,710,WON,405.41
2026-05-10,Primeira Liga,AVS,FC Porto,,1X2,HOME,0,2.375,66,2-1,oddsflow_beta,APIFOOTBALL,500,WON,687.5
2026-05-10,Serie A,AC Milan,Atalanta,,OU,UNDER,2.5,2,0,0-0,oddsflow_prematch_edge,APIFOOTBALL,518,LOST,-518
2026-05-10,Bundesliga,Mainz 05,Union Berlin,,AH,AWAY,0,2.75,47,0-1,oddsflow_handicap_sniper,APIFOOTBALL,500,WON,875
2026-05-10,Bundesliga,Mainz 05,Union Berlin,,OU,UNDER,3.5,2.1,47,0-1,oddsflow_handicap_sniper,APIFOOTBALL,500,LOST,-500
2026-05-10,Bundesliga,Mainz 05,Union Berlin,,AH,HOME,-0.5,2.05,49,1-1,oddsflow_active_trader,APIFOOTBALL,500,LOST,-500
2026-05-10,Bundesliga,Mainz 05,Union Berlin,,1X2,HOME,0,2.05,49,1-1,oddsflow_active_trader,APIFOOTBALL,500,LOST,-500
2026-05-10,Bundesliga,Mainz 05,Union Berlin,,AH,HOME,-0.5,2.05,49,1-1,oddsflow_handicap_sniper,APIFOOTBALL,500,LOST,-500
2026-05-10,Bundesliga,Mainz 05,Union Berlin,,AH,HOME,-0.5,2.05,49,1-1,oddsflow_beta,APIFOOTBALL,500,LOST,-500
2026-05-10,Saudi Pro League,Al-Ittihad FC,Damac,,AH,AWAY,-1.5,1.95,48,1-0,oddsflow_active_trader,APIFOOTBALL,1145,WON,1087.75
2026-05-10,Saudi Pro League,Al-Ittihad FC,Damac,,OU,UNDER,2.5,2,48,1-0,oddsflow_active_trader,APIFOOTBALL,839,LOST,-839
2026-05-10,Saudi Pro League,Al-Ittihad FC,Damac,,AH,AWAY,-1.5,1.95,48,1-0,oddsflow_handicap_sniper,APIFOOTBALL,1136,WON,1079.2
2026-05-10,Saudi Pro League,Al-Ittihad FC,Damac,,OU,UNDER,2.5,2,48,1-0,oddsflow_handicap_sniper,APIFOOTBALL,831,LOST,-831
2026-05-10,Saudi Pro League,Al-Ittihad FC,Damac,,AH,AWAY,-1.5,1.95,48,1-0,oddsflow_core_strategy,APIFOOTBALL,200,WON,190
2026-05-10,Bundesliga,Mainz 05,Union Berlin,,AH,AWAY,0,2.75,53,1-1,oddsflow_beta,APIFOOTBALL,500,WON,875
2026-05-10,Bundesliga,Mainz 05,Union Berlin,,AH,AWAY,0,2.75,53,1-1,oddsflow_active_trader,APIFOOTBALL,500,WON,875
2026-05-10,Bundesliga,Mainz 05,Union Berlin,,AH,AWAY,-1,2.5,57,1-1,oddsflow_handicap_sniper,APIFOOTBALL,500,WON,750
2026-05-10,Bundesliga,Mainz 05,Union Berlin,,OU,UNDER,4.5,1.666,57,1-1,oddsflow_handicap_sniper,APIFOOTBALL,601,WON,400.27
2026-05-10,Bundesliga,Mainz 05,Union Berlin,,1X2,DRAW,0,5,57,1-1,oddsflow_handicap_sniper,APIFOOTBALL,500,LOST,-500
2026-05-10,Bundesliga,Mainz 05,Union Berlin,,AH,AWAY,-1,2.425,58,2-1,oddsflow_active_trader,APIFOOTBALL,507,WON,722.47
2026-05-10,Bundesliga,Mainz 05,Union Berlin,,OU,UNDER,4.5,1.727,58,2-1,oddsflow_active_trader,APIFOOTBALL,500,WON,363.5
2026-05-10,Bundesliga,Mainz 05,Union Berlin,,OU,OVER,3.5,2.375,59,2-1,oddsflow_core_strategy,APIFOOTBALL,500,WON,687.5
2026-05-10,Bundesliga,Mainz 05,Union Berlin,,AH,AWAY,-0.5,1.725,59,2-1,oddsflow_active_trader,APIFOOTBALL,500,WON,362.5
2026-05-10,Bundesliga,Mainz 05,Union Berlin,,OU,OVER,3.5,2.375,59,2-1,oddsflow_active_trader,APIFOOTBALL,500,WON,687.5
2026-05-10,Bundesliga,Mainz 05,Union Berlin,,AH,AWAY,-0.5,1.725,59,2-1,oddsflow_handicap_sniper,APIFOOTBALL,500,WON,362.5
2026-05-10,Bundesliga,Mainz 05,Union Berlin,,OU,OVER,3.5,2.375,59,2-1,oddsflow_handicap_sniper,APIFOOTBALL,500,WON,687.5
2026-05-10,La Liga,Barcelona,Real Madrid,,OU,UNDER,3.5,1.98,0,0-0,oddsflow_prematch_edge,APIFOOTBALL,416,WON,407.68
2026-05-10,Ligue 1,Auxerre,Nice,,1X2,HOME,0,2.45,0,0-0,oddsflow_prematch_edge,APIFOOTBALL,289,WON,419.05
2026-05-10,Ligue 1,Le Havre,Marseille,,1X2,HOME,0,3.54,0,0-0,oddsflow_prematch_edge,APIFOOTBALL,481,LOST,-481
2026-05-10,Ligue 1,Metz,Lorient,,1X2,AWAY,0,2.27,0,0-0,oddsflow_prematch_edge,APIFOOTBALL,498,WON,632.46
2026-05-10,Brasileirão Série A,Clube do Remo,Palmeiras,,OU,UNDER,2.5,1.84,0,0-0,oddsflow_prematch_edge,APIFOOTBALL,871,WON,731.64
2026-05-10,Ligue 1,Angers,Strasbourg,,1X2,AWAY,0,2.59,0,0-0,oddsflow_prematch_edge,APIFOOTBALL,456,LOST,-456
2026-05-10,Ligue 1,Paris Saint-Germain,Brest,,OU,OVER,3.5,1.85,0,0-0,oddsflow_prematch_edge,APIFOOTBALL,200,LOST,-200
2026-05-10,Ligue 1,Monaco,Lille,,OU,UNDER,3,1.85,0,0-0,oddsflow_prematch_edge,APIFOOTBALL,228,WON,193.8
2026-05-10,Ligue 1,Rennes,Paris FC,,AH,AWAY,-1,2.01,0,0-0,oddsflow_prematch_edge,APIFOOTBALL,564,VOID,0
2026-05-10,Ligue 1,Toulouse,Lyon,,OU,OVER,2.75,1.98,0,0-0,oddsflow_prematch_edge,APIFOOTBALL,200,HALF_WON,98
2026-05-10,Brasileirão Série A,Atletico Mineiro,Botafogo,,1X2,AWAY,0,3.52,0,0-0,oddsflow_prematch_edge,APIFOOTBALL,373,LOST,-373
2026-05-10,Bundesliga,Mainz 05,Union Berlin,,1X2,DRAW,0,2.25,67,1-1,oddsflow_active_trader,APIFOOTBALL,500,LOST,-500
2026-05-10,Bundesliga,Mainz 05,Union Berlin,,1X2,DRAW,0,2.25,67,1-1,oddsflow_beta,APIFOOTBALL,500,LOST,-500
2026-05-10,Serie A,AC Milan,Atalanta,,AH,HOME,0.5,2.05,20,0-1,oddsflow_core_strategy,APIFOOTBALL,200,WON,210
2026-05-10,Bundesliga,Mainz 05,Union Berlin,,OU,OVER,2.5,1.533,70,1-1,oddsflow_handicap_sniper,APIFOOTBALL,500,WON,266.5
2026-05-10,Bundesliga,Mainz 05,Union Berlin,,OU,OVER,2.5,1.533,71,1-1,oddsflow_active_trader,APIFOOTBALL,500,WON,266.5
2026-05-10,Serie A,AC Milan,Atalanta,,AH,HOME,0.5,2.05,25,0-1,oddsflow_active_trader,APIFOOTBALL,769,WON,807.45
2026-05-10,Serie A,AC Milan,Atalanta,,OU,UNDER,3.5,1.5,25,0-1,oddsflow_active_trader,APIFOOTBALL,609,LOST,-609
2026-05-10,Serie A,AC Milan,Atalanta,,1X2,AWAY,0,1.727,25,0-1,oddsflow_active_trader,APIFOOTBALL,500,WON,363.5
2026-05-10,Serie A,AC Milan,Atalanta,,AH,HOME,0.5,2.05,25,0-1,oddsflow_beta,APIFOOTBALL,754,WON,791.7
2026-05-10,Serie A,AC Milan,Atalanta,,OU,UNDER,3.5,1.5,25,0-1,oddsflow_beta,APIFOOTBALL,613,LOST,-613
2026-05-10,Serie A,AC Milan,Atalanta,,1X2,AWAY,0,1.727,25,0-1,oddsflow_beta,APIFOOTBALL,500,WON,363.5
2026-05-10,Serie A,AC Milan,Atalanta,,AH,HOME,0.5,2.075,25,0-1,oddsflow_handicap_sniper,APIFOOTBALL,730,WON,784.75
2026-05-10,Serie A,AC Milan,Atalanta,,OU,UNDER,3.5,1.5,25,0-1,oddsflow_handicap_sniper,APIFOOTBALL,623,LOST,-623
2026-05-10,Serie A,AC Milan,Atalanta,,1X2,AWAY,0,1.727,25,0-1,oddsflow_handicap_sniper,APIFOOTBALL,500,WON,363.5
2026-05-10,Serie A,AC Milan,Atalanta,,OU,UNDER,2.5,2.375,26,0-1,oddsflow_handicap_sniper,APIFOOTBALL,500,LOST,-500
2026-05-10,Serie A,AC Milan,Atalanta,,OU,UNDER,2.5,2.375,27,0-1,oddsflow_beta,APIFOOTBALL,500,LOST,-500
2026-05-10,Serie A,AC Milan,Atalanta,,OU,UNDER,2.5,2.375,27,0-1,oddsflow_active_trader,APIFOOTBALL,500,LOST,-500
2026-05-10,Ligue 1,Metz,Lorient,,AH,AWAY,0,1.75,15,0-0,oddsflow_core_strategy,APIFOOTBALL,200,WON,150
2026-05-10,Ligue 1,Angers,Strasbourg,,AH,AWAY,0,1.875,15,0-0,oddsflow_core_strategy,APIFOOTBALL,200,VOID,0
2026-05-10,Saudi Pro League,Al-Ittihad FC,Damac,,AH,AWAY,-1,2.75,56,1-0,oddsflow_handicap_sniper,APIFOOTBALL,648,WON,1134
2026-05-10,Ligue 1,Metz,Lorient,,AH,AWAY,0,1.8,25,0-0,oddsflow_active_trader,APIFOOTBALL,759,WON,607.2
2026-05-10,Ligue 1,Metz,Lorient,,1X2,AWAY,0,2.5,25,0-0,oddsflow_active_trader,APIFOOTBALL,500,WON,750
2026-05-10,Ligue 1,Metz,Lorient,,AH,AWAY,0,1.725,25,0-0,oddsflow_handicap_sniper,APIFOOTBALL,813,WON,589.43
2026-05-10,Ligue 1,Toulouse,Lyon,,AH,AWAY,0,2.25,25,1-0,oddsflow_handicap_sniper,APIFOOTBALL,847,VOID,0
2026-05-10,Ligue 1,Metz,Lorient,,1X2,AWAY,0,2.4,25,0-0,oddsflow_handicap_sniper,APIFOOTBALL,500,WON,700
2026-05-10,Ligue 1,Toulouse,Lyon,,AH,AWAY,0,2.25,25,1-0,oddsflow_active_trader,APIFOOTBALL,853,VOID,0
2026-05-10,Ligue 1,Metz,Lorient,,OU,UNDER,3.5,1.666,25,0-0,oddsflow_active_trader,APIFOOTBALL,638,LOST,-638
2026-05-10,Ligue 1,Rennes,Paris FC,,AH,AWAY,-1,1.85,25,0-0,oddsflow_handicap_sniper,APIFOOTBALL,776,VOID,0
2026-05-10,Ligue 1,Rennes,Paris FC,,AH,AWAY,-1,1.85,25,0-0,oddsflow_active_trader,APIFOOTBALL,784,VOID,0
2026-05-10,Ligue 1,Auxerre,Nice,,AH,HOME,0.5,2.25,25,0-1,oddsflow_handicap_sniper,APIFOOTBALL,779,WON,973.75
2026-05-10,Ligue 1,Monaco,Lille,,AH,AWAY,0,1.775,25,0-0,oddsflow_handicap_sniper,APIFOOTBALL,500,WON,387.5
2026-05-10,Ligue 1,Monaco,Lille,,AH,AWAY,0,1.775,25,0-0,oddsflow_active_trader,APIFOOTBALL,500,WON,387.5
2026-05-10,Ligue 1,Auxerre,Nice,,AH,HOME,0.5,2.25,25,0-1,oddsflow_active_trader,APIFOOTBALL,782,WON,977.5
2026-05-10,Brasileirão Série A,Atletico Mineiro,Botafogo,,AH,AWAY,-1,2.025,25,1-0,oddsflow_handicap_sniper,APIFOOTBALL,998,WON,1022.95
2026-05-10,Brasileirão Série A,Atletico Mineiro,Botafogo,,OU,OVER,2.5,1.666,25,1-0,oddsflow_handicap_sniper,APIFOOTBALL,850,LOST,-850
2026-05-10,Ligue 1,Angers,Strasbourg,,AH,AWAY,0,1.9,25,0-0,oddsflow_active_trader,APIFOOTBALL,701,VOID,0
2026-05-10,Ligue 1,Angers,Strasbourg,,OU,UNDER,2.5,1.5,25,0-0,oddsflow_active_trader,APIFOOTBALL,607,WON,303.5
2026-05-10,Ligue 1,Angers,Strasbourg,,AH,AWAY,0,1.9,25,0-0,oddsflow_handicap_sniper,APIFOOTBALL,709,VOID,0
2026-05-10,Ligue 1,Angers,Strasbourg,,OU,UNDER,2.5,1.5,25,0-0,oddsflow_handicap_sniper,APIFOOTBALL,632,WON,316
2026-05-10,Ligue 1,Angers,Strasbourg,,1X2,DRAW,0,3,25,0-0,oddsflow_handicap_sniper,APIFOOTBALL,500,WON,1000
2026-05-10,Ligue 1,Metz,Lorient,,AH,HOME,0.5,2.5,26,0-1,oddsflow_active_trader,APIFOOTBALL,500,LOST,-500
2026-05-10,Ligue 1,Metz,Lorient,,AH,HOME,0.5,2.425,26,0-1,oddsflow_handicap_sniper,APIFOOTBALL,500,LOST,-500
2026-05-10,Ligue 1,Le Havre,Marseille,,AH,HOME,0.5,1.75,26,0-0,oddsflow_active_trader,APIFOOTBALL,600,LOST,-600
2026-05-10,Ligue 1,Le Havre,Marseille,,1X2,HOME,0,3.6,26,0-0,oddsflow_active_trader,APIFOOTBALL,500,LOST,-500
2026-05-10,Ligue 1,Auxerre,Nice,,AH,HOME,-0.5,2.5,26,0-1,oddsflow_handicap_sniper,APIFOOTBALL,500,WON,750
2026-05-10,Ligue 1,Le Havre,Marseille,,AH,HOME,0.5,1.725,26,0-0,oddsflow_handicap_sniper,APIFOOTBALL,575,LOST,-575
2026-05-10,Ligue 1,Auxerre,Nice,,OU,UNDER,3.5,2.375,26,0-1,oddsflow_handicap_sniper,APIFOOTBALL,516,WON,709.5
2026-05-10,Ligue 1,Le Havre,Marseille,,1X2,HOME,0,3.5,26,0-0,oddsflow_handicap_sniper,APIFOOTBALL,500,LOST,-500
2026-05-10,Ligue 1,Toulouse,Lyon,,OU,UNDER,3.5,2,27,1-0,oddsflow_active_trader,APIFOOTBALL,500,WON,500
2026-05-10,Ligue 1,Toulouse,Lyon,,AH,AWAY,1,2.675,28,1-0,oddsflow_active_trader,APIFOOTBALL,500,LOST,-500
2026-05-10,Ligue 1,Toulouse,Lyon,,OU,OVER,2.5,1.909,28,1-0,oddsflow_active_trader,APIFOOTBALL,500,WON,454.5
2026-05-10,Ligue 1,Auxerre,Nice,,AH,AWAY,0,2.1,27,1-1,oddsflow_active_trader,APIFOOTBALL,500,LOST,-500
2026-05-10,Ligue 1,Le Havre,Marseille,,OU,UNDER,2.5,1.615,27,0-0,oddsflow_active_trader,APIFOOTBALL,500,WON,307.5
2026-05-10,Ligue 1,Auxerre,Nice,,AH,AWAY,0,2.05,28,1-1,oddsflow_handicap_sniper,APIFOOTBALL,500,LOST,-500
2026-05-10,Ligue 1,Le Havre,Marseille,,OU,UNDER,2.5,1.615,28,0-0,oddsflow_handicap_sniper,APIFOOTBALL,500,WON,307.5
2026-05-10,Ligue 1,Rennes,Paris FC,,OU,UNDER,2.5,2,29,0-0,oddsflow_active_trader,APIFOOTBALL,500,LOST,-500
2026-05-10,Ligue 1,Angers,Strasbourg,,OU,UNDER,1.5,2.5,28,0-0,oddsflow_handicap_sniper,APIFOOTBALL,500,LOST,-500
2026-05-10,Ligue 1,Angers,Strasbourg,,OU,UNDER,1.5,2.5,28,0-0,oddsflow_active_trader,APIFOOTBALL,500,LOST,-500
2026-05-10,Ligue 1,Toulouse,Lyon,,1X2,HOME,0,2.2,32,1-0,oddsflow_handicap_sniper,APIFOOTBALL,500,WON,600
2026-05-10,Ligue 1,Monaco,Lille,,OU,UNDER,2.5,1.5,32,0-0,oddsflow_active_trader,APIFOOTBALL,500,WON,250
2026-05-10,Ligue 1,Auxerre,Nice,,1X2,HOME,0,2.875,32,1-1,oddsflow_handicap_sniper,APIFOOTBALL,500,WON,937.5
2026-05-10,Saudi Pro League,Al-Ittihad FC,Damac,,1X2,HOME,0,2.5,72,1-0,oddsflow_handicap_sniper,APIFOOTBALL,536,WON,804
2026-05-10,Ligue 1,Angers,Strasbourg,,1X2,DRAW,0,2.875,33,0-0,oddsflow_active_trader,APIFOOTBALL,500,WON,937.5
2026-05-10,Saudi Pro League,Al-Ittihad FC,Damac,,1X2,DRAW,0,1.8,74,1-1,oddsflow_handicap_sniper,APIFOOTBALL,500,LOST,-500
2026-05-10,Ligue 1,Monaco,Lille,,1X2,DRAW,0,3,34,0-0,oddsflow_handicap_sniper,APIFOOTBALL,500,LOST,-500
2026-05-10,Ligue 1,Auxerre,Nice,,1X2,DRAW,0,2.75,36,1-1,oddsflow_handicap_sniper,APIFOOTBALL,500,LOST,-500
2026-05-10,Ligue 1,Monaco,Lille,,1X2,DRAW,0,3.2,37,0-0,oddsflow_active_trader,APIFOOTBALL,500,LOST,-500
2026-05-10,Ligue 1,Metz,Lorient,,OU,UNDER,2.5,2.3,42,0-1,oddsflow_active_trader,APIFOOTBALL,500,LOST,-500
2026-05-10,Ligue 1,Rennes,Paris FC,,AH,AWAY,-0.5,2.2,43,0-0,oddsflow_handicap_sniper,APIFOOTBALL,500,LOST,-500
2026-05-10,Ligue 1,Rennes,Paris FC,,OU,UNDER,2.5,1.5,43,0-0,oddsflow_handicap_sniper,APIFOOTBALL,725,LOST,-725
2026-05-10,Ligue 1,Rennes,Paris FC,,1X2,DRAW,0,3.5,43,0-0,oddsflow_handicap_sniper,APIFOOTBALL,500,LOST,-500
2026-05-10,Ligue 1,Le Havre,Marseille,,1X2,DRAW,0,2.875,43,0-0,oddsflow_handicap_sniper,APIFOOTBALL,500,LOST,-500
2026-05-10,Ligue 1,Le Havre,Marseille,,OU,UNDER,1.5,2,44,0-0,oddsflow_active_trader,APIFOOTBALL,500,WON,500
2026-05-10,Ligue 1,Le Havre,Marseille,,1X2,DRAW,0,2.875,44,0-0,oddsflow_active_trader,APIFOOTBALL,500,LOST,-500
2026-05-10,Ligue 1,Toulouse,Lyon,,OU,UNDER,2.5,2.2,45,1-0,oddsflow_handicap_sniper,APIFOOTBALL,500,LOST,-500
2026-05-10,Ligue 1,Rennes,Paris FC,,OU,UNDER,1.5,2.375,45,0-0,oddsflow_handicap_sniper,APIFOOTBALL,500,LOST,-500
2026-05-10,Ligue 1,Toulouse,Lyon,,AH,AWAY,-0.5,1.875,48,1-0,oddsflow_handicap_sniper,APIFOOTBALL,569,WON,497.88
2026-05-10,Ligue 1,Metz,Lorient,,OU,UNDER,2.5,2,48,0-1,oddsflow_handicap_sniper,APIFOOTBALL,500,LOST,-500
2026-05-10,Ligue 1,Metz,Lorient,,AH,HOME,1,1.925,49,0-1,oddsflow_handicap_sniper,APIFOOTBALL,500,LOST,-500
2026-05-10,Ligue 1,Auxerre,Nice,,OU,UNDER,3.5,1.615,50,1-1,oddsflow_active_trader,APIFOOTBALL,500,WON,307.5
2026-05-10,Ligue 1,Auxerre,Nice,,1X2,DRAW,0,2.4,50,1-1,oddsflow_active_trader,APIFOOTBALL,500,LOST,-500
2026-05-10,Ligue 1,Le Havre,Marseille,,OU,UNDER,1.5,1.727,51,0-0,oddsflow_handicap_sniper,APIFOOTBALL,500,WON,363.5
2026-05-10,Ligue 1,Rennes,Paris FC,,AH,HOME,0.5,1.725,53,0-0,oddsflow_handicap_sniper,APIFOOTBALL,500,WON,362.5
2026-05-10,Ligue 1,Rennes,Paris FC,,1X2,AWAY,0,2.1,54,0-1,oddsflow_handicap_sniper,APIFOOTBALL,500,LOST,-500
2026-05-10,Ligue 1,Le Havre,Marseille,,AH,HOME,1,2.15,55,0-0,oddsflow_handicap_sniper,APIFOOTBALL,500,VOID,0
2026-05-10,Ligue 1,Auxerre,Nice,,OU,OVER,2.5,1.533,60,1-1,oddsflow_handicap_sniper,APIFOOTBALL,500,WON,266.5
2026-05-10,Ligue 1,Auxerre,Nice,,OU,UNDER,3.5,2.1,65,1-1,oddsflow_core_strategy,APIFOOTBALL,500,WON,550
2026-05-10,Ligue 1,Metz,Lorient,,OU,OVER,1.5,1.533,66,0-1,oddsflow_handicap_sniper,APIFOOTBALL,500,WON,266.5
2026-05-10,Ligue 1,Le Havre,Marseille,,OU,OVER,1.5,1.533,66,0-1,oddsflow_handicap_sniper,APIFOOTBALL,500,LOST,-500
2026-05-10,Ligue 1,Monaco,Lille,,OU,OVER,0.5,1.533,63,0-0,oddsflow_handicap_sniper,APIFOOTBALL,500,WON,266.5
2026-05-10,Brasileirão Série A,Atletico Mineiro,Botafogo,,OU,OVER,1.5,1.533,64,1-0,oddsflow_handicap_sniper,APIFOOTBALL,500,WON,266.5
2026-05-10,Ligue 1,Auxerre,Nice,,AH,AWAY,-1,1.925,70,1-1,oddsflow_handicap_sniper,APIFOOTBALL,759,VOID,0
2026-05-10,Ligue 1,Le Havre,Marseille,,1X2,AWAY,0,2.375,71,0-1,oddsflow_handicap_sniper,APIFOOTBALL,500,WON,687.5
2026-05-10,Ligue 1,Toulouse,Lyon,,1X2,DRAW,0,1.909,73,1-1,oddsflow_handicap_sniper,APIFOOTBALL,500,LOST,-500
2026-05-10,Ligue 1,Auxerre,Nice,,1X2,HOME,0,2.5,74,2-1,oddsflow_active_trader,APIFOOTBALL,500,WON,750
2026-05-10,Ligue 1,Monaco,Lille,,AH,HOME,1,1.775,73,0-1,oddsflow_handicap_sniper,APIFOOTBALL,501,WON,388.28
2026-05-10,Ligue 1,Toulouse,Lyon,,OU,UNDER,3.5,2,78,1-1,oddsflow_handicap_sniper,APIFOOTBALL,500,WON,500
2026-05-10,Primeira Liga,Alverca,Estoril,,OU,UNDER,2.75,1.93,0,0-0,oddsflow_prematch_edge,APIFOOTBALL,1202,WON,1117.86
2026-05-10,Primeira Liga,Alverca,Estoril,,AH,AWAY,-0.5,2.25,27,1-0,oddsflow_handicap_sniper,APIFOOTBALL,523,WON,653.75
2026-05-10,Primeira Liga,Alverca,Estoril,,OU,UNDER,2.5,2.5,27,1-0,oddsflow_handicap_sniper,APIFOOTBALL,500,WON,750
2026-05-10,Primeira Liga,Alverca,Estoril,,1X2,HOME,0,1.666,27,1-0,oddsflow_handicap_sniper,APIFOOTBALL,644,LOST,-644
2026-05-10,Primeira Liga,Alverca,Estoril,,AH,AWAY,0,1.725,47,1-1,oddsflow_handicap_sniper,APIFOOTBALL,500,VOID,0
2026-05-10,Primeira Liga,Alverca,Estoril,,1X2,DRAW,0,2.625,47,1-1,oddsflow_handicap_sniper,APIFOOTBALL,500,WON,812.5
2026-05-10,Primeira Liga,Alverca,Estoril,,OU,UNDER,3.5,1.727,50,1-1,oddsflow_handicap_sniper,APIFOOTBALL,525,WON,381.68
2026-05-10,Primeira Liga,Alverca,Estoril,,AH,AWAY,0,1.9,66,1-1,oddsflow_active_trader,APIFOOTBALL,825,VOID,0
2026-05-10,Primeira Liga,Alverca,Estoril,,1X2,DRAW,0,2.05,66,1-1,oddsflow_active_trader,APIFOOTBALL,500,WON,525
2026-05-10,Brasileirão Série A,Santos,RB Bragantino,,AH,AWAY,-0.25,2.06,0,0-0,oddsflow_prematch_edge,APIFOOTBALL,536,LOST,-536
2026-05-10,Brasileirão Série A,Corinthians,Sao Paulo,,1X2,AWAY,0,4.34,0,0-0,oddsflow_prematch_edge,APIFOOTBALL,294,LOST,-294
2026-05-10,Brasileirão Série A,Mirassol,Chapecoense,,AH,AWAY,-1.25,1.83,0,0-0,oddsflow_prematch_edge,APIFOOTBALL,314,WON,260.62
2026-05-10,Brasileirão Série A,Gremio,Flamengo,,OU,UNDER,2.25,1.98,0,0-0,oddsflow_prematch_edge,APIFOOTBALL,1137,WON,1114.26
2026-05-10,Brasileirão Série A,Santos,RB Bragantino,,AH,AWAY,-1,2.025,67,1-0,oddsflow_active_trader,APIFOOTBALL,1218,VOID,0
2026-05-10,Brasileirão Série A,Santos,RB Bragantino,,AH,AWAY,-1,2.025,67,1-0,oddsflow_handicap_sniper,APIFOOTBALL,1217,VOID,0
2026-05-10,Brasileirão Série A,Corinthians,Sao Paulo,,AH,AWAY,0,2.675,51,1-1,oddsflow_beta,APIFOOTBALL,528,LOST,-528
2026-05-10,Brasileirão Série A,Corinthians,Sao Paulo,,1X2,DRAW,0,2.2,51,1-1,oddsflow_beta,APIFOOTBALL,500,LOST,-500
2026-05-10,Brasileirão Série A,Corinthians,Sao Paulo,,AH,AWAY,0,2.675,51,1-1,oddsflow_active_trader,APIFOOTBALL,533,LOST,-533
2026-05-10,Brasileirão Série A,Corinthians,Sao Paulo,,AH,AWAY,0,2.675,51,1-1,oddsflow_handicap_sniper,APIFOOTBALL,532,LOST,-532
2026-05-10,Brasileirão Série A,Corinthians,Sao Paulo,,1X2,DRAW,0,2.2,51,1-1,oddsflow_handicap_sniper,APIFOOTBALL,500,LOST,-500
2026-05-10,Brasileirão Série A,Corinthians,Sao Paulo,,AH,AWAY,-1,2.3,51,1-1,oddsflow_handicap_sniper,APIFOOTBALL,737,VOID,0
2026-05-10,Brasileirão Série A,Mirassol,Chapecoense,,OU,OVER,0.5,1.666,66,0-0,oddsflow_handicap_sniper,APIFOOTBALL,500,WON,333
2026-05-10,Brasileirão Série A,Mirassol,Chapecoense,,1X2,DRAW,0,1.952,66,0-0,oddsflow_handicap_sniper,APIFOOTBALL,500,WON,476
2026-05-10,Brasileirão Série A,Mirassol,Chapecoense,,OU,OVER,0.5,1.666,68,0-0,oddsflow_active_trader,APIFOOTBALL,500,WON,333
2026-05-10,Brasileirão Série A,Mirassol,Chapecoense,,1X2,DRAW,0,1.952,68,0-0,oddsflow_active_trader,APIFOOTBALL,500,WON,476
2026-05-10,Brasileirão Série A,Corinthians,Sao Paulo,,AH,AWAY,-1,2.3,53,2-1,oddsflow_beta,APIFOOTBALL,778,WON,1011.4
2026-05-10,Brasileirão Série A,Corinthians,Sao Paulo,,AH,AWAY,-1,2.35,53,2-1,oddsflow_active_trader,APIFOOTBALL,1010,WON,1363.5
2026-05-10,Brasileirão Série A,Mirassol,Chapecoense,,OU,OVER,0.5,1.727,69,0-0,oddsflow_beta,APIFOOTBALL,520,WON,378.04
2026-05-10,Brasileirão Série A,Mirassol,Chapecoense,,1X2,DRAW,0,1.909,69,0-0,oddsflow_beta,APIFOOTBALL,500,WON,454.5
2026-05-10,Brasileirão Série A,Corinthians,Sao Paulo,,OU,OVER,3.5,1.533,57,2-1,oddsflow_handicap_sniper,APIFOOTBALL,500,WON,266.5
2026-05-10,Brasileirão Série A,Mirassol,Chapecoense,,AH,AWAY,-1,2.675,74,1-0,oddsflow_handicap_sniper,APIFOOTBALL,690,WON,1155.75
2026-05-10,Brasileirão Série A,Mirassol,Chapecoense,,AH,AWAY,-1,2.675,74,1-0,oddsflow_active_trader,APIFOOTBALL,691,WON,1157.43
2026-05-10,Brasileirão Série A,Mirassol,Chapecoense,,AH,AWAY,-1,2.675,74,1-0,oddsflow_beta,APIFOOTBALL,690,WON,1155.75
2026-05-10,Brasileirão Série A,Vasco da Gama,Atletico Paranaense,,AH,AWAY,-0.5,2.01,0,0-0,oddsflow_prematch_edge,APIFOOTBALL,1099,LOST,-1099
2026-05-11,Eredivisie,NAC Breda,Heerenveen,,AH,AWAY,0,1.95,0,0-0,oddsflow_prematch_edge,APIFOOTBALL,1500,LOST,-1500
2026-05-11,Eredivisie,NAC Breda,Heerenveen,,AH,AWAY,0,2,16,0-0,oddsflow_core_strategy,APIFOOTBALL,200,LOST,-200
2026-05-11,Eredivisie,NAC Breda,Heerenveen,,AH,AWAY,0,2.15,25,0-0,oddsflow_active_trader,APIFOOTBALL,986,LOST,-986
2026-05-11,Eredivisie,NAC Breda,Heerenveen,,AH,AWAY,0,2.15,25,0-0,oddsflow_beta,APIFOOTBALL,1001,LOST,-1001
2026-05-11,Eredivisie,NAC Breda,Heerenveen,,OU,UNDER,2.5,1.727,25,0-0,oddsflow_active_trader,APIFOOTBALL,667,WON,484.91
2026-05-11,Eredivisie,NAC Breda,Heerenveen,,OU,UNDER,2.5,1.727,25,0-0,oddsflow_beta,APIFOOTBALL,657,WON,477.64
2026-05-11,Eredivisie,NAC Breda,Heerenveen,,1X2,AWAY,0,3,25,0-0,oddsflow_active_trader,APIFOOTBALL,500,LOST,-500
2026-05-11,Eredivisie,NAC Breda,Heerenveen,,1X2,AWAY,0,3,25,0-0,oddsflow_beta,APIFOOTBALL,500,LOST,-500
2026-05-11,Eredivisie,NAC Breda,Heerenveen,,AH,AWAY,0,2.15,25,0-0,oddsflow_handicap_sniper,APIFOOTBALL,987,LOST,-987
2026-05-11,Eredivisie,NAC Breda,Heerenveen,,OU,UNDER,2.5,1.727,25,0-0,oddsflow_handicap_sniper,APIFOOTBALL,648,WON,471.1
2026-05-11,Eredivisie,NAC Breda,Heerenveen,,1X2,AWAY,0,3,25,0-0,oddsflow_handicap_sniper,APIFOOTBALL,500,LOST,-500
2026-05-11,Eredivisie,NAC Breda,Heerenveen,,OU,UNDER,1.5,2.5,36,0-0,oddsflow_handicap_sniper,APIFOOTBALL,500,LOST,-500
2026-05-11,Eredivisie,NAC Breda,Heerenveen,,AH,AWAY,-0.5,2.675,36,0-0,oddsflow_handicap_sniper,APIFOOTBALL,500,LOST,-500
2026-05-11,Eredivisie,NAC Breda,Heerenveen,,1X2,DRAW,0,4,36,0-0,oddsflow_handicap_sniper,APIFOOTBALL,500,LOST,-500
2026-05-11,Eredivisie,NAC Breda,Heerenveen,,OU,UNDER,3.5,1.533,37,1-0,oddsflow_active_trader,APIFOOTBALL,500,WON,266.5
2026-05-11,Eredivisie,NAC Breda,Heerenveen,,OU,UNDER,3.5,1.533,37,1-0,oddsflow_beta,APIFOOTBALL,523,WON,278.76
2026-05-11,Eredivisie,NAC Breda,Heerenveen,,1X2,DRAW,0,3.5,37,1-0,oddsflow_beta,APIFOOTBALL,500,LOST,-500
2026-05-11,Eredivisie,NAC Breda,Heerenveen,,OU,UNDER,3.5,1.5,37,1-0,oddsflow_handicap_sniper,APIFOOTBALL,502,WON,251
2026-05-11,Eredivisie,NAC Breda,Heerenveen,,AH,AWAY,-1,2.025,41,1-0,oddsflow_handicap_sniper,APIFOOTBALL,760,VOID,0
2026-05-11,Eredivisie,NAC Breda,Heerenveen,,OU,OVER,1.5,1.571,70,1-0,oddsflow_handicap_sniper,APIFOOTBALL,500,WON,285.5
2026-05-11,Eredivisie,NAC Breda,Heerenveen,,AH,AWAY,-1.5,2.675,73,1-0,oddsflow_handicap_sniper,APIFOOTBALL,557,WON,932.97
2026-05-11,Saudi Pro League,NEOM,Al Shabab,,AH,AWAY,-1,2.025,25,1-0,oddsflow_active_trader,APIFOOTBALL,500,WON,512.5
2026-05-11,Saudi Pro League,NEOM,Al Shabab,,OU,OVER,3.5,1.909,25,1-0,oddsflow_active_trader,APIFOOTBALL,500,LOST,-500
2026-05-11,Saudi Pro League,NEOM,Al Shabab,,AH,AWAY,-1,2.025,25,1-0,oddsflow_handicap_sniper,APIFOOTBALL,500,WON,512.5
2026-05-11,Saudi Pro League,NEOM,Al Shabab,,OU,OVER,3.5,1.909,25,1-0,oddsflow_handicap_sniper,APIFOOTBALL,500,LOST,-500
2026-05-11,Saudi Pro League,NEOM,Al Shabab,,OU,OVER,2.5,1.5,37,1-0,oddsflow_handicap_sniper,APIFOOTBALL,583,WON,291.5
2026-05-11,Saudi Pro League,NEOM,Al Shabab,,OU,OVER,2.5,1.5,37,1-0,oddsflow_active_trader,APIFOOTBALL,548,WON,274
2026-05-11,Saudi Pro League,NEOM,Al Shabab,,OU,UNDER,3.5,2.2,46,1-0,oddsflow_handicap_sniper,APIFOOTBALL,500,WON,600
2026-05-11,Saudi Pro League,Al Taawon,Al-Ahli Jeddah,,AH,HOME,0.5,2.75,25,0-1,oddsflow_handicap_sniper,APIFOOTBALL,585,WON,1023.75
2026-05-11,Saudi Pro League,Al Taawon,Al-Ahli Jeddah,,OU,OVER,3.5,2.375,25,0-1,oddsflow_handicap_sniper,APIFOOTBALL,500,LOST,-500
2026-05-11,Saudi Pro League,Al Taawon,Al-Ahli Jeddah,,AH,HOME,0.5,2.75,25,0-1,oddsflow_active_trader,APIFOOTBALL,567,WON,992.25
2026-05-11,Saudi Pro League,Al Taawon,Al-Ahli Jeddah,,OU,OVER,3.5,2.375,25,0-1,oddsflow_active_trader,APIFOOTBALL,500,LOST,-500
2026-05-11,Saudi Pro League,Al Taawon,Al-Ahli Jeddah,,OU,OVER,2.5,1.5,25,0-1,oddsflow_handicap_sniper,APIFOOTBALL,534,WON,267
2026-05-11,Saudi Pro League,Al Taawon,Al-Ahli Jeddah,,OU,OVER,2.5,1.5,25,0-1,oddsflow_active_trader,APIFOOTBALL,576,WON,288
2026-05-11,Saudi Pro League,Al Taawon,Al-Ahli Jeddah,,AH,HOME,1,2.025,36,0-1,oddsflow_handicap_sniper,APIFOOTBALL,508,WON,520.7
2026-05-11,Saudi Pro League,Al Taawon,Al-Ahli Jeddah,,AH,HOME,1,2.025,37,0-1,oddsflow_active_trader,APIFOOTBALL,502,WON,514.55
2026-05-11,La Liga,Rayo Vallecano,Girona,,1X2,HOME,0,2.49,0,0-0,oddsflow_prematch_edge,APIFOOTBALL,200,LOST,-200
2026-05-11,Premier League,Tottenham Hotspur,Leeds United,,1X2,AWAY,0,4.43,0,0-0,oddsflow_prematch_edge,APIFOOTBALL,497,LOST,-497
2026-05-11,Serie A,Napoli,Bologna,,AH,HOME,-0.5,2.5,25,0-1,oddsflow_handicap_sniper,APIFOOTBALL,534,LOST,-534
2026-05-11,Serie A,Napoli,Bologna,,OU,OVER,2.5,1.533,25,0-1,oddsflow_handicap_sniper,APIFOOTBALL,530,WON,282.49
2026-05-11,Serie A,Napoli,Bologna,,AH,HOME,-0.5,2.5,25,0-1,oddsflow_active_trader,APIFOOTBALL,520,LOST,-520
2026-05-11,Serie A,Napoli,Bologna,,OU,OVER,2.5,1.533,25,0-1,oddsflow_active_trader,APIFOOTBALL,500,WON,266.5
2026-05-11,Primeira Liga,Benfica,SC Braga,,AH,AWAY,-1.25,2.02,0,0-0,oddsflow_prematch_edge,APIFOOTBALL,709,WON,723.18
2026-05-11,Primeira Liga,Tondela,Moreirense,,AH,AWAY,-0.5,1.93,0,0-0,oddsflow_prematch_edge,APIFOOTBALL,200,LOST,-200
2026-05-11,Primeira Liga,Guimaraes,Casa Pia,,AH,HOME,-0.75,1.93,0,0-0,oddsflow_prematch_edge,APIFOOTBALL,511,LOST,-511
2026-05-11,Primeira Liga,Rio Ave,Sporting CP,,AH,HOME,2,1.9,0,0-0,oddsflow_prematch_edge,APIFOOTBALL,751,LOST,-751
2026-05-11,Primeira Liga,Santa Clara,Nacional Madeira,,OU,OVER,2.25,1.88,0,0-0,oddsflow_prematch_edge,APIFOOTBALL,722,HALF_LOST,-361
2026-05-11,Primeira Liga,Gil Vicente,Arouca,,AH,HOME,-0.75,1.88,0,0-0,oddsflow_prematch_edge,APIFOOTBALL,434,LOST,-434
2026-05-11,Primeira Liga,Estrela,Famalicao,,AH,AWAY,0.25,1.88,0,0-0,oddsflow_prematch_edge,APIFOOTBALL,454,HALF_LOST,-227
2026-05-11,Saudi Pro League,Al Taawon,Al-Ahli Jeddah,,OU,OVER,2.5,2.1,56,1-1,oddsflow_core_strategy,APIFOOTBALL,500,WON,550
2026-05-11,Saudi Pro League,Al Taawon,Al-Ahli Jeddah,,1X2,DRAW,0,4,56,1-1,oddsflow_handicap_sniper,APIFOOTBALL,500,LOST,-500
2026-05-11,Saudi Pro League,Al Taawon,Al-Ahli Jeddah,,1X2,DRAW,0,4,56,1-1,oddsflow_active_trader,APIFOOTBALL,500,LOST,-500
2026-05-11,Saudi Pro League,Al Taawon,Al-Ahli Jeddah,,AH,AWAY,0,1.725,58,1-1,oddsflow_handicap_sniper,APIFOOTBALL,500,WON,362.5
2026-05-11,Saudi Pro League,Al Taawon,Al-Ahli Jeddah,,AH,AWAY,0,1.725,58,1-1,oddsflow_active_trader,APIFOOTBALL,500,WON,362.5
2026-05-11,Serie A,Napoli,Bologna,,AH,HOME,0.5,2.35,34,0-1,oddsflow_handicap_sniper,APIFOOTBALL,690,WON,931.5
2026-05-11,Serie A,Napoli,Bologna,,OU,UNDER,3.5,2,34,0-1,oddsflow_handicap_sniper,APIFOOTBALL,500,LOST,-500
2026-05-11,Serie A,Napoli,Bologna,,1X2,HOME,0,5,34,0-1,oddsflow_handicap_sniper,APIFOOTBALL,500,LOST,-500
2026-05-11,Serie A,Napoli,Bologna,,AH,HOME,0.5,2.35,34,0-1,oddsflow_active_trader,APIFOOTBALL,699,WON,943.65
2026-05-11,Serie A,Napoli,Bologna,,OU,UNDER,3.5,2,34,0-1,oddsflow_active_trader,APIFOOTBALL,500,LOST,-500
2026-05-11,Serie A,Napoli,Bologna,,1X2,HOME,0,5,34,0-1,oddsflow_active_trader,APIFOOTBALL,500,LOST,-500
2026-05-11,Premier League,Tottenham Hotspur,Leeds United,,AH,AWAY,-0.5,1.95,26,0-0,oddsflow_handicap_sniper,APIFOOTBALL,500,WON,475
2026-05-11,La Liga,Rayo Vallecano,Girona,,AH,AWAY,0,2.35,25,0-0,oddsflow_handicap_sniper,APIFOOTBALL,500,VOID,0
2026-05-11,Premier League,Tottenham Hotspur,Leeds United,,1X2,AWAY,0,4.5,26,0-0,oddsflow_handicap_sniper,APIFOOTBALL,500,LOST,-500
2026-05-11,La Liga,Rayo Vallecano,Girona,,OU,UNDER,2.5,1.5,25,0-0,oddsflow_handicap_sniper,APIFOOTBALL,500,WON,250
2026-05-11,La Liga,Rayo Vallecano,Girona,,1X2,DRAW,0,3,25,0-0,oddsflow_handicap_sniper,APIFOOTBALL,500,WON,1000
2026-05-11,Premier League,Tottenham Hotspur,Leeds United,,AH,AWAY,-0.5,1.975,26,0-0,oddsflow_active_trader,APIFOOTBALL,500,WON,487.5
2026-05-11,La Liga,Rayo Vallecano,Girona,,AH,AWAY,0,2.35,25,0-0,oddsflow_active_trader,APIFOOTBALL,500,VOID,0
2026-05-11,La Liga,Rayo Vallecano,Girona,,OU,UNDER,2.5,1.5,25,0-0,oddsflow_active_trader,APIFOOTBALL,543,WON,271.5
2026-05-11,Premier League,Tottenham Hotspur,Leeds United,,1X2,AWAY,0,4.75,26,0-0,oddsflow_active_trader,APIFOOTBALL,500,LOST,-500
2026-05-11,Saudi Pro League,Al Taawon,Al-Ahli Jeddah,,AH,HOME,1,2.025,69,1-1,oddsflow_beta,APIFOOTBALL,732,VOID,0
2026-05-11,Saudi Pro League,Al Taawon,Al-Ahli Jeddah,,OU,OVER,2.5,1.571,69,1-1,oddsflow_beta,APIFOOTBALL,500,WON,285.5
2026-05-11,Saudi Pro League,Al Taawon,Al-Ahli Jeddah,,1X2,DRAW,0,1.909,69,1-1,oddsflow_beta,APIFOOTBALL,500,LOST,-500
2026-05-11,La Liga,Rayo Vallecano,Girona,,OU,UNDER,1.5,2.375,28,0-0,oddsflow_active_trader,APIFOOTBALL,500,LOST,-500
2026-05-11,La Liga,Rayo Vallecano,Girona,,OU,UNDER,1.5,2.375,28,0-0,oddsflow_handicap_sniper,APIFOOTBALL,500,LOST,-500
2026-05-11,Saudi Pro League,Al Taawon,Al-Ahli Jeddah,,OU,UNDER,3.5,1.533,74,1-1,oddsflow_active_trader,APIFOOTBALL,685,WON,365.1
2026-05-11,Serie A,Napoli,Bologna,,AH,HOME,0,2.3,47,1-2,oddsflow_handicap_sniper,APIFOOTBALL,500,VOID,0
2026-05-11,Serie A,Napoli,Bologna,,AH,HOME,0,2.3,47,1-2,oddsflow_active_trader,APIFOOTBALL,500,VOID,0
2026-05-11,Premier League,Tottenham Hotspur,Leeds United,,AH,AWAY,-0.5,1.95,37,0-0,oddsflow_beta,APIFOOTBALL,508,WON,482.6
2026-05-11,Premier League,Tottenham Hotspur,Leeds United,,1X2,AWAY,0,5,37,0-0,oddsflow_beta,APIFOOTBALL,500,LOST,-500
2026-05-11,La Liga,Rayo Vallecano,Girona,,1X2,DRAW,0,2.875,37,0-0,oddsflow_active_trader,APIFOOTBALL,500,WON,937.5
2026-05-11,Premier League,Tottenham Hotspur,Leeds United,,1X2,DRAW,0,2.875,41,0-0,oddsflow_beta,APIFOOTBALL,500,WON,937.5
2026-05-11,Primeira Liga,Benfica,SC Braga,,AH,AWAY,-1,2.05,25,0-0,oddsflow_handicap_sniper,APIFOOTBALL,686,WON,720.3
2026-05-11,Primeira Liga,Benfica,SC Braga,,OU,UNDER,2.5,1.666,25,0-0,oddsflow_handicap_sniper,APIFOOTBALL,500,LOST,-500
2026-05-11,Primeira Liga,Benfica,SC Braga,,AH,AWAY,-1,2.05,25,0-0,oddsflow_active_trader,APIFOOTBALL,695,WON,729.75
2026-05-11,Primeira Liga,Benfica,SC Braga,,OU,UNDER,2.5,1.666,25,0-0,oddsflow_active_trader,APIFOOTBALL,500,LOST,-500
2026-05-11,Primeira Liga,Gil Vicente,Arouca,,OU,UNDER,2.5,1.5,25,0-0,oddsflow_handicap_sniper,APIFOOTBALL,500,LOST,-500
2026-05-11,Primeira Liga,Santa Clara,Nacional Madeira,,AH,AWAY,0,2.1,25,0-0,oddsflow_handicap_sniper,APIFOOTBALL,500,LOST,-500
2026-05-11,Primeira Liga,Santa Clara,Nacional Madeira,,OU,OVER,1.5,1.533,25,0-0,oddsflow_handicap_sniper,APIFOOTBALL,500,WON,266.5
2026-05-11,Primeira Liga,Gil Vicente,Arouca,,1X2,HOME,0,1.8,25,0-0,oddsflow_handicap_sniper,APIFOOTBALL,500,LOST,-500
2026-05-11,Primeira Liga,Tondela,Moreirense,,AH,AWAY,-1,2.375,25,1-0,oddsflow_handicap_sniper,APIFOOTBALL,819,VOID,0
2026-05-11,Primeira Liga,Tondela,Moreirense,,OU,OVER,2.5,1.571,25,1-0,oddsflow_handicap_sniper,APIFOOTBALL,672,LOST,-672
2026-05-11,Premier League,Tottenham Hotspur,Leeds United,,1X2,DRAW,0,2.875,43,0-0,oddsflow_handicap_sniper,APIFOOTBALL,500,WON,937.5
2026-05-11,Primeira Liga,Benfica,SC Braga,,1X2,DRAW,0,4,26,0-0,oddsflow_handicap_sniper,APIFOOTBALL,500,WON,1500
2026-05-11,Primeira Liga,Santa Clara,Nacional Madeira,,AH,AWAY,-1,1.85,28,1-0,oddsflow_handicap_sniper,APIFOOTBALL,842,VOID,0
2026-05-11,Primeira Liga,Gil Vicente,Arouca,,OU,UNDER,1.5,2.5,28,0-0,oddsflow_handicap_sniper,APIFOOTBALL,500,LOST,-500
2026-05-11,Primeira Liga,Rio Ave,Sporting CP,,AH,AWAY,1,2.25,28,1-0,oddsflow_handicap_sniper,APIFOOTBALL,517,WON,646.25
2026-05-11,Primeira Liga,Rio Ave,Sporting CP,,OU,UNDER,3.5,2.1,28,1-0,oddsflow_handicap_sniper,APIFOOTBALL,633,LOST,-633
2026-05-11,Primeira Liga,Benfica,SC Braga,,OU,UNDER,1.5,2.2,39,0-0,oddsflow_handicap_sniper,APIFOOTBALL,500,LOST,-500
2026-05-11,Serie A,Napoli,Bologna,,AH,AWAY,-0.5,2.025,49,2-2,oddsflow_active_trader,APIFOOTBALL,500,WON,512.5
2026-05-11,Serie A,Napoli,Bologna,,AH,AWAY,-0.5,2.025,50,2-2,oddsflow_handicap_sniper,APIFOOTBALL,500,WON,512.5
2026-05-11,Serie A,Napoli,Bologna,,AH,AWAY,-0.5,2.025,51,2-2,oddsflow_beta,APIFOOTBALL,500,WON,512.5
2026-05-11,Primeira Liga,Gil Vicente,Arouca,,1X2,DRAW,0,2.875,42,0-0,oddsflow_handicap_sniper,APIFOOTBALL,500,LOST,-500
2026-05-11,Primeira Liga,Rio Ave,Sporting CP,,AH,HOME,1.5,2.5,45,1-2,oddsflow_handicap_sniper,APIFOOTBALL,580,LOST,-580
2026-05-11,Primeira Liga,Rio Ave,Sporting CP,,OU,UNDER,5.5,1.533,45,1-2,oddsflow_handicap_sniper,APIFOOTBALL,1019,WON,543.13
2026-05-11,Primeira Liga,Gil Vicente,Arouca,,AH,AWAY,-0.5,1.825,46,0-0,oddsflow_handicap_sniper,APIFOOTBALL,500,WON,412.5
2026-05-11,Primeira Liga,Benfica,SC Braga,,AH,AWAY,-0.5,2.35,46,0-0,oddsflow_handicap_sniper,APIFOOTBALL,500,WON,675
2026-05-11,Serie A,Napoli,Bologna,,1X2,DRAW,0,2.6,56,2-2,oddsflow_beta,APIFOOTBALL,500,LOST,-500
2026-05-11,Primeira Liga,Santa Clara,Nacional Madeira,,AH,AWAY,-0.5,2.75,46,1-0,oddsflow_handicap_sniper,APIFOOTBALL,500,LOST,-500
2026-05-11,Primeira Liga,Rio Ave,Sporting CP,,OU,UNDER,4.5,2.5,48,1-2,oddsflow_handicap_sniper,APIFOOTBALL,500,LOST,-500
2026-05-11,Serie A,Napoli,Bologna,,1X2,DRAW,0,2.3,62,2-2,oddsflow_handicap_sniper,APIFOOTBALL,500,LOST,-500
2026-05-11,Premier League,Tottenham Hotspur,Leeds United,,OU,UNDER,2.5,1.666,51,0-0,oddsflow_handicap_sniper,APIFOOTBALL,680,WON,452.88
2026-05-11,Premier League,Tottenham Hotspur,Leeds United,,AH,AWAY,-1,2.675,51,1-0,oddsflow_handicap_sniper,APIFOOTBALL,523,WON,876.02
2026-05-11,Premier League,Tottenham Hotspur,Leeds United,,AH,AWAY,-1,2.6,52,1-0,oddsflow_beta,APIFOOTBALL,682,WON,1091.2
2026-05-11,Premier League,Tottenham Hotspur,Leeds United,,AH,AWAY,-1,2.6,52,1-0,oddsflow_active_trader,APIFOOTBALL,676,WON,1081.6
2026-05-11,Serie A,Napoli,Bologna,,OU,OVER,4.5,1.533,65,2-2,oddsflow_handicap_sniper,APIFOOTBALL,500,WON,266.5
2026-05-11,Serie A,Napoli,Bologna,,OU,OVER,4.5,1.533,66,2-2,oddsflow_beta,APIFOOTBALL,500,WON,266.5
2026-05-11,Serie A,Napoli,Bologna,,OU,OVER,4.5,1.533,66,2-2,oddsflow_active_trader,APIFOOTBALL,500,WON,266.5
2026-05-11,Serie A,Napoli,Bologna,,1X2,DRAW,0,2.1,70,2-2,oddsflow_active_trader,APIFOOTBALL,500,LOST,-500
2026-05-11,La Liga,Rayo Vallecano,Girona,,OU,OVER,0.5,1.533,62,0-0,oddsflow_handicap_sniper,APIFOOTBALL,500,WON,266.5
2026-05-11,Premier League,Tottenham Hotspur,Leeds United,,OU,OVER,1.5,1.533,64,1-0,oddsflow_handicap_sniper,APIFOOTBALL,500,WON,266.5
2026-05-11,Premier League,Tottenham Hotspur,Leeds United,,OU,UNDER,2.5,1.5,65,1-0,oddsflow_active_trader,APIFOOTBALL,500,WON,250
2026-05-11,Premier League,Tottenham Hotspur,Leeds United,,OU,UNDER,2.5,1.5,65,1-0,oddsflow_beta,APIFOOTBALL,500,WON,250
2026-05-11,Primeira Liga,Benfica,SC Braga,,AH,AWAY,-1.5,2.2,47,1-0,oddsflow_handicap_sniper,APIFOOTBALL,578,WON,693.6
2026-05-11,Primeira Liga,Estrela,Famalicao,,OU,OVER,1.5,2.375,48,0-0,oddsflow_handicap_sniper,APIFOOTBALL,500,LOST,-500
2026-05-11,Premier League,Tottenham Hotspur,Leeds United,,OU,OVER,1.5,2.2,68,1-0,oddsflow_active_trader,APIFOOTBALL,500,WON,600
2026-05-11,Premier League,Tottenham Hotspur,Leeds United,,1X2,HOME,0,2,68,1-0,oddsflow_active_trader,APIFOOTBALL,500,LOST,-500
2026-05-11,Premier League,Tottenham Hotspur,Leeds United,,OU,OVER,1.5,2.2,68,1-0,oddsflow_beta,APIFOOTBALL,500,WON,600
2026-05-11,Premier League,Tottenham Hotspur,Leeds United,,1X2,HOME,0,2,68,1-0,oddsflow_beta,APIFOOTBALL,500,LOST,-500
2026-05-11,Premier League,Tottenham Hotspur,Leeds United,,OU,OVER,1.5,2.2,68,1-0,oddsflow_core_strategy,APIFOOTBALL,500,WON,600
2026-05-11,Primeira Liga,Benfica,SC Braga,,OU,UNDER,3.5,1.727,49,1-1,oddsflow_handicap_sniper,APIFOOTBALL,500,LOST,-500
2026-05-11,Premier League,Tottenham Hotspur,Leeds United,,1X2,HOME,0,2.3,73,1-0,oddsflow_handicap_sniper,APIFOOTBALL,500,LOST,-500
2026-05-11,Premier League,Tottenham Hotspur,Leeds United,,AH,AWAY,0,2.675,74,1-0,oddsflow_handicap_sniper,APIFOOTBALL,500,WON,837.5
2026-05-11,Premier League,Tottenham Hotspur,Leeds United,,1X2,DRAW,0,2.625,74,1-1,oddsflow_active_trader,APIFOOTBALL,500,WON,812.5
2026-05-11,Primeira Liga,Estrela,Famalicao,,OU,OVER,0.5,1.533,60,0-0,oddsflow_handicap_sniper,APIFOOTBALL,500,LOST,-500
2026-05-11,Primeira Liga,Gil Vicente,Arouca,,AH,HOME,0.5,2.05,61,0-0,oddsflow_handicap_sniper,APIFOOTBALL,545,LOST,-545
2026-05-11,Primeira Liga,Gil Vicente,Arouca,,1X2,AWAY,0,1.8,62,0-1,oddsflow_handicap_sniper,APIFOOTBALL,500,WON,400
2026-05-11,Premier League,Tottenham Hotspur,Leeds United,,AH,AWAY,0,2.75,84,1-1,oddsflow_active_trader,APIFOOTBALL,500,VOID,0
2026-05-11,Primeira Liga,Benfica,SC Braga,,1X2,HOME,0,1.8,65,2-1,oddsflow_handicap_sniper,APIFOOTBALL,611,LOST,-611
2026-05-11,Primeira Liga,Gil Vicente,Arouca,,OU,OVER,2.5,1.533,66,1-1,oddsflow_handicap_sniper,APIFOOTBALL,500,WON,266.5
2026-05-11,Primeira Liga,Gil Vicente,Arouca,,OU,OVER,3.5,1.533,69,1-2,oddsflow_handicap_sniper,APIFOOTBALL,500,WON,266.5
2026-05-11,Primeira Liga,Estrela,Famalicao,,1X2,DRAW,0,1.727,71,0-0,oddsflow_handicap_sniper,APIFOOTBALL,500,WON,363.5
2026-05-11,Primeira Liga,Benfica,SC Braga,,AH,AWAY,-1,1.725,76,1-1,oddsflow_beta,APIFOOTBALL,1030,WON,746.75
2026-05-11,Primeira Liga,Benfica,SC Braga,,1X2,DRAW,0,3.25,76,1-1,oddsflow_beta,APIFOOTBALL,500,WON,1125
2026-05-11,Primeira Liga,Benfica,SC Braga,,1X2,DRAW,0,3.25,76,1-1,oddsflow_active_trader,APIFOOTBALL,500,WON,1125
2026-05-11,Primeira Liga,Benfica,SC Braga,,AH,AWAY,-0.5,2.375,77,1-1,oddsflow_beta,APIFOOTBALL,500,WON,687.5
2026-05-11,Primeira Liga,Benfica,SC Braga,,AH,AWAY,-0.5,2.375,77,1-1,oddsflow_active_trader,APIFOOTBALL,500,WON,687.5
2026-05-11,Primeira Liga,Gil Vicente,Arouca,,OU,UNDER,4.5,1.5,82,1-2,oddsflow_handicap_sniper,APIFOOTBALL,529,WON,264.5
2026-05-12,K League 1,Gangwon FC,Daejeon Citizen,,OU,UNDER,2.25,1.81,0,0-0,oddsflow_prematch_edge,APIFOOTBALL,1071,HALF_WON,433.76
2026-05-12,K League 1,Incheon United,Pohang Steelers,,OU,UNDER,2.25,1.88,0,0-0,oddsflow_prematch_edge,APIFOOTBALL,961,WON,845.68
2026-05-12,K League 1,Gwangju FC,FC Seoul,,AH,HOME,1.25,1.88,0,0-0,oddsflow_prematch_edge,APIFOOTBALL,689,HALF_WON,303.16
2026-05-12,Saudi Pro League,Al Kholood,Al Okhdood,,AH,AWAY,-1,1.7,15,0-0,oddsflow_core_strategy,APIFOOTBALL,200,WON,140
2026-05-12,Saudi Pro League,Al Kholood,Al Okhdood,,AH,AWAY,-0.25,2,15,0-0,oddsflow_core_strategy,NOVA88,100,HALF_WON,50
2026-05-12,Saudi Pro League,Al Kholood,Al Okhdood,,AH,AWAY,0,2.08,15,0-0,oddsflow_core_strategy,HGA,100,VOID,0
2026-05-12,Saudi Pro League,Al Kholood,Al Okhdood,,AH,AWAY,-1,1.725,25,0-0,oddsflow_active_trader,APIFOOTBALL,598,WON,433.55
2026-05-12,Saudi Pro League,Al Kholood,Al Okhdood,,AH,AWAY,-1,1.725,25,0-0,oddsflow_handicap_sniper,APIFOOTBALL,612,WON,443.7
2026-05-12,Saudi Pro League,Al Kholood,Al Okhdood,,1X2,HOME,0,1.615,25,0-0,oddsflow_active_trader,APIFOOTBALL,500,LOST,-500
2026-05-12,Saudi Pro League,Al Kholood,Al Okhdood,,1X2,DRAW,0,4,25,0-0,oddsflow_handicap_sniper,APIFOOTBALL,500,WON,1500
2026-05-12,Saudi Pro League,Al Kholood,Al Okhdood,,AH,AWAY,-0.25,2.09,25,0-0,oddsflow_active_trader,NOVA88,100,HALF_WON,54.5
2026-05-12,Saudi Pro League,Al Kholood,Al Okhdood,,AH,AWAY,-0.25,2.09,25,0-0,oddsflow_handicap_sniper,NOVA88,100,HALF_WON,54.5
2026-05-12,Saudi Pro League,Al Kholood,Al Okhdood,,AH,AWAY,0,2.11,25,0-0,oddsflow_active_trader,HGA,100,VOID,0
2026-05-12,Saudi Pro League,Al Kholood,Al Okhdood,,AH,AWAY,0,2.11,25,0-0,oddsflow_handicap_sniper,HGA,100,VOID,0
2026-05-12,Saudi Pro League,Al Kholood,Al Okhdood,,1X2,DRAW,0,3.45,25,0-0,oddsflow_handicap_sniper,NOVA88,15,WON,36.75
2026-05-12,Saudi Pro League,Al Kholood,Al Okhdood,,1X2,DRAW,0,3.6,25,0-0,oddsflow_handicap_sniper,HGA,20,WON,52
2026-05-12,Saudi Pro League,Al Kholood,Al Okhdood,,OU,UNDER,2.5,1.727,25,0-0,oddsflow_active_trader,APIFOOTBALL,636,WON,462.37
2026-05-12,Saudi Pro League,Al Kholood,Al Okhdood,,OU,UNDER,2.5,1.727,25,0-0,oddsflow_handicap_sniper,APIFOOTBALL,608,WON,442.02
2026-05-12,Saudi Pro League,Al Kholood,Al Okhdood,,1X2,HOME,0,1.615,25,0-0,oddsflow_handicap_sniper,APIFOOTBALL,500,LOST,-500
2026-05-12,Saudi Pro League,Al Kholood,Al Okhdood,,OU,UNDER,2.5,1.82,25,0-0,oddsflow_active_trader,NOVA88,100,WON,82
2026-05-12,Saudi Pro League,Al Kholood,Al Okhdood,,OU,UNDER,2.5,1.82,25,0-0,oddsflow_handicap_sniper,NOVA88,100,WON,82
2026-05-12,Saudi Pro League,Al Kholood,Al Okhdood,,OU,UNDER,2.25,2.01,25,0-0,oddsflow_active_trader,HGA,100,WON,101
2026-05-12,Saudi Pro League,Al Kholood,Al Okhdood,,OU,UNDER,2.25,2.01,25,0-0,oddsflow_handicap_sniper,HGA,100,WON,101
2026-05-12,Saudi Pro League,Al Kholood,Al Okhdood,,OU,UNDER,2.5,1.666,29,0-0,oddsflow_beta,APIFOOTBALL,930,WON,619.38
2026-05-12,Saudi Pro League,Al Kholood,Al Okhdood,,1X2,HOME,0,1.727,29,0-0,oddsflow_beta,APIFOOTBALL,500,LOST,-500
2026-05-12,Saudi Pro League,Al Kholood,Al Okhdood,,OU,UNDER,2.25,1.94,29,0-0,oddsflow_beta,NOVA88,100,WON,94
2026-05-12,Saudi Pro League,Al Kholood,Al Okhdood,,OU,UNDER,2.25,1.92,29,0-0,oddsflow_beta,HGA,100,WON,92
2026-05-12,Saudi Pro League,Al Kholood,Al Okhdood,,1X2,DRAW,0,3.6,30,0-0,oddsflow_beta,APIFOOTBALL,500,WON,1300
2026-05-12,Saudi Pro League,Al Kholood,Al Okhdood,,1X2,DRAW,0,3.45,30,0-0,oddsflow_beta,NOVA88,24,WON,58.8
2026-05-12,Saudi Pro League,Al Kholood,Al Okhdood,,1X2,DRAW,0,3.35,30,0-0,oddsflow_beta,HGA,20,WON,47
2026-05-12,Saudi Pro League,Al Kholood,Al Okhdood,,OU,UNDER,1.5,2.5,37,0-0,oddsflow_handicap_sniper,APIFOOTBALL,500,WON,750
2026-05-12,Saudi Pro League,Al Kholood,Al Okhdood,,OU,UNDER,1.5,2.5,37,0-0,oddsflow_active_trader,APIFOOTBALL,500,WON,750
2026-05-12,Saudi Pro League,Al Kholood,Al Okhdood,,AH,AWAY,-0.5,2.075,37,0-0,oddsflow_active_trader,APIFOOTBALL,500,WON,537.5
2026-05-12,Saudi Pro League,Al Kholood,Al Okhdood,,AH,AWAY,-0.5,2.05,40,1-0,oddsflow_handicap_sniper,APIFOOTBALL,500,WON,525
2026-05-12,Saudi Pro League,Al Kholood,Al Okhdood,,OU,OVER,1.5,1.533,40,1-0,oddsflow_active_trader,APIFOOTBALL,500,LOST,-500
2026-05-12,Saudi Pro League,Al Kholood,Al Okhdood,,OU,OVER,1.5,1.533,40,1-0,oddsflow_handicap_sniper,APIFOOTBALL,500,LOST,-500
2026-05-12,Saudi Pro League,Al Kholood,Al Okhdood,,OU,OVER,2,2.03,40,1-0,oddsflow_active_trader,NOVA88,100,LOST,-100
2026-05-12,Saudi Pro League,Al Kholood,Al Okhdood,,OU,OVER,2,2.03,40,1-0,oddsflow_handicap_sniper,NOVA88,100,LOST,-100
2026-05-12,Saudi Pro League,Al Kholood,Al Okhdood,,1X2,DRAW,0,3.25,41,0-0,oddsflow_active_trader,APIFOOTBALL,500,WON,1125
2026-05-12,Saudi Pro League,Al Kholood,Al Okhdood,,1X2,DRAW,0,3.15,41,0-0,oddsflow_active_trader,NOVA88,15,WON,32.25
2026-05-12,Saudi Pro League,Al Kholood,Al Okhdood,,1X2,DRAW,0,3.05,41,0-0,oddsflow_active_trader,HGA,15,WON,30.75
2026-05-12,La Liga,Celta Vigo,Levante,,AH,AWAY,-1,2.2,25,1-0,oddsflow_handicap_sniper,APIFOOTBALL,847,WON,1016.4
2026-05-12,La Liga,Celta Vigo,Levante,,AH,AWAY,-1,2.2,25,1-0,oddsflow_active_trader,APIFOOTBALL,837,WON,1004.4
2026-05-12,La Liga,Celta Vigo,Levante,,OU,UNDER,3.5,1.571,25,1-0,oddsflow_active_trader,APIFOOTBALL,500,LOST,-500
2026-05-12,La Liga,Celta Vigo,Levante,,OU,UNDER,3.5,1.571,25,1-0,oddsflow_handicap_sniper,APIFOOTBALL,500,LOST,-500
2026-05-12,La Liga,Celta Vigo,Levante,,AH,AWAY,-0.25,1.91,25,1-0,oddsflow_active_trader,NOVA88,100,WON,91
2026-05-12,La Liga,Celta Vigo,Levante,,AH,AWAY,-0.25,1.91,25,1-0,oddsflow_handicap_sniper,NOVA88,100,WON,91
2026-05-12,La Liga,Celta Vigo,Levante,,AH,AWAY,-0.25,1.85,25,1-0,oddsflow_active_trader,HGA,100,WON,85
2026-05-12,La Liga,Celta Vigo,Levante,,OU,UNDER,3,2.04,25,1-0,oddsflow_handicap_sniper,NOVA88,100,LOST,-100
2026-05-12,La Liga,Celta Vigo,Levante,,AH,AWAY,-0.25,1.85,25,1-0,oddsflow_handicap_sniper,HGA,100,WON,85
2026-05-12,La Liga,Celta Vigo,Levante,,OU,UNDER,3,2.04,25,1-0,oddsflow_active_trader,NOVA88,100,LOST,-100
2026-05-12,La Liga,Celta Vigo,Levante,,OU,UNDER,3,1.99,25,1-0,oddsflow_handicap_sniper,HGA,100,LOST,-100
2026-05-12,La Liga,Celta Vigo,Levante,,OU,UNDER,3,1.99,25,1-0,oddsflow_active_trader,HGA,100,LOST,-100
2026-05-12,La Liga,Celta Vigo,Levante,,OU,UNDER,2.5,2.375,30,1-0,oddsflow_active_trader,APIFOOTBALL,500,LOST,-500
2026-05-12,La Liga,Celta Vigo,Levante,,OU,UNDER,2.5,2.375,31,1-0,oddsflow_handicap_sniper,APIFOOTBALL,500,LOST,-500
2026-05-12,La Liga,Celta Vigo,Levante,,AH,AWAY,0,2.425,43,1-0,oddsflow_handicap_sniper,APIFOOTBALL,500,WON,712.5
2026-05-12,La Liga,Celta Vigo,Levante,,AH,AWAY,0,2.425,43,1-0,oddsflow_active_trader,APIFOOTBALL,500,WON,712.5
2026-05-12,La Liga,Celta Vigo,Levante,,1X2,HOME,0,2.3,43,1-0,oddsflow_handicap_sniper,APIFOOTBALL,542,LOST,-542
2026-05-12,La Liga,Celta Vigo,Levante,,1X2,HOME,0,2.3,43,1-0,oddsflow_active_trader,APIFOOTBALL,500,LOST,-500
2026-05-12,La Liga,Celta Vigo,Levante,,AH,AWAY,0,2.425,44,1-0,oddsflow_core_strategy,APIFOOTBALL,200,WON,285
2026-05-12,La Liga,Celta Vigo,Levante,,AH,AWAY,-0.25,1.88,44,1-0,oddsflow_core_strategy,NOVA88,75,WON,66
2026-05-12,La Liga,Celta Vigo,Levante,,1X2,DRAW,0,2.625,46,1-1,oddsflow_handicap_sniper,APIFOOTBALL,500,LOST,-500
2026-05-12,La Liga,Celta Vigo,Levante,,1X2,DRAW,0,2.61,46,1-1,oddsflow_handicap_sniper,NOVA88,15,LOST,-15
2026-05-12,La Liga,Celta Vigo,Levante,,1X2,DRAW,0,2.58,46,1-1,oddsflow_handicap_sniper,HGA,15,LOST,-15
2026-05-12,Saudi Pro League,Al Kholood,Al Okhdood,,OU,OVER,0.5,1.571,66,0-0,oddsflow_active_trader,APIFOOTBALL,500,LOST,-500
2026-05-12,Saudi Pro League,Al Kholood,Al Okhdood,,OU,OVER,2,1.8,66,0-0,oddsflow_active_trader,HGA,98,LOST,-98
2026-05-12,Saudi Pro League,Al Kholood,Al Okhdood,,OU,OVER,0.5,1.571,66,0-0,oddsflow_handicap_sniper,APIFOOTBALL,500,LOST,-500
2026-05-12,Saudi Pro League,Al Kholood,Al Okhdood,,OU,OVER,2,1.8,66,0-0,oddsflow_handicap_sniper,HGA,98,LOST,-98
2026-05-12,Saudi Pro League,Al Kholood,Al Okhdood,,AH,AWAY,0,2.675,67,0-0,oddsflow_active_trader,APIFOOTBALL,500,VOID,0
2026-05-12,Saudi Pro League,Al Kholood,Al Okhdood,,AH,AWAY,0,2.675,67,0-0,oddsflow_handicap_sniper,APIFOOTBALL,500,VOID,0
2026-05-12,La Liga,Real Betis,Elche,,OU,OVER,3,2.07,0,0-0,oddsflow_prematch_edge,APIFOOTBALL,200,VOID,0
2026-05-12,La Liga,Celta Vigo,Levante,,OU,UNDER,4.5,1.666,48,2-1,oddsflow_active_trader,APIFOOTBALL,500,LOST,-500
2026-05-12,La Liga,Celta Vigo,Levante,,OU,UNDER,4.5,1.666,48,2-1,oddsflow_handicap_sniper,APIFOOTBALL,500,LOST,-500
2026-05-12,La Liga,Celta Vigo,Levante,,1X2,DRAW,0,2.3,57,2-2,oddsflow_active_trader,APIFOOTBALL,500,LOST,-500
2026-05-12,La Liga,Celta Vigo,Levante,,1X2,DRAW,0,2.41,57,2-2,oddsflow_active_trader,HGA,16,LOST,-16
2026-05-12,Saudi Pro League,Al-Nassr,Al-Hilal Saudi FC,,AH,AWAY,0,2.15,15,0-0,oddsflow_core_strategy,APIFOOTBALL,200,VOID,0
2026-05-12,Saudi Pro League,Al-Nassr,Al-Hilal Saudi FC,,AH,AWAY,-0.25,1.92,15,0-0,oddsflow_core_strategy,NOVA88,100,HALF_WON,46
2026-05-12,Saudi Pro League,Al-Nassr,Al-Hilal Saudi FC,,AH,AWAY,0.25,1.87,15,0-0,oddsflow_core_strategy,HGA,100,HALF_LOST,-50
2026-05-12,La Liga,Celta Vigo,Levante,,AH,HOME,0.5,2.425,63,2-3,oddsflow_handicap_sniper,APIFOOTBALL,500,WON,712.5
2026-05-12,La Liga,Celta Vigo,Levante,,1X2,AWAY,0,1.533,63,2-3,oddsflow_handicap_sniper,APIFOOTBALL,500,WON,266.5
2026-05-12,La Liga,Celta Vigo,Levante,,AH,HOME,-0.25,2,63,2-3,oddsflow_handicap_sniper,NOVA88,100,HALF_LOST,-50
2026-05-12,La Liga,Celta Vigo,Levante,,AH,HOME,-0.25,1.92,63,2-3,oddsflow_handicap_sniper,HGA,100,HALF_LOST,-50
2026-05-12,La Liga,Celta Vigo,Levante,,1X2,AWAY,0,1.59,63,2-3,oddsflow_handicap_sniper,HGA,18,WON,10.62
2026-05-12,La Liga,Celta Vigo,Levante,,AH,HOME,0.5,2.425,64,2-3,oddsflow_active_trader,APIFOOTBALL,500,WON,712.5
2026-05-12,La Liga,Celta Vigo,Levante,,1X2,AWAY,0,1.533,64,2-3,oddsflow_active_trader,APIFOOTBALL,500,WON,266.5
2026-05-12,La Liga,Celta Vigo,Levante,,AH,HOME,-0.25,2,64,2-3,oddsflow_active_trader,NOVA88,100,HALF_LOST,-50
2026-05-12,La Liga,Celta Vigo,Levante,,AH,HOME,-0.25,1.92,64,2-3,oddsflow_active_trader,HGA,100,HALF_LOST,-50
2026-05-12,La Liga,Celta Vigo,Levante,,OU,OVER,5.5,1.533,66,2-3,oddsflow_active_trader,APIFOOTBALL,500,LOST,-500
2026-05-12,La Liga,Celta Vigo,Levante,,OU,OVER,5.75,1.77,66,2-3,oddsflow_active_trader,NOVA88,93,LOST,-93
2026-05-12,La Liga,Celta Vigo,Levante,,OU,OVER,5.75,1.74,66,2-3,oddsflow_active_trader,HGA,88,LOST,-88
2026-05-12,La Liga,Celta Vigo,Levante,,OU,OVER,5.5,1.533,66,2-3,oddsflow_handicap_sniper,APIFOOTBALL,500,LOST,-500
2026-05-12,La Liga,Celta Vigo,Levante,,OU,OVER,5.75,1.77,66,2-3,oddsflow_handicap_sniper,NOVA88,93,LOST,-93
2026-05-12,La Liga,Celta Vigo,Levante,,OU,OVER,5.75,1.74,66,2-3,oddsflow_handicap_sniper,HGA,88,LOST,-88
2026-05-12,Saudi Pro League,Al-Nassr,Al-Hilal Saudi FC,,AH,AWAY,0,2.2,25,0-0,oddsflow_active_trader,APIFOOTBALL,772,VOID,0
2026-05-12,Saudi Pro League,Al-Nassr,Al-Hilal Saudi FC,,1X2,AWAY,0,3,25,0-0,oddsflow_active_trader,APIFOOTBALL,500,LOST,-500
2026-05-12,Saudi Pro League,Al-Nassr,Al-Hilal Saudi FC,,AH,AWAY,-0.25,1.9,25,0-0,oddsflow_active_trader,NOVA88,100,HALF_WON,45
2026-05-12,Saudi Pro League,Al-Nassr,Al-Hilal Saudi FC,,AH,AWAY,0.25,1.84,25,0-0,oddsflow_active_trader,HGA,100,HALF_LOST,-50
2026-05-12,Saudi Pro League,Al-Nassr,Al-Hilal Saudi FC,,1X2,AWAY,0,2.78,25,0-0,oddsflow_active_trader,NOVA88,21,LOST,-21
2026-05-12,Saudi Pro League,Al-Nassr,Al-Hilal Saudi FC,,1X2,AWAY,0,2.72,25,0-0,oddsflow_active_trader,HGA,18,LOST,-18
2026-05-12,Saudi Pro League,Al-Nassr,Al-Hilal Saudi FC,,AH,AWAY,0,2.2,25,0-0,oddsflow_handicap_sniper,APIFOOTBALL,765,VOID,0
2026-05-12,Saudi Pro League,Al-Nassr,Al-Hilal Saudi FC,,1X2,AWAY,0,3,25,0-0,oddsflow_handicap_sniper,APIFOOTBALL,500,LOST,-500
2026-05-12,Saudi Pro League,Al-Nassr,Al-Hilal Saudi FC,,AH,AWAY,-0.25,1.9,25,0-0,oddsflow_handicap_sniper,NOVA88,100,HALF_WON,45
2026-05-12,Saudi Pro League,Al-Nassr,Al-Hilal Saudi FC,,1X2,AWAY,0,2.78,25,0-0,oddsflow_handicap_sniper,NOVA88,55,LOST,-55
2026-05-12,Saudi Pro League,Al-Nassr,Al-Hilal Saudi FC,,AH,AWAY,0.25,1.84,25,0-0,oddsflow_handicap_sniper,HGA,100,HALF_LOST,-50
2026-05-12,Saudi Pro League,Al-Nassr,Al-Hilal Saudi FC,,1X2,AWAY,0,2.72,25,0-0,oddsflow_handicap_sniper,HGA,52,LOST,-52
2026-05-12,Saudi Pro League,Al-Nassr,Al-Hilal Saudi FC,,OU,OVER,2.5,1.833,26,0-1,oddsflow_active_trader,APIFOOTBALL,500,LOST,-500
2026-05-12,Saudi Pro League,Al-Nassr,Al-Hilal Saudi FC,,OU,OVER,2.5,1.91,26,0-1,oddsflow_active_trader,NOVA88,57,LOST,-57
2026-05-12,Saudi Pro League,Al-Nassr,Al-Hilal Saudi FC,,OU,OVER,2.5,2.01,26,0-1,oddsflow_active_trader,HGA,69,LOST,-69
2026-05-12,Saudi Pro League,Al-Nassr,Al-Hilal Saudi FC,,OU,OVER,2.5,1.833,26,0-1,oddsflow_handicap_sniper,APIFOOTBALL,500,LOST,-500
2026-05-12,Saudi Pro League,Al-Nassr,Al-Hilal Saudi FC,,OU,OVER,2.5,1.91,26,0-1,oddsflow_handicap_sniper,NOVA88,59,LOST,-59
2026-05-12,Saudi Pro League,Al-Nassr,Al-Hilal Saudi FC,,OU,OVER,2.5,2.01,26,0-1,oddsflow_handicap_sniper,HGA,72,LOST,-72
2026-05-12,Saudi Pro League,Al-Nassr,Al-Hilal Saudi FC,,OU,UNDER,2.5,1.727,27,0-0,oddsflow_active_trader,APIFOOTBALL,500,WON,363.5
2026-05-12,Saudi Pro League,Al-Nassr,Al-Hilal Saudi FC,,OU,UNDER,2.25,2,27,0-0,oddsflow_active_trader,NOVA88,90,HALF_WON,45
2026-05-12,Saudi Pro League,Al-Nassr,Al-Hilal Saudi FC,,OU,UNDER,2.5,1.81,27,0-0,oddsflow_active_trader,HGA,65,WON,52.65
2026-05-12,Saudi Pro League,Al-Nassr,Al-Hilal Saudi FC,,OU,UNDER,2.5,1.727,27,0-0,oddsflow_handicap_sniper,APIFOOTBALL,500,WON,363.5
2026-05-12,Saudi Pro League,Al-Nassr,Al-Hilal Saudi FC,,OU,UNDER,2.25,2,27,0-0,oddsflow_handicap_sniper,NOVA88,88,HALF_WON,44
2026-05-12,Saudi Pro League,Al-Nassr,Al-Hilal Saudi FC,,OU,UNDER,2.5,1.81,27,0-0,oddsflow_handicap_sniper,HGA,63,WON,51.03
2026-05-12,La Liga,Real Betis,Elche,,AH,AWAY,-1,2.5,27,1-0,oddsflow_active_trader,APIFOOTBALL,662,WON,993
2026-05-12,La Liga,Real Betis,Elche,,AH,AWAY,-0.25,2.01,27,1-0,oddsflow_active_trader,NOVA88,100,HALF_WON,50.5
2026-05-12,La Liga,Real Betis,Elche,,AH,AWAY,-0.25,2,27,1-0,oddsflow_active_trader,HGA,100,HALF_WON,50
2026-05-12,La Liga,Real Betis,Elche,,OU,OVER,2.5,1.533,27,1-0,oddsflow_active_trader,APIFOOTBALL,500,WON,266.5
2026-05-12,La Liga,Real Betis,Elche,,AH,AWAY,-1,2.5,27,1-0,oddsflow_handicap_sniper,APIFOOTBALL,664,WON,996
2026-05-12,La Liga,Real Betis,Elche,,OU,OVER,3,2.04,27,1-0,oddsflow_active_trader,NOVA88,100,VOID,0
2026-05-12,La Liga,Real Betis,Elche,,AH,AWAY,-0.25,2.01,27,1-0,oddsflow_handicap_sniper,NOVA88,100,HALF_WON,50.5
2026-05-12,La Liga,Real Betis,Elche,,OU,OVER,3,2.02,27,1-0,oddsflow_active_trader,HGA,100,VOID,0
2026-05-12,La Liga,Real Betis,Elche,,AH,AWAY,-0.25,2,27,1-0,oddsflow_handicap_sniper,HGA,100,HALF_WON,50
2026-05-12,La Liga,Real Betis,Elche,,OU,OVER,2.5,1.571,29,1-0,oddsflow_handicap_sniper,APIFOOTBALL,500,WON,285.5
2026-05-12,La Liga,Real Betis,Elche,,OU,OVER,2.75,1.81,29,1-0,oddsflow_handicap_sniper,NOVA88,87,HALF_WON,35.24
2026-05-12,La Liga,Real Betis,Elche,,OU,OVER,3,2.07,29,1-0,oddsflow_handicap_sniper,HGA,100,VOID,0
2026-05-12,Saudi Pro League,Al-Nassr,Al-Hilal Saudi FC,,1X2,HOME,0,2.5,37,1-0,oddsflow_active_trader,APIFOOTBALL,500,LOST,-500
2026-05-12,Saudi Pro League,Al-Nassr,Al-Hilal Saudi FC,,1X2,HOME,0,2.5,37,1-0,oddsflow_handicap_sniper,APIFOOTBALL,500,LOST,-500
2026-05-12,Saudi Pro League,Al-Nassr,Al-Hilal Saudi FC,,1X2,HOME,0,2.4,37,1-0,oddsflow_handicap_sniper,NOVA88,24,LOST,-24
2026-05-12,Saudi Pro League,Al-Nassr,Al-Hilal Saudi FC,,1X2,HOME,0,2.4,37,1-0,oddsflow_active_trader,NOVA88,15,LOST,-15
2026-05-12,Saudi Pro League,Al-Nassr,Al-Hilal Saudi FC,,AH,AWAY,-0.5,2.675,39,1-0,oddsflow_active_trader,APIFOOTBALL,500,WON,837.5
2026-05-12,Saudi Pro League,Al-Nassr,Al-Hilal Saudi FC,,AH,AWAY,-0.5,2.675,39,1-0,oddsflow_handicap_sniper,APIFOOTBALL,500,WON,837.5
2026-05-12,Saudi Pro League,Al-Nassr,Al-Hilal Saudi FC,,OU,UNDER,3.5,1.615,39,1-0,oddsflow_active_trader,APIFOOTBALL,500,WON,307.5
2026-05-12,Saudi Pro League,Al-Nassr,Al-Hilal Saudi FC,,OU,UNDER,3.5,1.615,39,1-0,oddsflow_handicap_sniper,APIFOOTBALL,500,WON,307.5
2026-05-12,Ligue 1,RED Star FC 93,Rodez,,AH,AWAY,-1,1.725,15,1-0,oddsflow_core_strategy,APIFOOTBALL,200,WON,145
2026-05-12,La Liga,Real Betis,Elche,,AH,AWAY,0,2.75,41,1-0,oddsflow_core_strategy,APIFOOTBALL,200,VOID,0
2026-05-12,La Liga,Real Betis,Elche,,AH,AWAY,-0.25,2.05,41,1-0,oddsflow_core_strategy,NOVA88,58,HALF_WON,30.45
2026-05-12,La Liga,Real Betis,Elche,,AH,HOME,-0.5,2.1,42,1-1,oddsflow_active_trader,APIFOOTBALL,500,WON,550
2026-05-12,La Liga,Real Betis,Elche,,AH,HOME,-0.5,2.1,42,1-1,oddsflow_handicap_sniper,APIFOOTBALL,500,WON,550
2026-05-12,La Liga,Real Betis,Elche,,1X2,HOME,0,2.05,42,1-1,oddsflow_active_trader,APIFOOTBALL,500,WON,525
2026-05-12,La Liga,Real Betis,Elche,,OU,OVER,3.5,1.909,42,1-1,oddsflow_handicap_sniper,APIFOOTBALL,500,LOST,-500
2026-05-12,La Liga,Real Betis,Elche,,1X2,HOME,0,2.05,42,1-1,oddsflow_handicap_sniper,APIFOOTBALL,500,WON,525
2026-05-12,Ligue 1,RED Star FC 93,Rodez,,AH,AWAY,-1,1.8,25,1-0,oddsflow_handicap_sniper,APIFOOTBALL,1126,WON,900.8
2026-05-12,Ligue 1,RED Star FC 93,Rodez,,1X2,HOME,0,1.533,25,1-0,oddsflow_handicap_sniper,APIFOOTBALL,500,LOST,-500
2026-05-12,Ligue 1,RED Star FC 93,Rodez,,AH,AWAY,-0.25,2.11,25,1-0,oddsflow_handicap_sniper,HGA,100,WON,111
2026-05-12,Ligue 1,RED Star FC 93,Rodez,,AH,AWAY,-1,1.8,25,1-0,oddsflow_active_trader,APIFOOTBALL,1118,WON,894.4
2026-05-12,Ligue 1,RED Star FC 93,Rodez,,OU,UNDER,3.5,1.5,25,1-0,oddsflow_active_trader,APIFOOTBALL,500,LOST,-500
2026-05-12,Ligue 1,RED Star FC 93,Rodez,,1X2,HOME,0,1.533,25,1-0,oddsflow_active_trader,APIFOOTBALL,500,LOST,-500
2026-05-12,Ligue 1,RED Star FC 93,Rodez,,AH,AWAY,-0.25,2.11,25,1-0,oddsflow_active_trader,HGA,100,WON,111
2026-05-12,Ligue 1,RED Star FC 93,Rodez,,OU,UNDER,3,1.86,25,1-0,oddsflow_active_trader,HGA,100,LOST,-100
2026-05-12,Ligue 1,RED Star FC 93,Rodez,,OU,UNDER,3.5,1.5,27,1-0,oddsflow_handicap_sniper,APIFOOTBALL,500,LOST,-500
2026-05-12,Ligue 1,RED Star FC 93,Rodez,,OU,UNDER,2.75,2.06,27,1-0,oddsflow_handicap_sniper,HGA,100,LOST,-100
2026-05-12,Ligue 1,RED Star FC 93,Rodez,,AH,AWAY,-0.5,2.35,28,1-0,oddsflow_active_trader,APIFOOTBALL,500,WON,675
2026-05-12,Ligue 1,RED Star FC 93,Rodez,,AH,AWAY,-0.5,2.35,28,1-0,oddsflow_handicap_sniper,APIFOOTBALL,500,WON,675
2026-05-12,Ligue 1,RED Star FC 93,Rodez,,AH,AWAY,0,1.9,30,1-1,oddsflow_active_trader,APIFOOTBALL,500,WON,450
2026-05-12,Ligue 1,RED Star FC 93,Rodez,,AH,AWAY,0,1.9,30,1-1,oddsflow_handicap_sniper,APIFOOTBALL,500,WON,450
2026-05-12,La Liga,Real Betis,Elche,,AH,AWAY,0,2.75,51,1-1,oddsflow_handicap_sniper,APIFOOTBALL,500,LOST,-500
2026-05-12,La Liga,Real Betis,Elche,,AH,AWAY,0,2.75,51,1-1,oddsflow_active_trader,APIFOOTBALL,500,LOST,-500
2026-05-12,Ligue 1,RED Star FC 93,Rodez,,1X2,DRAW,0,2.5,41,1-1,oddsflow_handicap_sniper,APIFOOTBALL,500,LOST,-500
2026-05-12,Ligue 1,RED Star FC 93,Rodez,,1X2,DRAW,0,2.59,41,1-1,oddsflow_handicap_sniper,HGA,15,LOST,-15
2026-05-12,La Liga,Real Betis,Elche,,AH,AWAY,-0.5,2.3,50,1-1,oddsflow_active_trader,APIFOOTBALL,500,LOST,-500
2026-05-12,La Liga,Real Betis,Elche,,AH,AWAY,-0.5,2.3,50,1-1,oddsflow_handicap_sniper,APIFOOTBALL,500,LOST,-500
2026-05-12,Saudi Pro League,Al-Nassr,Al-Hilal Saudi FC,,AH,AWAY,-1,1.9,54,1-0,oddsflow_active_trader,APIFOOTBALL,791,WON,711.9
2026-05-12,Saudi Pro League,Al-Nassr,Al-Hilal Saudi FC,,AH,AWAY,-1,1.9,54,1-0,oddsflow_handicap_sniper,APIFOOTBALL,794,WON,714.6
2026-05-12,La Liga,Osasuna,Atletico Madrid,,1X2,HOME,0,2.58,0,0-0,oddsflow_prematch_edge,APIFOOTBALL,200,LOST,-200
2026-05-12,Ligue 1,RED Star FC 93,Rodez,,1X2,DRAW,0,2.4,49,1-1,oddsflow_active_trader,APIFOOTBALL,500,LOST,-500
2026-05-12,Ligue 1,RED Star FC 93,Rodez,,1X2,DRAW,0,2.54,49,1-1,oddsflow_active_trader,HGA,15,LOST,-15
2026-05-12,La Liga,Osasuna,Atletico Madrid,,AH,HOME,0.5,2.05,15,0-0,oddsflow_core_strategy,APIFOOTBALL,200,LOST,-200
2026-05-12,La Liga,Osasuna,Atletico Madrid,,AH,HOME,-0.25,2.09,15,0-0,oddsflow_core_strategy,NOVA88,100,LOST,-100
2026-05-12,La Liga,Osasuna,Atletico Madrid,,AH,HOME,0.5,2.075,25,0-1,oddsflow_active_trader,APIFOOTBALL,857,WON,921.28
2026-05-12,La Liga,Osasuna,Atletico Madrid,,AH,HOME,-0.25,1.87,25,0-1,oddsflow_active_trader,NOVA88,100,HALF_LOST,-50
2026-05-12,La Liga,Osasuna,Atletico Madrid,,AH,HOME,-0.25,1.85,25,0-1,oddsflow_active_trader,HGA,100,HALF_LOST,-50
2026-05-12,La Liga,Osasuna,Atletico Madrid,,AH,HOME,0.5,2.075,25,0-1,oddsflow_handicap_sniper,APIFOOTBALL,842,WON,905.15
2026-05-12,La Liga,Osasuna,Atletico Madrid,,AH,HOME,-0.25,1.87,25,0-1,oddsflow_handicap_sniper,NOVA88,100,HALF_LOST,-50
2026-05-12,La Liga,Osasuna,Atletico Madrid,,AH,HOME,-0.25,1.85,25,0-1,oddsflow_handicap_sniper,HGA,100,HALF_LOST,-50
2026-05-12,Ligue 1,RED Star FC 93,Rodez,,OU,UNDER,4.5,2.1,67,2-1,oddsflow_handicap_sniper,APIFOOTBALL,566,LOST,-566
2026-05-12,Ligue 1,RED Star FC 93,Rodez,,OU,UNDER,4.5,2.1,67,2-1,oddsflow_active_trader,APIFOOTBALL,575,LOST,-575
2026-05-12,La Liga,Osasuna,Atletico Madrid,,1X2,AWAY,0,1.615,49,0-1,oddsflow_active_trader,APIFOOTBALL,500,WON,307.5
2026-05-12,La Liga,Osasuna,Atletico Madrid,,OU,UNDER,2.5,1.727,53,0-1,oddsflow_active_trader,APIFOOTBALL,500,LOST,-500
2026-05-12,La Liga,Osasuna,Atletico Madrid,,OU,UNDER,2.25,2.08,53,0-1,oddsflow_active_trader,NOVA88,89,LOST,-89
2026-05-12,La Liga,Osasuna,Atletico Madrid,,OU,UNDER,2.25,2.06,53,0-1,oddsflow_active_trader,HGA,87,LOST,-87
2026-05-12,La Liga,Osasuna,Atletico Madrid,,OU,UNDER,2.5,1.727,54,0-1,oddsflow_handicap_sniper,APIFOOTBALL,500,LOST,-500
2026-05-12,La Liga,Osasuna,Atletico Madrid,,1X2,AWAY,0,1.615,54,0-1,oddsflow_handicap_sniper,APIFOOTBALL,500,WON,307.5
2026-05-12,La Liga,Osasuna,Atletico Madrid,,OU,UNDER,2.25,2.08,54,0-1,oddsflow_handicap_sniper,NOVA88,98,LOST,-98
2026-05-12,La Liga,Osasuna,Atletico Madrid,,OU,UNDER,2.25,2.06,54,0-1,oddsflow_handicap_sniper,HGA,96,LOST,-96
2026-05-12,La Liga,Osasuna,Atletico Madrid,,OU,OVER,1.5,1.533,65,0-1,oddsflow_active_trader,APIFOOTBALL,500,WON,266.5
2026-05-12,La Liga,Osasuna,Atletico Madrid,,OU,OVER,1.75,1.8,65,0-1,oddsflow_active_trader,NOVA88,98,WON,78.4
2026-05-12,La Liga,Osasuna,Atletico Madrid,,OU,OVER,1.75,1.75,65,0-1,oddsflow_active_trader,HGA,90,WON,67.5
2026-05-12,La Liga,Osasuna,Atletico Madrid,,OU,OVER,1.5,1.533,65,0-1,oddsflow_handicap_sniper,APIFOOTBALL,500,WON,266.5
2026-05-12,La Liga,Osasuna,Atletico Madrid,,OU,OVER,1.75,1.8,65,0-1,oddsflow_handicap_sniper,NOVA88,98,WON,78.4
2026-05-12,La Liga,Osasuna,Atletico Madrid,,OU,OVER,1.75,1.75,65,0-1,oddsflow_handicap_sniper,HGA,90,WON,67.5
2026-05-12,La Liga,Osasuna,Atletico Madrid,,AH,HOME,1,1.725,70,0-1,oddsflow_handicap_sniper,APIFOOTBALL,569,WON,412.53
2026-05-12,La Liga,Osasuna,Atletico Madrid,,AH,HOME,1,1.725,70,0-1,oddsflow_active_trader,APIFOOTBALL,568,WON,411.8
2026-05-12,La Liga,Osasuna,Atletico Madrid,,AH,HOME,1,1.725,70,0-1,oddsflow_beta,APIFOOTBALL,955,WON,692.38
2026-05-12,La Liga,Osasuna,Atletico Madrid,,AH,HOME,0,1.71,70,0-1,oddsflow_beta,NOVA88,100,VOID,0
2026-05-13,J1 League,Machida Zelvia,Tokyo Verdy,,OU,OVER,2,2.06,0,0-0,oddsflow_prematch_edge,APIFOOTBALL,737,LOST,-737
2026-05-13,J1 League,Vissel Kobe,Kyoto Sanga,,1X2,AWAY,0,5.11,0,0-0,oddsflow_prematch_edge,APIFOOTBALL,226,LOST,-226
2026-05-13,J1 League,Vissel Kobe,Kyoto Sanga,,AH,AWAY,-0.5,1.875,15,0-0,oddsflow_core_strategy,APIFOOTBALL,200,LOST,-200
2026-05-13,J1 League,Vissel Kobe,Kyoto Sanga,,AH,AWAY,-0.75,1.95,15,0-0,oddsflow_core_strategy,NOVA88,31,HALF_LOST,-15.5
2026-05-13,J1 League,Vissel Kobe,Kyoto Sanga,,AH,AWAY,-0.5,1.93,15,0-0,oddsflow_core_strategy,HGA,59,LOST,-59
2026-05-13,J1 League,Machida Zelvia,Tokyo Verdy,,AH,HOME,-0.5,1.85,15,0-0,oddsflow_core_strategy,APIFOOTBALL,200,LOST,-200
2026-05-13,J1 League,Machida Zelvia,Tokyo Verdy,,AH,HOME,-0.5,1.84,15,0-0,oddsflow_core_strategy,NOVA88,50,LOST,-50
2026-05-13,J1 League,Machida Zelvia,Tokyo Verdy,,AH,HOME,-0.5,1.84,15,0-0,oddsflow_core_strategy,HGA,100,LOST,-100
2026-05-13,J1 League,Vissel Kobe,Kyoto Sanga,,AH,AWAY,-0.5,1.9,25,0-0,oddsflow_active_trader,APIFOOTBALL,500,LOST,-500
2026-05-13,J1 League,Machida Zelvia,Tokyo Verdy,,AH,HOME,-0.5,2,25,0-0,oddsflow_active_trader,APIFOOTBALL,508,LOST,-508
2026-05-13,J1 League,Vissel Kobe,Kyoto Sanga,,OU,UNDER,1.5,2.5,25,0-0,oddsflow_active_trader,APIFOOTBALL,500,WON,750
2026-05-13,J1 League,Machida Zelvia,Tokyo Verdy,,OU,OVER,1.5,2,25,0-0,oddsflow_active_trader,APIFOOTBALL,500,LOST,-500
2026-05-13,J1 League,Vissel Kobe,Kyoto Sanga,,AH,AWAY,-0.5,1.96,25,0-0,oddsflow_active_trader,NOVA88,37,LOST,-37
2026-05-13,J1 League,Machida Zelvia,Tokyo Verdy,,AH,HOME,-0.5,2.07,25,0-0,oddsflow_active_trader,NOVA88,50,LOST,-50
2026-05-13,J1 League,Machida Zelvia,Tokyo Verdy,,1X2,HOME,0,2,25,0-0,oddsflow_active_trader,APIFOOTBALL,500,LOST,-500
2026-05-13,J1 League,Vissel Kobe,Kyoto Sanga,,AH,AWAY,-0.5,1.93,25,0-0,oddsflow_active_trader,HGA,70,LOST,-70
2026-05-13,J1 League,Machida Zelvia,Tokyo Verdy,,AH,HOME,-0.5,2.05,25,0-0,oddsflow_active_trader,HGA,100,LOST,-100
2026-05-13,J1 League,Machida Zelvia,Tokyo Verdy,,1X2,HOME,0,2.07,25,0-0,oddsflow_active_trader,NOVA88,39,LOST,-39
2026-05-13,J1 League,Machida Zelvia,Tokyo Verdy,,1X2,HOME,0,2.05,25,0-0,oddsflow_active_trader,HGA,75,LOST,-75
2026-05-13,J1 League,Machida Zelvia,Tokyo Verdy,,AH,HOME,-0.5,2,25,0-0,oddsflow_beta,APIFOOTBALL,507,LOST,-507
2026-05-13,J1 League,Vissel Kobe,Kyoto Sanga,,AH,AWAY,-0.5,1.9,25,0-0,oddsflow_beta,APIFOOTBALL,500,LOST,-500
2026-05-13,J1 League,Machida Zelvia,Tokyo Verdy,,AH,HOME,-0.5,2,25,0-0,oddsflow_handicap_sniper,APIFOOTBALL,521,LOST,-521
2026-05-13,J1 League,Vissel Kobe,Kyoto Sanga,,AH,AWAY,-0.5,1.9,25,0-0,oddsflow_handicap_sniper,APIFOOTBALL,500,LOST,-500
2026-05-13,J1 League,Machida Zelvia,Tokyo Verdy,,OU,OVER,1.5,2,25,0-0,oddsflow_beta,APIFOOTBALL,500,LOST,-500
2026-05-13,J1 League,Vissel Kobe,Kyoto Sanga,,OU,UNDER,1.5,2.5,25,0-0,oddsflow_beta,APIFOOTBALL,500,WON,750
2026-05-13,J1 League,Machida Zelvia,Tokyo Verdy,,AH,HOME,-0.5,2.07,25,0-0,oddsflow_beta,NOVA88,50,LOST,-50
2026-05-13,J1 League,Vissel Kobe,Kyoto Sanga,,OU,UNDER,1.5,2.5,25,0-0,oddsflow_handicap_sniper,APIFOOTBALL,500,WON,750
2026-05-13,J1 League,Vissel Kobe,Kyoto Sanga,,AH,AWAY,-0.5,1.96,25,0-0,oddsflow_beta,NOVA88,37,LOST,-37
2026-05-13,J1 League,Machida Zelvia,Tokyo Verdy,,OU,OVER,1.5,2,25,0-0,oddsflow_handicap_sniper,APIFOOTBALL,500,LOST,-500
2026-05-13,J1 League,Vissel Kobe,Kyoto Sanga,,AH,AWAY,-0.5,1.96,25,0-0,oddsflow_handicap_sniper,NOVA88,38,LOST,-38
2026-05-13,J1 League,Machida Zelvia,Tokyo Verdy,,AH,HOME,-0.5,2.07,25,0-0,oddsflow_handicap_sniper,NOVA88,50,LOST,-50
2026-05-13,J1 League,Vissel Kobe,Kyoto Sanga,,1X2,DRAW,0,3.2,25,0-0,oddsflow_beta,APIFOOTBALL,500,LOST,-500
2026-05-13,J1 League,Machida Zelvia,Tokyo Verdy,,1X2,HOME,0,2,25,0-0,oddsflow_beta,APIFOOTBALL,500,LOST,-500
2026-05-13,J1 League,Machida Zelvia,Tokyo Verdy,,AH,HOME,-0.5,2.05,25,0-0,oddsflow_beta,HGA,100,LOST,-100
2026-05-13,J1 League,Vissel Kobe,Kyoto Sanga,,AH,AWAY,-0.5,1.93,25,0-0,oddsflow_beta,HGA,69,LOST,-69
2026-05-13,J1 League,Vissel Kobe,Kyoto Sanga,,1X2,DRAW,0,3.2,25,0-0,oddsflow_handicap_sniper,APIFOOTBALL,500,LOST,-500
2026-05-13,J1 League,Machida Zelvia,Tokyo Verdy,,1X2,HOME,0,2,25,0-0,oddsflow_handicap_sniper,APIFOOTBALL,500,LOST,-500
2026-05-13,J1 League,Vissel Kobe,Kyoto Sanga,,AH,AWAY,-0.5,1.93,25,0-0,oddsflow_handicap_sniper,HGA,73,LOST,-73
2026-05-13,J1 League,Machida Zelvia,Tokyo Verdy,,AH,HOME,-0.5,2.05,25,0-0,oddsflow_handicap_sniper,HGA,100,LOST,-100
2026-05-13,J1 League,Vissel Kobe,Kyoto Sanga,,1X2,DRAW,0,3.15,25,0-0,oddsflow_beta,NOVA88,16,LOST,-16
2026-05-13,J1 League,Machida Zelvia,Tokyo Verdy,,1X2,HOME,0,2.07,25,0-0,oddsflow_beta,NOVA88,50,LOST,-50
2026-05-13,J1 League,Vissel Kobe,Kyoto Sanga,,1X2,DRAW,0,3.15,25,0-0,oddsflow_handicap_sniper,NOVA88,16,LOST,-16
2026-05-13,J1 League,Machida Zelvia,Tokyo Verdy,,1X2,HOME,0,2.07,25,0-0,oddsflow_handicap_sniper,NOVA88,50,LOST,-50
2026-05-13,J1 League,Vissel Kobe,Kyoto Sanga,,1X2,DRAW,0,3.1,25,0-0,oddsflow_beta,HGA,50,LOST,-50
2026-05-13,J1 League,Machida Zelvia,Tokyo Verdy,,1X2,HOME,0,2.05,25,0-0,oddsflow_beta,HGA,100,LOST,-100
2026-05-13,J1 League,Machida Zelvia,Tokyo Verdy,,1X2,HOME,0,2.05,25,0-0,oddsflow_handicap_sniper,HGA,100,LOST,-100
2026-05-13,J1 League,Vissel Kobe,Kyoto Sanga,,1X2,DRAW,0,3.1,25,0-0,oddsflow_handicap_sniper,HGA,50,LOST,-50
2026-05-13,K League 1,FC Anyang,Gimcheon Sangmu FC,,1X2,HOME,0,2.41,0,0-0,oddsflow_prematch_edge,APIFOOTBALL,459,LOST,-459
2026-05-13,K League 1,Bucheon FC 1995,Jeonbuk Motors,,AH,AWAY,0.75,1.97,0,0-0,oddsflow_prematch_edge,APIFOOTBALL,511,LOST,-511
2026-05-13,K League 1,Ulsan Hyundai FC,Jeju United FC,,OU,UNDER,2.5,1.88,0,0-0,oddsflow_prematch_edge,APIFOOTBALL,867,LOST,-867
2026-05-13,J1 League,Vissel Kobe,Kyoto Sanga,,1X2,DRAW,0,3.1,33,0-0,oddsflow_active_trader,APIFOOTBALL,500,LOST,-500
2026-05-13,J1 League,Vissel Kobe,Kyoto Sanga,,1X2,DRAW,0,3.1,33,0-0,oddsflow_active_trader,NOVA88,15,LOST,-15
2026-05-13,J1 League,Vissel Kobe,Kyoto Sanga,,1X2,DRAW,0,3.05,33,0-0,oddsflow_active_trader,HGA,50,LOST,-50
2026-05-13,J1 League,Machida Zelvia,Tokyo Verdy,,OU,OVER,0.5,1.5,46,0-0,oddsflow_beta,APIFOOTBALL,500,LOST,-500
2026-05-13,J1 League,Machida Zelvia,Tokyo Verdy,,OU,OVER,1,2.17,46,0-0,oddsflow_beta,NOVA88,50,LOST,-50
2026-05-13,J1 League,Machida Zelvia,Tokyo Verdy,,OU,OVER,1,2.1,46,0-0,oddsflow_beta,HGA,100,LOST,-100
2026-05-13,J1 League,Machida Zelvia,Tokyo Verdy,,OU,OVER,0.5,1.533,53,0-0,oddsflow_active_trader,APIFOOTBALL,500,LOST,-500
2026-05-13,J1 League,Machida Zelvia,Tokyo Verdy,,OU,OVER,0.5,1.533,53,0-0,oddsflow_handicap_sniper,APIFOOTBALL,500,LOST,-500
2026-05-13,J1 League,Vissel Kobe,Kyoto Sanga,,AH,HOME,0.5,2.425,72,0-0,oddsflow_handicap_sniper,APIFOOTBALL,500,WON,712.5
2026-05-13,J1 League,Vissel Kobe,Kyoto Sanga,,AH,HOME,-0.25,1.89,72,0-0,oddsflow_handicap_sniper,NOVA88,50,WON,44.5
2026-05-13,J1 League,Vissel Kobe,Kyoto Sanga,,AH,HOME,0.5,2.425,72,0-0,oddsflow_active_trader,APIFOOTBALL,500,WON,712.5
2026-05-13,J1 League,Vissel Kobe,Kyoto Sanga,,AH,HOME,-0.25,1.89,72,0-0,oddsflow_active_trader,NOVA88,50,WON,44.5
2026-05-13,J1 League,Vissel Kobe,Kyoto Sanga,,OU,UNDER,1.5,2.1,72,0-0,oddsflow_core_strategy,APIFOOTBALL,500,WON,550
2026-05-13,J1 League,Vissel Kobe,Kyoto Sanga,,AH,HOME,0.5,2.425,73,0-1,oddsflow_beta,APIFOOTBALL,500,WON,712.5
2026-05-13,J1 League,Vissel Kobe,Kyoto Sanga,,1X2,AWAY,0,1.533,73,0-1,oddsflow_beta,APIFOOTBALL,706,LOST,-706
2026-05-13,J1 League,Vissel Kobe,Kyoto Sanga,,AH,HOME,-0.25,1.89,73,0-1,oddsflow_beta,NOVA88,50,WON,44.5
2026-05-13,J1 League,Vissel Kobe,Kyoto Sanga,,1X2,AWAY,0,1.53,73,0-1,oddsflow_beta,HGA,100,LOST,-100
2026-05-13,J1 League,Vissel Kobe,Kyoto Sanga,,AH,HOME,-0.25,1.91,73,0-1,oddsflow_beta,HGA,100,WON,91
2026-05-13,J1 League,Vissel Kobe,Kyoto Sanga,,1X2,AWAY,0,1.533,73,0-1,oddsflow_handicap_sniper,APIFOOTBALL,706,LOST,-706
2026-05-13,J1 League,Vissel Kobe,Kyoto Sanga,,1X2,AWAY,0,1.533,73,0-1,oddsflow_active_trader,APIFOOTBALL,500,LOST,-500
2026-05-13,J1 League,Machida Zelvia,Tokyo Verdy,,AH,AWAY,0,2.75,74,0-0,oddsflow_handicap_sniper,APIFOOTBALL,500,VOID,0
2026-05-13,J1 League,Machida Zelvia,Tokyo Verdy,,AH,AWAY,-0.25,1.79,74,0-0,oddsflow_handicap_sniper,NOVA88,50,HALF_WON,19.75
2026-05-13,J1 League,Machida Zelvia,Tokyo Verdy,,AH,AWAY,0,2.75,74,0-0,oddsflow_active_trader,APIFOOTBALL,500,VOID,0
2026-05-13,J1 League,Machida Zelvia,Tokyo Verdy,,AH,AWAY,-0.25,1.53,74,0-0,oddsflow_handicap_sniper,HGA,72,HALF_WON,19.08
2026-05-13,J1 League,Machida Zelvia,Tokyo Verdy,,AH,AWAY,-0.25,1.79,74,0-0,oddsflow_active_trader,NOVA88,50,HALF_WON,19.75
2026-05-13,J1 League,Machida Zelvia,Tokyo Verdy,,AH,AWAY,-0.25,1.53,74,0-0,oddsflow_active_trader,HGA,76,HALF_WON,20.14
2026-05-13,J1 League,Machida Zelvia,Tokyo Verdy,,1X2,DRAW,0,1.5,77,0-0,oddsflow_active_trader,APIFOOTBALL,500,WON,250
2026-05-13,J1 League,Vissel Kobe,Kyoto Sanga,,AH,AWAY,-1,2.675,78,1-0,oddsflow_handicap_sniper,APIFOOTBALL,500,WON,837.5
2026-05-13,J1 League,Vissel Kobe,Kyoto Sanga,,AH,AWAY,-1,2.675,78,1-0,oddsflow_active_trader,APIFOOTBALL,500,WON,837.5
2026-05-13,J1 League,Machida Zelvia,Tokyo Verdy,,AH,AWAY,0,2.75,83,0-0,oddsflow_beta,APIFOOTBALL,500,VOID,0
2026-05-13,J1 League,Machida Zelvia,Tokyo Verdy,,AH,AWAY,-0.25,1.79,83,0-0,oddsflow_beta,NOVA88,50,HALF_WON,19.75
2026-05-13,J1 League,Machida Zelvia,Tokyo Verdy,,AH,AWAY,0,2.46,83,0-0,oddsflow_beta,HGA,100,VOID,0
2026-05-13,La Liga,Espanyol,Athletic Bilbao,,1X2,AWAY,0,2.73,0,0-0,oddsflow_prematch_edge,APIFOOTBALL,325,LOST,-325
2026-05-13,La Liga,Espanyol,Athletic Bilbao,,AH,AWAY,0,1.925,17,0-0,oddsflow_core_strategy,APIFOOTBALL,200,LOST,-200
2026-05-13,La Liga,Espanyol,Athletic Bilbao,,AH,AWAY,0,1.96,17,0-0,oddsflow_core_strategy,NOVA88,50,LOST,-50
2026-05-13,La Liga,Espanyol,Athletic Bilbao,,AH,AWAY,0,1.91,17,0-0,oddsflow_core_strategy,HGA,100,LOST,-100
2026-05-13,Ligue 1,Brest,Strasbourg,,AH,HOME,1,2.075,20,1-1,oddsflow_core_strategy,APIFOOTBALL,200,VOID,0
2026-05-13,Ligue 1,Brest,Strasbourg,,AH,HOME,0.25,1.87,20,1-1,oddsflow_core_strategy,NOVA88,39,LOST,-39
2026-05-13,Ligue 1,Brest,Strasbourg,,AH,HOME,0.5,2.675,25,1-2,oddsflow_handicap_sniper,APIFOOTBALL,573,WON,959.77
2026-05-13,Ligue 1,Brest,Strasbourg,,AH,HOME,0,2.11,25,1-2,oddsflow_handicap_sniper,NOVA88,50,VOID,0
2026-05-13,Ligue 1,Brest,Strasbourg,,AH,HOME,0,2.02,25,1-2,oddsflow_handicap_sniper,HGA,100,VOID,0
2026-05-13,Ligue 1,Brest,Strasbourg,,AH,HOME,0.5,2.675,25,1-2,oddsflow_active_trader,APIFOOTBALL,579,WON,969.82
2026-05-13,Ligue 1,Brest,Strasbourg,,AH,HOME,0,2.11,25,1-2,oddsflow_active_trader,NOVA88,50,VOID,0
2026-05-13,Ligue 1,Brest,Strasbourg,,AH,HOME,0,2.02,25,1-2,oddsflow_active_trader,HGA,100,VOID,0
2026-05-13,Ligue 1,Brest,Strasbourg,,OU,UNDER,5.5,1.727,26,1-2,oddsflow_handicap_sniper,APIFOOTBALL,500,WON,363.5
2026-05-13,Ligue 1,Brest,Strasbourg,,OU,UNDER,5.5,1.666,28,1-2,oddsflow_active_trader,APIFOOTBALL,500,WON,333
2026-05-13,Ligue 1,Brest,Strasbourg,,1X2,AWAY,0,1.5,29,1-2,oddsflow_active_trader,APIFOOTBALL,500,WON,250
2026-05-13,La Liga,Espanyol,Athletic Bilbao,,AH,AWAY,0,2.025,30,0-0,oddsflow_beta,APIFOOTBALL,611,LOST,-611
2026-05-13,La Liga,Espanyol,Athletic Bilbao,,AH,AWAY,0,2.04,30,0-0,oddsflow_beta,NOVA88,50,LOST,-50
2026-05-13,La Liga,Espanyol,Athletic Bilbao,,AH,AWAY,0,2.03,30,0-0,oddsflow_beta,HGA,100,LOST,-100
2026-05-13,La Liga,Espanyol,Athletic Bilbao,,AH,AWAY,0,2.025,30,0-0,oddsflow_handicap_sniper,APIFOOTBALL,604,LOST,-604
2026-05-13,La Liga,Espanyol,Athletic Bilbao,,AH,AWAY,0,2.04,30,0-0,oddsflow_handicap_sniper,NOVA88,50,LOST,-50
2026-05-13,La Liga,Espanyol,Athletic Bilbao,,AH,AWAY,0,2.03,30,0-0,oddsflow_handicap_sniper,HGA,100,LOST,-100
2026-05-13,La Liga,Espanyol,Athletic Bilbao,,AH,AWAY,0,2.025,30,0-0,oddsflow_active_trader,APIFOOTBALL,625,LOST,-625
2026-05-13,La Liga,Espanyol,Athletic Bilbao,,AH,AWAY,0,2.04,30,0-0,oddsflow_active_trader,NOVA88,50,LOST,-50
2026-05-13,La Liga,Espanyol,Athletic Bilbao,,AH,AWAY,0,2.03,30,0-0,oddsflow_active_trader,HGA,100,LOST,-100
2026-05-13,La Liga,Espanyol,Athletic Bilbao,,1X2,AWAY,0,3.1,30,0-0,oddsflow_beta,APIFOOTBALL,500,LOST,-500
2026-05-13,La Liga,Espanyol,Athletic Bilbao,,1X2,AWAY,0,3.25,30,0-0,oddsflow_beta,NOVA88,15,LOST,-15
2026-05-13,La Liga,Espanyol,Athletic Bilbao,,1X2,AWAY,0,3.25,30,0-0,oddsflow_beta,HGA,50,LOST,-50
2026-05-13,Ligue 1,Brest,Strasbourg,,1X2,AWAY,0,1.5,34,1-2,oddsflow_handicap_sniper,APIFOOTBALL,500,WON,250
2026-05-13,Ligue 1,Brest,Strasbourg,,OU,UNDER,4.5,2.375,40,1-2,oddsflow_handicap_sniper,APIFOOTBALL,500,WON,687.5
2026-05-13,Ligue 1,Brest,Strasbourg,,OU,UNDER,4.5,2.375,40,1-2,oddsflow_active_trader,APIFOOTBALL,500,WON,687.5
2026-05-13,La Liga,Villarreal,Sevilla,,AH,AWAY,-1,1.875,40,2-1,oddsflow_core_strategy,APIFOOTBALL,200,WON,175
2026-05-13,La Liga,Villarreal,Sevilla,,AH,AWAY,0,1.87,40,2-1,oddsflow_core_strategy,NOVA88,50,WON,43.5
2026-05-13,La Liga,Villarreal,Sevilla,,AH,AWAY,-1,1.875,40,2-1,oddsflow_handicap_sniper,APIFOOTBALL,1041,WON,910.88
2026-05-13,La Liga,Villarreal,Sevilla,,AH,AWAY,0,1.81,40,2-1,oddsflow_core_strategy,HGA,100,WON,81
2026-05-13,La Liga,Villarreal,Sevilla,,1X2,HOME,0,1.5,40,2-1,oddsflow_handicap_sniper,APIFOOTBALL,815,LOST,-815
2026-05-13,La Liga,Villarreal,Sevilla,,AH,AWAY,0,1.87,40,2-1,oddsflow_handicap_sniper,NOVA88,50,WON,43.5
2026-05-13,La Liga,Villarreal,Sevilla,,1X2,HOME,0,1.47,40,2-1,oddsflow_handicap_sniper,NOVA88,19,LOST,-19
2026-05-13,La Liga,Villarreal,Sevilla,,AH,AWAY,0,1.79,40,2-1,oddsflow_handicap_sniper,HGA,100,WON,79
2026-05-13,La Liga,Villarreal,Sevilla,,1X2,HOME,0,1.49,40,2-1,oddsflow_handicap_sniper,HGA,50,LOST,-50
2026-05-13,La Liga,Villarreal,Sevilla,,AH,AWAY,-1,1.775,41,2-1,oddsflow_active_trader,APIFOOTBALL,1095,WON,848.62
2026-05-13,La Liga,Villarreal,Sevilla,,1X2,HOME,0,1.5,41,2-1,oddsflow_active_trader,APIFOOTBALL,628,LOST,-628
2026-05-13,La Liga,Villarreal,Sevilla,,AH,AWAY,0,1.89,41,2-1,oddsflow_active_trader,NOVA88,50,WON,44.5
2026-05-13,La Liga,Villarreal,Sevilla,,AH,AWAY,0,1.83,41,2-1,oddsflow_active_trader,HGA,100,WON,83
2026-05-13,La Liga,Espanyol,Athletic Bilbao,,1X2,DRAW,0,2.4,43,0-0,oddsflow_beta,APIFOOTBALL,500,LOST,-500
2026-05-13,La Liga,Espanyol,Athletic Bilbao,,1X2,DRAW,0,2.375,44,0-0,oddsflow_handicap_sniper,APIFOOTBALL,500,LOST,-500
2026-05-13,Ligue 1,Brest,Strasbourg,,AH,HOME,0.5,2.35,47,1-2,oddsflow_beta,APIFOOTBALL,683,WON,922.05
2026-05-13,Ligue 1,Brest,Strasbourg,,OU,UNDER,4.5,2.2,47,1-2,oddsflow_beta,APIFOOTBALL,500,WON,600
2026-05-13,Ligue 1,Brest,Strasbourg,,AH,HOME,-0.25,2.12,47,1-2,oddsflow_beta,NOVA88,50,HALF_LOST,-25
2026-05-13,Ligue 1,Brest,Strasbourg,,1X2,AWAY,0,1.571,47,1-2,oddsflow_beta,APIFOOTBALL,500,WON,285.5
2026-05-13,Ligue 1,Brest,Strasbourg,,AH,HOME,-0.25,2.07,47,1-2,oddsflow_beta,HGA,100,HALF_LOST,-50
2026-05-13,La Liga,Villarreal,Sevilla,,1X2,DRAW,0,2.6,49,2-2,oddsflow_handicap_sniper,APIFOOTBALL,500,LOST,-500
2026-05-13,La Liga,Villarreal,Sevilla,,1X2,DRAW,0,2.56,49,2-2,oddsflow_handicap_sniper,HGA,50,LOST,-50
2026-05-13,La Liga,Espanyol,Athletic Bilbao,,1X2,DRAW,0,2.2,53,0-0,oddsflow_active_trader,APIFOOTBALL,500,LOST,-500
2026-05-13,La Liga,Espanyol,Athletic Bilbao,,OU,OVER,0.5,1.533,56,0-0,oddsflow_active_trader,APIFOOTBALL,500,WON,266.5
2026-05-13,La Liga,Espanyol,Athletic Bilbao,,OU,OVER,0.5,1.533,56,0-0,oddsflow_handicap_sniper,APIFOOTBALL,500,WON,266.5
2026-05-13,Ligue 1,Brest,Strasbourg,,AH,HOME,1,1.825,60,1-2,oddsflow_active_trader,APIFOOTBALL,500,WON,412.5
2026-05-13,Ligue 1,Brest,Strasbourg,,AH,HOME,1,1.825,60,1-2,oddsflow_handicap_sniper,APIFOOTBALL,500,WON,412.5
2026-05-13,La Liga,Villarreal,Sevilla,,1X2,DRAW,0,2.05,62,2-2,oddsflow_active_trader,APIFOOTBALL,500,LOST,-500
2026-05-13,La Liga,Villarreal,Sevilla,,OU,OVER,4.5,1.533,62,2-2,oddsflow_active_trader,APIFOOTBALL,500,WON,266.5
2026-05-13,La Liga,Villarreal,Sevilla,,OU,OVER,4.5,1.533,62,2-2,oddsflow_handicap_sniper,APIFOOTBALL,500,WON,266.5
2026-05-13,La Liga,Villarreal,Sevilla,,AH,HOME,1,1.7,73,2-3,oddsflow_active_trader,APIFOOTBALL,556,WON,389.2
2026-05-13,La Liga,Villarreal,Sevilla,,AH,HOME,0,1.75,73,2-3,oddsflow_active_trader,NOVA88,50,VOID,0
2026-05-13,La Liga,Villarreal,Sevilla,,AH,HOME,0,1.71,73,2-3,oddsflow_active_trader,HGA,100,VOID,0
2026-05-13,La Liga,Villarreal,Sevilla,,AH,HOME,1,1.7,73,2-3,oddsflow_handicap_sniper,APIFOOTBALL,563,WON,394.1
2026-05-13,La Liga,Villarreal,Sevilla,,AH,HOME,0,1.75,73,2-3,oddsflow_handicap_sniper,NOVA88,50,VOID,0
2026-05-13,La Liga,Villarreal,Sevilla,,AH,HOME,0,1.71,73,2-3,oddsflow_handicap_sniper,HGA,100,VOID,0
2026-05-13,Ligue 1,Lens,Paris Saint-Germain,,1X2,HOME,0,3.21,0,0-0,oddsflow_prematch_edge,APIFOOTBALL,200,LOST,-200
2026-05-13,Premier League,Manchester City,Crystal Palace,,OU,UNDER,3.75,1.93,0,0-0,oddsflow_prematch_edge,APIFOOTBALL,1101,WON,1023.93
2026-05-13,Ligue 1,Lens,Paris Saint-Germain,,AH,HOME,0.5,1.775,15,0-0,oddsflow_core_strategy,APIFOOTBALL,200,LOST,-200
2026-05-13,Ligue 1,Lens,Paris Saint-Germain,,AH,HOME,0.25,2.13,15,0-0,oddsflow_core_strategy,NOVA88,34,LOST,-34
2026-05-13,Ligue 1,Lens,Paris Saint-Germain,,AH,HOME,0.25,2.05,15,0-0,oddsflow_core_strategy,HGA,60,LOST,-60
2026-05-13,Ligue 1,Lens,Paris Saint-Germain,,OU,OVER,2.5,1.727,25,0-0,oddsflow_active_trader,APIFOOTBALL,500,LOST,-500
2026-05-13,Ligue 1,Lens,Paris Saint-Germain,,OU,OVER,2.5,1.8,25,0-0,oddsflow_handicap_sniper,APIFOOTBALL,500,LOST,-500
2026-05-13,Ligue 1,Lens,Paris Saint-Germain,,AH,AWAY,0,1.725,26,0-0,oddsflow_handicap_sniper,APIFOOTBALL,500,WON,362.5
2026-05-13,Ligue 1,Lens,Paris Saint-Germain,,AH,AWAY,0,1.725,26,0-0,oddsflow_active_trader,APIFOOTBALL,500,WON,362.5
2026-05-13,Ligue 1,Lens,Paris Saint-Germain,,AH,AWAY,0.25,2.06,26,0-0,oddsflow_handicap_sniper,NOVA88,48,WON,50.88
2026-05-13,Ligue 1,Lens,Paris Saint-Germain,,AH,AWAY,0.25,2.05,26,0-0,oddsflow_handicap_sniper,HGA,96,WON,100.8
2026-05-13,Ligue 1,Lens,Paris Saint-Germain,,AH,AWAY,0.25,2.06,26,0-0,oddsflow_active_trader,NOVA88,46,WON,48.76
2026-05-13,Ligue 1,Lens,Paris Saint-Germain,,AH,AWAY,0.25,2.05,26,0-0,oddsflow_active_trader,HGA,90,WON,94.5
2026-05-13,Ligue 1,Lens,Paris Saint-Germain,,AH,AWAY,0,1.725,26,0-0,oddsflow_beta,APIFOOTBALL,500,WON,362.5
2026-05-13,Ligue 1,Lens,Paris Saint-Germain,,OU,OVER,2.5,1.8,26,0-0,oddsflow_beta,APIFOOTBALL,500,LOST,-500
2026-05-13,Ligue 1,Lens,Paris Saint-Germain,,AH,AWAY,0.25,2.07,26,0-0,oddsflow_beta,NOVA88,49,WON,52.43
2026-05-13,Ligue 1,Lens,Paris Saint-Germain,,AH,AWAY,0.25,2.08,26,0-0,oddsflow_beta,HGA,98,WON,105.84
2026-05-13,La Liga,Getafe,Mallorca,,OU,OVER,2,2.09,0,0-0,oddsflow_prematch_edge,APIFOOTBALL,327,WON,356.43
2026-05-13,La Liga,Alaves,Barcelona,,1X2,AWAY,0,2.19,0,0-0,oddsflow_prematch_edge,APIFOOTBALL,878,LOST,-878
2026-05-13,La Liga,Alaves,Barcelona,,1X2,AWAY,0,2.12,0,0-0,oddsflow_prematch_edge,NOVA88,50,LOST,-50
2026-05-13,Ligue 1,Lens,Paris Saint-Germain,,AH,HOME,0.5,2.425,30,0-1,oddsflow_handicap_sniper,APIFOOTBALL,500,LOST,-500
2026-05-13,Ligue 1,Lens,Paris Saint-Germain,,AH,HOME,0.5,2.425,30,0-1,oddsflow_active_trader,APIFOOTBALL,500,LOST,-500
2026-05-13,Ligue 1,Lens,Paris Saint-Germain,,AH,HOME,0.5,2.425,30,0-1,oddsflow_beta,APIFOOTBALL,500,LOST,-500
2026-05-13,Ligue 1,Lens,Paris Saint-Germain,,AH,HOME,0,1.96,30,0-1,oddsflow_handicap_sniper,NOVA88,50,LOST,-50
2026-05-13,Ligue 1,Lens,Paris Saint-Germain,,AH,HOME,0,1.96,30,0-1,oddsflow_active_trader,NOVA88,50,LOST,-50
2026-05-13,Ligue 1,Lens,Paris Saint-Germain,,OU,OVER,3.5,1.909,30,0-1,oddsflow_beta,APIFOOTBALL,500,LOST,-500
2026-05-13,Ligue 1,Lens,Paris Saint-Germain,,AH,HOME,0,1.93,30,0-1,oddsflow_handicap_sniper,HGA,100,LOST,-100
2026-05-13,Ligue 1,Lens,Paris Saint-Germain,,AH,HOME,0,1.96,30,0-1,oddsflow_beta,NOVA88,50,LOST,-50
2026-05-13,Ligue 1,Lens,Paris Saint-Germain,,AH,HOME,0,1.93,30,0-1,oddsflow_active_trader,HGA,100,LOST,-100
2026-05-13,Ligue 1,Lens,Paris Saint-Germain,,1X2,AWAY,0,1.533,30,0-1,oddsflow_beta,APIFOOTBALL,500,WON,266.5
2026-05-13,Ligue 1,Lens,Paris Saint-Germain,,AH,HOME,0,1.93,30,0-1,oddsflow_beta,HGA,100,LOST,-100
2026-05-13,Ligue 1,Lens,Paris Saint-Germain,,OU,OVER,3.5,2,31,0-1,oddsflow_handicap_sniper,APIFOOTBALL,500,LOST,-500
2026-05-13,Ligue 1,Lens,Paris Saint-Germain,,OU,OVER,3.5,2,31,0-1,oddsflow_active_trader,APIFOOTBALL,500,LOST,-500
2026-05-13,Ligue 1,Lens,Paris Saint-Germain,,1X2,AWAY,0,1.5,41,0-1,oddsflow_handicap_sniper,APIFOOTBALL,500,WON,250
2026-05-13,Ligue 1,Lens,Paris Saint-Germain,,1X2,AWAY,0,1.533,41,0-1,oddsflow_active_trader,APIFOOTBALL,500,WON,266.5
2026-05-13,La Liga,Getafe,Mallorca,,AH,AWAY,-1,1.925,15,1-0,oddsflow_core_strategy,APIFOOTBALL,200,VOID,0
2026-05-13,La Liga,Getafe,Mallorca,,AH,AWAY,0,1.91,15,1-0,oddsflow_core_strategy,NOVA88,50,LOST,-50
2026-05-13,La Liga,Getafe,Mallorca,,AH,AWAY,0,1.88,15,1-0,oddsflow_core_strategy,HGA,100,LOST,-100
2026-05-13,La Liga,Getafe,Mallorca,,AH,AWAY,-1,1.8,25,1-0,oddsflow_active_trader,APIFOOTBALL,1096,VOID,0
2026-05-13,La Liga,Getafe,Mallorca,,AH,AWAY,-1,1.8,25,1-0,oddsflow_handicap_sniper,APIFOOTBALL,1086,VOID,0
2026-05-13,La Liga,Getafe,Mallorca,,AH,AWAY,0,1.85,25,1-0,oddsflow_active_trader,NOVA88,50,LOST,-50
2026-05-13,La Liga,Getafe,Mallorca,,AH,AWAY,0,1.85,25,1-0,oddsflow_handicap_sniper,NOVA88,50,LOST,-50
2026-05-13,La Liga,Getafe,Mallorca,,AH,AWAY,0,1.83,25,1-0,oddsflow_active_trader,HGA,100,LOST,-100
2026-05-13,La Liga,Getafe,Mallorca,,AH,AWAY,0,1.83,25,1-0,oddsflow_handicap_sniper,HGA,100,LOST,-100
2026-05-13,La Liga,Getafe,Mallorca,,OU,OVER,2.5,2.1,26,1-0,oddsflow_active_trader,APIFOOTBALL,500,WON,550
2026-05-13,La Liga,Getafe,Mallorca,,OU,OVER,2.5,2.1,26,1-0,oddsflow_handicap_sniper,APIFOOTBALL,500,WON,550
2026-05-13,La Liga,Getafe,Mallorca,,AH,AWAY,-0.5,2.675,34,1-0,oddsflow_handicap_sniper,APIFOOTBALL,500,LOST,-500
2026-05-13,La Liga,Getafe,Mallorca,,AH,AWAY,-0.5,2.75,34,1-0,oddsflow_active_trader,APIFOOTBALL,500,LOST,-500
2026-05-13,Ligue 1,Lens,Paris Saint-Germain,,AH,HOME,1,1.725,67,0-1,oddsflow_beta,APIFOOTBALL,500,VOID,0
2026-05-13,Ligue 1,Lens,Paris Saint-Germain,,AH,HOME,1,1.725,67,0-1,oddsflow_active_trader,APIFOOTBALL,500,VOID,0
2026-05-13,Ligue 1,Lens,Paris Saint-Germain,,AH,HOME,1,1.725,67,0-1,oddsflow_handicap_sniper,APIFOOTBALL,500,VOID,0
2026-05-13,Ligue 1,Lens,Paris Saint-Germain,,OU,OVER,1.5,1.571,72,0-1,oddsflow_beta,APIFOOTBALL,500,WON,285.5
2026-05-13,Ligue 1,Lens,Paris Saint-Germain,,OU,OVER,1.5,1.571,73,0-1,oddsflow_active_trader,APIFOOTBALL,500,WON,285.5
2026-05-13,Ligue 1,Lens,Paris Saint-Germain,,OU,OVER,1.5,1.571,73,0-1,oddsflow_handicap_sniper,APIFOOTBALL,500,WON,285.5
2026-05-14,Saudi Pro League,Al-Fateh,Al Najma,,AH,AWAY,-0.5,1.975,15,0-0,oddsflow_core_strategy,APIFOOTBALL,4,LOST,-4
2026-05-14,Saudi Pro League,Al-Fateh,Al Najma,,AH,AWAY,-1,2.35,35,1-0,oddsflow_active_trader,APIFOOTBALL,5,VOID,0
2026-05-14,Saudi Pro League,Al-Fateh,Al Najma,,OU,UNDER,3.5,1.533,35,1-0,oddsflow_active_trader,APIFOOTBALL,6,WON,3.2
2026-05-14,Saudi Pro League,Al-Fateh,Al Najma,,OU,UNDER,3,2.06,35,1-0,oddsflow_active_trader,NOVA88,50,WON,53
2026-05-14,Saudi Pro League,Al-Fateh,Al Najma,,OU,UNDER,3,1.98,35,1-0,oddsflow_active_trader,HGA,100,WON,98
2026-05-14,Saudi Pro League,Al-Fateh,Al Najma,,AH,AWAY,-1,2.35,35,1-0,oddsflow_handicap_sniper,APIFOOTBALL,5,VOID,0
2026-05-14,Saudi Pro League,Al-Fateh,Al Najma,,OU,UNDER,3.5,1.533,35,1-0,oddsflow_handicap_sniper,APIFOOTBALL,6,WON,3.2
2026-05-14,Saudi Pro League,Al-Fateh,Al Najma,,OU,UNDER,3,2.06,35,1-0,oddsflow_handicap_sniper,NOVA88,50,WON,53
2026-05-14,Saudi Pro League,Al-Fateh,Al Najma,,OU,UNDER,3,1.98,35,1-0,oddsflow_handicap_sniper,HGA,100,WON,98
2026-05-14,Saudi Pro League,Al-Fateh,Al Najma,,OU,UNDER,2.5,2.5,36,1-0,oddsflow_active_trader,APIFOOTBALL,4,WON,6
2026-05-14,Saudi Pro League,Al-Fateh,Al Najma,,OU,UNDER,2.5,2.5,36,1-0,oddsflow_handicap_sniper,APIFOOTBALL,4,WON,6
2026-05-14,Saudi Pro League,Al-Fateh,Al Najma,,OU,UNDER,3.5,1.533,57,2-0,oddsflow_beta,APIFOOTBALL,6,WON,3.2
2026-05-14,Saudi Pro League,Al-Fateh,Al Najma,,OU,UNDER,3.25,1.84,57,2-0,oddsflow_beta,NOVA88,50,WON,42
2026-05-14,Saudi Pro League,Al-Fateh,Al Najma,,OU,UNDER,3.25,1.79,57,2-0,oddsflow_beta,HGA,100,WON,79
2026-05-14,La Liga,Valencia,Rayo Vallecano,,AH,HOME,0.5,2.025,20,0-0,oddsflow_core_strategy,APIFOOTBALL,70,WON,71.75
2026-05-14,La Liga,Valencia,Rayo Vallecano,,AH,HOME,0.5,2.025,20,0-0,oddsflow_active_trader,APIFOOTBALL,73,WON,74.82
2026-05-14,La Liga,Valencia,Rayo Vallecano,,OU,UNDER,2.5,2.3,20,0-0,oddsflow_active_trader,APIFOOTBALL,66,WON,85.8
2026-05-14,La Liga,Valencia,Rayo Vallecano,,1X2,HOME,0,4.5,20,0-0,oddsflow_active_trader,APIFOOTBALL,60,LOST,-60
2026-05-14,La Liga,Valencia,Rayo Vallecano,,OU,UNDER,2.75,2.04,20,0-0,oddsflow_active_trader,NOVA88,49,WON,50.96
2026-05-14,La Liga,Valencia,Rayo Vallecano,,AH,HOME,0.5,2.025,20,0-0,oddsflow_handicap_sniper,APIFOOTBALL,74,WON,75.85
2026-05-14,La Liga,Valencia,Rayo Vallecano,,OU,UNDER,2.5,2.3,20,0-0,oddsflow_handicap_sniper,APIFOOTBALL,65,WON,84.5
2026-05-14,La Liga,Valencia,Rayo Vallecano,,1X2,HOME,0,4.5,20,0-0,oddsflow_handicap_sniper,APIFOOTBALL,60,LOST,-60
2026-05-14,La Liga,Valencia,Rayo Vallecano,,OU,UNDER,2.75,2.04,20,0-0,oddsflow_handicap_sniper,NOVA88,48,WON,49.92
2026-05-14,La Liga,Valencia,Rayo Vallecano,,1X2,AWAY,0,1.666,39,0-1,oddsflow_active_trader,APIFOOTBALL,60,LOST,-60
2026-05-14,La Liga,Valencia,Rayo Vallecano,,1X2,DRAW,0,2.375,46,1-1,oddsflow_handicap_sniper,APIFOOTBALL,60,WON,82.5
2026-05-14,La Liga,Girona,Real Sociedad,,1X2,AWAY,0,4,0,0-0,oddsflow_prematch_edge,APIFOOTBALL,10,LOST,-10
2026-05-14,La Liga,Girona,Real Sociedad,,1X2,AWAY,0,3.65,0,0-0,oddsflow_prematch_edge,NOVA88,15,LOST,-15
2026-05-14,Saudi Pro League,Al-Ettifaq,Al-Ittihad FC,,AH,HOME,1.5,1.8,10,0-1,oddsflow_core_strategy,APIFOOTBALL,8,WON,6.4
2026-05-14,La Liga,Girona,Real Sociedad,,AH,AWAY,-0.5,1.925,10,0-0,oddsflow_core_strategy,APIFOOTBALL,60,WON,55.5
2026-05-14,La Liga,Girona,Real Sociedad,,AH,AWAY,-0.5,1.93,10,0-0,oddsflow_core_strategy,NOVA88,15,WON,13.95
2026-05-14,La Liga,Girona,Real Sociedad,,AH,AWAY,-0.5,1.94,10,0-0,oddsflow_core_strategy,HGA,50,WON,47
2026-05-14,La Liga,Girona,Real Sociedad,,AH,AWAY,-0.5,1.85,15,0-0,oddsflow_beta,APIFOOTBALL,60,WON,51
2026-05-14,La Liga,Girona,Real Sociedad,,AH,AWAY,-0.5,1.88,15,0-0,oddsflow_beta,NOVA88,19,WON,16.72
2026-05-14,La Liga,Girona,Real Sociedad,,AH,AWAY,-0.5,1.92,15,0-0,oddsflow_beta,HGA,50,WON,46
2026-05-14,La Liga,Girona,Real Sociedad,,AH,AWAY,-0.5,1.85,15,0-0,oddsflow_active_trader,APIFOOTBALL,60,WON,51
2026-05-14,La Liga,Girona,Real Sociedad,,AH,AWAY,-0.5,1.88,15,0-0,oddsflow_active_trader,NOVA88,15,WON,13.2
2026-05-14,La Liga,Girona,Real Sociedad,,AH,AWAY,-0.5,1.92,15,0-0,oddsflow_active_trader,HGA,50,WON,46
2026-05-14,La Liga,Girona,Real Sociedad,,AH,AWAY,-0.5,1.85,15,0-0,oddsflow_handicap_sniper,APIFOOTBALL,60,WON,51
2026-05-14,La Liga,Girona,Real Sociedad,,AH,AWAY,-0.5,1.88,15,0-0,oddsflow_handicap_sniper,NOVA88,18,WON,15.84
2026-05-14,La Liga,Girona,Real Sociedad,,AH,AWAY,-0.5,1.92,15,0-0,oddsflow_handicap_sniper,HGA,50,WON,46
2026-05-14,La Liga,Valencia,Rayo Vallecano,,OU,OVER,2.5,1.533,56,1-1,oddsflow_active_trader,APIFOOTBALL,60,LOST,-60
2026-05-14,La Liga,Valencia,Rayo Vallecano,,OU,OVER,2.5,1.533,57,1-1,oddsflow_handicap_sniper,APIFOOTBALL,60,LOST,-60
2026-05-14,La Liga,Valencia,Rayo Vallecano,,1X2,DRAW,0,1.952,60,1-1,oddsflow_active_trader,APIFOOTBALL,60,WON,57.12
2026-05-14,La Liga,Girona,Real Sociedad,,OU,UNDER,2.5,1.666,24,0-0,oddsflow_handicap_sniper,APIFOOTBALL,60,WON,39.96
2026-05-14,La Liga,Girona,Real Sociedad,,OU,UNDER,2.5,1.666,25,0-0,oddsflow_active_trader,APIFOOTBALL,60,WON,39.96
2026-05-14,La Liga,Girona,Real Sociedad,,OU,UNDER,2.5,1.666,25,0-0,oddsflow_beta,APIFOOTBALL,60,WON,39.96
2026-05-14,La Liga,Girona,Real Sociedad,,AH,HOME,0.5,1.825,28,0-0,oddsflow_core_strategy,APIFOOTBALL,69,WON,56.93
2026-05-14,La Liga,Girona,Real Sociedad,,AH,HOME,0.5,1.825,28,0-0,oddsflow_beta,APIFOOTBALL,60,WON,49.5
2026-05-14,La Liga,Girona,Real Sociedad,,OU,UNDER,3.5,1.615,28,0-0,oddsflow_beta,APIFOOTBALL,103,WON,63.35
2026-05-14,La Liga,Girona,Real Sociedad,,AH,HOME,0.5,1.825,28,0-0,oddsflow_active_trader,APIFOOTBALL,60,WON,49.5
2026-05-14,La Liga,Girona,Real Sociedad,,1X2,HOME,0,3.5,28,0-0,oddsflow_beta,APIFOOTBALL,60,LOST,-60
2026-05-14,La Liga,Girona,Real Sociedad,,OU,UNDER,3.5,1.615,28,0-0,oddsflow_active_trader,APIFOOTBALL,104,WON,63.96
2026-05-14,La Liga,Girona,Real Sociedad,,OU,UNDER,3,2.07,28,0-0,oddsflow_beta,NOVA88,50,WON,53.5
2026-05-14,La Liga,Girona,Real Sociedad,,1X2,HOME,0,3.65,28,0-0,oddsflow_beta,HGA,51,LOST,-51
2026-05-14,La Liga,Girona,Real Sociedad,,OU,UNDER,3.25,1.87,28,0-0,oddsflow_beta,HGA,100,WON,87
2026-05-14,La Liga,Girona,Real Sociedad,,1X2,HOME,0,3.5,28,0-0,oddsflow_active_trader,APIFOOTBALL,60,LOST,-60
2026-05-14,La Liga,Girona,Real Sociedad,,OU,UNDER,3,2.07,28,0-0,oddsflow_active_trader,NOVA88,50,WON,53.5
2026-05-14,La Liga,Girona,Real Sociedad,,1X2,HOME,0,3.65,28,0-0,oddsflow_active_trader,HGA,50,LOST,-50
2026-05-14,La Liga,Girona,Real Sociedad,,OU,UNDER,3.25,1.87,28,0-0,oddsflow_active_trader,HGA,100,WON,87
2026-05-14,Saudi Pro League,Al-Ettifaq,Al-Ittihad FC,,AH,HOME,1,2.25,29,1-2,oddsflow_core_strategy,APIFOOTBALL,4,VOID,0
2026-05-14,La Liga,Girona,Real Sociedad,,AH,HOME,0.5,1.85,30,0-1,oddsflow_handicap_sniper,APIFOOTBALL,76,WON,64.6
2026-05-14,La Liga,Girona,Real Sociedad,,OU,UNDER,3.5,1.615,30,0-1,oddsflow_handicap_sniper,APIFOOTBALL,60,WON,36.9
2026-05-14,La Liga,Girona,Real Sociedad,,1X2,AWAY,0,1.952,30,0-1,oddsflow_handicap_sniper,APIFOOTBALL,60,LOST,-60
2026-05-14,La Liga,Girona,Real Sociedad,,OU,UNDER,3.25,1.9,30,0-1,oddsflow_handicap_sniper,NOVA88,49,WON,44.1
2026-05-14,Saudi Pro League,Al-Ettifaq,Al-Ittihad FC,,AH,HOME,1,2.2,35,1-2,oddsflow_handicap_sniper,APIFOOTBALL,5,VOID,0
2026-05-14,Saudi Pro League,Al-Qadisiyah FC,Al-Hazm,,OU,UNDER,4.5,1.5,35,1-0,oddsflow_handicap_sniper,APIFOOTBALL,5,WON,2.5
2026-05-14,Saudi Pro League,Al-Ettifaq,Al-Ittihad FC,,OU,UNDER,5.5,1.615,35,1-2,oddsflow_handicap_sniper,APIFOOTBALL,8,WON,4.92
2026-05-14,Saudi Pro League,Al-Qadisiyah FC,Al-Hazm,,OU,UNDER,3.75,1.89,35,1-0,oddsflow_handicap_sniper,NOVA88,50,WON,44.5
2026-05-14,Saudi Pro League,Al-Ettifaq,Al-Ittihad FC,,OU,UNDER,5.25,1.81,35,1-2,oddsflow_handicap_sniper,NOVA88,50,WON,40.5
2026-05-14,Saudi Pro League,Al-Qadisiyah FC,Al-Hazm,,OU,UNDER,3.75,1.91,35,1-0,oddsflow_handicap_sniper,HGA,100,WON,91
2026-05-14,Saudi Pro League,Al-Ettifaq,Al-Ittihad FC,,OU,UNDER,5.25,1.8,35,1-2,oddsflow_handicap_sniper,HGA,100,WON,80
2026-05-14,Saudi Pro League,Al-Qadisiyah FC,Al-Hazm,,OU,UNDER,4.5,1.5,35,1-0,oddsflow_active_trader,APIFOOTBALL,5,WON,2.5
2026-05-14,Saudi Pro League,Al-Ettifaq,Al-Ittihad FC,,AH,HOME,1,2.2,35,1-2,oddsflow_active_trader,APIFOOTBALL,5,VOID,0
2026-05-14,Saudi Pro League,Al-Ettifaq,Al-Ittihad FC,,OU,UNDER,5.5,1.615,35,1-2,oddsflow_active_trader,APIFOOTBALL,8,WON,4.92
2026-05-14,Saudi Pro League,Al-Qadisiyah FC,Al-Hazm,,OU,UNDER,3.75,1.89,35,1-0,oddsflow_active_trader,NOVA88,50,WON,44.5
2026-05-14,Saudi Pro League,Al-Qadisiyah FC,Al-Hazm,,OU,UNDER,3.75,1.91,35,1-0,oddsflow_active_trader,HGA,100,WON,91
2026-05-14,Saudi Pro League,Al-Ettifaq,Al-Ittihad FC,,OU,UNDER,5.25,1.81,35,1-2,oddsflow_active_trader,NOVA88,50,WON,40.5
2026-05-14,Saudi Pro League,Al-Ettifaq,Al-Ittihad FC,,OU,UNDER,5.25,1.8,35,1-2,oddsflow_active_trader,HGA,100,WON,80
2026-05-14,Saudi Pro League,Al-Ettifaq,Al-Ittihad FC,,AH,HOME,1,2.2,35,1-2,oddsflow_beta,APIFOOTBALL,5,VOID,0
2026-05-14,Saudi Pro League,Al-Ettifaq,Al-Ittihad FC,,OU,UNDER,5.5,1.615,35,1-2,oddsflow_beta,APIFOOTBALL,7,WON,4.31
2026-05-14,Saudi Pro League,Al-Ettifaq,Al-Ittihad FC,,OU,UNDER,5.25,1.81,35,1-2,oddsflow_beta,NOVA88,50,WON,40.5
2026-05-14,Saudi Pro League,Al-Ettifaq,Al-Ittihad FC,,OU,UNDER,5,2.07,35,1-2,oddsflow_beta,HGA,100,WON,107
2026-05-14,Saudi Pro League,Al-Qadisiyah FC,Al-Hazm,,OU,UNDER,3.5,2.1,35,1-0,oddsflow_handicap_sniper,APIFOOTBALL,4,WON,4.4
2026-05-14,Saudi Pro League,Al-Qadisiyah FC,Al-Hazm,,OU,UNDER,3.5,2.1,35,1-0,oddsflow_active_trader,APIFOOTBALL,4,WON,4.4
2026-05-14,La Liga,Girona,Real Sociedad,,1X2,AWAY,0,2.1,35,0-1,oddsflow_active_trader,APIFOOTBALL,60,LOST,-60
2026-05-14,La Liga,Girona,Real Sociedad,,1X2,AWAY,0,2.14,35,0-1,oddsflow_active_trader,NOVA88,15,LOST,-15
2026-05-14,Saudi Pro League,Al-Ettifaq,Al-Ittihad FC,,AH,HOME,0.5,2.425,41,1-2,oddsflow_handicap_sniper,APIFOOTBALL,4,LOST,-4
2026-05-14,Saudi Pro League,Al-Ettifaq,Al-Ittihad FC,,1X2,AWAY,0,1.533,41,1-2,oddsflow_handicap_sniper,APIFOOTBALL,4,WON,2.13
2026-05-14,Saudi Pro League,Al-Ettifaq,Al-Ittihad FC,,AH,HOME,0.5,2.425,41,1-2,oddsflow_beta,APIFOOTBALL,4,LOST,-4
2026-05-14,Saudi Pro League,Al-Ettifaq,Al-Ittihad FC,,1X2,AWAY,0,1.533,41,1-2,oddsflow_beta,APIFOOTBALL,4,WON,2.13
2026-05-14,Saudi Pro League,Al-Ettifaq,Al-Ittihad FC,,AH,HOME,0.5,2.425,41,1-2,oddsflow_active_trader,APIFOOTBALL,4,LOST,-4
2026-05-14,Saudi Pro League,Al-Ettifaq,Al-Ittihad FC,,1X2,AWAY,0,1.533,41,1-2,oddsflow_active_trader,APIFOOTBALL,4,WON,2.13
2026-05-14,Saudi Pro League,Al-Ettifaq,Al-Ittihad FC,,OU,UNDER,4.5,2.5,43,1-2,oddsflow_active_trader,APIFOOTBALL,4,WON,6
2026-05-14,Saudi Pro League,Al-Ettifaq,Al-Ittihad FC,,OU,UNDER,4.5,2.5,43,1-2,oddsflow_handicap_sniper,APIFOOTBALL,4,WON,6
2026-05-14,Saudi Pro League,Al-Ettifaq,Al-Ittihad FC,,OU,UNDER,4.5,2.5,43,1-2,oddsflow_beta,APIFOOTBALL,4,WON,6
2026-05-14,La Liga,Girona,Real Sociedad,,1X2,AWAY,0,2.1,48,0-1,oddsflow_beta,APIFOOTBALL,60,LOST,-60
2026-05-14,La Liga,Girona,Real Sociedad,,1X2,AWAY,0,2.13,48,0-1,oddsflow_beta,NOVA88,33,LOST,-33
2026-05-14,La Liga,Girona,Real Sociedad,,1X2,AWAY,0,2.13,48,0-1,oddsflow_beta,HGA,65,LOST,-65
2026-05-14,Saudi Pro League,Al-Qadisiyah FC,Al-Hazm,,OU,UNDER,2.5,2.5,47,1-0,oddsflow_handicap_sniper,APIFOOTBALL,4,WON,6
2026-05-14,Saudi Pro League,Al-Qadisiyah FC,Al-Hazm,,OU,UNDER,2.5,2.5,47,1-0,oddsflow_active_trader,APIFOOTBALL,4,WON,6
2026-05-14,Saudi Pro League,Al-Qadisiyah FC,Al-Hazm,,AH,AWAY,-1.5,2.75,49,1-0,oddsflow_handicap_sniper,APIFOOTBALL,4,WON,7
2026-05-14,Saudi Pro League,Al-Qadisiyah FC,Al-Hazm,,AH,AWAY,-1.5,2.75,49,1-0,oddsflow_active_trader,APIFOOTBALL,4,WON,7
2026-05-14,La Liga,Girona,Real Sociedad,,1X2,DRAW,0,2.375,66,1-1,oddsflow_beta,APIFOOTBALL,60,WON,82.5
2026-05-14,La Liga,Girona,Real Sociedad,,1X2,DRAW,0,2.375,66,1-1,oddsflow_handicap_sniper,APIFOOTBALL,60,WON,82.5
2026-05-14,La Liga,Girona,Real Sociedad,,1X2,DRAW,0,3.25,66,1-1,oddsflow_beta,NOVA88,50,WON,112.5
2026-05-14,La Liga,Girona,Real Sociedad,,1X2,DRAW,0,3.25,66,1-1,oddsflow_handicap_sniper,NOVA88,50,WON,112.5
2026-05-14,La Liga,Girona,Real Sociedad,,1X2,DRAW,0,2.29,66,1-1,oddsflow_beta,HGA,61,WON,78.69
2026-05-14,La Liga,Girona,Real Sociedad,,1X2,DRAW,0,2.29,66,1-1,oddsflow_handicap_sniper,HGA,61,WON,78.69
2026-05-14,La Liga,Girona,Real Sociedad,,1X2,DRAW,0,2.375,66,1-1,oddsflow_active_trader,APIFOOTBALL,60,WON,82.5
2026-05-14,La Liga,Girona,Real Sociedad,,1X2,DRAW,0,2.29,66,1-1,oddsflow_active_trader,HGA,50,WON,64.5
2026-05-14,La Liga,Real Madrid,Oviedo,,AH,AWAY,-2,1.88,0,0-0,oddsflow_prematch_edge,APIFOOTBALL,252,VOID,0
2026-05-14,Saudi Pro League,Al-Qadisiyah FC,Al-Hazm,,AH,AWAY,-1.5,1.975,70,1-0,oddsflow_core_strategy,APIFOOTBALL,6,WON,5.85
2026-05-14,La Liga,Real Madrid,Oviedo,,AH,AWAY,-1,2.75,14,0-0,oddsflow_core_strategy,APIFOOTBALL,60,LOST,-60
2026-05-14,La Liga,Real Madrid,Oviedo,,AH,AWAY,-1,2.75,15,0-0,oddsflow_handicap_sniper,APIFOOTBALL,60,LOST,-60
2026-05-14,La Liga,Real Madrid,Oviedo,,OU,UNDER,2.5,2.375,15,0-0,oddsflow_handicap_sniper,APIFOOTBALL,60,WON,82.5
2026-05-14,La Liga,Real Madrid,Oviedo,,AH,AWAY,-1,2.75,15,0-0,oddsflow_active_trader,APIFOOTBALL,60,LOST,-60
2026-05-14,La Liga,Real Madrid,Oviedo,,OU,UNDER,2.5,2.375,15,0-0,oddsflow_active_trader,APIFOOTBALL,60,WON,82.5
2026-05-14,La Liga,Real Madrid,Oviedo,,OU,UNDER,3.5,1.533,15,0-0,oddsflow_handicap_sniper,APIFOOTBALL,60,WON,31.98
2026-05-14,La Liga,Real Madrid,Oviedo,,OU,UNDER,3,1.83,15,0-0,oddsflow_handicap_sniper,NOVA88,50,WON,41.5
2026-05-14,La Liga,Real Madrid,Oviedo,,OU,UNDER,3,1.85,15,0-0,oddsflow_handicap_sniper,HGA,100,WON,85
2026-05-14,La Liga,Real Madrid,Oviedo,,OU,UNDER,3.5,1.533,15,0-0,oddsflow_active_trader,APIFOOTBALL,60,WON,31.98
2026-05-14,La Liga,Real Madrid,Oviedo,,OU,UNDER,3,1.83,15,0-0,oddsflow_active_trader,NOVA88,50,WON,41.5
2026-05-14,La Liga,Real Madrid,Oviedo,,OU,UNDER,3,1.85,15,0-0,oddsflow_active_trader,HGA,100,WON,85
2026-05-14,La Liga,Real Madrid,Oviedo,,OU,UNDER,1.5,2.375,42,0-0,oddsflow_active_trader,APIFOOTBALL,60,LOST,-60
2026-05-14,La Liga,Real Madrid,Oviedo,,OU,UNDER,1.5,2.375,42,0-0,oddsflow_handicap_sniper,APIFOOTBALL,60,LOST,-60
2026-05-14,La Liga,Real Madrid,Oviedo,,AH,AWAY,-1.5,2.3,45,1-0,oddsflow_active_trader,APIFOOTBALL,78,WON,101.4
2026-05-14,La Liga,Real Madrid,Oviedo,,AH,AWAY,-1.5,2.3,45,1-0,oddsflow_handicap_sniper,APIFOOTBALL,78,WON,101.4
2026-05-14,La Liga,Real Madrid,Oviedo,,AH,AWAY,-1.5,2.1,63,1-0,oddsflow_beta,APIFOOTBALL,130,WON,143
2026-05-14,La Liga,Real Madrid,Oviedo,,OU,UNDER,2.5,1.571,63,1-0,oddsflow_beta,APIFOOTBALL,111,WON,63.38
2026-05-14,La Liga,Real Madrid,Oviedo,,OU,UNDER,2.25,1.8,63,1-0,oddsflow_beta,NOVA88,50,HALF_WON,20
2026-05-14,La Liga,Real Madrid,Oviedo,,OU,UNDER,2.25,1.84,63,1-0,oddsflow_beta,HGA,100,HALF_WON,42
2026-05-14,La Liga,Real Madrid,Oviedo,,AH,AWAY,-1.5,1.9,67,1-0,oddsflow_core_strategy,APIFOOTBALL,140,WON,126
2026-05-15,Chinese Super League,Shanghai SIPG,Hangzhou Greentown,,AH,AWAY,0,2.5,44,1-1,oddsflow_core_strategy,APIFOOTBALL,200,VOID,0
2026-05-15,Chinese Super League,Tianjin Teda,Chengdu Better City,,AH,HOME,0.5,1.825,44,1-1,oddsflow_core_strategy,APIFOOTBALL,200,LOST,-200
2026-05-15,Chinese Super League,Dalian Zhixing,Qingdao Youth Island,,AH,AWAY,1,2.675,19,0-0,oddsflow_core_strategy,APIFOOTBALL,200,VOID,0
2026-05-15,Chinese Super League,Tianjin Teda,Chengdu Better City,,AH,HOME,0.5,1.86,44,1-1,oddsflow_core_strategy,NOVA88,31,LOST,-31
2026-05-15,Chinese Super League,Tianjin Teda,Chengdu Better City,,AH,HOME,0.5,1.86,44,1-1,oddsflow_core_strategy,HGA,62,LOST,-62
2026-05-15,Chinese Super League,Shanghai SIPG,Hangzhou Greentown,,AH,AWAY,0,2.5,44,1-1,oddsflow_handicap_sniper,APIFOOTBALL,500,VOID,0
2026-05-15,Chinese Super League,Shanghai SIPG,Hangzhou Greentown,,OU,UNDER,3.5,2.2,44,1-1,oddsflow_handicap_sniper,APIFOOTBALL,500,LOST,-500
2026-05-15,Chinese Super League,Shanghai SIPG,Hangzhou Greentown,,1X2,DRAW,0,3,44,1-1,oddsflow_handicap_sniper,APIFOOTBALL,500,WON,1000
2026-05-15,Chinese Super League,Shanghai SIPG,Hangzhou Greentown,,1X2,DRAW,0,2.76,44,1-1,oddsflow_handicap_sniper,NOVA88,15,WON,26.4
2026-05-15,Chinese Super League,Shanghai SIPG,Hangzhou Greentown,,1X2,DRAW,0,3,44,1-1,oddsflow_handicap_sniper,HGA,50,WON,100
2026-05-15,Chinese Super League,Beijing Guoan,Qingdao Jonoon,,AH,AWAY,-1.25,2.05,0,0-0,oddsflow_prematch_edge,APIFOOTBALL,10,LOST,-10
2026-05-15,Chinese Super League,Beijing Guoan,Qingdao Jonoon,,AH,AWAY,-1.25,1.97,0,0-0,oddsflow_prematch_edge,NOVA88,50,LOST,-50
2026-05-15,Chinese Super League,Beijing Guoan,Qingdao Jonoon,,AH,AWAY,-1.25,1.91,0,0-0,oddsflow_prematch_edge,HGA,100,LOST,-100
2026-05-15,Chinese Super League,Dalian Zhixing,Qingdao Youth Island,,1X2,AWAY,0,1.909,35,0-1,oddsflow_active_trader,APIFOOTBALL,587,WON,533.58
2026-05-15,Chinese Super League,Dalian Zhixing,Qingdao Youth Island,,1X2,AWAY,0,1.94,35,0-1,oddsflow_active_trader,NOVA88,46,WON,43.24
2026-05-15,Chinese Super League,Dalian Zhixing,Qingdao Youth Island,,1X2,AWAY,0,2,35,0-1,oddsflow_active_trader,HGA,99,WON,99
2026-05-15,Chinese Super League,Dalian Zhixing,Qingdao Youth Island,,1X2,AWAY,0,1.909,35,0-1,oddsflow_handicap_sniper,APIFOOTBALL,872,WON,792.65
2026-05-15,Chinese Super League,Dalian Zhixing,Qingdao Youth Island,,1X2,AWAY,0,1.94,35,0-1,oddsflow_handicap_sniper,NOVA88,50,WON,47
2026-05-15,Chinese Super League,Dalian Zhixing,Qingdao Youth Island,,1X2,AWAY,0,2,35,0-1,oddsflow_handicap_sniper,HGA,100,WON,100
2026-05-15,Chinese Super League,Dalian Zhixing,Qingdao Youth Island,,OU,UNDER,2.5,2.25,37,0-1,oddsflow_handicap_sniper,APIFOOTBALL,500,LOST,-500
2026-05-15,Chinese Super League,Dalian Zhixing,Qingdao Youth Island,,OU,UNDER,2.5,2.25,37,0-1,oddsflow_active_trader,APIFOOTBALL,500,LOST,-500
2026-05-15,Chinese Super League,Shanghai SIPG,Hangzhou Greentown,,OU,UNDER,4.5,1.615,56,1-2,oddsflow_handicap_sniper,APIFOOTBALL,500,WON,307.5
2026-05-15,Chinese Super League,Shanghai SIPG,Hangzhou Greentown,,1X2,AWAY,0,1.615,56,1-2,oddsflow_handicap_sniper,APIFOOTBALL,500,LOST,-500
2026-05-15,Chinese Super League,Shanghai SIPG,Hangzhou Greentown,,1X2,AWAY,0,1.66,56,1-2,oddsflow_handicap_sniper,NOVA88,16,LOST,-16
2026-05-15,Chinese Super League,Shanghai SIPG,Hangzhou Greentown,,1X2,AWAY,0,1.69,56,1-2,oddsflow_handicap_sniper,HGA,50,LOST,-50
2026-05-15,Chinese Super League,Henan Jianye,Sichuan Jiuniu,,AH,AWAY,-0.5,1.875,57,0-0,oddsflow_active_trader,APIFOOTBALL,726,LOST,-726
2026-05-15,Chinese Super League,Henan Jianye,Sichuan Jiuniu,,OU,UNDER,1.5,1.571,57,0-0,oddsflow_active_trader,APIFOOTBALL,773,WON,441.38
2026-05-15,Chinese Super League,Henan Jianye,Sichuan Jiuniu,,AH,AWAY,-0.5,1.89,57,0-0,oddsflow_active_trader,NOVA88,50,LOST,-50
2026-05-15,Chinese Super League,Henan Jianye,Sichuan Jiuniu,,1X2,DRAW,0,2.6,57,0-0,oddsflow_active_trader,APIFOOTBALL,500,LOST,-500
2026-05-15,Chinese Super League,Henan Jianye,Sichuan Jiuniu,,OU,UNDER,1.25,1.81,57,0-0,oddsflow_active_trader,NOVA88,50,HALF_WON,20.25
2026-05-15,Chinese Super League,Henan Jianye,Sichuan Jiuniu,,AH,AWAY,-0.5,1.93,57,0-0,oddsflow_active_trader,HGA,100,LOST,-100
2026-05-15,Chinese Super League,Henan Jianye,Sichuan Jiuniu,,OU,UNDER,1.25,1.85,57,0-0,oddsflow_active_trader,HGA,100,HALF_WON,42.5
2026-05-15,Chinese Super League,Henan Jianye,Sichuan Jiuniu,,1X2,DRAW,0,2.43,57,0-0,oddsflow_active_trader,NOVA88,15,LOST,-15
2026-05-15,Chinese Super League,Henan Jianye,Sichuan Jiuniu,,1X2,DRAW,0,2.52,57,0-0,oddsflow_active_trader,HGA,50,LOST,-50
2026-05-15,Chinese Super League,Henan Jianye,Sichuan Jiuniu,,AH,AWAY,-0.5,1.875,57,0-0,oddsflow_handicap_sniper,APIFOOTBALL,722,LOST,-722
2026-05-15,Chinese Super League,Henan Jianye,Sichuan Jiuniu,,OU,UNDER,1.5,1.571,57,0-0,oddsflow_handicap_sniper,APIFOOTBALL,786,WON,448.81
2026-05-15,Chinese Super League,Henan Jianye,Sichuan Jiuniu,,AH,AWAY,-0.5,1.89,57,0-0,oddsflow_handicap_sniper,NOVA88,50,LOST,-50
2026-05-15,Chinese Super League,Henan Jianye,Sichuan Jiuniu,,1X2,DRAW,0,2.6,57,0-0,oddsflow_handicap_sniper,APIFOOTBALL,500,LOST,-500
2026-05-15,Chinese Super League,Henan Jianye,Sichuan Jiuniu,,AH,AWAY,-0.5,1.93,57,0-0,oddsflow_handicap_sniper,HGA,100,LOST,-100
2026-05-15,Chinese Super League,Henan Jianye,Sichuan Jiuniu,,OU,UNDER,1.25,1.81,57,0-0,oddsflow_handicap_sniper,NOVA88,50,HALF_WON,20.25
2026-05-15,Chinese Super League,Henan Jianye,Sichuan Jiuniu,,OU,UNDER,1.25,1.85,57,0-0,oddsflow_handicap_sniper,HGA,100,HALF_WON,42.5
2026-05-15,Chinese Super League,Henan Jianye,Sichuan Jiuniu,,1X2,DRAW,0,2.43,57,0-0,oddsflow_handicap_sniper,NOVA88,23,LOST,-23
2026-05-15,Chinese Super League,Henan Jianye,Sichuan Jiuniu,,1X2,DRAW,0,2.52,57,0-0,oddsflow_handicap_sniper,HGA,52,LOST,-52
2026-05-15,Chinese Super League,Henan Jianye,Sichuan Jiuniu,,AH,AWAY,-0.5,1.875,57,0-0,oddsflow_core_strategy,APIFOOTBALL,200,LOST,-200
2026-05-15,Chinese Super League,Henan Jianye,Sichuan Jiuniu,,AH,AWAY,-0.5,1.89,57,0-0,oddsflow_core_strategy,NOVA88,50,LOST,-50
2026-05-15,Chinese Super League,Henan Jianye,Sichuan Jiuniu,,AH,AWAY,-0.5,1.93,57,0-0,oddsflow_core_strategy,HGA,100,LOST,-100
2026-05-15,Chinese Super League,Henan Jianye,Sichuan Jiuniu,,AH,AWAY,-1,2.75,77,1-0,oddsflow_active_trader,APIFOOTBALL,500,WON,875
2026-05-15,Chinese Super League,Henan Jianye,Sichuan Jiuniu,,AH,AWAY,-1,2.75,77,1-0,oddsflow_beta,APIFOOTBALL,628,WON,1099
2026-05-15,Chinese Super League,Henan Jianye,Sichuan Jiuniu,,AH,AWAY,-1,2.75,77,1-0,oddsflow_handicap_sniper,APIFOOTBALL,500,WON,875
2026-05-15,Saudi Pro League,Damac,Al-Fayha,,AH,AWAY,-0.5,1.825,10,0-0,oddsflow_core_strategy,APIFOOTBALL,4,LOST,-4
2026-05-15,Saudi Pro League,Damac,Al-Fayha,,AH,AWAY,-0.5,1.87,10,0-0,oddsflow_core_strategy,NOVA88,26,LOST,-26
2026-05-15,Saudi Pro League,Damac,Al-Fayha,,AH,AWAY,-0.5,1.92,10,0-0,oddsflow_core_strategy,HGA,59,LOST,-59
2026-05-15,Saudi Pro League,Damac,Al-Fayha,,AH,AWAY,-1,2.3,35,1-0,oddsflow_active_trader,APIFOOTBALL,6,LOST,-6
2026-05-15,Saudi Pro League,Damac,Al-Fayha,,AH,AWAY,-1,2.3,35,1-0,oddsflow_handicap_sniper,APIFOOTBALL,6,LOST,-6
2026-05-15,Saudi Pro League,Damac,Al-Fayha,,AH,AWAY,-1,2.3,45,1-0,oddsflow_beta,APIFOOTBALL,6,LOST,-6
2026-05-15,Süper Lig,Rizespor,Besiktas,,AH,AWAY,-0.5,2.1,18,0-0,oddsflow_core_strategy,APIFOOTBALL,4,WON,4.4
2026-05-15,Süper Lig,Rizespor,Besiktas,,AH,AWAY,-1.5,2.3,35,2-0,oddsflow_active_trader,APIFOOTBALL,4,WON,5.2
2026-05-15,Süper Lig,Rizespor,Besiktas,,AH,AWAY,-1.5,2.3,35,2-0,oddsflow_handicap_sniper,APIFOOTBALL,4,WON,5.2
2026-05-15,Süper Lig,Rizespor,Besiktas,,OU,UNDER,4.5,1.666,35,2-0,oddsflow_active_trader,APIFOOTBALL,5,WON,3.33
2026-05-15,Süper Lig,Rizespor,Besiktas,,OU,UNDER,4.5,1.666,35,2-0,oddsflow_handicap_sniper,APIFOOTBALL,5,WON,3.33
2026-05-15,Süper Lig,Rizespor,Besiktas,,OU,UNDER,4.25,1.91,35,2-0,oddsflow_active_trader,NOVA88,50,HALF_WON,22.75
2026-05-15,Süper Lig,Rizespor,Besiktas,,OU,UNDER,4.25,1.91,35,2-0,oddsflow_handicap_sniper,NOVA88,50,HALF_WON,22.75
2026-05-15,Süper Lig,Rizespor,Besiktas,,OU,UNDER,4.25,1.85,35,2-0,oddsflow_active_trader,HGA,100,HALF_WON,42.5
2026-05-15,Süper Lig,Rizespor,Besiktas,,OU,UNDER,4.25,1.85,35,2-0,oddsflow_handicap_sniper,HGA,100,HALF_WON,42.5
2026-05-15,Süper Lig,Rizespor,Besiktas,,AH,AWAY,-1.5,2.3,35,2-0,oddsflow_beta,APIFOOTBALL,4,WON,5.2
2026-05-15,Süper Lig,Rizespor,Besiktas,,OU,UNDER,4.5,1.666,35,2-0,oddsflow_beta,APIFOOTBALL,5,WON,3.33
2026-05-15,Süper Lig,Rizespor,Besiktas,,OU,UNDER,4.25,1.91,35,2-0,oddsflow_beta,NOVA88,50,HALF_WON,22.75
2026-05-15,Süper Lig,Rizespor,Besiktas,,OU,UNDER,4.25,1.85,35,2-0,oddsflow_beta,HGA,100,HALF_WON,42.5
2026-05-15,Süper Lig,Rizespor,Besiktas,,AH,AWAY,-1.5,2.25,35,2-0,oddsflow_core_strategy,APIFOOTBALL,5,WON,6.25
2026-05-15,Süper Lig,Rizespor,Besiktas,,OU,UNDER,3.5,2.5,43,2-0,oddsflow_active_trader,APIFOOTBALL,4,LOST,-4
2026-05-15,Süper Lig,Rizespor,Besiktas,,OU,UNDER,3.5,2.5,43,2-0,oddsflow_handicap_sniper,APIFOOTBALL,4,LOST,-4
2026-05-15,Saudi Pro League,Damac,Al-Fayha,,OU,UNDER,3.5,1.615,77,2-0,oddsflow_beta,APIFOOTBALL,5,WON,3.08
2026-05-15,Saudi Pro League,Damac,Al-Fayha,,OU,UNDER,3.5,1.67,77,2-0,oddsflow_beta,NOVA88,50,WON,33.5
2026-05-15,Saudi Pro League,Damac,Al-Fayha,,OU,UNDER,3.5,1.615,77,2-0,oddsflow_active_trader,APIFOOTBALL,5,WON,3.08
2026-05-15,Saudi Pro League,Damac,Al-Fayha,,OU,UNDER,3.5,1.615,77,2-0,oddsflow_handicap_sniper,APIFOOTBALL,5,WON,3.08
2026-05-15,Saudi Pro League,Damac,Al-Fayha,,OU,UNDER,3.5,1.67,77,2-0,oddsflow_active_trader,NOVA88,50,WON,33.5
2026-05-15,Saudi Pro League,Damac,Al-Fayha,,OU,UNDER,3.5,1.67,77,2-0,oddsflow_handicap_sniper,NOVA88,50,WON,33.5
2026-05-15,Süper Lig,Rizespor,Besiktas,,AH,AWAY,-0.5,2.3,56,2-1,oddsflow_handicap_sniper,APIFOOTBALL,4,WON,5.2
2026-05-15,Süper Lig,Rizespor,Besiktas,,AH,AWAY,-0.5,2.3,56,2-1,oddsflow_active_trader,APIFOOTBALL,4,WON,5.2
2026-05-15,Süper Lig,Rizespor,Besiktas,,1X2,HOME,0,1.615,56,2-1,oddsflow_handicap_sniper,APIFOOTBALL,5,LOST,-5
2026-05-15,Süper Lig,Rizespor,Besiktas,,1X2,HOME,0,1.615,56,2-1,oddsflow_active_trader,APIFOOTBALL,4,LOST,-4
2026-05-15,Süper Lig,Rizespor,Besiktas,,1X2,HOME,0,1.63,56,2-1,oddsflow_handicap_sniper,NOVA88,50,LOST,-50
2026-05-15,Süper Lig,Rizespor,Besiktas,,1X2,HOME,0,1.63,56,2-1,oddsflow_active_trader,NOVA88,39,LOST,-39
2026-05-15,Süper Lig,Rizespor,Besiktas,,1X2,HOME,0,1.62,56,2-1,oddsflow_handicap_sniper,HGA,100,LOST,-100
2026-05-15,Süper Lig,Rizespor,Besiktas,,1X2,HOME,0,1.62,56,2-1,oddsflow_active_trader,HGA,75,LOST,-75
2026-05-15,Süper Lig,Rizespor,Besiktas,,OU,UNDER,5.5,1.5,64,2-2,oddsflow_handicap_sniper,APIFOOTBALL,4,WON,2
2026-05-15,Süper Lig,Rizespor,Besiktas,,OU,UNDER,5.5,1.5,64,2-2,oddsflow_active_trader,APIFOOTBALL,4,WON,2
2026-05-15,Ligue 1,Saint Etienne,Rodez,,AH,AWAY,-0.5,2,10,0-0,oddsflow_core_strategy,APIFOOTBALL,100,WON,100
2026-05-15,Ligue 1,Saint Etienne,Rodez,,AH,AWAY,-0.5,2.04,10,0-0,oddsflow_core_strategy,NOVA88,29,WON,30.16
2026-05-15,Ligue 1,Saint Etienne,Rodez,,AH,AWAY,-0.5,2.02,10,0-0,oddsflow_core_strategy,HGA,56,WON,57.12
2026-05-15,Ligue 1,Saint Etienne,Rodez,,OU,OVER,1.5,1.571,35,0-0,oddsflow_active_trader,APIFOOTBALL,148,LOST,-148
2026-05-15,Ligue 1,Saint Etienne,Rodez,,OU,OVER,1.5,1.571,35,0-0,oddsflow_handicap_sniper,APIFOOTBALL,148,LOST,-148
2026-05-15,Ligue 1,Saint Etienne,Rodez,,OU,OVER,0.5,1.571,65,0-0,oddsflow_handicap_sniper,APIFOOTBALL,122,LOST,-122
2026-05-15,Ligue 1,Saint Etienne,Rodez,,OU,OVER,0.5,1.571,65,0-0,oddsflow_active_trader,APIFOOTBALL,122,LOST,-122
2026-05-15,Premier League,Aston Villa,Liverpool,,AH,AWAY,-0.5,2.3,46,1-0,oddsflow_handicap_sniper,APIFOOTBALL,113,LOST,-113
2026-05-15,Premier League,Aston Villa,Liverpool,,AH,AWAY,-0.5,2.3,46,1-0,oddsflow_active_trader,APIFOOTBALL,112,LOST,-112
2026-05-15,Premier League,Aston Villa,Liverpool,,1X2,HOME,0,1.615,46,1-0,oddsflow_handicap_sniper,APIFOOTBALL,100,WON,61.5
2026-05-15,Premier League,Aston Villa,Liverpool,,1X2,HOME,0,1.615,46,1-0,oddsflow_active_trader,APIFOOTBALL,100,WON,61.5
2026-05-15,Premier League,Aston Villa,Liverpool,,OU,UNDER,2.5,1.727,48,1-0,oddsflow_handicap_sniper,APIFOOTBALL,100,LOST,-100
2026-05-15,Premier League,Aston Villa,Liverpool,,OU,UNDER,2.25,2.08,48,1-0,oddsflow_handicap_sniper,NOVA88,39,LOST,-39
2026-05-15,Premier League,Aston Villa,Liverpool,,OU,UNDER,2.25,2.08,48,1-0,oddsflow_handicap_sniper,HGA,78,LOST,-78
2026-05-15,Premier League,Aston Villa,Liverpool,,OU,UNDER,2.5,1.727,48,1-0,oddsflow_active_trader,APIFOOTBALL,100,LOST,-100
2026-05-15,Premier League,Aston Villa,Liverpool,,OU,UNDER,2.25,2.06,48,1-0,oddsflow_active_trader,NOVA88,41,LOST,-41
2026-05-15,Premier League,Aston Villa,Liverpool,,OU,UNDER,2.25,2.05,48,1-0,oddsflow_active_trader,HGA,81,LOST,-81
2026-05-15,Premier League,Aston Villa,Liverpool,,AH,AWAY,-0.5,2.375,53,1-1,oddsflow_core_strategy,APIFOOTBALL,100,LOST,-100
2026-05-15,Premier League,Aston Villa,Liverpool,,OU,OVER,2.5,2.2,53,1-1,oddsflow_core_strategy,APIFOOTBALL,500,WON,600
2026-05-15,Premier League,Aston Villa,Liverpool,,AH,AWAY,0,1.725,54,1-1,oddsflow_core_strategy,APIFOOTBALL,100,LOST,-100
2026-05-15,Premier League,Aston Villa,Liverpool,,AH,AWAY,0,1.79,54,1-1,oddsflow_core_strategy,NOVA88,50,LOST,-50
2026-05-16,J1 League,Mito Hollyhock,Tokyo Verdy,,OU,UNDER,2,1.82,0,0-0,oddsflow_prematch_edge,APIFOOTBALL,10,WON,8.2
2026-05-16,K League 1,Daejeon Citizen,FC Seoul,,OU,UNDER,2.25,1.98,0,0-0,oddsflow_prematch_edge,APIFOOTBALL,10,LOST,-10
2026-05-16,K League 1,Daejeon Citizen,FC Seoul,,AH,AWAY,0,1.82,25,0-1,oddsflow_core_strategy,APIFOOTBALL,200,VOID,0
2026-05-16,K League 1,Daejeon Citizen,FC Seoul,,AH,AWAY,0,1.82,25,0-1,oddsflow_core_strategy,NOVA88,50,VOID,0
2026-05-16,K League 1,Daejeon Citizen,FC Seoul,,AH,AWAY,0,1.86,25,0-1,oddsflow_core_strategy,HGA,100,VOID,0
2026-05-16,J1 League,Yokohama F. Marinos,Kashiwa Reysol,,AH,HOME,0.5,2.75,43,0-1,oddsflow_active_trader,APIFOOTBALL,4,WON,7
2026-05-16,J1 League,Yokohama F. Marinos,Kashiwa Reysol,,OU,UNDER,2.5,1.666,43,0-1,oddsflow_active_trader,APIFOOTBALL,5,WON,3.33
2026-05-16,J1 League,Yokohama F. Marinos,Kashiwa Reysol,,OU,UNDER,2.25,1.99,43,0-1,oddsflow_active_trader,NOVA88,50,WON,49.5
2026-05-16,J1 League,Yokohama F. Marinos,Kashiwa Reysol,,OU,UNDER,2.25,1.95,43,0-1,oddsflow_active_trader,HGA,100,WON,95
2026-05-16,J1 League,Yokohama F. Marinos,Kashiwa Reysol,,AH,HOME,0.5,2.75,43,0-1,oddsflow_handicap_sniper,APIFOOTBALL,4,WON,7
2026-05-16,J1 League,Yokohama F. Marinos,Kashiwa Reysol,,OU,UNDER,2.5,1.666,43,0-1,oddsflow_handicap_sniper,APIFOOTBALL,5,WON,3.33
2026-05-16,J1 League,Yokohama F. Marinos,Kashiwa Reysol,,OU,UNDER,2.25,1.99,43,0-1,oddsflow_handicap_sniper,NOVA88,50,WON,49.5
2026-05-16,J1 League,Yokohama F. Marinos,Kashiwa Reysol,,OU,UNDER,2.25,1.95,43,0-1,oddsflow_handicap_sniper,HGA,100,WON,95
2026-05-16,J1 League,Yokohama F. Marinos,Kashiwa Reysol,,AH,HOME,1,1.8,49,0-1,oddsflow_core_strategy,APIFOOTBALL,5,WON,4
2026-05-16,J1 League,Yokohama F. Marinos,Kashiwa Reysol,,AH,HOME,1,1.8,49,0-1,oddsflow_active_trader,APIFOOTBALL,4,WON,3.2
2026-05-16,J1 League,Yokohama F. Marinos,Kashiwa Reysol,,AH,HOME,1,1.8,49,0-1,oddsflow_handicap_sniper,APIFOOTBALL,4,WON,3.2
2026-05-16,K League 1,Incheon United,Gwangju FC,,OU,UNDER,2.25,1.94,0,0-0,oddsflow_prematch_edge,APIFOOTBALL,10,LOST,-10
2026-05-16,K League 1,Incheon United,Gwangju FC,,AH,AWAY,-1,1.925,10,0-0,oddsflow_core_strategy,APIFOOTBALL,200,LOST,-200
2026-05-16,K League 1,Incheon United,Gwangju FC,,AH,AWAY,-1,1.89,10,0-0,oddsflow_core_strategy,NOVA88,50,LOST,-50
2026-05-16,K League 1,Incheon United,Gwangju FC,,AH,AWAY,-1,1.89,10,0-0,oddsflow_core_strategy,HGA,100,LOST,-100
2026-05-16,Chinese Super League,Wuhan Three Towns,Shenyang Urban,,OU,UNDER,2.5,1.99,0,0-0,oddsflow_prematch_edge,APIFOOTBALL,10,LOST,-10
2026-05-16,Chinese Super League,Wuhan Three Towns,Shenyang Urban,,AH,AWAY,-1,1.95,10,0-0,oddsflow_core_strategy,APIFOOTBALL,200,WON,190
2026-05-16,Chinese Super League,Shandong Luneng,Chongqing Tongliang Long,,AH,HOME,-1.25,2.04,0,0-0,oddsflow_prematch_edge,APIFOOTBALL,10,WON,10.4
2026-05-16,Chinese Super League,Wuhan Three Towns,Shenyang Urban,,AH,AWAY,0,1.95,35,1-1,oddsflow_active_trader,APIFOOTBALL,500,VOID,0
2026-05-16,Chinese Super League,Wuhan Three Towns,Shenyang Urban,,OU,UNDER,3.5,2.25,35,1-1,oddsflow_active_trader,APIFOOTBALL,500,LOST,-500
2026-05-16,Chinese Super League,Wuhan Three Towns,Shenyang Urban,,AH,AWAY,0,1.97,35,1-1,oddsflow_active_trader,NOVA88,36,VOID,0
2026-05-16,Chinese Super League,Wuhan Three Towns,Shenyang Urban,,AH,AWAY,0,1.96,35,1-1,oddsflow_active_trader,HGA,71,VOID,0
2026-05-16,Chinese Super League,Wuhan Three Towns,Shenyang Urban,,AH,AWAY,0,1.95,35,1-1,oddsflow_handicap_sniper,APIFOOTBALL,500,VOID,0
2026-05-16,Chinese Super League,Wuhan Three Towns,Shenyang Urban,,OU,UNDER,3.5,2.25,35,1-1,oddsflow_handicap_sniper,APIFOOTBALL,500,LOST,-500
2026-05-16,Chinese Super League,Wuhan Three Towns,Shenyang Urban,,AH,AWAY,0,1.97,35,1-1,oddsflow_handicap_sniper,NOVA88,35,VOID,0
2026-05-16,Chinese Super League,Wuhan Three Towns,Shenyang Urban,,1X2,DRAW,0,3,35,1-1,oddsflow_handicap_sniper,APIFOOTBALL,500,WON,1000
2026-05-16,Chinese Super League,Wuhan Three Towns,Shenyang Urban,,AH,AWAY,0,1.96,35,1-1,oddsflow_handicap_sniper,HGA,69,VOID,0
2026-05-16,Chinese Super League,Wuhan Three Towns,Shenyang Urban,,1X2,DRAW,0,2.78,35,1-1,oddsflow_handicap_sniper,NOVA88,15,WON,26.7
2026-05-16,Chinese Super League,Wuhan Three Towns,Shenyang Urban,,1X2,DRAW,0,2.8,35,1-1,oddsflow_handicap_sniper,HGA,50,WON,90
2026-05-16,Chinese Super League,Wuhan Three Towns,Shenyang Urban,,1X2,DRAW,0,2.875,38,1-1,oddsflow_active_trader,APIFOOTBALL,500,WON,937.5
2026-05-16,Chinese Super League,Wuhan Three Towns,Shenyang Urban,,AH,AWAY,-1,1.775,38,1-1,oddsflow_handicap_sniper,APIFOOTBALL,662,WON,513.05
2026-05-16,Chinese Super League,Wuhan Three Towns,Shenyang Urban,,OU,UNDER,4.5,2.1,38,1-1,oddsflow_handicap_sniper,APIFOOTBALL,513,WON,564.3
2026-05-16,Chinese Super League,Wuhan Three Towns,Shenyang Urban,,OU,UNDER,4.75,1.9,38,1-1,oddsflow_handicap_sniper,NOVA88,50,WON,45
2026-05-16,Chinese Super League,Wuhan Three Towns,Shenyang Urban,,AH,AWAY,-1,1.75,39,2-1,oddsflow_active_trader,APIFOOTBALL,749,WON,561.75
2026-05-16,Chinese Super League,Wuhan Three Towns,Shenyang Urban,,OU,UNDER,4.5,2.2,39,2-1,oddsflow_active_trader,APIFOOTBALL,500,WON,600
2026-05-16,Chinese Super League,Wuhan Three Towns,Shenyang Urban,,1X2,HOME,0,1.533,39,2-1,oddsflow_handicap_sniper,APIFOOTBALL,500,LOST,-500
2026-05-16,Chinese Super League,Wuhan Three Towns,Shenyang Urban,,1X2,HOME,0,1.533,39,2-1,oddsflow_active_trader,APIFOOTBALL,500,LOST,-500
2026-05-16,Chinese Super League,Wuhan Three Towns,Shenyang Urban,,1X2,HOME,0,1.54,39,2-1,oddsflow_handicap_sniper,NOVA88,23,LOST,-23
2026-05-16,Chinese Super League,Wuhan Three Towns,Shenyang Urban,,1X2,HOME,0,1.55,39,2-1,oddsflow_handicap_sniper,HGA,50,LOST,-50
2026-05-16,Chinese Super League,Shandong Luneng,Chongqing Tongliang Long,,AH,AWAY,-1,2.75,10,0-0,oddsflow_core_strategy,APIFOOTBALL,200,LOST,-200
2026-05-16,Chinese Super League,Yunnan Yukun,Shanghai Shenhua,,AH,HOME,-0.25,1.88,0,0-0,oddsflow_prematch_edge,APIFOOTBALL,10,WON,8.8
2026-05-16,Chinese Super League,Yunnan Yukun,Shanghai Shenhua,,AH,HOME,-0.5,2.075,10,0-0,oddsflow_core_strategy,APIFOOTBALL,200,WON,215
2026-05-16,Chinese Super League,Shandong Luneng,Chongqing Tongliang Long,,AH,AWAY,-1.5,2.5,36,1-0,oddsflow_active_trader,APIFOOTBALL,500,WON,750
2026-05-16,Chinese Super League,Shandong Luneng,Chongqing Tongliang Long,,AH,AWAY,-1.5,2.5,36,1-0,oddsflow_handicap_sniper,APIFOOTBALL,507,WON,760.5
2026-05-16,Chinese Super League,Shandong Luneng,Chongqing Tongliang Long,,OU,OVER,2.5,1.5,36,1-0,oddsflow_active_trader,APIFOOTBALL,501,WON,250.5
2026-05-16,Chinese Super League,Shandong Luneng,Chongqing Tongliang Long,,OU,OVER,2.5,1.5,36,1-0,oddsflow_handicap_sniper,APIFOOTBALL,500,WON,250
2026-05-16,Chinese Super League,Shandong Luneng,Chongqing Tongliang Long,,OU,OVER,3,1.98,36,1-0,oddsflow_active_trader,NOVA88,50,WON,49
2026-05-16,Chinese Super League,Shandong Luneng,Chongqing Tongliang Long,,OU,OVER,3,1.98,36,1-0,oddsflow_handicap_sniper,NOVA88,50,WON,49
2026-05-16,Chinese Super League,Shandong Luneng,Chongqing Tongliang Long,,OU,OVER,3,1.94,36,1-0,oddsflow_active_trader,HGA,100,WON,94
2026-05-16,Chinese Super League,Shandong Luneng,Chongqing Tongliang Long,,OU,OVER,3,1.94,36,1-0,oddsflow_handicap_sniper,HGA,100,WON,94
2026-05-16,Chinese Super League,Shandong Luneng,Chongqing Tongliang Long,,OU,UNDER,3.5,2.375,38,1-0,oddsflow_active_trader,APIFOOTBALL,500,LOST,-500
2026-05-16,Chinese Super League,Shandong Luneng,Chongqing Tongliang Long,,OU,UNDER,3.5,2.375,38,1-0,oddsflow_handicap_sniper,APIFOOTBALL,500,LOST,-500
2026-05-16,Chinese Super League,Wuhan Three Towns,Shenyang Urban,,AH,AWAY,-0.5,2.75,56,2-1,oddsflow_active_trader,APIFOOTBALL,500,WON,875
2026-05-16,Chinese Super League,Wuhan Three Towns,Shenyang Urban,,AH,AWAY,-0.5,2.75,57,2-1,oddsflow_handicap_sniper,APIFOOTBALL,500,WON,875
2026-05-16,Chinese Super League,Yunnan Yukun,Shanghai Shenhua,,AH,HOME,-0.5,2.3,35,0-0,oddsflow_active_trader,APIFOOTBALL,500,WON,650
2026-05-16,Chinese Super League,Yunnan Yukun,Shanghai Shenhua,,OU,OVER,2.5,2.2,35,0-0,oddsflow_active_trader,APIFOOTBALL,500,LOST,-500
2026-05-16,Chinese Super League,Yunnan Yukun,Shanghai Shenhua,,AH,HOME,-0.5,2.3,35,0-0,oddsflow_handicap_sniper,APIFOOTBALL,500,WON,650
2026-05-16,Chinese Super League,Yunnan Yukun,Shanghai Shenhua,,1X2,HOME,0,2.3,35,0-0,oddsflow_active_trader,APIFOOTBALL,500,WON,650
2026-05-16,Chinese Super League,Yunnan Yukun,Shanghai Shenhua,,OU,OVER,2.5,2.2,35,0-0,oddsflow_handicap_sniper,APIFOOTBALL,500,LOST,-500
2026-05-16,Chinese Super League,Yunnan Yukun,Shanghai Shenhua,,1X2,HOME,0,2.3,35,0-0,oddsflow_handicap_sniper,APIFOOTBALL,500,WON,650
2026-05-16,Chinese Super League,Yunnan Yukun,Shanghai Shenhua,,1X2,HOME,0,2.19,35,0-0,oddsflow_active_trader,NOVA88,18,WON,21.42
2026-05-16,Chinese Super League,Yunnan Yukun,Shanghai Shenhua,,1X2,HOME,0,2.42,35,0-0,oddsflow_active_trader,HGA,55,WON,78.1
2026-05-16,Chinese Super League,Yunnan Yukun,Shanghai Shenhua,,1X2,HOME,0,2.19,35,0-0,oddsflow_handicap_sniper,NOVA88,37,WON,44.03
2026-05-16,Chinese Super League,Yunnan Yukun,Shanghai Shenhua,,1X2,HOME,0,2.42,35,0-0,oddsflow_handicap_sniper,HGA,91,WON,129.22
2026-05-16,Chinese Super League,Yunnan Yukun,Shanghai Shenhua,,OU,OVER,1.5,1.5,39,0-0,oddsflow_active_trader,APIFOOTBALL,500,LOST,-500
2026-05-16,Chinese Super League,Yunnan Yukun,Shanghai Shenhua,,OU,OVER,1.5,1.5,39,0-0,oddsflow_handicap_sniper,APIFOOTBALL,500,LOST,-500
2026-05-16,Chinese Super League,Yunnan Yukun,Shanghai Shenhua,,OU,OVER,2,1.97,39,0-0,oddsflow_active_trader,NOVA88,50,LOST,-50
2026-05-16,Chinese Super League,Yunnan Yukun,Shanghai Shenhua,,OU,OVER,2,1.97,39,0-0,oddsflow_handicap_sniper,NOVA88,50,LOST,-50
2026-05-16,Chinese Super League,Yunnan Yukun,Shanghai Shenhua,,OU,OVER,2,1.87,39,0-0,oddsflow_active_trader,HGA,100,LOST,-100
2026-05-16,Chinese Super League,Yunnan Yukun,Shanghai Shenhua,,OU,OVER,2,1.87,39,0-0,oddsflow_handicap_sniper,HGA,100,LOST,-100
2026-05-16,Chinese Super League,Shandong Luneng,Chongqing Tongliang Long,,AH,AWAY,-1,2.75,69,2-1,oddsflow_active_trader,APIFOOTBALL,596,VOID,0
2026-05-16,Chinese Super League,Shandong Luneng,Chongqing Tongliang Long,,OU,OVER,3.5,1.533,69,2-1,oddsflow_active_trader,APIFOOTBALL,500,WON,266.5
2026-05-16,Chinese Super League,Shandong Luneng,Chongqing Tongliang Long,,AH,AWAY,-1,2.75,69,2-1,oddsflow_handicap_sniper,APIFOOTBALL,593,VOID,0
2026-05-16,Chinese Super League,Shandong Luneng,Chongqing Tongliang Long,,OU,OVER,3.5,1.533,69,2-1,oddsflow_handicap_sniper,APIFOOTBALL,500,WON,266.5
2026-05-16,Chinese Super League,Yunnan Yukun,Shanghai Shenhua,,AH,AWAY,0,2.05,66,0-0,oddsflow_handicap_sniper,APIFOOTBALL,500,LOST,-500
2026-05-16,Chinese Super League,Yunnan Yukun,Shanghai Shenhua,,AH,AWAY,0,2.05,66,0-0,oddsflow_active_trader,APIFOOTBALL,500,LOST,-500
2026-05-16,Chinese Super League,Yunnan Yukun,Shanghai Shenhua,,AH,AWAY,0,1.97,66,0-0,oddsflow_handicap_sniper,NOVA88,15,LOST,-15
2026-05-16,Chinese Super League,Yunnan Yukun,Shanghai Shenhua,,AH,AWAY,0,1.97,66,0-0,oddsflow_active_trader,NOVA88,15,LOST,-15
2026-05-16,Chinese Super League,Yunnan Yukun,Shanghai Shenhua,,AH,AWAY,-1,2.025,66,1-0,oddsflow_handicap_sniper,APIFOOTBALL,607,WON,622.18
2026-05-16,Chinese Super League,Yunnan Yukun,Shanghai Shenhua,,AH,AWAY,-1,2.025,66,1-0,oddsflow_active_trader,APIFOOTBALL,620,WON,635.5
2026-05-16,Chinese Super League,Yunnan Yukun,Shanghai Shenhua,,OU,UNDER,2.5,1.5,66,1-0,oddsflow_active_trader,APIFOOTBALL,500,WON,250
2026-05-16,Chinese Super League,Yunnan Yukun,Shanghai Shenhua,,OU,UNDER,2,2.06,66,1-0,oddsflow_active_trader,HGA,100,WON,106
2026-05-16,Bundesliga,Bayer Leverkusen,Hamburger SV,,OU,UNDER,3.75,2.03,0,0-0,oddsflow_prematch_edge,APIFOOTBALL,10,WON,10.3
2026-05-16,Bundesliga,Bayern Munich,1. FC Köln,,AH,HOME,-2.75,2.02,0,0-0,oddsflow_prematch_edge,APIFOOTBALL,10,WON,10.2
2026-05-16,Bundesliga,Bayern Munich,1. FC Köln,,AH,HOME,-2.75,2.04,0,0-0,oddsflow_prematch_edge,NOVA88,15,WON,15.6
2026-05-16,Bundesliga,Borussia Mönchengladbach,Hoffenheim,,OU,UNDER,3.5,1.97,0,0-0,oddsflow_prematch_edge,APIFOOTBALL,10,LOST,-10
2026-05-16,Bundesliga,1. FC Heidenheim,Mainz 05,,1X2,AWAY,0,3.49,0,0-0,oddsflow_prematch_edge,APIFOOTBALL,10,WON,24.9
2026-05-16,Bundesliga,1. FC Heidenheim,Mainz 05,,1X2,AWAY,0,3.3,0,0-0,oddsflow_prematch_edge,NOVA88,21,WON,48.3
2026-05-16,Bundesliga,FC St. Pauli,VfL Wolfsburg,,1X2,HOME,0,2.73,0,0-0,oddsflow_prematch_edge,APIFOOTBALL,10,LOST,-10
2026-05-16,Bundesliga,FC St. Pauli,VfL Wolfsburg,,1X2,HOME,0,2.51,0,0-0,oddsflow_prematch_edge,NOVA88,15,LOST,-15
2026-05-16,Bundesliga,Union Berlin,Augsburg,,OU,UNDER,3.5,1.91,0,0-0,oddsflow_prematch_edge,APIFOOTBALL,10,LOST,-10
2026-05-16,Bundesliga,Werder Bremen,Borussia Dortmund,,OU,UNDER,3.5,1.91,0,0-0,oddsflow_prematch_edge,APIFOOTBALL,10,WON,9.1
2026-05-16,Bundesliga,1. FC Heidenheim,Mainz 05,,AH,HOME,0.5,1.775,10,0-1,oddsflow_core_strategy,APIFOOTBALL,62,LOST,-62
2026-05-16,Bundesliga,Borussia Mönchengladbach,Hoffenheim,,AH,HOME,0.5,2.25,10,0-0,oddsflow_core_strategy,APIFOOTBALL,60,WON,75
2026-05-16,Bundesliga,FC St. Pauli,VfL Wolfsburg,,AH,AWAY,0,1.85,10,0-0,oddsflow_core_strategy,APIFOOTBALL,60,WON,51
2026-05-16,Bundesliga,FC St. Pauli,VfL Wolfsburg,,AH,AWAY,0,1.87,10,0-0,oddsflow_core_strategy,NOVA88,24,WON,20.88
2026-05-16,Bundesliga,FC St. Pauli,VfL Wolfsburg,,AH,AWAY,0,1.85,10,0-0,oddsflow_core_strategy,HGA,50,WON,42.5
2026-05-16,Bundesliga,SC Freiburg,RB Leipzig,,AH,AWAY,0,2.05,10,0-0,oddsflow_core_strategy,APIFOOTBALL,60,LOST,-60
2026-05-16,Bundesliga,Borussia Mönchengladbach,Hoffenheim,,AH,AWAY,1,2.025,10,0-0,oddsflow_core_strategy,APIFOOTBALL,60,LOST,-60
2026-05-16,Bundesliga,SC Freiburg,RB Leipzig,,AH,AWAY,0,2.14,10,0-0,oddsflow_core_strategy,NOVA88,47,LOST,-47
2026-05-16,Bundesliga,SC Freiburg,RB Leipzig,,AH,AWAY,0,2.09,10,0-0,oddsflow_core_strategy,HGA,90,LOST,-90
2026-05-16,Bundesliga,Werder Bremen,Borussia Dortmund,,AH,AWAY,0.5,2.05,10,0-0,oddsflow_core_strategy,APIFOOTBALL,60,WON,63
2026-05-16,Bundesliga,Union Berlin,Augsburg,,AH,AWAY,-1,1.75,11,1-0,oddsflow_core_strategy,APIFOOTBALL,116,LOST,-116
2026-05-16,Bundesliga,Union Berlin,Augsburg,,AH,AWAY,-0.5,2.1,11,1-0,oddsflow_core_strategy,APIFOOTBALL,71,LOST,-71
2026-05-16,Bundesliga,Borussia Mönchengladbach,Hoffenheim,,AH,AWAY,0,1.9,13,0-0,oddsflow_core_strategy,APIFOOTBALL,65,LOST,-65
2026-05-16,Bundesliga,Eintracht Frankfurt,VfB Stuttgart,,AH,AWAY,1,2.35,10,0-0,oddsflow_core_strategy,APIFOOTBALL,60,LOST,-60
2026-05-16,Bundesliga,Eintracht Frankfurt,VfB Stuttgart,,AH,HOME,1.5,1.775,11,0-1,oddsflow_core_strategy,APIFOOTBALL,68,WON,52.7
2026-05-16,Bundesliga,SC Freiburg,RB Leipzig,,AH,AWAY,-1,1.85,25,1-0,oddsflow_core_strategy,APIFOOTBALL,105,LOST,-105
2026-05-16,Bundesliga,Eintracht Frankfurt,VfB Stuttgart,,AH,HOME,1,2.2,28,0-1,oddsflow_core_strategy,APIFOOTBALL,60,WON,72
2026-05-16,Bundesliga,Borussia Mönchengladbach,Hoffenheim,,AH,AWAY,-1,2.15,35,2-0,oddsflow_handicap_sniper,APIFOOTBALL,104,LOST,-104
2026-05-16,Bundesliga,Borussia Mönchengladbach,Hoffenheim,,AH,AWAY,-1,2.15,35,2-0,oddsflow_active_trader,APIFOOTBALL,104,LOST,-104
2026-05-16,Bundesliga,SC Freiburg,RB Leipzig,,AH,AWAY,-1,1.825,35,2-1,oddsflow_handicap_sniper,APIFOOTBALL,108,LOST,-108
2026-05-16,Bundesliga,SC Freiburg,RB Leipzig,,AH,AWAY,-1,1.825,35,2-1,oddsflow_active_trader,APIFOOTBALL,109,LOST,-109
2026-05-16,Bundesliga,SC Freiburg,RB Leipzig,,AH,AWAY,-1,1.825,35,2-1,oddsflow_beta,APIFOOTBALL,109,LOST,-109
2026-05-16,Bundesliga,Borussia Mönchengladbach,Hoffenheim,,AH,AWAY,-1,2.15,35,2-0,oddsflow_beta,APIFOOTBALL,104,LOST,-104
2026-05-16,Bundesliga,SC Freiburg,RB Leipzig,,OU,UNDER,5.5,1.615,35,2-1,oddsflow_beta,APIFOOTBALL,60,WON,36.9
2026-05-16,Bundesliga,SC Freiburg,RB Leipzig,,OU,UNDER,5,2.12,35,2-1,oddsflow_beta,NOVA88,43,VOID,0
2026-05-16,Bundesliga,SC Freiburg,RB Leipzig,,OU,UNDER,5.5,1.615,35,2-1,oddsflow_handicap_sniper,APIFOOTBALL,60,WON,36.9
2026-05-16,Bundesliga,FC St. Pauli,VfL Wolfsburg,,AH,AWAY,0,1.775,35,0-0,oddsflow_active_trader,APIFOOTBALL,60,WON,46.5
2026-05-16,Bundesliga,FC St. Pauli,VfL Wolfsburg,,AH,AWAY,0,1.775,35,0-0,oddsflow_handicap_sniper,APIFOOTBALL,60,WON,46.5
2026-05-16,Bundesliga,SC Freiburg,RB Leipzig,,OU,UNDER,5.5,1.615,35,2-1,oddsflow_active_trader,APIFOOTBALL,60,WON,36.9
2026-05-16,Bundesliga,FC St. Pauli,VfL Wolfsburg,,1X2,DRAW,0,3,35,0-0,oddsflow_handicap_sniper,APIFOOTBALL,60,LOST,-60
2026-05-16,Bundesliga,SC Freiburg,RB Leipzig,,OU,UNDER,5,2.12,35,2-1,oddsflow_handicap_sniper,NOVA88,45,VOID,0
2026-05-16,Bundesliga,SC Freiburg,RB Leipzig,,OU,UNDER,5,2.12,35,2-1,oddsflow_active_trader,NOVA88,47,VOID,0
2026-05-16,Bundesliga,FC St. Pauli,VfL Wolfsburg,,AH,AWAY,0,1.82,35,0-0,oddsflow_handicap_sniper,NOVA88,34,WON,27.88
2026-05-16,Bundesliga,FC St. Pauli,VfL Wolfsburg,,AH,AWAY,0,1.82,35,0-0,oddsflow_active_trader,NOVA88,32,WON,26.24
2026-05-16,Bundesliga,FC St. Pauli,VfL Wolfsburg,,AH,AWAY,0,1.775,35,0-0,oddsflow_beta,APIFOOTBALL,60,WON,46.5
2026-05-16,Bundesliga,FC St. Pauli,VfL Wolfsburg,,1X2,DRAW,0,2.85,35,0-0,oddsflow_handicap_sniper,NOVA88,15,LOST,-15
2026-05-16,Bundesliga,FC St. Pauli,VfL Wolfsburg,,AH,AWAY,0,1.8,35,0-0,oddsflow_active_trader,HGA,61,WON,48.8
2026-05-16,Bundesliga,FC St. Pauli,VfL Wolfsburg,,AH,AWAY,0,1.8,35,0-0,oddsflow_handicap_sniper,HGA,65,WON,52
2026-05-16,Bundesliga,FC St. Pauli,VfL Wolfsburg,,1X2,DRAW,0,3,35,0-0,oddsflow_beta,APIFOOTBALL,60,LOST,-60
2026-05-16,Bundesliga,FC St. Pauli,VfL Wolfsburg,,1X2,DRAW,0,2.91,35,0-0,oddsflow_handicap_sniper,HGA,50,LOST,-50
2026-05-16,Bundesliga,FC St. Pauli,VfL Wolfsburg,,AH,AWAY,0,1.82,35,0-0,oddsflow_beta,NOVA88,31,WON,25.42
2026-05-16,Bundesliga,FC St. Pauli,VfL Wolfsburg,,AH,AWAY,0,1.8,35,0-0,oddsflow_beta,HGA,59,WON,47.2
2026-05-16,Bundesliga,FC St. Pauli,VfL Wolfsburg,,1X2,DRAW,0,2.85,35,0-0,oddsflow_beta,NOVA88,15,LOST,-15
2026-05-16,Bundesliga,FC St. Pauli,VfL Wolfsburg,,1X2,DRAW,0,2.91,35,0-0,oddsflow_beta,HGA,50,LOST,-50
2026-05-16,Bundesliga,1. FC Heidenheim,Mainz 05,,AH,HOME,0.5,2.075,35,0-1,oddsflow_active_trader,APIFOOTBALL,65,LOST,-65
2026-05-16,Bundesliga,Union Berlin,Augsburg,,AH,AWAY,-1,1.725,35,1-0,oddsflow_active_trader,APIFOOTBALL,124,LOST,-124
2026-05-16,Bundesliga,1. FC Heidenheim,Mainz 05,,AH,HOME,0.5,2.075,35,0-1,oddsflow_handicap_sniper,APIFOOTBALL,63,LOST,-63
2026-05-16,Bundesliga,1. FC Heidenheim,Mainz 05,,1X2,AWAY,0,1.727,35,0-1,oddsflow_active_trader,APIFOOTBALL,60,WON,43.62
2026-05-16,Bundesliga,Union Berlin,Augsburg,,OU,UNDER,3.5,1.727,35,1-0,oddsflow_active_trader,APIFOOTBALL,60,LOST,-60
2026-05-16,Bundesliga,Union Berlin,Augsburg,,AH,AWAY,-1,1.725,35,1-0,oddsflow_handicap_sniper,APIFOOTBALL,124,LOST,-124
2026-05-16,Bundesliga,1. FC Heidenheim,Mainz 05,,1X2,AWAY,0,1.727,35,0-1,oddsflow_handicap_sniper,APIFOOTBALL,60,WON,43.62
2026-05-16,Bundesliga,Union Berlin,Augsburg,,1X2,HOME,0,1.615,35,1-0,oddsflow_active_trader,APIFOOTBALL,60,WON,36.9
2026-05-16,Bundesliga,Union Berlin,Augsburg,,OU,UNDER,3.25,2,35,1-0,oddsflow_active_trader,NOVA88,45,LOST,-45
2026-05-16,Bundesliga,Union Berlin,Augsburg,,OU,UNDER,3.5,1.727,35,1-0,oddsflow_handicap_sniper,APIFOOTBALL,60,LOST,-60
2026-05-16,Bundesliga,Union Berlin,Augsburg,,AH,AWAY,-1,1.725,35,1-0,oddsflow_beta,APIFOOTBALL,121,LOST,-121
2026-05-16,Bundesliga,Union Berlin,Augsburg,,OU,UNDER,3.25,1.98,35,1-0,oddsflow_active_trader,HGA,88,LOST,-88
2026-05-16,Bundesliga,Union Berlin,Augsburg,,OU,UNDER,3.25,2,35,1-0,oddsflow_handicap_sniper,NOVA88,45,LOST,-45
2026-05-16,Bundesliga,Union Berlin,Augsburg,,OU,UNDER,3.5,1.727,35,1-0,oddsflow_beta,APIFOOTBALL,60,LOST,-60
2026-05-16,Bundesliga,Union Berlin,Augsburg,,OU,UNDER,3.25,1.98,35,1-0,oddsflow_handicap_sniper,HGA,89,LOST,-89
2026-05-16,Bundesliga,Union Berlin,Augsburg,,OU,UNDER,3.25,2,35,1-0,oddsflow_beta,NOVA88,43,LOST,-43
2026-05-16,Bundesliga,Union Berlin,Augsburg,,AH,AWAY,-0.5,2.3,36,1-0,oddsflow_active_trader,APIFOOTBALL,60,LOST,-60
2026-05-16,Bundesliga,Werder Bremen,Borussia Dortmund,,AH,AWAY,0.5,2.2,35,0-0,oddsflow_handicap_sniper,APIFOOTBALL,60,WON,72
2026-05-16,Bundesliga,Werder Bremen,Borussia Dortmund,,AH,AWAY,0.5,2.2,35,0-0,oddsflow_active_trader,APIFOOTBALL,60,WON,72
2026-05-16,Bundesliga,Werder Bremen,Borussia Dortmund,,AH,AWAY,0.5,2.2,35,0-0,oddsflow_beta,APIFOOTBALL,60,WON,72
2026-05-16,Bundesliga,Werder Bremen,Borussia Dortmund,,1X2,AWAY,0,2.2,35,0-0,oddsflow_handicap_sniper,APIFOOTBALL,60,WON,72
2026-05-16,Bundesliga,Werder Bremen,Borussia Dortmund,,1X2,AWAY,0,2.2,35,0-0,oddsflow_active_trader,APIFOOTBALL,60,WON,72
2026-05-16,Bundesliga,Werder Bremen,Borussia Dortmund,,OU,UNDER,2.5,1.666,35,0-0,oddsflow_beta,APIFOOTBALL,60,WON,39.96
2026-05-16,Bundesliga,Werder Bremen,Borussia Dortmund,,1X2,AWAY,0,2.2,35,0-0,oddsflow_beta,APIFOOTBALL,60,WON,72
2026-05-16,Bundesliga,Werder Bremen,Borussia Dortmund,,1X2,AWAY,0,2.26,35,0-0,oddsflow_active_trader,NOVA88,15,WON,18.9
2026-05-16,Bundesliga,Werder Bremen,Borussia Dortmund,,1X2,AWAY,0,2.19,35,0-0,oddsflow_active_trader,HGA,50,WON,59.5
2026-05-16,Bundesliga,1. FC Heidenheim,Mainz 05,,OU,UNDER,3.5,1.666,36,0-1,oddsflow_handicap_sniper,APIFOOTBALL,60,WON,39.96
2026-05-16,Bundesliga,Werder Bremen,Borussia Dortmund,,OU,UNDER,2.5,1.666,35,0-0,oddsflow_handicap_sniper,APIFOOTBALL,60,WON,39.96
2026-05-16,Bundesliga,1. FC Heidenheim,Mainz 05,,OU,UNDER,3.5,1.666,36,0-1,oddsflow_active_trader,APIFOOTBALL,60,WON,39.96
2026-05-16,Bundesliga,Werder Bremen,Borussia Dortmund,,OU,UNDER,2.5,1.666,35,0-0,oddsflow_active_trader,APIFOOTBALL,60,WON,39.96
2026-05-16,Bundesliga,FC St. Pauli,VfL Wolfsburg,,OU,UNDER,1.5,2.3,36,0-0,oddsflow_beta,APIFOOTBALL,60,LOST,-60
2026-05-16,Bundesliga,FC St. Pauli,VfL Wolfsburg,,AH,HOME,0.5,2.675,37,0-0,oddsflow_handicap_sniper,APIFOOTBALL,60,LOST,-60
2026-05-16,Bundesliga,FC St. Pauli,VfL Wolfsburg,,OU,UNDER,2.5,2.375,37,0-0,oddsflow_handicap_sniper,APIFOOTBALL,60,LOST,-60
2026-05-16,Bundesliga,FC St. Pauli,VfL Wolfsburg,,AH,HOME,0.5,2.675,37,0-0,oddsflow_beta,APIFOOTBALL,60,LOST,-60
2026-05-16,Bundesliga,FC St. Pauli,VfL Wolfsburg,,AH,HOME,0.5,2.675,37,0-0,oddsflow_active_trader,APIFOOTBALL,60,LOST,-60
2026-05-16,Bundesliga,FC St. Pauli,VfL Wolfsburg,,OU,UNDER,2.5,2.375,37,0-0,oddsflow_beta,APIFOOTBALL,60,LOST,-60
2026-05-16,Bundesliga,FC St. Pauli,VfL Wolfsburg,,OU,UNDER,2.5,2.375,37,0-0,oddsflow_active_trader,APIFOOTBALL,60,LOST,-60
2026-05-16,Bundesliga,FC St. Pauli,VfL Wolfsburg,,OU,UNDER,2.75,1.96,37,0-0,oddsflow_handicap_sniper,NOVA88,50,LOST,-50
2026-05-16,Bundesliga,FC St. Pauli,VfL Wolfsburg,,1X2,DRAW,0,4.333,37,0-0,oddsflow_active_trader,APIFOOTBALL,60,LOST,-60
2026-05-16,Bundesliga,FC St. Pauli,VfL Wolfsburg,,OU,UNDER,2.75,1.96,37,0-0,oddsflow_handicap_sniper,HGA,100,LOST,-100
2026-05-16,Bundesliga,FC St. Pauli,VfL Wolfsburg,,OU,UNDER,2.75,1.96,37,0-0,oddsflow_beta,NOVA88,50,LOST,-50
2026-05-16,Bundesliga,FC St. Pauli,VfL Wolfsburg,,OU,UNDER,2.75,1.96,37,0-0,oddsflow_active_trader,NOVA88,50,LOST,-50
2026-05-16,Bundesliga,FC St. Pauli,VfL Wolfsburg,,OU,UNDER,2.75,1.96,37,0-0,oddsflow_beta,HGA,100,LOST,-100
2026-05-16,Bundesliga,FC St. Pauli,VfL Wolfsburg,,1X2,DRAW,0,4.3,37,0-0,oddsflow_active_trader,NOVA88,15,LOST,-15
2026-05-16,Bundesliga,FC St. Pauli,VfL Wolfsburg,,OU,UNDER,2.75,1.96,37,0-0,oddsflow_active_trader,HGA,100,LOST,-100
2026-05-16,Bundesliga,FC St. Pauli,VfL Wolfsburg,,1X2,DRAW,0,4.15,37,0-0,oddsflow_active_trader,HGA,50,LOST,-50
2026-05-16,Bundesliga,Union Berlin,Augsburg,,AH,AWAY,-0.5,2.35,39,1-0,oddsflow_handicap_sniper,APIFOOTBALL,60,LOST,-60
2026-05-16,Bundesliga,FC St. Pauli,VfL Wolfsburg,,1X2,AWAY,0,1.5,39,0-1,oddsflow_active_trader,APIFOOTBALL,60,WON,30
2026-05-16,Bundesliga,Bayer Leverkusen,Hamburger SV,,AH,AWAY,-1,2.075,40,0-0,oddsflow_handicap_sniper,APIFOOTBALL,60,WON,64.5
2026-05-16,Bundesliga,Bayer Leverkusen,Hamburger SV,,OU,UNDER,2.5,1.727,40,0-0,oddsflow_handicap_sniper,APIFOOTBALL,60,WON,43.62
2026-05-16,Bundesliga,Bayer Leverkusen,Hamburger SV,,AH,AWAY,-1,2.11,40,0-0,oddsflow_handicap_sniper,NOVA88,50,WON,55.5
2026-05-16,Bundesliga,Bayer Leverkusen,Hamburger SV,,AH,AWAY,-1,2.075,40,0-0,oddsflow_active_trader,APIFOOTBALL,61,WON,65.58
2026-05-16,Bundesliga,Bayer Leverkusen,Hamburger SV,,1X2,DRAW,0,4.333,40,0-0,oddsflow_handicap_sniper,APIFOOTBALL,60,WON,199.98
2026-05-16,Bundesliga,Bayer Leverkusen,Hamburger SV,,OU,UNDER,2.25,1.96,40,0-0,oddsflow_handicap_sniper,NOVA88,50,HALF_WON,24
2026-05-16,Bundesliga,Bayer Leverkusen,Hamburger SV,,OU,UNDER,2.5,1.727,40,0-0,oddsflow_active_trader,APIFOOTBALL,60,WON,43.62
2026-05-16,Bundesliga,Bayer Leverkusen,Hamburger SV,,AH,AWAY,-1,2.11,40,0-0,oddsflow_active_trader,NOVA88,50,WON,55.5
2026-05-16,Bundesliga,Bayer Leverkusen,Hamburger SV,,OU,UNDER,2.25,1.94,40,0-0,oddsflow_handicap_sniper,HGA,98,HALF_WON,46.06
2026-05-16,Bundesliga,Bayer Leverkusen,Hamburger SV,,1X2,DRAW,0,4.2,40,0-0,oddsflow_handicap_sniper,NOVA88,15,WON,48
2026-05-16,Bundesliga,Bayer Leverkusen,Hamburger SV,,AH,AWAY,-1,2.06,40,0-0,oddsflow_active_trader,HGA,100,WON,106
2026-05-16,Bundesliga,Bayer Leverkusen,Hamburger SV,,OU,UNDER,2.25,1.96,40,0-0,oddsflow_active_trader,NOVA88,50,HALF_WON,24
2026-05-16,Bundesliga,Bayer Leverkusen,Hamburger SV,,1X2,DRAW,0,4.45,40,0-0,oddsflow_handicap_sniper,HGA,50,WON,172.5
2026-05-16,Bundesliga,Bayer Leverkusen,Hamburger SV,,OU,UNDER,2.25,1.94,40,0-0,oddsflow_active_trader,HGA,100,HALF_WON,47
2026-05-16,Bundesliga,Bayer Leverkusen,Hamburger SV,,AH,AWAY,-1,2.05,40,0-0,oddsflow_core_strategy,APIFOOTBALL,60,WON,63
2026-05-16,Bundesliga,Bayer Leverkusen,Hamburger SV,,AH,AWAY,-1,2.11,40,0-0,oddsflow_core_strategy,NOVA88,50,WON,55.5
2026-05-16,Bundesliga,Bayer Leverkusen,Hamburger SV,,AH,AWAY,-1,2.06,40,0-0,oddsflow_core_strategy,HGA,100,WON,106
2026-05-16,Bundesliga,Eintracht Frankfurt,VfB Stuttgart,,AH,HOME,1,2.25,35,0-1,oddsflow_handicap_sniper,APIFOOTBALL,60,WON,75
2026-05-16,Bundesliga,Eintracht Frankfurt,VfB Stuttgart,,AH,HOME,1,2.25,35,0-1,oddsflow_active_trader,APIFOOTBALL,60,WON,75
2026-05-16,Bundesliga,Union Berlin,Augsburg,,AH,AWAY,-1.5,2.35,42,1-0,oddsflow_handicap_sniper,APIFOOTBALL,68,LOST,-68
2026-05-16,Bundesliga,Union Berlin,Augsburg,,OU,UNDER,4.5,1.571,42,1-0,oddsflow_handicap_sniper,APIFOOTBALL,91,WON,51.96
2026-05-16,Bundesliga,Union Berlin,Augsburg,,AH,AWAY,-1.5,2.35,42,1-0,oddsflow_active_trader,APIFOOTBALL,60,LOST,-60
2026-05-16,Bundesliga,Union Berlin,Augsburg,,OU,UNDER,4.5,1.571,42,1-0,oddsflow_active_trader,APIFOOTBALL,73,WON,41.68
2026-05-16,Bundesliga,SC Freiburg,RB Leipzig,,OU,UNDER,4.5,2.3,44,2-1,oddsflow_active_trader,APIFOOTBALL,60,LOST,-60
2026-05-16,Bundesliga,Borussia Mönchengladbach,Hoffenheim,,OU,UNDER,4.5,1.727,44,2-0,oddsflow_handicap_sniper,APIFOOTBALL,80,WON,58.16
2026-05-16,Bundesliga,1. FC Heidenheim,Mainz 05,,OU,OVER,3.5,2.5,44,0-2,oddsflow_handicap_sniper,APIFOOTBALL,60,LOST,-60
2026-05-16,Bundesliga,1. FC Heidenheim,Mainz 05,,OU,OVER,3.5,2.5,44,0-2,oddsflow_active_trader,APIFOOTBALL,60,LOST,-60
2026-05-16,Bundesliga,Borussia Mönchengladbach,Hoffenheim,,OU,UNDER,4.5,1.727,44,2-0,oddsflow_active_trader,APIFOOTBALL,82,WON,59.61
2026-05-16,Bundesliga,Borussia Mönchengladbach,Hoffenheim,,OU,UNDER,4.25,2.02,44,2-0,oddsflow_handicap_sniper,NOVA88,50,HALF_WON,25.5
2026-05-16,Bundesliga,Borussia Mönchengladbach,Hoffenheim,,OU,UNDER,4.25,1.99,44,2-0,oddsflow_handicap_sniper,HGA,100,HALF_WON,49.5
2026-05-16,Bundesliga,Borussia Mönchengladbach,Hoffenheim,,OU,UNDER,4.25,2.02,44,2-0,oddsflow_active_trader,NOVA88,50,HALF_WON,25.5
2026-05-16,Bundesliga,Borussia Mönchengladbach,Hoffenheim,,OU,UNDER,4.25,1.99,44,2-0,oddsflow_active_trader,HGA,100,HALF_WON,49.5
2026-05-16,Bundesliga,Borussia Mönchengladbach,Hoffenheim,,OU,UNDER,4.5,1.727,44,2-0,oddsflow_beta,APIFOOTBALL,80,WON,58.16
2026-05-16,Bundesliga,Borussia Mönchengladbach,Hoffenheim,,OU,UNDER,4.25,2.02,44,2-0,oddsflow_beta,NOVA88,50,HALF_WON,25.5
2026-05-16,Bundesliga,Borussia Mönchengladbach,Hoffenheim,,OU,UNDER,4.25,1.99,44,2-0,oddsflow_beta,HGA,100,HALF_WON,49.5
2026-05-16,Bundesliga,Eintracht Frankfurt,VfB Stuttgart,,OU,UNDER,3.5,1.727,38,0-1,oddsflow_handicap_sniper,APIFOOTBALL,60,LOST,-60
2026-05-16,Bundesliga,1. FC Heidenheim,Mainz 05,,AH,HOME,1.5,2.1,45,0-2,oddsflow_handicap_sniper,APIFOOTBALL,61,WON,67.1
2026-05-16,Bundesliga,1. FC Heidenheim,Mainz 05,,OU,UNDER,4.5,1.533,45,0-2,oddsflow_handicap_sniper,APIFOOTBALL,60,WON,31.98
2026-05-16,Bundesliga,1. FC Heidenheim,Mainz 05,,AH,HOME,1.5,2.1,45,0-2,oddsflow_active_trader,APIFOOTBALL,60,WON,66
2026-05-16,Bundesliga,1. FC Heidenheim,Mainz 05,,OU,UNDER,4.5,1.533,45,0-2,oddsflow_active_trader,APIFOOTBALL,60,WON,31.98
2026-05-16,Bundesliga,1. FC Heidenheim,Mainz 05,,OU,UNDER,4,1.98,45,0-2,oddsflow_handicap_sniper,NOVA88,50,WON,49
2026-05-16,Bundesliga,1. FC Heidenheim,Mainz 05,,OU,UNDER,4,1.95,45,0-2,oddsflow_handicap_sniper,HGA,100,WON,95
2026-05-16,Bundesliga,1. FC Heidenheim,Mainz 05,,OU,UNDER,4,1.98,45,0-2,oddsflow_active_trader,NOVA88,50,WON,49
2026-05-16,Bundesliga,1. FC Heidenheim,Mainz 05,,OU,UNDER,4,1.95,45,0-2,oddsflow_active_trader,HGA,100,WON,95
2026-05-16,Bundesliga,Eintracht Frankfurt,VfB Stuttgart,,OU,UNDER,3.5,1.727,39,0-1,oddsflow_active_trader,APIFOOTBALL,60,LOST,-60
2026-05-16,Bundesliga,Werder Bremen,Borussia Dortmund,,OU,UNDER,1.5,2.375,44,0-0,oddsflow_active_trader,APIFOOTBALL,60,LOST,-60
2026-05-16,Bundesliga,SC Freiburg,RB Leipzig,,1X2,HOME,0,1.5,45,2-1,oddsflow_active_trader,APIFOOTBALL,60,WON,30
2026-05-16,Bundesliga,FC St. Pauli,VfL Wolfsburg,,1X2,AWAY,0,1.5,45,0-1,oddsflow_beta,APIFOOTBALL,60,WON,30
2026-05-16,Bundesliga,Werder Bremen,Borussia Dortmund,,OU,UNDER,1.5,2.375,44,0-0,oddsflow_handicap_sniper,APIFOOTBALL,60,LOST,-60
2026-05-16,Bundesliga,SC Freiburg,RB Leipzig,,OU,UNDER,4.5,2.2,46,2-1,oddsflow_handicap_sniper,APIFOOTBALL,60,LOST,-60
2026-05-16,Bundesliga,SC Freiburg,RB Leipzig,,AH,AWAY,-0.5,2.5,48,2-1,oddsflow_handicap_sniper,APIFOOTBALL,60,LOST,-60
2026-05-16,Bundesliga,SC Freiburg,RB Leipzig,,AH,AWAY,-0.5,2.5,48,2-1,oddsflow_active_trader,APIFOOTBALL,60,LOST,-60
2026-05-16,Bundesliga,Eintracht Frankfurt,VfB Stuttgart,,OU,UNDER,4.5,1.5,49,0-2,oddsflow_active_trader,APIFOOTBALL,60,WON,30
2026-05-16,Bundesliga,Eintracht Frankfurt,VfB Stuttgart,,OU,UNDER,4.5,1.5,49,0-2,oddsflow_handicap_sniper,APIFOOTBALL,60,WON,30
2026-05-16,Bundesliga,Eintracht Frankfurt,VfB Stuttgart,,OU,UNDER,3.75,2.12,49,0-2,oddsflow_active_trader,NOVA88,50,HALF_LOST,-25
2026-05-16,Bundesliga,Eintracht Frankfurt,VfB Stuttgart,,OU,UNDER,3.75,2.12,49,0-2,oddsflow_handicap_sniper,NOVA88,50,HALF_LOST,-25
2026-05-16,Bundesliga,Borussia Mönchengladbach,Hoffenheim,,AH,AWAY,-1.5,2.35,46,2-0,oddsflow_active_trader,APIFOOTBALL,71,LOST,-71
2026-05-16,Bundesliga,Borussia Mönchengladbach,Hoffenheim,,OU,UNDER,3.5,2.5,46,2-0,oddsflow_active_trader,APIFOOTBALL,60,LOST,-60
2026-05-16,Bundesliga,Borussia Mönchengladbach,Hoffenheim,,AH,AWAY,-1.5,2.35,46,2-0,oddsflow_beta,APIFOOTBALL,71,LOST,-71
2026-05-16,Bundesliga,Borussia Mönchengladbach,Hoffenheim,,AH,AWAY,-1.5,2.35,46,2-0,oddsflow_handicap_sniper,APIFOOTBALL,71,LOST,-71
2026-05-16,Bundesliga,Borussia Mönchengladbach,Hoffenheim,,OU,UNDER,3.5,2.5,46,2-0,oddsflow_beta,APIFOOTBALL,60,LOST,-60
2026-05-16,Bundesliga,Borussia Mönchengladbach,Hoffenheim,,OU,UNDER,3.5,2.5,46,2-0,oddsflow_handicap_sniper,APIFOOTBALL,60,LOST,-60
2026-05-16,Bundesliga,Bayer Leverkusen,Hamburger SV,,OU,UNDER,1.5,2.5,48,0-0,oddsflow_active_trader,APIFOOTBALL,60,LOST,-60
2026-05-16,Bundesliga,SC Freiburg,RB Leipzig,,AH,AWAY,-1.5,2.425,47,2-1,oddsflow_active_trader,APIFOOTBALL,60,LOST,-60
2026-05-16,Bundesliga,Bayer Leverkusen,Hamburger SV,,OU,UNDER,1.5,2.5,49,0-0,oddsflow_handicap_sniper,APIFOOTBALL,60,LOST,-60
2026-05-16,Bundesliga,SC Freiburg,RB Leipzig,,AH,AWAY,-1.5,2.425,47,2-1,oddsflow_handicap_sniper,APIFOOTBALL,66,LOST,-66
2026-05-16,Bundesliga,FC St. Pauli,VfL Wolfsburg,,1X2,AWAY,0,1.5,49,0-1,oddsflow_handicap_sniper,APIFOOTBALL,60,WON,30
2026-05-16,Bundesliga,Werder Bremen,Borussia Dortmund,,OU,UNDER,1.5,2.1,49,0-0,oddsflow_beta,APIFOOTBALL,60,LOST,-60
2026-05-16,Bundesliga,Werder Bremen,Borussia Dortmund,,1X2,DRAW,0,3,50,0-0,oddsflow_handicap_sniper,APIFOOTBALL,60,LOST,-60
2026-05-16,Bundesliga,Werder Bremen,Borussia Dortmund,,1X2,DRAW,0,2.85,50,0-0,oddsflow_handicap_sniper,HGA,50,LOST,-50
2026-05-16,Bundesliga,Werder Bremen,Borussia Dortmund,,1X2,DRAW,0,3,50,0-0,oddsflow_beta,APIFOOTBALL,60,LOST,-60
2026-05-16,Bundesliga,Werder Bremen,Borussia Dortmund,,1X2,DRAW,0,2.85,50,0-0,oddsflow_beta,HGA,50,LOST,-50
2026-05-16,Bundesliga,Union Berlin,Augsburg,,AH,AWAY,-1.5,2.675,51,2-0,oddsflow_beta,APIFOOTBALL,62,LOST,-62
2026-05-16,Bundesliga,Bayer Leverkusen,Hamburger SV,,AH,AWAY,-1,1.85,53,0-0,oddsflow_beta,APIFOOTBALL,77,WON,65.45
2026-05-16,Bundesliga,FC St. Pauli,VfL Wolfsburg,,AH,HOME,1,1.85,53,0-1,oddsflow_beta,APIFOOTBALL,60,VOID,0
2026-05-16,Bundesliga,Bayer Leverkusen,Hamburger SV,,OU,UNDER,1.5,2.2,53,0-0,oddsflow_beta,APIFOOTBALL,60,LOST,-60
2026-05-16,Bundesliga,Bayer Leverkusen,Hamburger SV,,AH,AWAY,-1,1.86,53,0-0,oddsflow_beta,NOVA88,50,WON,43
2026-05-16,Bundesliga,FC St. Pauli,VfL Wolfsburg,,AH,HOME,1,1.875,53,0-1,oddsflow_core_strategy,APIFOOTBALL,75,VOID,0
2026-05-16,Bundesliga,Bayer Leverkusen,Hamburger SV,,1X2,DRAW,0,3.6,53,0-0,oddsflow_beta,APIFOOTBALL,60,WON,156
2026-05-16,Bundesliga,Bayer Leverkusen,Hamburger SV,,AH,AWAY,-1,1.82,53,0-0,oddsflow_beta,HGA,100,WON,82
2026-05-16,Bundesliga,Bayer Leverkusen,Hamburger SV,,1X2,DRAW,0,3.45,53,0-0,oddsflow_beta,NOVA88,20,WON,49
2026-05-16,Bundesliga,Bayer Leverkusen,Hamburger SV,,1X2,DRAW,0,3.6,53,0-0,oddsflow_beta,HGA,50,WON,130
2026-05-16,Bundesliga,FC St. Pauli,VfL Wolfsburg,,AH,HOME,1,1.875,53,0-1,oddsflow_active_trader,APIFOOTBALL,60,VOID,0
2026-05-16,Bundesliga,FC St. Pauli,VfL Wolfsburg,,AH,HOME,1,1.875,53,0-1,oddsflow_handicap_sniper,APIFOOTBALL,60,VOID,0
2026-05-16,Bundesliga,FC St. Pauli,VfL Wolfsburg,,OU,UNDER,3.5,1.615,57,0-1,oddsflow_active_trader,APIFOOTBALL,75,LOST,-75
2026-05-16,Bundesliga,FC St. Pauli,VfL Wolfsburg,,OU,UNDER,3.5,1.615,57,0-1,oddsflow_beta,APIFOOTBALL,73,LOST,-73
2026-05-16,Bundesliga,FC St. Pauli,VfL Wolfsburg,,OU,UNDER,3.5,1.615,57,0-1,oddsflow_handicap_sniper,APIFOOTBALL,74,LOST,-74
2026-05-16,Bundesliga,Bayer Leverkusen,Hamburger SV,,1X2,DRAW,0,3.25,58,0-0,oddsflow_active_trader,APIFOOTBALL,60,WON,135
2026-05-16,Bundesliga,Bayer Leverkusen,Hamburger SV,,1X2,DRAW,0,3.25,58,0-0,oddsflow_active_trader,NOVA88,15,WON,33.75
2026-05-16,Bundesliga,Bayer Leverkusen,Hamburger SV,,1X2,DRAW,0,3.35,58,0-0,oddsflow_active_trader,HGA,50,WON,117.5
2026-05-16,Bundesliga,Werder Bremen,Borussia Dortmund,,AH,HOME,1,2.25,60,0-0,oddsflow_handicap_sniper,APIFOOTBALL,60,LOST,-60
2026-05-16,Bundesliga,Werder Bremen,Borussia Dortmund,,AH,HOME,1,2.25,60,0-0,oddsflow_core_strategy,APIFOOTBALL,60,LOST,-60
2026-05-16,Bundesliga,Werder Bremen,Borussia Dortmund,,AH,HOME,1,2.25,60,0-0,oddsflow_beta,APIFOOTBALL,60,LOST,-60
2026-05-16,Bundesliga,Werder Bremen,Borussia Dortmund,,AH,HOME,1,2.25,60,0-0,oddsflow_active_trader,APIFOOTBALL,60,LOST,-60
2026-05-16,Bundesliga,Werder Bremen,Borussia Dortmund,,1X2,DRAW,0,4.75,60,0-0,oddsflow_active_trader,APIFOOTBALL,60,LOST,-60
2026-05-16,Bundesliga,Werder Bremen,Borussia Dortmund,,1X2,DRAW,0,4.5,60,0-0,oddsflow_active_trader,NOVA88,22,LOST,-22
2026-05-16,Bundesliga,Bayer Leverkusen,Hamburger SV,,AH,AWAY,-0.5,2.375,60,0-0,oddsflow_core_strategy,APIFOOTBALL,60,WON,82.5
2026-05-16,Bundesliga,Bayer Leverkusen,Hamburger SV,,AH,AWAY,-0.5,2.375,60,0-0,oddsflow_active_trader,APIFOOTBALL,60,WON,82.5
2026-05-16,Bundesliga,Bayer Leverkusen,Hamburger SV,,AH,AWAY,-0.5,2.375,60,0-0,oddsflow_handicap_sniper,APIFOOTBALL,60,WON,82.5
2026-05-16,Bundesliga,Union Berlin,Augsburg,,OU,UNDER,4.5,1.727,59,3-0,oddsflow_beta,APIFOOTBALL,60,WON,43.62
2026-05-16,Bundesliga,Bayer Leverkusen,Hamburger SV,,1X2,AWAY,0,2.5,61,0-1,oddsflow_active_trader,APIFOOTBALL,60,LOST,-60
2026-05-16,Bundesliga,Bayer Leverkusen,Hamburger SV,,1X2,AWAY,0,2.65,61,0-1,oddsflow_active_trader,HGA,50,LOST,-50
2026-05-16,Bundesliga,Bayer Leverkusen,Hamburger SV,,1X2,AWAY,0,2.5,61,0-1,oddsflow_handicap_sniper,APIFOOTBALL,60,LOST,-60
2026-05-16,Bundesliga,Bayer Leverkusen,Hamburger SV,,1X2,AWAY,0,2.65,61,0-1,oddsflow_handicap_sniper,HGA,82,LOST,-82
2026-05-16,Bundesliga,Bayer Leverkusen,Hamburger SV,,AH,HOME,-0.5,2.75,63,0-1,oddsflow_active_trader,APIFOOTBALL,60,WON,105
2026-05-16,Bundesliga,Bayer Leverkusen,Hamburger SV,,AH,HOME,-0.5,2.75,63,0-1,oddsflow_core_strategy,APIFOOTBALL,60,WON,105
2026-05-16,Bundesliga,Bayer Leverkusen,Hamburger SV,,AH,HOME,-0.5,2.75,63,0-1,oddsflow_handicap_sniper,APIFOOTBALL,60,WON,105
2026-05-16,Bundesliga,Bayer Leverkusen,Hamburger SV,,1X2,AWAY,0,2.5,64,0-1,oddsflow_beta,APIFOOTBALL,60,LOST,-60
2026-05-16,Bundesliga,Bayer Leverkusen,Hamburger SV,,1X2,AWAY,0,2.51,64,0-1,oddsflow_beta,NOVA88,46,LOST,-46
2026-05-16,Bundesliga,Bayer Leverkusen,Hamburger SV,,1X2,AWAY,0,2.51,64,0-1,oddsflow_beta,HGA,91,LOST,-91
2026-05-16,Bundesliga,Bayer Leverkusen,Hamburger SV,,AH,AWAY,0,1.7,66,0-1,oddsflow_core_strategy,APIFOOTBALL,20,LOST,-20
2026-05-16,Bundesliga,Bayer Leverkusen,Hamburger SV,,OU,UNDER,2.5,1.8,66,0-1,oddsflow_core_strategy,APIFOOTBALL,500,WON,400
2026-05-16,Bundesliga,Bayer Leverkusen,Hamburger SV,,AH,AWAY,0,1.7,66,0-1,oddsflow_handicap_sniper,APIFOOTBALL,60,LOST,-60
2026-05-16,Bundesliga,Bayer Leverkusen,Hamburger SV,,AH,AWAY,0,1.7,66,0-1,oddsflow_beta,APIFOOTBALL,60,LOST,-60
2026-05-16,Bundesliga,Bayer Leverkusen,Hamburger SV,,OU,UNDER,2.5,1.727,66,0-1,oddsflow_beta,APIFOOTBALL,60,WON,43.62
2026-05-16,Bundesliga,Bayer Leverkusen,Hamburger SV,,OU,UNDER,2.25,2.05,66,0-1,oddsflow_beta,NOVA88,50,HALF_WON,26.25
2026-05-16,Bundesliga,Bayer Leverkusen,Hamburger SV,,OU,UNDER,2.25,1.99,66,0-1,oddsflow_beta,HGA,100,HALF_WON,49.5
2026-05-16,Bundesliga,Bayer Leverkusen,Hamburger SV,,AH,HOME,0.5,1.7,71,0-1,oddsflow_active_trader,APIFOOTBALL,60,WON,42
2026-05-16,Bundesliga,Bayer Leverkusen,Hamburger SV,,AH,HOME,0.5,1.7,71,0-1,oddsflow_handicap_sniper,APIFOOTBALL,60,WON,42
2026-05-16,Indian Super League,Odisha,Minerva Punjab,,AH,HOME,1,2.35,10,0-0,oddsflow_core_strategy,APIFOOTBALL,4,VOID,0
2026-05-16,Süper Lig,Fatih Karagümrük,Alanyaspor,,AH,HOME,0.5,2.675,33,0-1,oddsflow_core_strategy,APIFOOTBALL,4,WON,6.7
2026-05-16,Indian Super League,Odisha,Minerva Punjab,,AH,HOME,0.5,2.675,35,0-0,oddsflow_active_trader,APIFOOTBALL,4,LOST,-4
2026-05-16,Süper Lig,Fatih Karagümrük,Alanyaspor,,AH,HOME,0.5,2.75,35,0-1,oddsflow_active_trader,APIFOOTBALL,4,WON,7
2026-05-16,Indian Super League,Odisha,Minerva Punjab,,OU,UNDER,2.5,1.533,35,0-0,oddsflow_active_trader,APIFOOTBALL,10,LOST,-10
2026-05-16,Indian Super League,Odisha,Minerva Punjab,,1X2,DRAW,0,4,35,0-0,oddsflow_active_trader,APIFOOTBALL,4,LOST,-4
2026-05-16,Indian Super League,Odisha,Minerva Punjab,,AH,HOME,0.5,2.675,35,0-0,oddsflow_handicap_sniper,APIFOOTBALL,4,LOST,-4
2026-05-16,Indian Super League,Odisha,Minerva Punjab,,OU,UNDER,2,1.92,35,0-0,oddsflow_active_trader,NOVA88,50,LOST,-50
2026-05-16,Süper Lig,Fatih Karagümrük,Alanyaspor,,AH,HOME,0.5,2.75,35,0-1,oddsflow_handicap_sniper,APIFOOTBALL,4,WON,7
2026-05-16,Indian Super League,Odisha,Minerva Punjab,,OU,UNDER,2.5,1.533,35,0-0,oddsflow_handicap_sniper,APIFOOTBALL,10,LOST,-10
2026-05-16,Indian Super League,Odisha,Minerva Punjab,,OU,UNDER,2,2,35,0-0,oddsflow_active_trader,HGA,100,LOST,-100
2026-05-16,Indian Super League,Odisha,Minerva Punjab,,1X2,DRAW,0,3.6,35,0-0,oddsflow_active_trader,NOVA88,29,LOST,-29
2026-05-16,Indian Super League,Odisha,Minerva Punjab,,1X2,DRAW,0,4,35,0-0,oddsflow_handicap_sniper,APIFOOTBALL,4,LOST,-4
2026-05-16,Indian Super League,Odisha,Minerva Punjab,,1X2,DRAW,0,4,35,0-0,oddsflow_active_trader,HGA,67,LOST,-67
2026-05-16,Indian Super League,Odisha,Minerva Punjab,,OU,UNDER,2,1.92,35,0-0,oddsflow_handicap_sniper,NOVA88,50,LOST,-50
2026-05-16,Indian Super League,Odisha,Minerva Punjab,,OU,UNDER,2,2,35,0-0,oddsflow_handicap_sniper,HGA,100,LOST,-100
2026-05-16,Indian Super League,Odisha,Minerva Punjab,,1X2,DRAW,0,3.6,35,0-0,oddsflow_handicap_sniper,NOVA88,50,LOST,-50
2026-05-16,Indian Super League,Odisha,Minerva Punjab,,1X2,DRAW,0,4,35,0-0,oddsflow_handicap_sniper,HGA,100,LOST,-100
2026-05-16,Indian Super League,Odisha,Minerva Punjab,,OU,UNDER,1.5,2.5,35,0-0,oddsflow_active_trader,APIFOOTBALL,4,LOST,-4
2026-05-16,Indian Super League,Odisha,Minerva Punjab,,OU,UNDER,1.5,2.5,35,0-0,oddsflow_handicap_sniper,APIFOOTBALL,4,LOST,-4
2026-05-16,Süper Lig,Fatih Karagümrük,Alanyaspor,,AH,HOME,1,2,35,0-1,oddsflow_core_strategy,APIFOOTBALL,4,WON,4
2026-05-16,Süper Lig,Fatih Karagümrük,Alanyaspor,,AH,HOME,1,2,35,0-1,oddsflow_active_trader,APIFOOTBALL,4,WON,4
2026-05-16,Süper Lig,Fatih Karagümrük,Alanyaspor,,AH,HOME,1,2,35,0-1,oddsflow_handicap_sniper,APIFOOTBALL,4,WON,4
2026-05-16,English FA Cup,Chelsea,Manchester City,,1X2,AWAY,0,1.909,42,0-0,oddsflow_active_trader,APIFOOTBALL,500,WON,454.5
2026-05-16,English FA Cup,Chelsea,Manchester City,,OU,UNDER,1.5,2.2,43,0-0,oddsflow_active_trader,APIFOOTBALL,500,WON,600
2026-05-16,English FA Cup,Chelsea,Manchester City,,OU,UNDER,1.5,2.2,43,0-0,oddsflow_handicap_sniper,APIFOOTBALL,500,WON,600
2026-05-16,Indian Super League,Odisha,Minerva Punjab,,AH,HOME,0.5,2.5,48,0-0,oddsflow_beta,APIFOOTBALL,4,LOST,-4
2026-05-16,Indian Super League,Odisha,Minerva Punjab,,1X2,DRAW,0,3.25,48,0-0,oddsflow_beta,APIFOOTBALL,4,LOST,-4
2026-05-16,Indian Super League,Odisha,Minerva Punjab,,1X2,DRAW,0,3.15,48,0-0,oddsflow_beta,NOVA88,50,LOST,-50
2026-05-16,Indian Super League,Odisha,Minerva Punjab,,1X2,DRAW,0,3.35,48,0-0,oddsflow_beta,HGA,100,LOST,-100
2026-05-16,Indian Super League,Odisha,Minerva Punjab,,AH,HOME,0.5,2.1,57,0-0,oddsflow_core_strategy,APIFOOTBALL,5,LOST,-5
2026-05-16,Primeira Liga,Moreirense,AVS,,1X2,AWAY,0,3.75,46,0-0,oddsflow_active_trader,APIFOOTBALL,4,LOST,-4
2026-05-16,Primeira Liga,FC Porto,Santa Clara,,AH,AWAY,-1,2.1,45,0-0,oddsflow_active_trader,APIFOOTBALL,6,VOID,0
2026-05-16,Primeira Liga,FC Porto,Santa Clara,,1X2,DRAW,0,3.75,45,0-0,oddsflow_active_trader,APIFOOTBALL,4,LOST,-4
2026-05-16,Primeira Liga,Moreirense,AVS,,1X2,AWAY,0,3.6,46,0-0,oddsflow_active_trader,NOVA88,19,LOST,-19
2026-05-16,Primeira Liga,FC Porto,Santa Clara,,AH,AWAY,-1,2.11,45,0-0,oddsflow_active_trader,NOVA88,50,VOID,0
2026-05-16,Primeira Liga,Moreirense,AVS,,1X2,AWAY,0,3.7,46,0-0,oddsflow_active_trader,HGA,50,LOST,-50
2026-05-16,Primeira Liga,FC Porto,Santa Clara,,AH,AWAY,-1,2.09,45,0-0,oddsflow_active_trader,HGA,100,VOID,0
2026-05-16,Primeira Liga,FC Porto,Santa Clara,,1X2,DRAW,0,3.55,45,0-0,oddsflow_active_trader,NOVA88,15,LOST,-15
2026-05-16,Primeira Liga,FC Porto,Santa Clara,,1X2,DRAW,0,3.8,45,0-0,oddsflow_active_trader,HGA,50,LOST,-50
2026-05-16,Primeira Liga,Moreirense,AVS,,1X2,AWAY,0,3.75,47,0-0,oddsflow_handicap_sniper,APIFOOTBALL,4,LOST,-4
2026-05-16,Primeira Liga,FC Porto,Santa Clara,,AH,AWAY,-1,2.1,45,0-0,oddsflow_handicap_sniper,APIFOOTBALL,6,VOID,0
2026-05-16,Primeira Liga,FC Porto,Santa Clara,,1X2,DRAW,0,3.75,45,0-0,oddsflow_handicap_sniper,APIFOOTBALL,4,LOST,-4
2026-05-16,Primeira Liga,Moreirense,AVS,,1X2,AWAY,0,3.6,47,0-0,oddsflow_handicap_sniper,NOVA88,36,LOST,-36
2026-05-16,Primeira Liga,FC Porto,Santa Clara,,AH,AWAY,-1,2.11,45,0-0,oddsflow_handicap_sniper,NOVA88,50,VOID,0
2026-05-16,Primeira Liga,Moreirense,AVS,,1X2,AWAY,0,3.7,47,0-0,oddsflow_handicap_sniper,HGA,74,LOST,-74
2026-05-16,Primeira Liga,FC Porto,Santa Clara,,AH,AWAY,-1,2.09,45,0-0,oddsflow_handicap_sniper,HGA,100,VOID,0
2026-05-16,Primeira Liga,FC Porto,Santa Clara,,1X2,DRAW,0,3.55,45,0-0,oddsflow_handicap_sniper,NOVA88,25,LOST,-25
2026-05-16,Primeira Liga,FC Porto,Santa Clara,,1X2,DRAW,0,3.8,45,0-0,oddsflow_handicap_sniper,HGA,57,LOST,-57
2026-05-16,Primeira Liga,FC Porto,Santa Clara,,AH,AWAY,-1,2.05,46,0-0,oddsflow_core_strategy,APIFOOTBALL,6,VOID,0
2026-05-16,Primeira Liga,FC Porto,Santa Clara,,AH,AWAY,-1,2.11,46,0-0,oddsflow_core_strategy,NOVA88,50,VOID,0
2026-05-16,Primeira Liga,FC Porto,Santa Clara,,AH,AWAY,-1,2.05,46,0-0,oddsflow_core_strategy,HGA,100,VOID,0
2026-05-16,English FA Cup,Chelsea,Manchester City,,1X2,DRAW,0,2.2,61,0-0,oddsflow_handicap_sniper,APIFOOTBALL,500,LOST,-500
2026-05-16,English FA Cup,Chelsea,Manchester City,,1X2,DRAW,0,2.05,64,0-0,oddsflow_active_trader,APIFOOTBALL,500,LOST,-500
2026-05-16,English FA Cup,Chelsea,Manchester City,,OU,OVER,0.5,1.533,65,0-0,oddsflow_active_trader,APIFOOTBALL,500,WON,266.5
2026-05-16,English FA Cup,Chelsea,Manchester City,,OU,OVER,0.5,1.533,65,0-0,oddsflow_handicap_sniper,APIFOOTBALL,500,WON,266.5
2026-05-16,Indian Super League,Odisha,Minerva Punjab,,1X2,AWAY,0,2.1,71,0-1,oddsflow_active_trader,APIFOOTBALL,4,WON,4.4
2026-05-16,Indian Super League,Odisha,Minerva Punjab,,1X2,AWAY,0,2.09,71,0-1,oddsflow_active_trader,NOVA88,50,WON,54.5
2026-05-16,Indian Super League,Odisha,Minerva Punjab,,1X2,AWAY,0,2.19,71,0-1,oddsflow_active_trader,HGA,100,WON,119
2026-05-16,Indian Super League,Odisha,Minerva Punjab,,1X2,AWAY,0,2.1,71,0-1,oddsflow_handicap_sniper,APIFOOTBALL,4,WON,4.4
2026-05-16,Indian Super League,Odisha,Minerva Punjab,,1X2,AWAY,0,2.09,71,0-1,oddsflow_handicap_sniper,NOVA88,50,WON,54.5
2026-05-16,Indian Super League,Odisha,Minerva Punjab,,1X2,AWAY,0,2.19,71,0-1,oddsflow_handicap_sniper,HGA,100,WON,119
2026-05-16,Süper Lig,Fatih Karagümrük,Alanyaspor,,AH,AWAY,-0.5,2.3,71,1-1,oddsflow_active_trader,APIFOOTBALL,5,LOST,-5
2026-05-16,Süper Lig,Fatih Karagümrük,Alanyaspor,,OU,UNDER,3.5,1.571,71,1-1,oddsflow_active_trader,APIFOOTBALL,7,WON,4
2026-05-16,Süper Lig,Fatih Karagümrük,Alanyaspor,,OU,UNDER,2.5,1.89,71,1-1,oddsflow_active_trader,NOVA88,50,LOST,-50
2026-05-16,Süper Lig,Fatih Karagümrük,Alanyaspor,,AH,AWAY,-0.5,2.3,71,1-1,oddsflow_handicap_sniper,APIFOOTBALL,5,LOST,-5
2026-05-16,Süper Lig,Fatih Karagümrük,Alanyaspor,,OU,UNDER,3.5,1.571,71,1-1,oddsflow_handicap_sniper,APIFOOTBALL,7,WON,4
2026-05-16,Süper Lig,Fatih Karagümrük,Alanyaspor,,OU,UNDER,2.5,1.89,71,1-1,oddsflow_handicap_sniper,NOVA88,50,LOST,-50
2026-05-16,Süper Lig,Fatih Karagümrük,Alanyaspor,,AH,AWAY,-0.5,2.3,71,1-1,oddsflow_core_strategy,APIFOOTBALL,4,LOST,-4
2026-05-16,English FA Cup,Chelsea,Manchester City,,AH,HOME,1,2.675,72,0-1,oddsflow_active_trader,APIFOOTBALL,500,WON,837.5
2026-05-16,English FA Cup,Chelsea,Manchester City,,AH,HOME,1,2.675,72,0-1,oddsflow_handicap_sniper,APIFOOTBALL,500,WON,837.5
2026-05-16,English FA Cup,Chelsea,Manchester City,,AH,HOME,1,2.3,73,0-1,oddsflow_core_strategy,APIFOOTBALL,200,WON,260
2026-05-16,Primeira Liga,Moreirense,AVS,,OU,OVER,1.5,2.1,46,0-0,oddsflow_active_trader,APIFOOTBALL,4,LOST,-4
2026-05-16,Primeira Liga,Moreirense,AVS,,1X2,HOME,0,2.5,50,1-0,oddsflow_active_trader,APIFOOTBALL,4,LOST,-4
2026-05-16,Primeira Liga,Moreirense,AVS,,OU,OVER,1.5,2.2,50,1-0,oddsflow_handicap_sniper,APIFOOTBALL,4,LOST,-4
2026-05-16,Primeira Liga,Moreirense,AVS,,1X2,HOME,0,2.42,50,1-0,oddsflow_active_trader,NOVA88,15,LOST,-15
2026-05-16,Primeira Liga,Moreirense,AVS,,1X2,HOME,0,2.5,50,1-0,oddsflow_handicap_sniper,APIFOOTBALL,4,LOST,-4
2026-05-16,Primeira Liga,Moreirense,AVS,,OU,OVER,1.25,1.96,50,1-0,oddsflow_handicap_sniper,HGA,93,LOST,-93
2026-05-16,Primeira Liga,Moreirense,AVS,,1X2,HOME,0,2.53,50,1-0,oddsflow_active_trader,HGA,50,LOST,-50
2026-05-16,Primeira Liga,Moreirense,AVS,,1X2,HOME,0,2.42,50,1-0,oddsflow_handicap_sniper,NOVA88,21,LOST,-21
2026-05-16,Primeira Liga,Moreirense,AVS,,1X2,HOME,0,2.53,50,1-0,oddsflow_handicap_sniper,HGA,50,LOST,-50
2026-05-16,Primeira Liga,Moreirense,AVS,,1X2,DRAW,0,3.4,53,0-0,oddsflow_active_trader,APIFOOTBALL,4,WON,9.6
2026-05-16,Primeira Liga,Moreirense,AVS,,1X2,DRAW,0,3.35,53,0-0,oddsflow_active_trader,NOVA88,15,WON,35.25
2026-05-16,Primeira Liga,Moreirense,AVS,,1X2,DRAW,0,3.4,53,0-0,oddsflow_handicap_sniper,APIFOOTBALL,4,WON,9.6
2026-05-16,Primeira Liga,Moreirense,AVS,,1X2,DRAW,0,3.35,53,0-0,oddsflow_handicap_sniper,NOVA88,18,WON,42.3
2026-05-16,Primeira Liga,FC Porto,Santa Clara,,AH,AWAY,-0.5,2.375,55,0-0,oddsflow_active_trader,APIFOOTBALL,4,LOST,-4
2026-05-16,Primeira Liga,FC Porto,Santa Clara,,AH,AWAY,-0.5,2.375,55,0-0,oddsflow_handicap_sniper,APIFOOTBALL,4,LOST,-4
2026-05-16,Primeira Liga,FC Porto,Santa Clara,,AH,AWAY,-0.5,2.375,55,0-0,oddsflow_core_strategy,APIFOOTBALL,4,LOST,-4
2026-05-16,Primeira Liga,FC Porto,Santa Clara,,AH,AWAY,-0.5,2.25,63,0-0,oddsflow_beta,APIFOOTBALL,4,LOST,-4
2026-05-16,Primeira Liga,FC Porto,Santa Clara,,1X2,DRAW,0,2.6,63,0-0,oddsflow_beta,APIFOOTBALL,4,LOST,-4
2026-05-16,Primeira Liga,FC Porto,Santa Clara,,1X2,DRAW,0,2.46,63,0-0,oddsflow_beta,NOVA88,25,LOST,-25
2026-05-16,Primeira Liga,FC Porto,Santa Clara,,1X2,DRAW,0,2.5,63,0-0,oddsflow_beta,HGA,52,LOST,-52
2026-05-16,Primeira Liga,Moreirense,AVS,,OU,OVER,0.5,1.533,66,0-0,oddsflow_handicap_sniper,APIFOOTBALL,4,LOST,-4
2026-05-16,Primeira Liga,Moreirense,AVS,,OU,OVER,0.5,1.533,66,0-0,oddsflow_active_trader,APIFOOTBALL,4,LOST,-4
2026-05-16,Primeira Liga,FC Porto,Santa Clara,,AH,AWAY,-1.5,1.975,70,1-0,oddsflow_handicap_sniper,APIFOOTBALL,5,WON,4.88
2026-05-16,Primeira Liga,FC Porto,Santa Clara,,AH,AWAY,-1.5,1.975,70,1-0,oddsflow_active_trader,APIFOOTBALL,5,WON,4.88
2026-05-16,Primeira Liga,FC Porto,Santa Clara,,AH,AWAY,-1.5,1.725,71,1-0,oddsflow_core_strategy,APIFOOTBALL,9,WON,6.53
2026-05-16,Süper Lig,Fatih Karagümrük,Alanyaspor,,OU,UNDER,2.5,1.84,0,0-0,oddsflow_prematch_edge,APIFOOTBALL,10,LOST,-10
2026-05-16,Saudi Pro League,Al Okhdood,Al Khaleej Saihat,,AH,AWAY,1,2.1,11,0-0,oddsflow_core_strategy,APIFOOTBALL,4,LOST,-4
2026-05-16,Saudi Pro League,Al Okhdood,Al Khaleej Saihat,,AH,AWAY,0.5,2.3,11,0-0,oddsflow_core_strategy,APIFOOTBALL,4,LOST,-4
2026-05-16,Saudi Pro League,Al Okhdood,Al Khaleej Saihat,,AH,AWAY,1,2.675,35,1-1,oddsflow_handicap_sniper,APIFOOTBALL,4,LOST,-4
2026-05-16,Saudi Pro League,Al Okhdood,Al Khaleej Saihat,,AH,AWAY,1,2.675,35,1-1,oddsflow_active_trader,APIFOOTBALL,4,LOST,-4
2026-05-16,Saudi Pro League,Al Okhdood,Al Khaleej Saihat,,OU,UNDER,4.5,1.533,35,1-1,oddsflow_handicap_sniper,APIFOOTBALL,4,WON,2.13
2026-05-16,Saudi Pro League,Al Okhdood,Al Khaleej Saihat,,OU,UNDER,4.5,1.533,35,1-1,oddsflow_active_trader,APIFOOTBALL,4,WON,2.13
2026-05-16,Saudi Pro League,Al Okhdood,Al Khaleej Saihat,,1X2,AWAY,0,1.833,35,1-1,oddsflow_handicap_sniper,APIFOOTBALL,4,LOST,-4
2026-05-16,Saudi Pro League,Al Okhdood,Al Khaleej Saihat,,OU,UNDER,4,2.05,35,1-1,oddsflow_handicap_sniper,NOVA88,50,VOID,0
2026-05-16,Saudi Pro League,Al Okhdood,Al Khaleej Saihat,,1X2,AWAY,0,1.833,35,1-1,oddsflow_active_trader,APIFOOTBALL,4,LOST,-4
2026-05-16,Saudi Pro League,Al Okhdood,Al Khaleej Saihat,,OU,UNDER,4,2.05,35,1-1,oddsflow_active_trader,NOVA88,50,VOID,0
2026-05-16,Saudi Pro League,Al Okhdood,Al Khaleej Saihat,,1X2,AWAY,0,1.95,35,1-1,oddsflow_handicap_sniper,NOVA88,25,LOST,-25
2026-05-16,Saudi Pro League,Al Okhdood,Al Khaleej Saihat,,OU,UNDER,4,2.07,35,1-1,oddsflow_handicap_sniper,HGA,100,VOID,0
2026-05-16,Saudi Pro League,Al Okhdood,Al Khaleej Saihat,,1X2,AWAY,0,1.95,35,1-1,oddsflow_active_trader,NOVA88,18,LOST,-18
2026-05-16,Saudi Pro League,Al Okhdood,Al Khaleej Saihat,,OU,UNDER,4,2.07,35,1-1,oddsflow_active_trader,HGA,100,VOID,0
2026-05-16,Saudi Pro League,Al Okhdood,Al Khaleej Saihat,,1X2,AWAY,0,1.91,35,1-1,oddsflow_handicap_sniper,HGA,50,LOST,-50
2026-05-16,Saudi Pro League,Al Okhdood,Al Khaleej Saihat,,1X2,AWAY,0,1.91,35,1-1,oddsflow_active_trader,HGA,50,LOST,-50
2026-05-16,Saudi Pro League,Al-Hilal Saudi FC,NEOM,,AH,AWAY,-1.5,2.425,35,1-0,oddsflow_handicap_sniper,APIFOOTBALL,4,WON,5.7
2026-05-16,Saudi Pro League,Al-Hilal Saudi FC,NEOM,,AH,AWAY,-1.5,2.425,35,1-0,oddsflow_active_trader,APIFOOTBALL,4,WON,5.7
2026-05-16,Saudi Pro League,Al-Hilal Saudi FC,NEOM,,OU,UNDER,3.5,1.615,35,1-0,oddsflow_handicap_sniper,APIFOOTBALL,5,WON,3.08
2026-05-16,Saudi Pro League,Al-Hilal Saudi FC,NEOM,,OU,UNDER,3.5,1.615,35,1-0,oddsflow_active_trader,APIFOOTBALL,5,WON,3.08
2026-05-16,Saudi Pro League,Al-Hilal Saudi FC,NEOM,,OU,UNDER,3.25,1.88,35,1-0,oddsflow_handicap_sniper,NOVA88,50,WON,44
2026-05-16,Saudi Pro League,Al-Hilal Saudi FC,NEOM,,OU,UNDER,3.25,1.88,35,1-0,oddsflow_active_trader,NOVA88,50,WON,44
2026-05-16,Saudi Pro League,Al-Hilal Saudi FC,NEOM,,OU,UNDER,3.25,1.83,35,1-0,oddsflow_handicap_sniper,HGA,100,WON,83
2026-05-16,Saudi Pro League,Al-Hilal Saudi FC,NEOM,,OU,UNDER,3.25,1.83,35,1-0,oddsflow_active_trader,HGA,100,WON,83
2026-05-16,Saudi Pro League,Al Okhdood,Al Khaleej Saihat,,AH,AWAY,0.5,1.925,37,1-1,oddsflow_handicap_sniper,APIFOOTBALL,4,LOST,-4
2026-05-16,Saudi Pro League,Al Okhdood,Al Khaleej Saihat,,AH,AWAY,0.5,1.925,37,1-1,oddsflow_active_trader,APIFOOTBALL,4,LOST,-4
2026-05-16,Saudi Pro League,Al Okhdood,Al Khaleej Saihat,,AH,AWAY,0.5,1.99,37,1-1,oddsflow_handicap_sniper,NOVA88,22,LOST,-22
2026-05-16,Saudi Pro League,Al Okhdood,Al Khaleej Saihat,,AH,AWAY,0.5,1.99,37,1-1,oddsflow_active_trader,NOVA88,24,LOST,-24
2026-05-16,Saudi Pro League,Al Okhdood,Al Khaleej Saihat,,AH,AWAY,0.5,1.99,37,1-1,oddsflow_handicap_sniper,HGA,50,LOST,-50
2026-05-16,Saudi Pro League,Al Okhdood,Al Khaleej Saihat,,AH,AWAY,0.5,1.99,37,1-1,oddsflow_active_trader,HGA,50,LOST,-50
2026-05-16,Saudi Pro League,Al Okhdood,Al Khaleej Saihat,,OU,UNDER,3.5,2.375,41,1-1,oddsflow_handicap_sniper,APIFOOTBALL,4,LOST,-4
2026-05-16,Saudi Pro League,Al Okhdood,Al Khaleej Saihat,,OU,UNDER,3.5,2.375,41,1-1,oddsflow_active_trader,APIFOOTBALL,4,LOST,-4
2026-05-16,Saudi Pro League,Al-Hilal Saudi FC,NEOM,,OU,UNDER,2.5,2.5,41,1-0,oddsflow_active_trader,APIFOOTBALL,4,WON,6
2026-05-16,Saudi Pro League,Al-Hilal Saudi FC,NEOM,,OU,UNDER,2.5,2.5,42,1-0,oddsflow_handicap_sniper,APIFOOTBALL,4,WON,6
2026-05-16,Saudi Pro League,Al-Hilal Saudi FC,NEOM,,AH,AWAY,-1.5,2.2,43,1-0,oddsflow_core_strategy,APIFOOTBALL,5,WON,6
2026-05-16,Süper Lig,Samsunspor,Goztepe,,OU,UNDER,2.75,1.93,0,0-0,oddsflow_prematch_edge,APIFOOTBALL,10,HALF_LOST,-5
2026-05-16,Primeira Liga,SC Braga,Estrela,,AH,HOME,-0.75,1.92,0,0-0,oddsflow_prematch_edge,APIFOOTBALL,10,LOST,-10
2026-05-16,Primeira Liga,SC Braga,Estrela,,AH,HOME,-0.75,1.95,0,0-0,oddsflow_prematch_edge,NOVA88,15,LOST,-15
2026-05-16,Primeira Liga,Arouca,Tondela,,AH,HOME,0.25,1.99,0,0-0,oddsflow_prematch_edge,APIFOOTBALL,10,WON,9.9
2026-05-16,Süper Lig,Gaziantep FK,Basaksehir,,AH,HOME,1,2.35,10,0-1,oddsflow_core_strategy,APIFOOTBALL,4,WON,5.4
2026-05-16,Primeira Liga,SC Braga,Estrela,,AH,HOME,-0.5,2.6,10,0-1,oddsflow_core_strategy,APIFOOTBALL,4,WON,6.4
2026-05-16,Primeira Liga,Nacional Madeira,Guimaraes,,AH,HOME,-0.5,2.3,10,0-0,oddsflow_core_strategy,APIFOOTBALL,4,WON,5.2
2026-05-16,Saudi Pro League,Al Okhdood,Al Khaleej Saihat,,1X2,DRAW,0,2.75,53,1-1,oddsflow_handicap_sniper,APIFOOTBALL,4,LOST,-4
2026-05-16,Saudi Pro League,Al Okhdood,Al Khaleej Saihat,,1X2,DRAW,0,2.58,53,1-1,oddsflow_handicap_sniper,HGA,50,LOST,-50
2026-05-16,Süper Lig,Gaziantep FK,Basaksehir,,AH,HOME,1.5,2.425,22,0-1,oddsflow_core_strategy,APIFOOTBALL,4,WON,5.7
2026-05-16,Saudi Pro League,Al Okhdood,Al Khaleej Saihat,,1X2,DRAW,0,2.5,58,1-1,oddsflow_active_trader,APIFOOTBALL,4,LOST,-4
2026-05-16,Saudi Pro League,Al Okhdood,Al Khaleej Saihat,,AH,AWAY,-0.5,2.15,59,1-1,oddsflow_handicap_sniper,APIFOOTBALL,4,LOST,-4
2026-05-16,Saudi Pro League,Al Okhdood,Al Khaleej Saihat,,AH,AWAY,-0.5,2.15,59,1-1,oddsflow_active_trader,APIFOOTBALL,4,LOST,-4
2026-05-16,Primeira Liga,Arouca,Tondela,,AH,AWAY,-0.5,2.2,21,1-0,oddsflow_core_strategy,APIFOOTBALL,4,LOST,-4
2026-05-16,Saudi Pro League,Al Okhdood,Al Khaleej Saihat,,1X2,HOME,0,1.666,61,2-1,oddsflow_handicap_sniper,APIFOOTBALL,4,WON,2.66
2026-05-16,Saudi Pro League,Al Okhdood,Al Khaleej Saihat,,1X2,HOME,0,1.666,61,2-1,oddsflow_active_trader,APIFOOTBALL,4,WON,2.66
2026-05-16,Primeira Liga,Arouca,Tondela,,AH,AWAY,-1,1.7,24,1-0,oddsflow_core_strategy,APIFOOTBALL,7,VOID,0
2026-05-16,Primeira Liga,Casa Pia,Rio Ave,,AH,AWAY,-0.5,1.95,26,0-0,oddsflow_core_strategy,APIFOOTBALL,4,WON,3.8
2026-05-16,Primeira Liga,Casa Pia,Rio Ave,,AH,AWAY,-0.5,1.94,26,0-0,oddsflow_core_strategy,NOVA88,16,WON,15.04
2026-05-16,Primeira Liga,Casa Pia,Rio Ave,,AH,AWAY,-0.5,1.97,26,0-0,oddsflow_core_strategy,HGA,50,WON,48.5
2026-05-16,Süper Lig,Gaziantep FK,Basaksehir,,OU,UNDER,4.5,1.727,37,0-2,oddsflow_handicap_sniper,APIFOOTBALL,4,WON,2.91
2026-05-16,Süper Lig,Gaziantep FK,Basaksehir,,OU,UNDER,4.5,1.727,37,0-2,oddsflow_active_trader,APIFOOTBALL,4,WON,2.91
2026-05-16,Süper Lig,Gaziantep FK,Basaksehir,,OU,UNDER,4.25,2.02,37,0-2,oddsflow_handicap_sniper,NOVA88,50,WON,51
2026-05-16,Süper Lig,Gaziantep FK,Basaksehir,,OU,UNDER,4.25,2,37,0-2,oddsflow_handicap_sniper,HGA,100,WON,100
2026-05-16,Süper Lig,Gaziantep FK,Basaksehir,,OU,UNDER,4.25,2.02,37,0-2,oddsflow_active_trader,NOVA88,50,WON,51
2026-05-16,Süper Lig,Gaziantep FK,Basaksehir,,OU,UNDER,4.25,2,37,0-2,oddsflow_active_trader,HGA,100,WON,100
2026-05-16,Primeira Liga,Casa Pia,Rio Ave,,AH,AWAY,-0.5,1.975,35,0-0,oddsflow_handicap_sniper,APIFOOTBALL,4,WON,3.9
2026-05-16,Primeira Liga,Casa Pia,Rio Ave,,1X2,DRAW,0,2.875,35,0-0,oddsflow_handicap_sniper,APIFOOTBALL,4,WON,7.5
2026-05-16,Primeira Liga,Casa Pia,Rio Ave,,AH,AWAY,-0.5,1.84,35,0-0,oddsflow_handicap_sniper,NOVA88,16,WON,13.44
2026-05-16,Primeira Liga,Casa Pia,Rio Ave,,AH,AWAY,-0.5,1.975,35,0-0,oddsflow_active_trader,APIFOOTBALL,4,WON,3.9
2026-05-16,Primeira Liga,Casa Pia,Rio Ave,,1X2,DRAW,0,2.875,35,0-0,oddsflow_active_trader,APIFOOTBALL,4,WON,7.5
2026-05-16,Primeira Liga,Casa Pia,Rio Ave,,AH,AWAY,-0.5,1.84,35,0-0,oddsflow_active_trader,NOVA88,17,WON,14.28
2026-05-16,Primeira Liga,Nacional Madeira,Guimaraes,,AH,HOME,-0.5,2.675,35,0-0,oddsflow_handicap_sniper,APIFOOTBALL,4,WON,6.7
2026-05-16,Primeira Liga,Nacional Madeira,Guimaraes,,1X2,HOME,0,2.75,35,0-0,oddsflow_handicap_sniper,APIFOOTBALL,4,WON,7
2026-05-16,Primeira Liga,Nacional Madeira,Guimaraes,,AH,HOME,-0.5,2.675,35,0-0,oddsflow_active_trader,APIFOOTBALL,4,WON,6.7
2026-05-16,Primeira Liga,Nacional Madeira,Guimaraes,,1X2,HOME,0,2.92,35,0-0,oddsflow_handicap_sniper,NOVA88,36,WON,69.12
2026-05-16,Primeira Liga,Nacional Madeira,Guimaraes,,1X2,HOME,0,2.75,35,0-0,oddsflow_active_trader,APIFOOTBALL,4,WON,7
2026-05-16,Primeira Liga,Nacional Madeira,Guimaraes,,1X2,HOME,0,2.63,35,0-0,oddsflow_handicap_sniper,HGA,58,WON,94.54
2026-05-16,Primeira Liga,Nacional Madeira,Guimaraes,,1X2,HOME,0,2.92,35,0-0,oddsflow_active_trader,NOVA88,18,WON,34.56
2026-05-16,Primeira Liga,Nacional Madeira,Guimaraes,,AH,HOME,-0.5,2.675,35,0-0,oddsflow_beta,APIFOOTBALL,4,WON,6.7
2026-05-16,Primeira Liga,Nacional Madeira,Guimaraes,,1X2,HOME,0,2.63,35,0-0,oddsflow_active_trader,HGA,50,WON,81.5
2026-05-16,Primeira Liga,Nacional Madeira,Guimaraes,,1X2,HOME,0,2.75,35,0-0,oddsflow_beta,APIFOOTBALL,4,WON,7
2026-05-16,Primeira Liga,Nacional Madeira,Guimaraes,,1X2,HOME,0,2.92,35,0-0,oddsflow_beta,NOVA88,36,WON,69.12
2026-05-16,Primeira Liga,Nacional Madeira,Guimaraes,,1X2,HOME,0,2.66,35,0-0,oddsflow_beta,HGA,59,WON,97.94
2026-05-16,Primeira Liga,Casa Pia,Rio Ave,,AH,AWAY,-1.5,1.85,35,1-0,oddsflow_handicap_sniper,APIFOOTBALL,5,WON,4.25
2026-05-16,Primeira Liga,Casa Pia,Rio Ave,,AH,AWAY,-1.5,1.85,35,1-0,oddsflow_active_trader,APIFOOTBALL,5,WON,4.25
2026-05-16,Primeira Liga,Casa Pia,Rio Ave,,AH,AWAY,-1.5,1.85,35,1-0,oddsflow_core_strategy,APIFOOTBALL,7,WON,5.95
2026-05-16,Primeira Liga,Arouca,Tondela,,AH,AWAY,-0.5,2.35,35,1-0,oddsflow_handicap_sniper,APIFOOTBALL,4,LOST,-4
2026-05-16,Primeira Liga,Arouca,Tondela,,1X2,HOME,0,1.571,35,1-0,oddsflow_handicap_sniper,APIFOOTBALL,4,WON,2.28
2026-05-16,Primeira Liga,Arouca,Tondela,,AH,AWAY,-0.5,2.35,35,1-0,oddsflow_active_trader,APIFOOTBALL,4,LOST,-4
2026-05-16,Primeira Liga,Arouca,Tondela,,1X2,HOME,0,1.571,35,1-0,oddsflow_active_trader,APIFOOTBALL,4,WON,2.28
2026-05-16,Primeira Liga,Casa Pia,Rio Ave,,AH,AWAY,-1,2.675,37,1-0,oddsflow_handicap_sniper,APIFOOTBALL,4,WON,6.7
2026-05-16,Primeira Liga,Casa Pia,Rio Ave,,AH,AWAY,-1,2.675,37,1-0,oddsflow_active_trader,APIFOOTBALL,4,WON,6.7
2026-05-16,Primeira Liga,Casa Pia,Rio Ave,,AH,AWAY,-1,2.6,37,1-0,oddsflow_beta,APIFOOTBALL,5,WON,8
2026-05-16,Süper Lig,Gaziantep FK,Basaksehir,,OU,UNDER,3.5,2.5,45,0-2,oddsflow_active_trader,APIFOOTBALL,4,WON,6
2026-05-16,Süper Lig,Gaziantep FK,Basaksehir,,OU,UNDER,3.5,2.5,46,0-2,oddsflow_handicap_sniper,APIFOOTBALL,4,WON,6
2026-05-16,Primeira Liga,Arouca,Tondela,,AH,AWAY,-1,1.7,43,1-0,oddsflow_beta,APIFOOTBALL,8,VOID,0
2026-05-16,Primeira Liga,Arouca,Tondela,,1X2,HOME,0,1.571,43,1-0,oddsflow_beta,APIFOOTBALL,4,WON,2.28
2026-05-16,Primeira Liga,Arouca,Tondela,,AH,AWAY,-1,1.7,43,1-0,oddsflow_handicap_sniper,APIFOOTBALL,6,VOID,0
2026-05-16,Primeira Liga,Arouca,Tondela,,AH,AWAY,-1,1.7,43,1-0,oddsflow_active_trader,APIFOOTBALL,6,VOID,0
2026-05-16,Primeira Liga,Arouca,Tondela,,AH,AWAY,-0.5,2.375,44,1-0,oddsflow_beta,APIFOOTBALL,4,LOST,-4
2026-05-16,Süper Lig,Samsunspor,Goztepe,,AH,AWAY,-0.5,2.35,53,1-0,oddsflow_handicap_sniper,APIFOOTBALL,4,LOST,-4
2026-05-16,Süper Lig,Samsunspor,Goztepe,,AH,AWAY,-0.5,2.35,53,1-0,oddsflow_core_strategy,APIFOOTBALL,4,LOST,-4
2026-05-16,Süper Lig,Samsunspor,Goztepe,,OU,UNDER,2.5,1.666,53,1-0,oddsflow_handicap_sniper,APIFOOTBALL,4,LOST,-4
2026-05-16,Süper Lig,Samsunspor,Goztepe,,AH,AWAY,-0.5,2.35,53,1-0,oddsflow_active_trader,APIFOOTBALL,4,LOST,-4
2026-05-16,Süper Lig,Samsunspor,Goztepe,,1X2,HOME,0,1.615,53,1-0,oddsflow_handicap_sniper,APIFOOTBALL,5,WON,3.08
2026-05-16,Süper Lig,Samsunspor,Goztepe,,OU,UNDER,2.5,1.666,53,1-0,oddsflow_active_trader,APIFOOTBALL,4,LOST,-4
2026-05-16,Süper Lig,Samsunspor,Goztepe,,OU,UNDER,2.25,2.06,53,1-0,oddsflow_handicap_sniper,NOVA88,45,LOST,-45
2026-05-16,Süper Lig,Samsunspor,Goztepe,,1X2,HOME,0,1.615,53,1-0,oddsflow_active_trader,APIFOOTBALL,4,WON,2.46
2026-05-16,Süper Lig,Samsunspor,Goztepe,,1X2,HOME,0,1.63,53,1-0,oddsflow_handicap_sniper,NOVA88,50,WON,31.5
2026-05-16,Süper Lig,Samsunspor,Goztepe,,OU,UNDER,2.25,2.06,53,1-0,oddsflow_active_trader,NOVA88,44,LOST,-44
2026-05-16,Süper Lig,Samsunspor,Goztepe,,OU,UNDER,2.25,2.09,53,1-0,oddsflow_handicap_sniper,HGA,92,LOST,-92
2026-05-16,Süper Lig,Samsunspor,Goztepe,,1X2,HOME,0,1.63,53,1-0,oddsflow_handicap_sniper,HGA,100,WON,63
2026-05-16,Süper Lig,Samsunspor,Goztepe,,1X2,HOME,0,1.63,53,1-0,oddsflow_active_trader,NOVA88,26,WON,16.38
2026-05-16,Süper Lig,Samsunspor,Goztepe,,OU,UNDER,2.25,2.09,53,1-0,oddsflow_active_trader,HGA,90,LOST,-90
2026-05-16,Süper Lig,Samsunspor,Goztepe,,1X2,HOME,0,1.63,53,1-0,oddsflow_active_trader,HGA,53,WON,33.39
2026-05-16,Primeira Liga,Casa Pia,Rio Ave,,1X2,HOME,0,2.3,52,1-0,oddsflow_handicap_sniper,APIFOOTBALL,4,LOST,-4
2026-05-16,Primeira Liga,Casa Pia,Rio Ave,,1X2,HOME,0,2.3,52,1-0,oddsflow_active_trader,APIFOOTBALL,4,LOST,-4
2026-05-16,Primeira Liga,Casa Pia,Rio Ave,,1X2,HOME,0,2.2,52,1-0,oddsflow_handicap_sniper,NOVA88,50,LOST,-50
2026-05-16,Primeira Liga,Casa Pia,Rio Ave,,1X2,HOME,0,2.2,52,1-0,oddsflow_active_trader,NOVA88,50,LOST,-50
2026-05-16,Primeira Liga,Casa Pia,Rio Ave,,1X2,HOME,0,2.21,52,1-0,oddsflow_handicap_sniper,HGA,100,LOST,-100
2026-05-16,Primeira Liga,Casa Pia,Rio Ave,,1X2,HOME,0,2.21,52,1-0,oddsflow_active_trader,HGA,100,LOST,-100
2026-05-16,Süper Lig,Gaziantep FK,Basaksehir,,AH,HOME,1,2.35,60,1-2,oddsflow_handicap_sniper,APIFOOTBALL,4,WON,5.4
2026-05-16,Süper Lig,Gaziantep FK,Basaksehir,,AH,HOME,1,2.35,60,1-2,oddsflow_active_trader,APIFOOTBALL,4,WON,5.4
2026-05-16,Saudi Pro League,Al-Ahli Jeddah,Al Kholood,,AH,AWAY,-1,2.3,17,0-0,oddsflow_core_strategy,APIFOOTBALL,4,LOST,-4
2026-05-16,Primeira Liga,Nacional Madeira,Guimaraes,,OU,OVER,0.5,1.533,57,0-0,oddsflow_handicap_sniper,APIFOOTBALL,4,WON,2.13
2026-05-16,Primeira Liga,Nacional Madeira,Guimaraes,,OU,OVER,0.5,1.533,57,0-0,oddsflow_active_trader,APIFOOTBALL,4,WON,2.13
2026-05-16,Primeira Liga,Arouca,Tondela,,1X2,DRAW,0,2.1,66,1-1,oddsflow_active_trader,APIFOOTBALL,4,LOST,-4
2026-05-16,Primeira Liga,Arouca,Tondela,,1X2,DRAW,0,2.1,66,1-1,oddsflow_handicap_sniper,APIFOOTBALL,4,LOST,-4
2026-05-16,Primeira Liga,Arouca,Tondela,,1X2,DRAW,0,2.05,66,1-1,oddsflow_handicap_sniper,NOVA88,15,LOST,-15
2026-05-16,Primeira Liga,Arouca,Tondela,,1X2,DRAW,0,2.09,66,1-1,oddsflow_handicap_sniper,HGA,50,LOST,-50
2026-05-16,Primeira Liga,Nacional Madeira,Guimaraes,,1X2,DRAW,0,1.8,67,0-0,oddsflow_active_trader,APIFOOTBALL,4,LOST,-4
2026-05-16,Primeira Liga,Nacional Madeira,Guimaraes,,1X2,DRAW,0,1.8,67,0-0,oddsflow_handicap_sniper,APIFOOTBALL,4,LOST,-4
2026-05-16,Primeira Liga,Nacional Madeira,Guimaraes,,AH,AWAY,-1,1.825,69,0-0,oddsflow_core_strategy,APIFOOTBALL,8,LOST,-8
2026-05-16,Primeira Liga,Nacional Madeira,Guimaraes,,OU,UNDER,1.5,1.909,69,0-0,oddsflow_core_strategy,APIFOOTBALL,500,LOST,-500
2026-05-16,Primeira Liga,Nacional Madeira,Guimaraes,,AH,AWAY,-1,1.825,69,0-0,oddsflow_active_trader,APIFOOTBALL,5,LOST,-5
2026-05-16,Primeira Liga,Nacional Madeira,Guimaraes,,AH,AWAY,-1,1.825,69,0-0,oddsflow_handicap_sniper,APIFOOTBALL,5,LOST,-5
2026-05-16,Saudi Pro League,Al-Ahli Jeddah,Al Kholood,,OU,UNDER,4.5,1.533,35,2-0,oddsflow_active_trader,APIFOOTBALL,9,WON,4.8
2026-05-16,Saudi Pro League,Al-Ahli Jeddah,Al Kholood,,OU,UNDER,4.5,1.533,35,2-0,oddsflow_handicap_sniper,APIFOOTBALL,9,WON,4.8
2026-05-16,Saudi Pro League,Al-Ahli Jeddah,Al Kholood,,OU,UNDER,4,2.01,35,2-0,oddsflow_active_trader,NOVA88,50,WON,50.5
2026-05-16,Saudi Pro League,Al-Ahli Jeddah,Al Kholood,,OU,UNDER,4,2.01,35,2-0,oddsflow_handicap_sniper,NOVA88,50,WON,50.5
2026-05-16,Saudi Pro League,Al-Ahli Jeddah,Al Kholood,,OU,UNDER,4,1.99,35,2-0,oddsflow_active_trader,HGA,100,WON,99
2026-05-16,Saudi Pro League,Al-Ahli Jeddah,Al Kholood,,OU,UNDER,4,1.99,35,2-0,oddsflow_handicap_sniper,HGA,100,WON,99
2026-05-16,Saudi Pro League,Al-Ahli Jeddah,Al Kholood,,OU,UNDER,3.5,2.5,35,2-0,oddsflow_handicap_sniper,APIFOOTBALL,4,WON,6
2026-05-16,Saudi Pro League,Al-Ahli Jeddah,Al Kholood,,OU,UNDER,3.5,2.5,35,2-0,oddsflow_active_trader,APIFOOTBALL,4,WON,6
2026-05-16,Primeira Liga,Casa Pia,Rio Ave,,1X2,DRAW,0,1.8,75,1-1,oddsflow_beta,APIFOOTBALL,4,WON,3.2
2026-05-16,Primeira Liga,Casa Pia,Rio Ave,,1X2,DRAW,0,1.78,75,1-1,oddsflow_beta,NOVA88,15,WON,11.7
2026-05-16,Primeira Liga,Casa Pia,Rio Ave,,1X2,DRAW,0,1.74,75,1-1,oddsflow_beta,HGA,50,WON,37
2026-05-16,Primeira Liga,Estoril,Benfica,,AH,HOME,1.75,1.91,0,0-0,oddsflow_prematch_edge,APIFOOTBALL,10,HALF_LOST,-5
2026-05-16,Primeira Liga,Estoril,Benfica,,AH,HOME,1.75,1.97,0,0-0,oddsflow_prematch_edge,NOVA88,44,HALF_LOST,-22
2026-05-16,Primeira Liga,Famalicao,Alverca,,AH,AWAY,-1,1.7,10,0-0,oddsflow_core_strategy,APIFOOTBALL,4,VOID,0
2026-05-16,Primeira Liga,Famalicao,Alverca,,AH,AWAY,-0.5,2.25,29,0-0,oddsflow_core_strategy,APIFOOTBALL,4,LOST,-4
2026-05-16,Primeira Liga,Famalicao,Alverca,,AH,AWAY,-0.5,2.15,35,0-0,oddsflow_handicap_sniper,APIFOOTBALL,4,LOST,-4
2026-05-16,Primeira Liga,Famalicao,Alverca,,1X2,DRAW,0,3.2,35,0-0,oddsflow_handicap_sniper,APIFOOTBALL,4,LOST,-4
2026-05-16,Primeira Liga,Famalicao,Alverca,,1X2,DRAW,0,3,35,0-0,oddsflow_handicap_sniper,NOVA88,15,LOST,-15
2026-05-16,Primeira Liga,Famalicao,Alverca,,1X2,DRAW,0,3.2,35,0-0,oddsflow_handicap_sniper,HGA,50,LOST,-50
2026-05-16,Primeira Liga,Famalicao,Alverca,,AH,AWAY,-0.5,2.15,35,0-0,oddsflow_active_trader,APIFOOTBALL,4,LOST,-4
2026-05-16,Primeira Liga,Famalicao,Alverca,,1X2,DRAW,0,2.625,49,0-0,oddsflow_active_trader,APIFOOTBALL,4,LOST,-4
2026-05-16,Primeira Liga,Famalicao,Alverca,,1X2,DRAW,0,2.58,49,0-0,oddsflow_active_trader,NOVA88,15,LOST,-15
2026-05-16,Primeira Liga,Sporting CP,Gil Vicente,,AH,AWAY,-1.5,2.025,58,2-0,oddsflow_active_trader,APIFOOTBALL,6,WON,6.15
2026-05-16,Primeira Liga,Sporting CP,Gil Vicente,,OU,OVER,2.5,1.533,58,2-0,oddsflow_active_trader,APIFOOTBALL,4,WON,2.13
2026-05-16,Primeira Liga,Sporting CP,Gil Vicente,,OU,OVER,3.5,2.06,58,2-0,oddsflow_active_trader,NOVA88,50,LOST,-50
2026-05-16,Primeira Liga,Sporting CP,Gil Vicente,,OU,OVER,3.5,2.05,58,2-0,oddsflow_active_trader,HGA,99,LOST,-99
2026-05-16,Primeira Liga,Sporting CP,Gil Vicente,,AH,AWAY,-1.5,2.025,58,2-0,oddsflow_handicap_sniper,APIFOOTBALL,6,WON,6.15
2026-05-16,Primeira Liga,Sporting CP,Gil Vicente,,OU,OVER,2.5,1.533,58,2-0,oddsflow_handicap_sniper,APIFOOTBALL,4,WON,2.13
2026-05-16,Primeira Liga,Sporting CP,Gil Vicente,,OU,OVER,3.5,2.06,58,2-0,oddsflow_handicap_sniper,NOVA88,50,LOST,-50
2026-05-16,Primeira Liga,Sporting CP,Gil Vicente,,OU,OVER,3.5,2.05,58,2-0,oddsflow_handicap_sniper,HGA,99,LOST,-99
2026-05-16,Primeira Liga,Sporting CP,Gil Vicente,,OU,UNDER,3.5,1.727,65,2-0,oddsflow_core_strategy,APIFOOTBALL,500,WON,363.5
2026-05-16,Primeira Liga,Famalicao,Alverca,,OU,OVER,0.5,1.533,66,0-0,oddsflow_active_trader,APIFOOTBALL,4,WON,2.13
2026-05-16,Brasileirão Série A,Atletico Mineiro,Mirassol,,1X2,AWAY,0,3.84,0,0-0,oddsflow_prematch_edge,APIFOOTBALL,10,LOST,-10
2026-05-16,Brasileirão Série A,Internacional,Vasco da Gama,,OU,OVER,2.25,1.96,0,0-0,oddsflow_prematch_edge,APIFOOTBALL,10,WON,9.6
2026-05-16,Brasileirão Série A,Atletico Mineiro,Mirassol,,1X2,AWAY,0,3.45,0,0-0,oddsflow_prematch_edge,NOVA88,15,LOST,-15
2026-05-16,Brasileirão Série A,Atletico Mineiro,Mirassol,,AH,AWAY,0,2.75,10,0-0,oddsflow_core_strategy,APIFOOTBALL,200,LOST,-200
2026-05-16,Brasileirão Série A,Internacional,Vasco da Gama,,AH,AWAY,-0.5,1.9,12,1-0,oddsflow_core_strategy,APIFOOTBALL,200,LOST,-200
2026-05-16,Brasileirão Série A,Internacional,Vasco da Gama,,AH,AWAY,-0.5,1.9,12,1-0,oddsflow_core_strategy,NOVA88,31,LOST,-31
2026-05-16,Brasileirão Série A,Internacional,Vasco da Gama,,AH,AWAY,-0.5,1.93,12,1-0,oddsflow_core_strategy,HGA,66,LOST,-66
2026-05-16,Brasileirão Série A,Fluminense,Sao Paulo,,1X2,AWAY,0,4.88,0,0-0,oddsflow_prematch_edge,APIFOOTBALL,10,LOST,-10
2026-05-16,Brasileirão Série A,Fluminense,Sao Paulo,,1X2,AWAY,0,4.15,0,0-0,oddsflow_prematch_edge,NOVA88,15,LOST,-15
2026-05-16,Brasileirão Série A,Internacional,Vasco da Gama,,OU,UNDER,3.5,2.1,35,2-0,oddsflow_active_trader,APIFOOTBALL,500,LOST,-500
2026-05-16,Brasileirão Série A,Internacional,Vasco da Gama,,OU,UNDER,3.5,2.1,35,2-0,oddsflow_handicap_sniper,APIFOOTBALL,500,LOST,-500
2026-05-16,Brasileirão Série A,Atletico Mineiro,Mirassol,,AH,AWAY,-1,2.35,35,1-0,oddsflow_active_trader,APIFOOTBALL,982,VOID,0
2026-05-16,Brasileirão Série A,Atletico Mineiro,Mirassol,,AH,AWAY,-1,2.35,35,1-0,oddsflow_handicap_sniper,APIFOOTBALL,979,VOID,0
2026-05-16,Brasileirão Série A,Atletico Mineiro,Mirassol,,AH,AWAY,0,2.675,41,1-1,oddsflow_active_trader,APIFOOTBALL,522,LOST,-522
2026-05-16,Brasileirão Série A,Atletico Mineiro,Mirassol,,AH,AWAY,0,2.675,41,1-1,oddsflow_handicap_sniper,APIFOOTBALL,530,LOST,-530
2026-05-16,Brasileirão Série A,Atletico Mineiro,Mirassol,,1X2,DRAW,0,2.6,41,1-1,oddsflow_handicap_sniper,APIFOOTBALL,500,LOST,-500
2026-05-16,Brasileirão Série A,Atletico Mineiro,Mirassol,,1X2,DRAW,0,4.35,41,1-1,oddsflow_handicap_sniper,NOVA88,38,LOST,-38
2026-05-16,Brasileirão Série A,Atletico Mineiro,Mirassol,,1X2,AWAY,0,4.5,43,1-1,oddsflow_handicap_sniper,APIFOOTBALL,500,LOST,-500
2026-05-16,Brasileirão Série A,Atletico Mineiro,Mirassol,,1X2,AWAY,0,4.1,43,1-1,oddsflow_handicap_sniper,NOVA88,15,LOST,-15
2026-05-16,Brasileirão Série A,Atletico Mineiro,Mirassol,,1X2,AWAY,0,4.15,43,1-1,oddsflow_handicap_sniper,HGA,50,LOST,-50
2026-05-16,Brasileirão Série A,Fluminense,Sao Paulo,,AH,AWAY,-1.5,1.875,21,1-0,oddsflow_core_strategy,APIFOOTBALL,200,WON,175
2026-05-16,Brasileirão Série A,Fluminense,Sao Paulo,,AH,AWAY,-1,2.375,35,1-0,oddsflow_active_trader,APIFOOTBALL,857,WON,1178.38
2026-05-16,Brasileirão Série A,Fluminense,Sao Paulo,,OU,OVER,2.5,1.909,35,1-0,oddsflow_active_trader,APIFOOTBALL,500,WON,454.5
2026-05-16,Brasileirão Série A,Fluminense,Sao Paulo,,AH,AWAY,-1,2.375,35,1-0,oddsflow_handicap_sniper,APIFOOTBALL,864,WON,1188
2026-05-16,Brasileirão Série A,Fluminense,Sao Paulo,,OU,OVER,2.5,1.909,35,1-0,oddsflow_handicap_sniper,APIFOOTBALL,500,WON,454.5
2026-05-16,Brasileirão Série A,Atletico Mineiro,Mirassol,,1X2,DRAW,0,2.2,53,1-1,oddsflow_active_trader,APIFOOTBALL,500,LOST,-500
2026-05-16,Brasileirão Série A,Atletico Mineiro,Mirassol,,OU,OVER,2.5,1.533,57,1-1,oddsflow_active_trader,APIFOOTBALL,500,WON,266.5
2026-05-16,Brasileirão Série A,Atletico Mineiro,Mirassol,,OU,OVER,2.5,1.533,57,1-1,oddsflow_handicap_sniper,APIFOOTBALL,500,WON,266.5
2026-05-16,Brasileirão Série A,Atletico Mineiro,Mirassol,,OU,UNDER,3.5,2,61,1-1,oddsflow_active_trader,APIFOOTBALL,500,LOST,-500
2026-05-16,Brasileirão Série A,Atletico Mineiro,Mirassol,,OU,UNDER,2.75,1.99,61,1-1,oddsflow_active_trader,NOVA88,50,LOST,-50
2026-05-16,Brasileirão Série A,Atletico Mineiro,Mirassol,,OU,UNDER,3.5,2,61,1-1,oddsflow_handicap_sniper,APIFOOTBALL,500,LOST,-500
2026-05-16,Brasileirão Série A,Atletico Mineiro,Mirassol,,OU,UNDER,2.75,1.99,61,1-1,oddsflow_handicap_sniper,NOVA88,50,LOST,-50
2026-05-16,Brasileirão Série A,Atletico Mineiro,Mirassol,,OU,OVER,3.5,1.571,62,2-1,oddsflow_handicap_sniper,APIFOOTBALL,500,WON,285.5
2026-05-16,Brasileirão Série A,Atletico Mineiro,Mirassol,,OU,OVER,3.5,1.571,62,2-1,oddsflow_active_trader,APIFOOTBALL,500,WON,285.5
2026-05-16,Brasileirão Série A,Atletico Mineiro,Mirassol,,OU,OVER,3.5,2,69,2-1,oddsflow_core_strategy,APIFOOTBALL,500,WON,500
2026-05-16,Brasileirão Série A,Fluminense,Sao Paulo,,OU,UNDER,3.5,1.5,58,2-0,oddsflow_handicap_sniper,APIFOOTBALL,500,WON,250
2026-05-16,Brasileirão Série A,Fluminense,Sao Paulo,,OU,UNDER,2.75,2.05,58,2-0,oddsflow_handicap_sniper,NOVA88,50,HALF_LOST,-25
2026-05-16,Brasileirão Série A,Fluminense,Sao Paulo,,OU,UNDER,2.75,2.04,58,2-0,oddsflow_handicap_sniper,HGA,100,HALF_LOST,-50
2026-05-16,Brasileirão Série A,Fluminense,Sao Paulo,,OU,UNDER,3.5,1.5,58,2-0,oddsflow_active_trader,APIFOOTBALL,500,WON,250
2026-05-16,Brasileirão Série A,Fluminense,Sao Paulo,,OU,UNDER,2.75,2.05,58,2-0,oddsflow_active_trader,NOVA88,50,HALF_LOST,-25
2026-05-16,Brasileirão Série A,Fluminense,Sao Paulo,,OU,UNDER,2.75,2.04,58,2-0,oddsflow_active_trader,HGA,100,HALF_LOST,-50
2026-05-17,Brasileirão Série A,Palmeiras,Cruzeiro,,OU,UNDER,2.25,2,0,0-0,oddsflow_prematch_edge,APIFOOTBALL,10,HALF_WON,5
2026-05-17,Brasileirão Série A,Palmeiras,Cruzeiro,,AH,HOME,-0.5,2.75,17,0-1,oddsflow_core_strategy,APIFOOTBALL,200,WON,350
2026-05-17,Brasileirão Série A,Palmeiras,Cruzeiro,,AH,AWAY,-0.5,1.95,35,1-1,oddsflow_active_trader,APIFOOTBALL,500,WON,475
2026-05-17,Brasileirão Série A,Palmeiras,Cruzeiro,,OU,UNDER,3.5,2.1,35,1-1,oddsflow_active_trader,APIFOOTBALL,500,WON,550
2026-05-17,Brasileirão Série A,Palmeiras,Cruzeiro,,AH,AWAY,-0.5,2.01,35,1-1,oddsflow_active_trader,NOVA88,34,WON,34.34
2026-05-17,Brasileirão Série A,Palmeiras,Cruzeiro,,1X2,DRAW,0,3,35,1-1,oddsflow_active_trader,APIFOOTBALL,500,WON,1000
2026-05-17,Brasileirão Série A,Palmeiras,Cruzeiro,,AH,AWAY,-0.5,1.96,35,1-1,oddsflow_active_trader,HGA,62,WON,59.52
2026-05-17,Brasileirão Série A,Palmeiras,Cruzeiro,,1X2,DRAW,0,2.96,35,1-1,oddsflow_active_trader,NOVA88,15,WON,29.4
2026-05-17,Brasileirão Série A,Palmeiras,Cruzeiro,,1X2,DRAW,0,2.95,35,1-1,oddsflow_active_trader,HGA,50,WON,97.5
2026-05-17,Brasileirão Série A,Palmeiras,Cruzeiro,,AH,AWAY,-0.5,1.95,35,1-1,oddsflow_handicap_sniper,APIFOOTBALL,500,WON,475
2026-05-17,Brasileirão Série A,Palmeiras,Cruzeiro,,OU,UNDER,3.5,2.1,35,1-1,oddsflow_handicap_sniper,APIFOOTBALL,500,WON,550
2026-05-17,Brasileirão Série A,Palmeiras,Cruzeiro,,AH,AWAY,-0.5,2.01,35,1-1,oddsflow_handicap_sniper,NOVA88,36,WON,36.36
2026-05-17,Brasileirão Série A,Palmeiras,Cruzeiro,,1X2,DRAW,0,3,35,1-1,oddsflow_handicap_sniper,APIFOOTBALL,500,WON,1000
2026-05-17,Brasileirão Série A,Palmeiras,Cruzeiro,,AH,AWAY,-0.5,1.96,35,1-1,oddsflow_handicap_sniper,HGA,66,WON,63.36
2026-05-17,Brasileirão Série A,Palmeiras,Cruzeiro,,1X2,DRAW,0,2.96,35,1-1,oddsflow_handicap_sniper,NOVA88,21,WON,41.16
2026-05-17,Brasileirão Série A,Palmeiras,Cruzeiro,,1X2,DRAW,0,2.95,35,1-1,oddsflow_handicap_sniper,HGA,50,WON,97.5
2026-05-17,Brasileirão Série A,Palmeiras,Cruzeiro,,AH,AWAY,0,2.75,51,1-1,oddsflow_active_trader,APIFOOTBALL,500,VOID,0
2026-05-17,Brasileirão Série A,Palmeiras,Cruzeiro,,AH,AWAY,0,2.75,52,1-1,oddsflow_handicap_sniper,APIFOOTBALL,500,VOID,0
2026-05-17,J1 League,V-Varen Nagasaki,Vissel Kobe,,AH,HOME,0.75,1.85,0,0-0,oddsflow_prematch_edge,APIFOOTBALL,10,WON,8.5
2026-05-17,J1 League,V-Varen Nagasaki,Vissel Kobe,,AH,HOME,0.75,2.01,0,0-0,oddsflow_prematch_edge,NOVA88,50,WON,50.5
2026-05-17,J1 League,V-Varen Nagasaki,Vissel Kobe,,AH,HOME,0.5,2.05,14,0-0,oddsflow_core_strategy,APIFOOTBALL,5,WON,5.25
2026-05-17,J1 League,V-Varen Nagasaki,Vissel Kobe,,AH,HOME,1.5,1.85,33,1-2,oddsflow_core_strategy,APIFOOTBALL,8,WON,6.8
2026-05-17,J1 League,V-Varen Nagasaki,Vissel Kobe,,AH,HOME,1,2.75,35,1-2,oddsflow_beta,APIFOOTBALL,4,WON,7
2026-05-17,J1 League,V-Varen Nagasaki,Vissel Kobe,,AH,HOME,1,2.75,35,1-2,oddsflow_active_trader,APIFOOTBALL,4,WON,7
2026-05-17,J1 League,V-Varen Nagasaki,Vissel Kobe,,AH,HOME,1,2.75,35,1-2,oddsflow_handicap_sniper,APIFOOTBALL,4,WON,7
2026-05-17,J1 League,V-Varen Nagasaki,Vissel Kobe,,AH,HOME,1.5,1.8,36,1-2,oddsflow_beta,APIFOOTBALL,8,WON,6.4
2026-05-17,J1 League,V-Varen Nagasaki,Vissel Kobe,,AH,HOME,1.5,1.8,36,1-2,oddsflow_active_trader,APIFOOTBALL,8,WON,6.4
2026-05-17,J1 League,V-Varen Nagasaki,Vissel Kobe,,AH,HOME,1.5,1.8,36,1-2,oddsflow_handicap_sniper,APIFOOTBALL,8,WON,6.4
2026-05-17,J1 League,V-Varen Nagasaki,Vissel Kobe,,AH,HOME,0.5,2.05,45,1-2,oddsflow_active_trader,APIFOOTBALL,5,WON,5.25
2026-05-17,J1 League,V-Varen Nagasaki,Vissel Kobe,,AH,HOME,0.5,2.05,45,1-2,oddsflow_handicap_sniper,APIFOOTBALL,6,WON,6.3
2026-05-17,J1 League,V-Varen Nagasaki,Vissel Kobe,,AH,HOME,0.5,2.08,45,1-2,oddsflow_active_trader,NOVA88,50,WON,54
2026-05-17,J1 League,V-Varen Nagasaki,Vissel Kobe,,AH,HOME,0.5,2.08,45,1-2,oddsflow_handicap_sniper,NOVA88,50,WON,54
2026-05-17,J1 League,V-Varen Nagasaki,Vissel Kobe,,AH,HOME,0.5,2.05,45,1-2,oddsflow_beta,APIFOOTBALL,6,WON,6.3
2026-05-17,J1 League,V-Varen Nagasaki,Vissel Kobe,,AH,HOME,0.5,2.08,45,1-2,oddsflow_beta,NOVA88,50,WON,54
2026-05-17,J1 League,Fagiano Okayama,Shimizu S-Pulse,,AH,HOME,-0.25,2.14,0,0-0,oddsflow_prematch_edge,APIFOOTBALL,10,WON,11.4
2026-05-17,J1 League,Fagiano Okayama,Shimizu S-Pulse,,AH,HOME,-0.25,2.11,0,0-0,oddsflow_prematch_edge,NOVA88,18,WON,19.98
2026-05-17,J1 League,JEF United Chiba,Kashima Antlers,,AH,AWAY,1,2.2,10,0-0,oddsflow_core_strategy,APIFOOTBALL,4,WON,4.8
2026-05-17,J1 League,Fagiano Okayama,Shimizu S-Pulse,,AH,AWAY,-1,2,11,0-0,oddsflow_core_strategy,APIFOOTBALL,4,LOST,-4
2026-05-17,J1 League,Fagiano Okayama,Shimizu S-Pulse,,AH,AWAY,-1,1.925,35,1-0,oddsflow_active_trader,APIFOOTBALL,5,VOID,0
2026-05-17,J1 League,Fagiano Okayama,Shimizu S-Pulse,,AH,AWAY,-1,1.925,35,1-0,oddsflow_handicap_sniper,APIFOOTBALL,5,VOID,0
2026-05-17,J1 League,Fagiano Okayama,Shimizu S-Pulse,,AH,AWAY,-1.5,2.75,38,1-0,oddsflow_active_trader,APIFOOTBALL,4,WON,7
2026-05-17,J1 League,Fagiano Okayama,Shimizu S-Pulse,,AH,AWAY,-1.5,2.75,38,1-0,oddsflow_handicap_sniper,APIFOOTBALL,4,WON,7
2026-05-17,J1 League,Fagiano Okayama,Shimizu S-Pulse,,OU,UNDER,2.5,2,42,1-0,oddsflow_active_trader,APIFOOTBALL,4,WON,4
2026-05-17,J1 League,Fagiano Okayama,Shimizu S-Pulse,,OU,UNDER,2.5,2,43,1-0,oddsflow_handicap_sniper,APIFOOTBALL,4,WON,4
2026-05-17,J1 League,Kyoto Sanga,Sanfrecce Hiroshima,,OU,UNDER,2.75,1.86,0,0-0,oddsflow_prematch_edge,APIFOOTBALL,10,LOST,-10
2026-05-17,J1 League,Kyoto Sanga,Sanfrecce Hiroshima,,AH,AWAY,1,2.75,10,0-0,oddsflow_core_strategy,APIFOOTBALL,4,WON,7
2026-05-17,J1 League,Kyoto Sanga,Sanfrecce Hiroshima,,AH,AWAY,0.5,2,10,0-0,oddsflow_core_strategy,APIFOOTBALL,4,WON,4
2026-05-17,J1 League,Kyoto Sanga,Sanfrecce Hiroshima,,AH,AWAY,0.5,2.06,10,0-0,oddsflow_core_strategy,NOVA88,19,WON,20.14
2026-05-17,J1 League,JEF United Chiba,Kashima Antlers,,AH,HOME,1,2.6,51,0-1,oddsflow_core_strategy,APIFOOTBALL,4,VOID,0
2026-05-17,J1 League,JEF United Chiba,Kashima Antlers,,AH,HOME,1,2.675,52,0-1,oddsflow_handicap_sniper,APIFOOTBALL,4,VOID,0
2026-05-17,J1 League,JEF United Chiba,Kashima Antlers,,AH,HOME,1,2.675,52,0-1,oddsflow_active_trader,APIFOOTBALL,4,VOID,0
2026-05-17,J1 League,JEF United Chiba,Kashima Antlers,,OU,UNDER,2.5,1.571,52,0-1,oddsflow_handicap_sniper,APIFOOTBALL,4,WON,2.28
2026-05-17,J1 League,JEF United Chiba,Kashima Antlers,,OU,UNDER,2.5,1.571,52,0-1,oddsflow_active_trader,APIFOOTBALL,4,WON,2.28
2026-05-17,J1 League,JEF United Chiba,Kashima Antlers,,OU,UNDER,2.25,1.82,52,0-1,oddsflow_handicap_sniper,NOVA88,50,HALF_WON,20.5
2026-05-17,J1 League,JEF United Chiba,Kashima Antlers,,OU,UNDER,2.25,1.82,52,0-1,oddsflow_active_trader,NOVA88,50,HALF_WON,20.5
2026-05-17,J1 League,Cerezo Osaka,Nagoya Grampus,,AH,AWAY,-1,1.7,15,1-0,oddsflow_core_strategy,APIFOOTBALL,9,LOST,-9
2026-05-17,J1 League,JEF United Chiba,Kashima Antlers,,AH,HOME,1.5,1.85,62,0-1,oddsflow_active_trader,APIFOOTBALL,6,WON,5.1
2026-05-17,J1 League,Kyoto Sanga,Sanfrecce Hiroshima,,AH,HOME,1,2.5,35,0-1,oddsflow_beta,APIFOOTBALL,4,LOST,-4
2026-05-17,J1 League,Kyoto Sanga,Sanfrecce Hiroshima,,OU,UNDER,2.5,2.1,35,0-1,oddsflow_beta,APIFOOTBALL,4,LOST,-4
2026-05-17,J1 League,Kyoto Sanga,Sanfrecce Hiroshima,,AH,HOME,1.5,1.7,35,0-1,oddsflow_beta,APIFOOTBALL,5,LOST,-5
2026-05-17,J1 League,Kyoto Sanga,Sanfrecce Hiroshima,,OU,UNDER,2.5,2.07,41,0-1,oddsflow_handicap_sniper,APIFOOTBALL,4,LOST,-4
2026-05-17,J1 League,Kyoto Sanga,Sanfrecce Hiroshima,,OU,UNDER,2.5,2.07,41,0-1,oddsflow_active_trader,APIFOOTBALL,4,LOST,-4
2026-05-17,J1 League,Kyoto Sanga,Sanfrecce Hiroshima,,OU,UNDER,2.5,2.07,41,0-1,oddsflow_handicap_sniper,NOVA88,49,LOST,-49
2026-05-17,J1 League,Kyoto Sanga,Sanfrecce Hiroshima,,OU,UNDER,2.5,2.07,41,0-1,oddsflow_active_trader,NOVA88,48,LOST,-48
2026-05-17,J1 League,Kyoto Sanga,Sanfrecce Hiroshima,,AH,HOME,1.5,1.7,42,0-1,oddsflow_core_strategy,APIFOOTBALL,7,LOST,-7
2026-05-17,J1 League,Kyoto Sanga,Sanfrecce Hiroshima,,AH,HOME,0.5,1.825,50,0-1,oddsflow_active_trader,APIFOOTBALL,4,LOST,-4
2026-05-17,J1 League,Cerezo Osaka,Nagoya Grampus,,AH,AWAY,-1.5,2.35,49,3-1,oddsflow_active_trader,APIFOOTBALL,6,LOST,-6
2026-05-17,J1 League,Cerezo Osaka,Nagoya Grampus,,OU,UNDER,5.5,2.2,49,3-1,oddsflow_active_trader,APIFOOTBALL,4,LOST,-4
2026-05-17,J1 League,Kyoto Sanga,Sanfrecce Hiroshima,,AH,HOME,0.5,1.825,50,0-1,oddsflow_handicap_sniper,APIFOOTBALL,4,LOST,-4
2026-05-17,J1 League,Cerezo Osaka,Nagoya Grampus,,AH,AWAY,-1.5,2.35,49,3-1,oddsflow_handicap_sniper,APIFOOTBALL,6,LOST,-6
2026-05-17,J1 League,Cerezo Osaka,Nagoya Grampus,,OU,UNDER,5.5,2.2,49,3-1,oddsflow_handicap_sniper,APIFOOTBALL,4,LOST,-4
2026-05-17,J1 League,Kyoto Sanga,Sanfrecce Hiroshima,,AH,HOME,1.5,1.7,50,0-1,oddsflow_active_trader,APIFOOTBALL,6,LOST,-6
2026-05-17,J1 League,Kyoto Sanga,Sanfrecce Hiroshima,,AH,HOME,1.5,1.7,50,0-1,oddsflow_handicap_sniper,APIFOOTBALL,6,LOST,-6
2026-05-17,J1 League,Kyoto Sanga,Sanfrecce Hiroshima,,AH,HOME,1,2.6,47,0-1,oddsflow_handicap_sniper,APIFOOTBALL,4,LOST,-4
2026-05-17,J1 League,Kyoto Sanga,Sanfrecce Hiroshima,,AH,HOME,1,2.6,47,0-1,oddsflow_active_trader,APIFOOTBALL,4,LOST,-4
2026-05-17,J1 League,Kyoto Sanga,Sanfrecce Hiroshima,,AH,HOME,1,2.6,47,0-1,oddsflow_core_strategy,APIFOOTBALL,4,LOST,-4
2026-05-17,J1 League,Kyoto Sanga,Sanfrecce Hiroshima,,OU,UNDER,3.5,1.666,50,0-2,oddsflow_beta,APIFOOTBALL,5,LOST,-5
2026-05-17,J1 League,Kyoto Sanga,Sanfrecce Hiroshima,,OU,UNDER,3.25,2.02,50,0-2,oddsflow_beta,NOVA88,50,LOST,-50
2026-05-17,J1 League,Kyoto Sanga,Sanfrecce Hiroshima,,OU,UNDER,3.5,1.666,51,0-2,oddsflow_active_trader,APIFOOTBALL,5,LOST,-5
2026-05-17,J1 League,Kyoto Sanga,Sanfrecce Hiroshima,,OU,UNDER,3.5,1.666,51,0-2,oddsflow_handicap_sniper,APIFOOTBALL,5,LOST,-5
2026-05-17,K League 1,Jeju United FC,FC Anyang,,1X2,HOME,0,2.63,0,0-0,oddsflow_prematch_edge,APIFOOTBALL,10,LOST,-10
2026-05-17,K League 1,Jeju United FC,FC Anyang,,1X2,HOME,0,2.43,0,0-0,oddsflow_prematch_edge,NOVA88,15,LOST,-15
2026-05-17,K League 1,Jeonbuk Motors,Gimcheon Sangmu FC,,OU,OVER,2.5,1.92,0,0-0,oddsflow_prematch_edge,APIFOOTBALL,10,LOST,-10
2026-05-17,K League 1,Jeju United FC,FC Anyang,,AH,AWAY,0,2.2,10,0-0,oddsflow_core_strategy,APIFOOTBALL,200,WON,240
2026-05-17,K League 1,Jeonbuk Motors,Gimcheon Sangmu FC,,AH,HOME,-0.5,1.8,10,0-0,oddsflow_core_strategy,APIFOOTBALL,200,WON,160
2026-05-17,K League 1,Jeonbuk Motors,Gimcheon Sangmu FC,,AH,HOME,-0.5,1.9,10,0-0,oddsflow_core_strategy,NOVA88,50,WON,45
2026-05-17,K League 1,Bucheon FC 1995,Pohang Steelers,,OU,UNDER,2,2,0,0-0,oddsflow_prematch_edge,APIFOOTBALL,10,VOID,0
2026-05-17,K League 1,Gangwon FC,Ulsan Hyundai FC,,OU,UNDER,2.25,1.98,0,0-0,oddsflow_prematch_edge,APIFOOTBALL,10,HALF_WON,4.9
2026-05-17,Serie A,Genoa,AC Milan,,AH,HOME,0.75,1.89,0,0-0,oddsflow_prematch_edge,APIFOOTBALL,10,HALF_LOST,-5
2026-05-17,Serie A,Genoa,AC Milan,,AH,HOME,0.75,1.92,0,0-0,oddsflow_prematch_edge,NOVA88,22,HALF_LOST,-11
2026-05-17,Serie A,Como,Parma,,OU,UNDER,2.75,2.01,0,0-0,oddsflow_prematch_edge,APIFOOTBALL,10,WON,10.1
2026-05-17,Serie A,Juventus,Fiorentina,,AH,AWAY,-1,2.3,10,0-0,oddsflow_core_strategy,APIFOOTBALL,100,WON,130
2026-05-17,Serie A,Genoa,AC Milan,,AH,HOME,0.5,2.075,10,0-0,oddsflow_core_strategy,APIFOOTBALL,100,LOST,-100
2026-05-17,Serie A,Pisa,Napoli,,AH,AWAY,1,1.75,10,0-0,oddsflow_core_strategy,APIFOOTBALL,100,WON,75
2026-05-17,Serie A,Pisa,Napoli,,AH,AWAY,1,1.8,10,0-0,oddsflow_core_strategy,HGA,53,WON,42.4
2026-05-17,Serie A,AS Roma,Lazio,,AH,AWAY,-1,1.875,12,0-0,oddsflow_core_strategy,APIFOOTBALL,100,LOST,-100
2026-05-17,Serie A,AS Roma,Lazio,,AH,AWAY,-1,1.88,12,0-0,oddsflow_core_strategy,NOVA88,32,LOST,-32
2026-05-17,Serie A,AS Roma,Lazio,,AH,AWAY,-1,1.9,12,0-0,oddsflow_core_strategy,HGA,66,LOST,-66
2026-05-17,Serie A,Juventus,Fiorentina,,AH,HOME,-0.5,2.2,34,0-0,oddsflow_core_strategy,APIFOOTBALL,100,LOST,-100
2026-05-17,J1 League,Kawasaki Frontale,Machida Zelvia,,OU,UNDER,1.5,2,35,0-0,oddsflow_beta,APIFOOTBALL,4,LOST,-4
2026-05-17,J1 League,Kawasaki Frontale,Machida Zelvia,,OU,UNDER,1.75,1.81,35,0-0,oddsflow_beta,NOVA88,50,HALF_LOST,-25
2026-05-17,J1 League,Kawasaki Frontale,Machida Zelvia,,OU,UNDER,1.75,1.81,35,0-0,oddsflow_beta,HGA,100,HALF_LOST,-50
2026-05-17,Serie A,Juventus,Fiorentina,,AH,HOME,-0.5,2.15,35,0-1,oddsflow_handicap_sniper,APIFOOTBALL,100,LOST,-100
2026-05-17,Serie A,Juventus,Fiorentina,,OU,UNDER,3.5,1.615,35,0-1,oddsflow_handicap_sniper,APIFOOTBALL,127,WON,78.11
2026-05-17,Serie A,Juventus,Fiorentina,,OU,UNDER,3.25,1.8,35,0-1,oddsflow_handicap_sniper,NOVA88,50,WON,40
2026-05-17,Serie A,Juventus,Fiorentina,,AH,HOME,-0.5,2.15,35,0-1,oddsflow_active_trader,APIFOOTBALL,100,LOST,-100
2026-05-17,Serie A,Juventus,Fiorentina,,OU,UNDER,3,2.16,35,0-1,oddsflow_handicap_sniper,HGA,100,WON,116
2026-05-17,Serie A,Juventus,Fiorentina,,OU,UNDER,3.5,1.615,35,0-1,oddsflow_active_trader,APIFOOTBALL,133,WON,81.8
2026-05-17,Serie A,Juventus,Fiorentina,,OU,UNDER,3.25,1.8,35,0-1,oddsflow_active_trader,NOVA88,50,WON,40
2026-05-17,Serie A,Juventus,Fiorentina,,OU,UNDER,3,2.16,35,0-1,oddsflow_active_trader,HGA,100,WON,116
2026-05-17,J1 League,Kawasaki Frontale,Machida Zelvia,,OU,UNDER,1.5,2.06,35,0-0,oddsflow_handicap_sniper,APIFOOTBALL,4,LOST,-4
2026-05-17,J1 League,Kawasaki Frontale,Machida Zelvia,,OU,UNDER,1.5,2.06,35,0-0,oddsflow_handicap_sniper,NOVA88,50,LOST,-50
2026-05-17,J1 League,Kawasaki Frontale,Machida Zelvia,,OU,UNDER,1.5,2.05,35,0-0,oddsflow_handicap_sniper,HGA,100,LOST,-100
2026-05-17,J1 League,Kawasaki Frontale,Machida Zelvia,,OU,UNDER,1.5,2.06,35,0-0,oddsflow_active_trader,APIFOOTBALL,4,LOST,-4
2026-05-17,J1 League,Kawasaki Frontale,Machida Zelvia,,OU,UNDER,1.5,2.06,35,0-0,oddsflow_active_trader,NOVA88,50,LOST,-50
2026-05-17,J1 League,Kawasaki Frontale,Machida Zelvia,,OU,UNDER,1.5,2.05,35,0-0,oddsflow_active_trader,HGA,100,LOST,-100
2026-05-17,Serie A,AS Roma,Lazio,,OU,UNDER,2.5,1.5,37,0-0,oddsflow_handicap_sniper,APIFOOTBALL,103,WON,51.5
2026-05-17,Serie A,AS Roma,Lazio,,OU,UNDER,1.5,2.01,37,0-0,oddsflow_handicap_sniper,NOVA88,50,LOST,-50
2026-05-17,Serie A,AS Roma,Lazio,,OU,UNDER,2.5,1.5,37,0-0,oddsflow_active_trader,APIFOOTBALL,105,WON,52.5
2026-05-17,Serie A,AS Roma,Lazio,,OU,UNDER,1.5,2,37,0-0,oddsflow_handicap_sniper,HGA,100,LOST,-100
2026-05-17,Serie A,AS Roma,Lazio,,OU,UNDER,1.5,2.01,37,0-0,oddsflow_active_trader,NOVA88,50,LOST,-50
2026-05-17,Serie A,AS Roma,Lazio,,OU,UNDER,1.5,2,37,0-0,oddsflow_active_trader,HGA,100,LOST,-100
2026-05-17,Serie A,AS Roma,Lazio,,AH,AWAY,-1,1.7,37,0-0,oddsflow_handicap_sniper,APIFOOTBALL,104,LOST,-104
2026-05-17,Serie A,AS Roma,Lazio,,AH,AWAY,-1,1.7,37,0-0,oddsflow_active_trader,APIFOOTBALL,101,LOST,-101
2026-05-17,J1 League,Kawasaki Frontale,Machida Zelvia,,AH,HOME,0.5,2.5,39,0-0,oddsflow_beta,APIFOOTBALL,4,WON,6
2026-05-17,J1 League,Kawasaki Frontale,Machida Zelvia,,AH,HOME,0.5,2.5,39,0-0,oddsflow_core_strategy,APIFOOTBALL,4,WON,6
2026-05-17,J1 League,Kawasaki Frontale,Machida Zelvia,,OU,UNDER,2.5,1.727,44,0-1,oddsflow_beta,APIFOOTBALL,5,WON,3.64
2026-05-17,Serie A,Juventus,Fiorentina,,OU,UNDER,2.5,2.5,45,0-1,oddsflow_active_trader,APIFOOTBALL,100,WON,150
2026-05-17,Serie A,Juventus,Fiorentina,,OU,UNDER,2.5,2.5,45,0-1,oddsflow_handicap_sniper,APIFOOTBALL,100,WON,150
2026-05-17,Serie A,Genoa,AC Milan,,1X2,DRAW,0,2.5,46,0-0,oddsflow_handicap_sniper,APIFOOTBALL,100,LOST,-100
2026-05-17,Serie A,Genoa,AC Milan,,1X2,DRAW,0,2.46,46,0-0,oddsflow_handicap_sniper,NOVA88,15,LOST,-15
2026-05-17,Serie A,Genoa,AC Milan,,1X2,DRAW,0,2.48,46,0-0,oddsflow_handicap_sniper,HGA,50,LOST,-50
2026-05-17,J1 League,Kawasaki Frontale,Machida Zelvia,,OU,UNDER,2.5,1.78,48,0-1,oddsflow_handicap_sniper,APIFOOTBALL,6,WON,4.68
2026-05-17,J1 League,Kawasaki Frontale,Machida Zelvia,,OU,UNDER,2.5,1.78,49,0-1,oddsflow_active_trader,APIFOOTBALL,6,WON,4.68
2026-05-17,Serie A,Genoa,AC Milan,,AH,HOME,0.5,1.7,46,0-0,oddsflow_active_trader,APIFOOTBALL,100,LOST,-100
2026-05-17,Serie A,Genoa,AC Milan,,AH,HOME,0.5,1.7,46,0-0,oddsflow_handicap_sniper,APIFOOTBALL,100,LOST,-100
2026-05-17,Serie A,Genoa,AC Milan,,OU,UNDER,1.5,1.571,46,0-0,oddsflow_active_trader,APIFOOTBALL,100,LOST,-100
2026-05-17,Serie A,Genoa,AC Milan,,OU,UNDER,1.5,1.533,49,0-0,oddsflow_handicap_sniper,APIFOOTBALL,100,LOST,-100
2026-05-17,Serie A,Genoa,AC Milan,,AH,HOME,1,2.6,51,0-1,oddsflow_active_trader,APIFOOTBALL,100,WON,160
2026-05-17,Serie A,Genoa,AC Milan,,OU,UNDER,2.5,1.5,51,0-1,oddsflow_active_trader,APIFOOTBALL,100,LOST,-100
2026-05-17,Serie A,Genoa,AC Milan,,OU,UNDER,2,2.05,51,0-1,oddsflow_active_trader,NOVA88,50,LOST,-50
2026-05-17,Serie A,Genoa,AC Milan,,OU,UNDER,2,1.99,51,0-1,oddsflow_active_trader,HGA,100,LOST,-100
2026-05-17,Serie A,Genoa,AC Milan,,AH,HOME,1,2.6,51,0-1,oddsflow_handicap_sniper,APIFOOTBALL,100,WON,160
2026-05-17,Serie A,Genoa,AC Milan,,OU,UNDER,2.5,1.5,51,0-1,oddsflow_handicap_sniper,APIFOOTBALL,100,LOST,-100
2026-05-17,Serie A,Genoa,AC Milan,,OU,UNDER,2,2.05,51,0-1,oddsflow_handicap_sniper,NOVA88,50,LOST,-50
2026-05-17,Serie A,Genoa,AC Milan,,OU,UNDER,2,1.99,51,0-1,oddsflow_handicap_sniper,HGA,100,LOST,-100
2026-05-17,Serie A,Juventus,Fiorentina,,AH,HOME,-0.5,2.375,51,0-1,oddsflow_beta,APIFOOTBALL,100,LOST,-100
2026-05-17,Serie A,Juventus,Fiorentina,,OU,UNDER,2.5,2.2,51,0-1,oddsflow_beta,APIFOOTBALL,100,WON,120
2026-05-17,Premier League,Manchester United,Nottingham Forest,,OU,UNDER,3,2.01,0,0-0,oddsflow_prematch_edge,APIFOOTBALL,10,LOST,-10
2026-05-17,Serie A,Juventus,Fiorentina,,1X2,AWAY,0,2.5,65,0-1,oddsflow_beta,APIFOOTBALL,100,WON,150
2026-05-17,Serie A,Juventus,Fiorentina,,1X2,AWAY,0,2.53,65,0-1,oddsflow_beta,NOVA88,50,WON,76.5
2026-05-17,Serie A,Juventus,Fiorentina,,1X2,AWAY,0,2.58,65,0-1,oddsflow_beta,HGA,100,WON,158
2026-05-17,Serie A,Juventus,Fiorentina,,1X2,AWAY,0,2.44,66,0-1,oddsflow_handicap_sniper,APIFOOTBALL,100,WON,144
2026-05-17,Serie A,Juventus,Fiorentina,,1X2,AWAY,0,2.44,66,0-1,oddsflow_handicap_sniper,NOVA88,50,WON,72
2026-05-17,Serie A,Juventus,Fiorentina,,1X2,AWAY,0,2.46,66,0-1,oddsflow_handicap_sniper,HGA,100,WON,146
2026-05-17,Serie A,Juventus,Fiorentina,,1X2,AWAY,0,2.44,66,0-1,oddsflow_active_trader,APIFOOTBALL,100,WON,144
2026-05-17,Serie A,Juventus,Fiorentina,,1X2,AWAY,0,2.44,66,0-1,oddsflow_active_trader,NOVA88,33,WON,47.52
2026-05-17,Serie A,Juventus,Fiorentina,,1X2,AWAY,0,2.46,66,0-1,oddsflow_active_trader,HGA,67,WON,97.82
2026-05-17,Serie A,Genoa,AC Milan,,OU,OVER,1.5,2,70,0-1,oddsflow_core_strategy,APIFOOTBALL,500,WON,500
2026-05-17,Serie A,Juventus,Fiorentina,,1X2,DRAW,0,2.57,70,1-1,oddsflow_handicap_sniper,APIFOOTBALL,100,LOST,-100
2026-05-17,Serie A,Juventus,Fiorentina,,1X2,DRAW,0,2.57,70,1-1,oddsflow_handicap_sniper,NOVA88,44,LOST,-44
2026-05-17,Serie A,Juventus,Fiorentina,,1X2,DRAW,0,2.57,70,1-1,oddsflow_active_trader,APIFOOTBALL,100,LOST,-100
2026-05-17,Serie A,Juventus,Fiorentina,,1X2,DRAW,0,2.57,70,1-1,oddsflow_active_trader,NOVA88,22,LOST,-22
2026-05-17,Serie A,Juventus,Fiorentina,,AH,AWAY,-0.5,2.11,71,1-1,oddsflow_handicap_sniper,APIFOOTBALL,100,WON,111
2026-05-17,Serie A,Juventus,Fiorentina,,AH,AWAY,-0.5,2.11,71,1-1,oddsflow_handicap_sniper,NOVA88,50,WON,55.5
2026-05-17,Serie A,Juventus,Fiorentina,,AH,AWAY,-0.5,2,71,1-1,oddsflow_handicap_sniper,HGA,100,WON,100
2026-05-17,Serie A,Juventus,Fiorentina,,AH,AWAY,-0.5,2.11,71,1-1,oddsflow_active_trader,APIFOOTBALL,100,WON,111
2026-05-17,Serie A,Juventus,Fiorentina,,AH,AWAY,-0.5,2.06,71,1-1,oddsflow_active_trader,NOVA88,50,WON,53
2026-05-17,Serie A,Juventus,Fiorentina,,AH,AWAY,-0.5,2,71,1-1,oddsflow_active_trader,HGA,100,WON,100
2026-05-17,Serie A,Juventus,Fiorentina,,AH,AWAY,-0.5,1.95,71,1-1,oddsflow_beta,APIFOOTBALL,100,WON,95
2026-05-17,Serie A,Juventus,Fiorentina,,1X2,DRAW,0,2.375,71,1-1,oddsflow_beta,APIFOOTBALL,100,LOST,-100
2026-05-17,Serie A,Juventus,Fiorentina,,AH,AWAY,-0.5,2,71,1-1,oddsflow_beta,NOVA88,50,WON,50
2026-05-17,Serie A,Juventus,Fiorentina,,1X2,DRAW,0,2.33,71,1-1,oddsflow_beta,NOVA88,38,LOST,-38
2026-05-17,Serie A,Juventus,Fiorentina,,AH,AWAY,-0.5,2,71,1-1,oddsflow_beta,HGA,100,WON,100
2026-05-17,Serie A,Juventus,Fiorentina,,1X2,DRAW,0,2.48,71,1-1,oddsflow_beta,HGA,87,LOST,-87
2026-05-17,Serie A,Juventus,Fiorentina,,AH,HOME,0.5,1.775,73,1-1,oddsflow_beta,APIFOOTBALL,100,LOST,-100
2026-05-17,Indian Super League,SC Delhi,Inter Kashi,,AH,AWAY,0.5,2.675,10,0-0,oddsflow_core_strategy,APIFOOTBALL,4,LOST,-4
2026-05-17,Serie A,Genoa,AC Milan,,AH,HOME,1,2.2,78,0-1,oddsflow_core_strategy,APIFOOTBALL,80.5,WON,96.6
2026-05-17,Premier League,Manchester United,Nottingham Forest,,AH,AWAY,-1.5,2.05,10,1-0,oddsflow_core_strategy,APIFOOTBALL,132,WON,138.6
2026-05-17,Premier League,Manchester United,Nottingham Forest,,AH,AWAY,-1,2.675,35,1-0,oddsflow_handicap_sniper,APIFOOTBALL,119,WON,199.33
2026-05-17,Premier League,Manchester United,Nottingham Forest,,OU,UNDER,3.5,1.533,35,1-0,oddsflow_handicap_sniper,APIFOOTBALL,125,LOST,-125
2026-05-17,Premier League,Manchester United,Nottingham Forest,,AH,AWAY,-1,2.675,35,1-0,oddsflow_active_trader,APIFOOTBALL,119,WON,199.33
2026-05-17,Premier League,Manchester United,Nottingham Forest,,OU,UNDER,3,1.95,35,1-0,oddsflow_handicap_sniper,NOVA88,50,LOST,-50
2026-05-17,Premier League,Manchester United,Nottingham Forest,,OU,UNDER,3.5,1.533,35,1-0,oddsflow_active_trader,APIFOOTBALL,114,LOST,-114
2026-05-17,Premier League,Manchester United,Nottingham Forest,,OU,UNDER,3,1.91,35,1-0,oddsflow_handicap_sniper,HGA,100,LOST,-100
2026-05-17,Premier League,Manchester United,Nottingham Forest,,OU,UNDER,3,1.95,35,1-0,oddsflow_active_trader,NOVA88,50,LOST,-50
2026-05-17,Premier League,Manchester United,Nottingham Forest,,OU,UNDER,3,1.91,35,1-0,oddsflow_active_trader,HGA,100,LOST,-100
2026-05-17,Premier League,Manchester United,Nottingham Forest,,OU,UNDER,2.5,2.5,37,1-0,oddsflow_handicap_sniper,APIFOOTBALL,100,LOST,-100
2026-05-17,Premier League,Manchester United,Nottingham Forest,,OU,UNDER,2.5,2.5,37,1-0,oddsflow_active_trader,APIFOOTBALL,100,LOST,-100
2026-05-17,Eredivisie,AZ Alkmaar,NAC Breda,,AH,AWAY,-1.5,1.93,0,0-0,oddsflow_prematch_edge,APIFOOTBALL,10,WON,9.3
2026-05-17,Eredivisie,AZ Alkmaar,NAC Breda,,AH,AWAY,-1.5,1.93,0,0-0,oddsflow_prematch_edge,NOVA88,15,WON,13.95
2026-05-17,Premier League,Manchester United,Nottingham Forest,,AH,AWAY,-0.5,1.8,55,1-1,oddsflow_active_trader,APIFOOTBALL,100,LOST,-100
2026-05-17,Premier League,Manchester United,Nottingham Forest,,1X2,DRAW,0,2.625,55,1-1,oddsflow_active_trader,APIFOOTBALL,100,LOST,-100
2026-05-17,Premier League,Manchester United,Nottingham Forest,,AH,AWAY,-0.5,1.87,55,1-1,oddsflow_active_trader,NOVA88,29,LOST,-29
2026-05-17,Premier League,Manchester United,Nottingham Forest,,1X2,DRAW,0,2.65,55,1-1,oddsflow_active_trader,HGA,50,LOST,-50
2026-05-17,Premier League,Manchester United,Nottingham Forest,,AH,AWAY,-0.5,1.81,55,1-1,oddsflow_active_trader,HGA,50,LOST,-50
2026-05-17,Premier League,Manchester United,Nottingham Forest,,AH,AWAY,-0.5,1.8,55,1-1,oddsflow_handicap_sniper,APIFOOTBALL,100,LOST,-100
2026-05-17,Premier League,Manchester United,Nottingham Forest,,1X2,DRAW,0,2.625,55,1-1,oddsflow_handicap_sniper,APIFOOTBALL,100,LOST,-100
2026-05-17,Premier League,Manchester United,Nottingham Forest,,AH,AWAY,-0.5,1.86,55,1-1,oddsflow_handicap_sniper,NOVA88,30,LOST,-30
2026-05-17,Premier League,Manchester United,Nottingham Forest,,AH,AWAY,-0.5,1.81,55,1-1,oddsflow_handicap_sniper,HGA,51,LOST,-51
2026-05-17,Premier League,Manchester United,Nottingham Forest,,1X2,DRAW,0,2.55,55,1-1,oddsflow_handicap_sniper,NOVA88,15,LOST,-15
2026-05-17,Premier League,Manchester United,Nottingham Forest,,1X2,DRAW,0,2.65,55,1-1,oddsflow_handicap_sniper,HGA,50,LOST,-50
2026-05-17,Premier League,Manchester United,Nottingham Forest,,AH,AWAY,-0.5,1.8,55,1-1,oddsflow_core_strategy,APIFOOTBALL,68,LOST,-68
2026-05-17,Premier League,Manchester United,Nottingham Forest,,AH,AWAY,-0.5,1.86,55,1-1,oddsflow_core_strategy,NOVA88,30,LOST,-30
2026-05-17,Premier League,Manchester United,Nottingham Forest,,AH,AWAY,-0.5,1.81,55,1-1,oddsflow_core_strategy,HGA,51,LOST,-51
2026-05-17,Premier League,Manchester United,Nottingham Forest,,OU,OVER,3.5,2.2,57,2-1,oddsflow_core_strategy,APIFOOTBALL,500,WON,600
2026-05-17,Premier League,Manchester United,Nottingham Forest,,OU,OVER,3.5,2.2,57,2-1,oddsflow_active_trader,APIFOOTBALL,100,WON,120
2026-05-17,Premier League,Manchester United,Nottingham Forest,,1X2,HOME,0,2.05,57,2-1,oddsflow_active_trader,APIFOOTBALL,100,WON,105
2026-05-17,Premier League,Manchester United,Nottingham Forest,,OU,OVER,3.5,2.2,57,2-1,oddsflow_handicap_sniper,APIFOOTBALL,100,WON,120
2026-05-17,Premier League,Manchester United,Nottingham Forest,,OU,OVER,4.25,2.05,57,2-1,oddsflow_active_trader,NOVA88,50,WON,52.5
2026-05-17,Premier League,Manchester United,Nottingham Forest,,1X2,HOME,0,2.05,57,2-1,oddsflow_handicap_sniper,APIFOOTBALL,100,WON,105
2026-05-17,Premier League,Manchester United,Nottingham Forest,,OU,OVER,4.25,2.01,57,2-1,oddsflow_active_trader,HGA,97,WON,97.97
2026-05-17,Premier League,Manchester United,Nottingham Forest,,OU,OVER,4.25,2.05,57,2-1,oddsflow_handicap_sniper,NOVA88,50,WON,52.5
2026-05-17,Premier League,Manchester United,Nottingham Forest,,OU,OVER,4.25,2.01,57,2-1,oddsflow_handicap_sniper,HGA,97,WON,97.97
2026-05-17,Premier League,Manchester United,Nottingham Forest,,OU,UNDER,4.5,1.571,60,2-1,oddsflow_active_trader,APIFOOTBALL,100,LOST,-100
2026-05-17,Premier League,Manchester United,Nottingham Forest,,OU,UNDER,4.5,1.571,60,2-1,oddsflow_handicap_sniper,APIFOOTBALL,100,LOST,-100
2026-05-17,Premier League,Manchester United,Nottingham Forest,,AH,AWAY,-1,2.75,71,2-1,oddsflow_beta,APIFOOTBALL,135,WON,236.25
2026-05-17,Premier League,Manchester United,Nottingham Forest,,OU,UNDER,4.5,2.1,76,2-1,oddsflow_beta,APIFOOTBALL,102,LOST,-102
2026-05-17,Premier League,Manchester United,Nottingham Forest,,OU,UNDER,4.5,2.12,76,2-1,oddsflow_beta,NOVA88,50,LOST,-50
2026-05-17,Eredivisie,AZ Alkmaar,NAC Breda,,AH,AWAY,-1.5,1.875,61,2-1,oddsflow_core_strategy,APIFOOTBALL,7,WON,6.13
2026-05-17,Eredivisie,AZ Alkmaar,NAC Breda,,AH,AWAY,-1.5,1.875,61,2-1,oddsflow_active_trader,APIFOOTBALL,7,WON,6.13
2026-05-17,Eredivisie,AZ Alkmaar,NAC Breda,,AH,AWAY,-1.5,1.875,61,2-1,oddsflow_handicap_sniper,APIFOOTBALL,7,WON,6.13
2026-05-17,Eredivisie,AZ Alkmaar,NAC Breda,,1X2,DRAW,0,2.2,73,2-2,oddsflow_active_trader,APIFOOTBALL,4,WON,4.8
2026-05-17,Eredivisie,AZ Alkmaar,NAC Breda,,1X2,DRAW,0,2.07,73,2-2,oddsflow_active_trader,NOVA88,15,WON,16.05
2026-05-17,Eredivisie,AZ Alkmaar,NAC Breda,,1X2,DRAW,0,2.2,73,2-2,oddsflow_handicap_sniper,APIFOOTBALL,4,WON,4.8
2026-05-17,Eredivisie,AZ Alkmaar,NAC Breda,,1X2,DRAW,0,2.12,73,2-2,oddsflow_active_trader,HGA,50,WON,56
2026-05-17,Eredivisie,AZ Alkmaar,NAC Breda,,1X2,DRAW,0,2.07,73,2-2,oddsflow_handicap_sniper,NOVA88,27,WON,28.89
2026-05-17,Eredivisie,AZ Alkmaar,NAC Breda,,1X2,DRAW,0,2.12,73,2-2,oddsflow_handicap_sniper,HGA,59,WON,66.08
2026-05-17,Eredivisie,PEC Zwolle,Feyenoord,,AH,AWAY,0.75,2.02,0,0-0,oddsflow_prematch_edge,APIFOOTBALL,10,WON,10.2
2026-05-17,Eredivisie,PEC Zwolle,Feyenoord,,AH,AWAY,0.75,1.99,0,0-0,oddsflow_prematch_edge,NOVA88,41,WON,40.59
2026-05-17,Eredivisie,Heerenveen,Ajax,,AH,HOME,0.25,2.04,0,0-0,oddsflow_prematch_edge,APIFOOTBALL,10,HALF_WON,5.2
2026-05-17,Eredivisie,Heerenveen,Ajax,,AH,HOME,0.25,2,0,0-0,oddsflow_prematch_edge,NOVA88,50,HALF_WON,25
2026-05-17,Eredivisie,Heracles,Groningen,,AH,AWAY,1,2.01,0,0-0,oddsflow_prematch_edge,APIFOOTBALL,10,VOID,0
2026-05-17,Eredivisie,NEC Nijmegen,Go Ahead Eagles,,AH,AWAY,-1.5,1.92,0,0-0,oddsflow_prematch_edge,APIFOOTBALL,10,WON,9.2
2026-05-17,Eredivisie,NEC Nijmegen,Go Ahead Eagles,,AH,AWAY,-1.5,1.82,0,0-0,oddsflow_prematch_edge,NOVA88,36,WON,29.52
2026-05-17,Eredivisie,PSV Eindhoven,FC Twente,,AH,AWAY,-0.25,1.85,0,0-0,oddsflow_prematch_edge,APIFOOTBALL,10,LOST,-10
2026-05-17,Eredivisie,PSV Eindhoven,FC Twente,,AH,AWAY,-0.25,1.92,0,0-0,oddsflow_prematch_edge,NOVA88,44,LOST,-44
2026-05-17,Eredivisie,Utrecht,Fortuna Sittard,,AH,AWAY,-1.25,1.88,0,0-0,oddsflow_prematch_edge,APIFOOTBALL,10,LOST,-10
2026-05-17,Eredivisie,Utrecht,Fortuna Sittard,,AH,AWAY,-1.25,1.83,0,0-0,oddsflow_prematch_edge,NOVA88,50,LOST,-50
2026-05-17,Eredivisie,PEC Zwolle,Feyenoord,,AH,AWAY,1,1.775,10,0-0,oddsflow_core_strategy,APIFOOTBALL,4,WON,3.1
2026-05-17,Eredivisie,PEC Zwolle,Feyenoord,,AH,AWAY,1,1.78,10,0-0,oddsflow_core_strategy,HGA,92,WON,71.76
2026-05-17,Eredivisie,Heracles,Groningen,,AH,HOME,1.5,1.95,10,0-1,oddsflow_core_strategy,APIFOOTBALL,4,WON,3.8
2026-05-17,Eredivisie,Sparta Rotterdam,Excelsior,,AH,AWAY,-0.5,1.85,12,0-0,oddsflow_core_strategy,APIFOOTBALL,8,WON,6.8
2026-05-17,Eredivisie,Heerenveen,Ajax,,AH,HOME,0.5,1.8,10,0-0,oddsflow_core_strategy,APIFOOTBALL,6,WON,4.8
2026-05-17,Eredivisie,Sparta Rotterdam,Excelsior,,AH,AWAY,-0.5,1.89,12,0-0,oddsflow_core_strategy,NOVA88,50,WON,44.5
2026-05-17,Eredivisie,Sparta Rotterdam,Excelsior,,AH,AWAY,-0.5,1.88,12,0-0,oddsflow_core_strategy,HGA,100,WON,88
2026-05-17,Eredivisie,PSV Eindhoven,FC Twente,,AH,AWAY,0.5,2.5,12,0-0,oddsflow_core_strategy,APIFOOTBALL,4,LOST,-4
2026-05-17,Eredivisie,Sparta Rotterdam,Excelsior,,AH,AWAY,0.5,2.025,15,0-1,oddsflow_core_strategy,APIFOOTBALL,4,LOST,-4
2026-05-17,Eredivisie,PSV Eindhoven,FC Twente,,AH,AWAY,-1,1.825,15,0-0,oddsflow_core_strategy,APIFOOTBALL,6,LOST,-6
2026-05-17,Eredivisie,Heracles,Groningen,,AH,AWAY,1,2.25,19,1-1,oddsflow_core_strategy,APIFOOTBALL,4,VOID,0
2026-05-17,Eredivisie,Sparta Rotterdam,Excelsior,,AH,AWAY,1,2.375,27,0-1,oddsflow_core_strategy,APIFOOTBALL,4,LOST,-4
2026-05-17,Serie A,Inter Milan,Hellas Verona,,OU,UNDER,3,1.99,0,0-0,oddsflow_prematch_edge,APIFOOTBALL,10,WON,9.9
2026-05-17,Eredivisie,FC Volendam,Telstar,,AH,AWAY,-0.5,2.425,35,1-0,oddsflow_active_trader,APIFOOTBALL,5,WON,7.12
2026-05-17,Eredivisie,FC Volendam,Telstar,,AH,AWAY,-0.5,2.425,35,1-0,oddsflow_handicap_sniper,APIFOOTBALL,5,WON,7.12
2026-05-17,Eredivisie,PEC Zwolle,Feyenoord,,AH,AWAY,1,2.05,35,0-0,oddsflow_active_trader,APIFOOTBALL,4,WON,4.2
2026-05-17,Eredivisie,PEC Zwolle,Feyenoord,,1X2,AWAY,0,1.6,35,0-0,oddsflow_active_trader,APIFOOTBALL,4,WON,2.4
2026-05-17,Eredivisie,PEC Zwolle,Feyenoord,,AH,AWAY,1,2.05,35,0-0,oddsflow_active_trader,NOVA88,37,WON,38.85
2026-05-17,Eredivisie,PEC Zwolle,Feyenoord,,AH,AWAY,1,2.05,35,0-0,oddsflow_handicap_sniper,APIFOOTBALL,4,WON,4.2
2026-05-17,Eredivisie,PEC Zwolle,Feyenoord,,1X2,AWAY,0,1.6,35,0-0,oddsflow_handicap_sniper,APIFOOTBALL,4,WON,2.4
2026-05-17,Eredivisie,PEC Zwolle,Feyenoord,,AH,AWAY,1,2.05,35,0-0,oddsflow_handicap_sniper,NOVA88,41,WON,43.05
2026-05-17,Eredivisie,Heracles,Groningen,,AH,AWAY,0.5,1.9,34,1-1,oddsflow_core_strategy,APIFOOTBALL,4,WON,3.6
2026-05-17,Eredivisie,Heracles,Groningen,,AH,AWAY,0.5,1.96,34,1-1,oddsflow_core_strategy,NOVA88,35,WON,33.6
2026-05-17,Eredivisie,Heracles,Groningen,,AH,AWAY,0.5,1.94,34,1-1,oddsflow_core_strategy,HGA,68,WON,63.92
2026-05-17,Eredivisie,Heerenveen,Ajax,,AH,HOME,0.5,1.7,35,0-0,oddsflow_active_trader,APIFOOTBALL,6,WON,4.2
2026-05-17,Eredivisie,Heerenveen,Ajax,,1X2,HOME,0,3,35,0-0,oddsflow_active_trader,APIFOOTBALL,4,LOST,-4
2026-05-17,Eredivisie,Heerenveen,Ajax,,1X2,HOME,0,2.71,35,0-0,oddsflow_active_trader,NOVA88,16,LOST,-16
2026-05-17,Eredivisie,Heerenveen,Ajax,,AH,HOME,0.5,1.7,35,0-0,oddsflow_handicap_sniper,APIFOOTBALL,6,WON,4.2
2026-05-17,Eredivisie,Heerenveen,Ajax,,1X2,HOME,0,2.87,35,0-0,oddsflow_active_trader,HGA,50,LOST,-50
2026-05-17,Eredivisie,Heerenveen,Ajax,,1X2,HOME,0,3,35,0-0,oddsflow_handicap_sniper,APIFOOTBALL,4,LOST,-4
2026-05-17,Eredivisie,Heerenveen,Ajax,,1X2,HOME,0,2.71,35,0-0,oddsflow_handicap_sniper,NOVA88,36,LOST,-36
2026-05-17,Eredivisie,Heerenveen,Ajax,,1X2,HOME,0,2.87,35,0-0,oddsflow_handicap_sniper,HGA,80,LOST,-80
2026-05-17,Eredivisie,PEC Zwolle,Feyenoord,,AH,AWAY,1,2,35,0-0,oddsflow_beta,APIFOOTBALL,4,WON,4
2026-05-17,Eredivisie,PEC Zwolle,Feyenoord,,AH,AWAY,1,2.08,35,0-0,oddsflow_beta,NOVA88,39,WON,42.12
2026-05-17,Eredivisie,Heracles,Groningen,,AH,AWAY,0.5,1.96,35,1-1,oddsflow_active_trader,APIFOOTBALL,4,WON,3.84
2026-05-17,Eredivisie,PSV Eindhoven,FC Twente,,1X2,AWAY,0,2.73,35,1-1,oddsflow_active_trader,APIFOOTBALL,4,LOST,-4
2026-05-17,Eredivisie,Heracles,Groningen,,1X2,AWAY,0,1.96,35,1-1,oddsflow_active_trader,APIFOOTBALL,4,WON,3.84
2026-05-17,Eredivisie,PSV Eindhoven,FC Twente,,1X2,DRAW,0,3.35,35,1-1,oddsflow_handicap_sniper,APIFOOTBALL,4,LOST,-4
2026-05-17,Eredivisie,Heracles,Groningen,,AH,AWAY,0.5,1.96,35,1-1,oddsflow_handicap_sniper,APIFOOTBALL,4,WON,3.84
2026-05-17,Eredivisie,Heracles,Groningen,,AH,AWAY,0.5,1.96,35,1-1,oddsflow_active_trader,NOVA88,38,WON,36.48
2026-05-17,Eredivisie,PSV Eindhoven,FC Twente,,1X2,AWAY,0,2.73,35,1-1,oddsflow_active_trader,NOVA88,15,LOST,-15
2026-05-17,Eredivisie,Heracles,Groningen,,1X2,AWAY,0,1.96,35,1-1,oddsflow_handicap_sniper,APIFOOTBALL,4,WON,3.84
2026-05-17,Eredivisie,Heracles,Groningen,,1X2,AWAY,0,1.96,35,1-1,oddsflow_active_trader,NOVA88,17,WON,16.32
2026-05-17,Eredivisie,Heracles,Groningen,,AH,AWAY,0.5,1.94,35,1-1,oddsflow_active_trader,HGA,73,WON,68.62
2026-05-17,Eredivisie,PSV Eindhoven,FC Twente,,1X2,DRAW,0,3.35,35,1-1,oddsflow_handicap_sniper,NOVA88,15,LOST,-15
2026-05-17,Eredivisie,Heracles,Groningen,,AH,AWAY,0.5,1.96,35,1-1,oddsflow_handicap_sniper,NOVA88,34,WON,32.64
2026-05-17,Eredivisie,PSV Eindhoven,FC Twente,,1X2,AWAY,0,2.67,35,1-1,oddsflow_active_trader,HGA,50,LOST,-50
2026-05-17,Eredivisie,Heracles,Groningen,,1X2,AWAY,0,1.94,35,1-1,oddsflow_active_trader,HGA,50,WON,47
2026-05-17,Eredivisie,PSV Eindhoven,FC Twente,,1X2,DRAW,0,3.55,35,1-1,oddsflow_handicap_sniper,HGA,50,LOST,-50
2026-05-17,Eredivisie,Heracles,Groningen,,1X2,AWAY,0,1.96,35,1-1,oddsflow_handicap_sniper,NOVA88,35,WON,33.6
2026-05-17,Eredivisie,Heracles,Groningen,,AH,AWAY,0.5,1.94,35,1-1,oddsflow_handicap_sniper,HGA,66,WON,62.04
2026-05-17,Eredivisie,Heracles,Groningen,,1X2,AWAY,0,1.94,35,1-1,oddsflow_handicap_sniper,HGA,67,WON,62.98
2026-05-17,Eredivisie,PSV Eindhoven,FC Twente,,AH,AWAY,0.5,2.675,35,1-1,oddsflow_beta,APIFOOTBALL,4,LOST,-4
2026-05-17,Eredivisie,PSV Eindhoven,FC Twente,,1X2,DRAW,0,3.5,35,1-1,oddsflow_beta,APIFOOTBALL,4,LOST,-4
2026-05-17,Eredivisie,PSV Eindhoven,FC Twente,,1X2,DRAW,0,3.35,35,1-1,oddsflow_beta,NOVA88,15,LOST,-15
2026-05-17,Eredivisie,PSV Eindhoven,FC Twente,,1X2,DRAW,0,3.5,35,1-1,oddsflow_beta,HGA,50,LOST,-50
2026-05-17,Eredivisie,PEC Zwolle,Feyenoord,,1X2,AWAY,0,1.615,37,0-0,oddsflow_beta,APIFOOTBALL,4,WON,2.46
2026-05-17,Eredivisie,Sparta Rotterdam,Excelsior,,OU,OVER,2.75,1.87,43,0-1,oddsflow_active_trader,APIFOOTBALL,4,WON,3.48
2026-05-17,Eredivisie,Sparta Rotterdam,Excelsior,,1X2,AWAY,0,1.7,43,0-1,oddsflow_active_trader,APIFOOTBALL,6,WON,4.2
2026-05-17,Eredivisie,Sparta Rotterdam,Excelsior,,1X2,AWAY,0,1.7,43,0-1,oddsflow_active_trader,NOVA88,50,WON,35
2026-05-17,Eredivisie,Sparta Rotterdam,Excelsior,,1X2,AWAY,0,1.63,43,0-1,oddsflow_active_trader,HGA,100,WON,63
2026-05-17,Eredivisie,Sparta Rotterdam,Excelsior,,OU,OVER,2.75,1.87,43,0-1,oddsflow_handicap_sniper,APIFOOTBALL,4,WON,3.48
2026-05-17,Eredivisie,Sparta Rotterdam,Excelsior,,1X2,AWAY,0,1.7,43,0-1,oddsflow_handicap_sniper,APIFOOTBALL,9,WON,6.3
2026-05-17,Eredivisie,Sparta Rotterdam,Excelsior,,1X2,AWAY,0,1.7,43,0-1,oddsflow_handicap_sniper,NOVA88,50,WON,35
2026-05-17,Eredivisie,Sparta Rotterdam,Excelsior,,1X2,AWAY,0,1.63,43,0-1,oddsflow_handicap_sniper,HGA,100,WON,63
2026-05-17,Eredivisie,FC Volendam,Telstar,,AH,AWAY,0.5,2.75,44,1-0,oddsflow_core_strategy,APIFOOTBALL,4,WON,7
2026-05-17,Eredivisie,FC Volendam,Telstar,,1X2,DRAW,0,4,45,1-1,oddsflow_active_trader,APIFOOTBALL,4,LOST,-4
2026-05-17,Eredivisie,FC Volendam,Telstar,,1X2,DRAW,0,4,45,1-1,oddsflow_handicap_sniper,APIFOOTBALL,4,LOST,-4
2026-05-17,Eredivisie,FC Volendam,Telstar,,1X2,DRAW,0,2.54,45,1-1,oddsflow_handicap_sniper,NOVA88,15,LOST,-15
2026-05-17,Eredivisie,FC Volendam,Telstar,,1X2,AWAY,0,5,45,1-1,oddsflow_handicap_sniper,APIFOOTBALL,4,WON,16
2026-05-17,Eredivisie,FC Volendam,Telstar,,1X2,AWAY,0,2.88,45,1-1,oddsflow_handicap_sniper,NOVA88,17,WON,31.96
2026-05-17,Eredivisie,FC Volendam,Telstar,,1X2,AWAY,0,2.7,45,1-1,oddsflow_handicap_sniper,HGA,50,WON,85
2026-05-17,Eredivisie,FC Volendam,Telstar,,1X2,AWAY,0,5,45,1-1,oddsflow_active_trader,APIFOOTBALL,4,WON,16
2026-05-17,Eredivisie,PSV Eindhoven,FC Twente,,AH,AWAY,-1,1.825,45,2-1,oddsflow_beta,APIFOOTBALL,5,LOST,-5
2026-05-17,Eredivisie,FC Volendam,Telstar,,AH,AWAY,-1,1.7,48,1-1,oddsflow_active_trader,APIFOOTBALL,7,WON,4.9
2026-05-17,Eredivisie,FC Volendam,Telstar,,AH,AWAY,-1,1.7,48,1-1,oddsflow_handicap_sniper,APIFOOTBALL,7,WON,4.9
2026-05-17,Eredivisie,FC Volendam,Telstar,,OU,OVER,2.5,1.727,48,1-1,oddsflow_active_trader,APIFOOTBALL,4,WON,2.91
2026-05-17,Eredivisie,FC Volendam,Telstar,,OU,OVER,3.5,2.05,48,1-1,oddsflow_active_trader,NOVA88,50,LOST,-50
2026-05-17,Eredivisie,FC Volendam,Telstar,,OU,OVER,3.5,2.05,48,1-1,oddsflow_active_trader,HGA,99,LOST,-99
2026-05-17,Eredivisie,FC Volendam,Telstar,,OU,OVER,2.5,1.727,48,1-1,oddsflow_handicap_sniper,APIFOOTBALL,4,WON,2.91
2026-05-17,Eredivisie,FC Volendam,Telstar,,OU,OVER,3.5,2.05,48,1-1,oddsflow_handicap_sniper,NOVA88,50,LOST,-50
2026-05-17,Eredivisie,FC Volendam,Telstar,,OU,OVER,3.5,2.05,48,1-1,oddsflow_handicap_sniper,HGA,99,LOST,-99
2026-05-17,Eredivisie,FC Volendam,Telstar,,AH,AWAY,0.5,2.75,48,1-1,oddsflow_active_trader,APIFOOTBALL,4,WON,7
2026-05-17,Eredivisie,FC Volendam,Telstar,,AH,AWAY,0.5,2.75,48,1-1,oddsflow_handicap_sniper,APIFOOTBALL,4,WON,7
2026-05-17,Eredivisie,PSV Eindhoven,FC Twente,,AH,AWAY,-0.5,2.3,46,2-1,oddsflow_beta,APIFOOTBALL,4,LOST,-4
2026-05-17,Eredivisie,Sparta Rotterdam,Excelsior,,OU,OVER,2.5,1.83,46,0-1,oddsflow_handicap_sniper,APIFOOTBALL,4,WON,3.32
2026-05-17,Eredivisie,Sparta Rotterdam,Excelsior,,OU,OVER,2.5,1.83,46,0-1,oddsflow_active_trader,APIFOOTBALL,4,WON,3.32
2026-05-17,Eredivisie,PSV Eindhoven,FC Twente,,AH,AWAY,-0.5,2.3,46,2-1,oddsflow_core_strategy,APIFOOTBALL,4,LOST,-4
2026-05-17,Eredivisie,Sparta Rotterdam,Excelsior,,OU,OVER,3.5,1.99,51,0-2,oddsflow_active_trader,APIFOOTBALL,4,WON,3.96
2026-05-17,Eredivisie,Sparta Rotterdam,Excelsior,,AH,HOME,1.5,2.25,51,0-2,oddsflow_core_strategy,APIFOOTBALL,4,WON,5
2026-05-17,Eredivisie,Sparta Rotterdam,Excelsior,,OU,OVER,3.5,1.97,52,0-2,oddsflow_handicap_sniper,APIFOOTBALL,4,WON,3.88
2026-05-17,Eredivisie,Sparta Rotterdam,Excelsior,,OU,OVER,4.5,2.08,53,1-2,oddsflow_handicap_sniper,APIFOOTBALL,4,WON,4.32
2026-05-17,Eredivisie,Sparta Rotterdam,Excelsior,,OU,OVER,4.5,2.08,53,1-2,oddsflow_active_trader,APIFOOTBALL,4,WON,4.32
2026-05-17,Eredivisie,Utrecht,Fortuna Sittard,,AH,AWAY,-1.5,2,51,1-0,oddsflow_beta,APIFOOTBALL,6,WON,6
2026-05-17,Eredivisie,Utrecht,Fortuna Sittard,,AH,AWAY,-0.5,2.07,51,1-0,oddsflow_active_trader,APIFOOTBALL,4,LOST,-4
2026-05-17,Eredivisie,NEC Nijmegen,Go Ahead Eagles,,AH,AWAY,-1,1.92,50,2-0,oddsflow_active_trader,APIFOOTBALL,7,WON,6.44
2026-05-17,Eredivisie,Utrecht,Fortuna Sittard,,AH,AWAY,-0.5,2.07,51,1-0,oddsflow_active_trader,NOVA88,50,LOST,-50
2026-05-17,Eredivisie,NEC Nijmegen,Go Ahead Eagles,,AH,AWAY,-1,1.91,50,2-0,oddsflow_active_trader,NOVA88,50,WON,45.5
2026-05-17,Eredivisie,Utrecht,Fortuna Sittard,,AH,AWAY,-0.5,2.01,51,1-0,oddsflow_active_trader,HGA,98,LOST,-98
2026-05-17,Eredivisie,NEC Nijmegen,Go Ahead Eagles,,AH,AWAY,-1,1.94,50,2-0,oddsflow_active_trader,HGA,100,WON,94
2026-05-17,Eredivisie,Utrecht,Fortuna Sittard,,AH,AWAY,-0.5,2.07,51,1-0,oddsflow_handicap_sniper,APIFOOTBALL,4,LOST,-4
2026-05-17,Eredivisie,NEC Nijmegen,Go Ahead Eagles,,AH,AWAY,-1,1.91,50,2-0,oddsflow_handicap_sniper,APIFOOTBALL,7,WON,6.37
2026-05-17,Eredivisie,Utrecht,Fortuna Sittard,,AH,AWAY,-0.5,2.07,51,1-0,oddsflow_handicap_sniper,NOVA88,49,LOST,-49
2026-05-17,Eredivisie,NEC Nijmegen,Go Ahead Eagles,,AH,AWAY,-1,1.91,50,2-0,oddsflow_handicap_sniper,NOVA88,50,WON,45.5
2026-05-17,Eredivisie,Utrecht,Fortuna Sittard,,AH,AWAY,-0.5,2.01,51,1-0,oddsflow_handicap_sniper,HGA,92,LOST,-92
2026-05-17,Eredivisie,NEC Nijmegen,Go Ahead Eagles,,AH,AWAY,-1,1.94,50,2-0,oddsflow_handicap_sniper,HGA,100,WON,94
2026-05-17,Eredivisie,Heracles,Groningen,,1X2,DRAW,0,2.55,54,1-1,oddsflow_handicap_sniper,APIFOOTBALL,4,LOST,-4
2026-05-17,Eredivisie,Heracles,Groningen,,1X2,DRAW,0,2.55,54,1-1,oddsflow_handicap_sniper,NOVA88,15,LOST,-15
2026-05-17,Eredivisie,Heracles,Groningen,,1X2,DRAW,0,2.61,54,1-1,oddsflow_handicap_sniper,HGA,50,LOST,-50
2026-05-17,Eredivisie,PSV Eindhoven,FC Twente,,AH,AWAY,-1.5,2.35,54,3-1,oddsflow_beta,APIFOOTBALL,5,LOST,-5
2026-05-17,Eredivisie,PEC Zwolle,Feyenoord,,1X2,DRAW,0,3.1,57,0-0,oddsflow_beta,APIFOOTBALL,4,LOST,-4
2026-05-17,Eredivisie,PEC Zwolle,Feyenoord,,1X2,DRAW,0,2.96,57,0-0,oddsflow_beta,NOVA88,15,LOST,-15
2026-05-17,Eredivisie,PEC Zwolle,Feyenoord,,1X2,DRAW,0,2.91,57,0-0,oddsflow_beta,HGA,50,LOST,-50
2026-05-17,Eredivisie,Heracles,Groningen,,1X2,DRAW,0,4.6,55,1-1,oddsflow_active_trader,APIFOOTBALL,4,LOST,-4
2026-05-17,Eredivisie,Heracles,Groningen,,AH,HOME,1,2.375,58,1-2,oddsflow_core_strategy,APIFOOTBALL,4,WON,5.5
2026-05-17,Eredivisie,Heerenveen,Ajax,,1X2,DRAW,0,2.53,60,0-0,oddsflow_active_trader,APIFOOTBALL,4,WON,6.12
2026-05-17,Eredivisie,Heerenveen,Ajax,,1X2,DRAW,0,2.53,60,0-0,oddsflow_active_trader,NOVA88,15,WON,22.95
2026-05-17,Eredivisie,Heerenveen,Ajax,,1X2,DRAW,0,2.56,60,0-0,oddsflow_active_trader,HGA,50,WON,78
2026-05-17,Eredivisie,PEC Zwolle,Feyenoord,,AH,HOME,0.5,2.11,60,0-0,oddsflow_handicap_sniper,APIFOOTBALL,4,LOST,-4
2026-05-17,Eredivisie,PEC Zwolle,Feyenoord,,AH,HOME,0.5,2.11,60,0-0,oddsflow_handicap_sniper,NOVA88,15,LOST,-15
2026-05-17,Eredivisie,PEC Zwolle,Feyenoord,,AH,HOME,0.5,2.11,60,0-0,oddsflow_handicap_sniper,HGA,50,LOST,-50
2026-05-17,Eredivisie,PEC Zwolle,Feyenoord,,AH,HOME,0.5,2.11,60,0-0,oddsflow_active_trader,APIFOOTBALL,4,LOST,-4
2026-05-17,Eredivisie,PEC Zwolle,Feyenoord,,AH,HOME,0.5,2.11,60,0-0,oddsflow_active_trader,NOVA88,15,LOST,-15
2026-05-17,Eredivisie,PEC Zwolle,Feyenoord,,AH,HOME,0.5,2.11,60,0-0,oddsflow_active_trader,HGA,50,LOST,-50
2026-05-17,Eredivisie,NEC Nijmegen,Go Ahead Eagles,,OU,OVER,3.5,1.533,57,2-1,oddsflow_beta,APIFOOTBALL,4,LOST,-4
2026-05-17,Eredivisie,PEC Zwolle,Feyenoord,,1X2,DRAW,0,2.72,61,0-0,oddsflow_handicap_sniper,APIFOOTBALL,4,LOST,-4
2026-05-17,Eredivisie,PEC Zwolle,Feyenoord,,1X2,DRAW,0,2.72,61,0-0,oddsflow_handicap_sniper,NOVA88,15,LOST,-15
2026-05-17,Eredivisie,PEC Zwolle,Feyenoord,,1X2,DRAW,0,2.73,61,0-0,oddsflow_handicap_sniper,HGA,50,LOST,-50
2026-05-17,Eredivisie,NEC Nijmegen,Go Ahead Eagles,,AH,AWAY,-1.5,2.35,57,2-1,oddsflow_beta,APIFOOTBALL,6,WON,8.1
2026-05-17,Eredivisie,Heerenveen,Ajax,,1X2,DRAW,0,2.44,62,0-0,oddsflow_handicap_sniper,APIFOOTBALL,4,WON,5.76
2026-05-17,Eredivisie,Heerenveen,Ajax,,1X2,DRAW,0,2.44,62,0-0,oddsflow_handicap_sniper,NOVA88,16,WON,23.04
2026-05-17,Eredivisie,Heerenveen,Ajax,,1X2,DRAW,0,2.5,62,0-0,oddsflow_handicap_sniper,HGA,50,WON,75
2026-05-17,Eredivisie,PEC Zwolle,Feyenoord,,AH,HOME,0.5,2,62,0-0,oddsflow_beta,APIFOOTBALL,4,LOST,-4
2026-05-17,Eredivisie,PEC Zwolle,Feyenoord,,AH,HOME,0.5,2.01,62,0-0,oddsflow_beta,NOVA88,15,LOST,-15
2026-05-17,Eredivisie,PEC Zwolle,Feyenoord,,AH,HOME,0.5,2.07,62,0-0,oddsflow_beta,HGA,50,LOST,-50
2026-05-17,Süper Lig,Kayserispor,Konyaspor,,OU,UNDER,3,1.9,0,0-0,oddsflow_prematch_edge,APIFOOTBALL,10,VOID,0
2026-05-17,Premier League,Leeds United,Brighton,,1X2,HOME,0,3.45,0,0-0,oddsflow_prematch_edge,APIFOOTBALL,10,WON,24.5
2026-05-17,Premier League,Wolves,Fulham,,1X2,HOME,0,4.02,0,0-0,oddsflow_prematch_edge,APIFOOTBALL,10,LOST,-10
2026-05-17,Premier League,Leeds United,Brighton,,1X2,HOME,0,3.25,0,0-0,oddsflow_prematch_edge,NOVA88,15,WON,33.75
2026-05-17,Premier League,Wolves,Fulham,,1X2,HOME,0,3.9,0,0-0,oddsflow_prematch_edge,NOVA88,15,LOST,-15
2026-05-17,Brasileirão Série A,Santos,Coritiba,,OU,OVER,2.25,1.82,0,0-0,oddsflow_prematch_edge,APIFOOTBALL,10,WON,8.2
2026-05-17,Brasileirão Série A,Santos,Coritiba,,OU,OVER,2.25,1.95,0,0-0,oddsflow_prematch_edge,NOVA88,47,WON,44.65
2026-05-17,Premier League,Brentford,Crystal Palace,,AH,HOME,-0.75,1.91,0,0-0,oddsflow_prematch_edge,APIFOOTBALL,10,LOST,-10
2026-05-17,Premier League,Brentford,Crystal Palace,,AH,HOME,-0.75,1.87,0,0-0,oddsflow_prematch_edge,NOVA88,15,LOST,-15
2026-05-17,Eredivisie,PEC Zwolle,Feyenoord,,1X2,DRAW,0,2.15,71,0-0,oddsflow_active_trader,APIFOOTBALL,4,LOST,-4
2026-05-17,Eredivisie,NEC Nijmegen,Go Ahead Eagles,,AH,AWAY,-0.5,2.09,68,2-1,oddsflow_handicap_sniper,APIFOOTBALL,4,WON,4.36
2026-05-17,Eredivisie,Utrecht,Fortuna Sittard,,OU,OVER,2.5,1.5,69,2-0,oddsflow_beta,APIFOOTBALL,4,LOST,-4
2026-05-17,Eredivisie,NEC Nijmegen,Go Ahead Eagles,,AH,AWAY,-0.5,2.09,68,2-1,oddsflow_active_trader,APIFOOTBALL,4,WON,4.36
2026-05-17,Eredivisie,PEC Zwolle,Feyenoord,,OU,OVER,0.5,1.5,72,0-0,oddsflow_beta,APIFOOTBALL,4,WON,2
2026-05-17,Premier League,Wolves,Fulham,,AH,HOME,0.5,1.9,10,0-0,oddsflow_core_strategy,APIFOOTBALL,100,WON,90
2026-05-17,Premier League,Wolves,Fulham,,AH,HOME,0.5,1.89,10,0-0,oddsflow_core_strategy,NOVA88,33,WON,29.37
2026-05-17,Premier League,Wolves,Fulham,,AH,HOME,0.5,1.93,10,0-0,oddsflow_core_strategy,HGA,72,WON,66.96
2026-05-17,Süper Lig,Kayserispor,Konyaspor,,AH,AWAY,-0.5,1.975,10,0-0,oddsflow_core_strategy,APIFOOTBALL,4,LOST,-4
2026-05-17,Süper Lig,Kayserispor,Konyaspor,,AH,AWAY,-0.5,2.04,10,0-0,oddsflow_core_strategy,NOVA88,15,LOST,-15
2026-05-17,Süper Lig,Kayserispor,Konyaspor,,AH,AWAY,-0.5,2.03,10,0-0,oddsflow_core_strategy,HGA,50,LOST,-50
2026-05-17,Indian Super League,ATK Mohun Bagan,East Bengal II,,AH,AWAY,-0.5,1.7,14,0-0,oddsflow_core_strategy,APIFOOTBALL,5,WON,3.5
2026-05-17,Brasileirão Série A,Santos,Coritiba,,AH,HOME,-0.5,2.2,10,0-1,oddsflow_core_strategy,APIFOOTBALL,200,LOST,-200
2026-05-17,Premier League,Brentford,Crystal Palace,,AH,HOME,0,2.05,15,0-1,oddsflow_core_strategy,APIFOOTBALL,100,WON,105
2026-05-17,Eredivisie,FC Volendam,Telstar,,OU,UNDER,3.5,2,87,1-1,oddsflow_core_strategy,APIFOOTBALL,500,WON,500
2026-05-17,Premier League,Wolves,Fulham,,AH,AWAY,0,2.5,25,0-0,oddsflow_core_strategy,APIFOOTBALL,100,VOID,0
2026-05-17,Premier League,Brentford,Crystal Palace,,AH,HOME,0.5,1.75,31,0-1,oddsflow_core_strategy,APIFOOTBALL,100,WON,75
2026-05-17,Premier League,Leeds United,Brighton,,AH,HOME,0.5,1.75,35,0-0,oddsflow_handicap_sniper,APIFOOTBALL,100,WON,75
2026-05-17,Premier League,Leeds United,Brighton,,AH,HOME,0.5,1.75,35,0-0,oddsflow_active_trader,APIFOOTBALL,100,WON,75
2026-05-17,Premier League,Leeds United,Brighton,,OU,UNDER,2.5,1.615,35,0-0,oddsflow_handicap_sniper,APIFOOTBALL,116,WON,71.34
2026-05-17,Premier League,Leeds United,Brighton,,OU,UNDER,2.5,1.615,35,0-0,oddsflow_active_trader,APIFOOTBALL,120,WON,73.8
2026-05-17,Premier League,Leeds United,Brighton,,1X2,DRAW,0,3.25,35,0-0,oddsflow_handicap_sniper,APIFOOTBALL,100,LOST,-100
2026-05-17,Premier League,Leeds United,Brighton,,OU,UNDER,1.75,1.88,35,0-0,oddsflow_handicap_sniper,NOVA88,50,WON,44
2026-05-17,Premier League,Leeds United,Brighton,,OU,UNDER,1.75,1.88,35,0-0,oddsflow_active_trader,NOVA88,50,WON,44
2026-05-17,Premier League,Leeds United,Brighton,,OU,UNDER,1.75,1.86,35,0-0,oddsflow_handicap_sniper,HGA,100,WON,86
2026-05-17,Premier League,Leeds United,Brighton,,1X2,DRAW,0,2.84,35,0-0,oddsflow_handicap_sniper,NOVA88,15,LOST,-15
2026-05-17,Premier League,Leeds United,Brighton,,OU,UNDER,1.75,1.86,35,0-0,oddsflow_active_trader,HGA,100,WON,86
2026-05-17,Premier League,Leeds United,Brighton,,1X2,DRAW,0,2.81,35,0-0,oddsflow_handicap_sniper,HGA,50,LOST,-50
2026-05-17,Premier League,Brentford,Crystal Palace,,AH,HOME,0.5,1.85,35,0-1,oddsflow_beta,APIFOOTBALL,163,WON,138.55
2026-05-17,Premier League,Brentford,Crystal Palace,,AH,HOME,0.5,1.875,35,0-1,oddsflow_active_trader,APIFOOTBALL,161,WON,140.88
2026-05-17,Premier League,Brentford,Crystal Palace,,AH,HOME,0.5,1.875,35,0-1,oddsflow_handicap_sniper,APIFOOTBALL,162,WON,141.75
2026-05-17,Premier League,Brentford,Crystal Palace,,OU,UNDER,3.5,1.571,35,0-1,oddsflow_handicap_sniper,APIFOOTBALL,100,LOST,-100
2026-05-17,Premier League,Brentford,Crystal Palace,,OU,UNDER,3,1.93,35,0-1,oddsflow_handicap_sniper,NOVA88,50,LOST,-50
2026-05-17,Premier League,Brentford,Crystal Palace,,OU,UNDER,3,1.95,35,0-1,oddsflow_handicap_sniper,HGA,100,LOST,-100
2026-05-17,Premier League,Brentford,Crystal Palace,,OU,UNDER,3.5,1.571,35,0-1,oddsflow_active_trader,APIFOOTBALL,100,LOST,-100
2026-05-17,Premier League,Brentford,Crystal Palace,,OU,UNDER,3,1.93,35,0-1,oddsflow_active_trader,NOVA88,50,LOST,-50
2026-05-17,Premier League,Brentford,Crystal Palace,,OU,UNDER,3,1.91,35,0-1,oddsflow_active_trader,HGA,100,LOST,-100
2026-05-17,Premier League,Everton,Sunderland,,AH,AWAY,0,2.425,37,0-0,oddsflow_core_strategy,APIFOOTBALL,100,WON,142.5
2026-05-17,Premier League,Everton,Sunderland,,AH,AWAY,0,2.425,37,0-0,oddsflow_active_trader,APIFOOTBALL,100,WON,142.5
2026-05-17,Premier League,Everton,Sunderland,,AH,AWAY,0,2.425,37,0-0,oddsflow_handicap_sniper,APIFOOTBALL,100,WON,142.5
2026-05-17,Premier League,Brentford,Crystal Palace,,OU,UNDER,3.5,1.5,38,0-1,oddsflow_beta,APIFOOTBALL,100,LOST,-100
2026-05-17,Premier League,Brentford,Crystal Palace,,OU,UNDER,3,1.8,38,0-1,oddsflow_beta,NOVA88,50,LOST,-50
2026-05-17,Premier League,Brentford,Crystal Palace,,OU,UNDER,3,1.8,38,0-1,oddsflow_beta,HGA,100,LOST,-100
2026-05-17,Premier League,Brentford,Crystal Palace,,AH,AWAY,0,2.5,41,1-1,oddsflow_active_trader,APIFOOTBALL,100,VOID,0
2026-05-17,Premier League,Brentford,Crystal Palace,,AH,AWAY,0,2.675,42,1-1,oddsflow_beta,APIFOOTBALL,100,VOID,0
2026-05-17,Premier League,Brentford,Crystal Palace,,AH,AWAY,0,2.5,42,1-1,oddsflow_handicap_sniper,APIFOOTBALL,100,VOID,0
2026-05-17,Süper Lig,Kayserispor,Konyaspor,,AH,AWAY,-0.5,1.96,43,0-0,oddsflow_active_trader,APIFOOTBALL,4,LOST,-4
2026-05-17,Süper Lig,Kayserispor,Konyaspor,,AH,AWAY,-0.5,1.96,43,0-0,oddsflow_active_trader,NOVA88,37,LOST,-37
2026-05-17,Süper Lig,Kayserispor,Konyaspor,,AH,AWAY,-0.5,1.97,43,0-0,oddsflow_active_trader,HGA,74,LOST,-74
2026-05-17,Süper Lig,Kayserispor,Konyaspor,,AH,AWAY,-0.5,1.96,43,0-0,oddsflow_handicap_sniper,APIFOOTBALL,4,LOST,-4
2026-05-17,Süper Lig,Kayserispor,Konyaspor,,AH,AWAY,-0.5,1.96,43,0-0,oddsflow_handicap_sniper,NOVA88,31,LOST,-31
2026-05-17,Süper Lig,Kayserispor,Konyaspor,,AH,AWAY,-0.5,1.97,43,0-0,oddsflow_handicap_sniper,HGA,63,LOST,-63
2026-05-17,Brasileirão Série A,Santos,Coritiba,,OU,UNDER,4.5,2.06,39,0-2,oddsflow_active_trader,APIFOOTBALL,500,WON,530
2026-05-17,Brasileirão Série A,Santos,Coritiba,,OU,UNDER,4.5,2.06,39,0-2,oddsflow_handicap_sniper,APIFOOTBALL,500,WON,530
2026-05-17,Premier League,Everton,Sunderland,,OU,OVER,1.5,1.909,43,1-0,oddsflow_handicap_sniper,APIFOOTBALL,100,WON,90.9
2026-05-17,Premier League,Everton,Sunderland,,1X2,HOME,0,2.25,43,1-0,oddsflow_handicap_sniper,APIFOOTBALL,100,LOST,-100
2026-05-17,Premier League,Everton,Sunderland,,OU,OVER,2.5,2.11,43,1-0,oddsflow_handicap_sniper,NOVA88,50,WON,55.5
2026-05-17,Premier League,Everton,Sunderland,,OU,OVER,2.5,2.06,43,1-0,oddsflow_handicap_sniper,HGA,100,WON,106
2026-05-17,Premier League,Everton,Sunderland,,OU,OVER,1.5,1.8,44,1-0,oddsflow_active_trader,APIFOOTBALL,100,WON,80
2026-05-17,Premier League,Everton,Sunderland,,1X2,HOME,0,2.25,44,1-0,oddsflow_active_trader,APIFOOTBALL,100,LOST,-100
2026-05-17,Premier League,Everton,Sunderland,,OU,OVER,2.5,2.12,44,1-0,oddsflow_active_trader,NOVA88,50,WON,56
2026-05-17,Premier League,Everton,Sunderland,,OU,OVER,2.5,2.06,44,1-0,oddsflow_active_trader,HGA,100,WON,106
2026-05-17,Premier League,Brentford,Crystal Palace,,1X2,DRAW,0,2.875,46,1-1,oddsflow_beta,APIFOOTBALL,100,WON,187.5
2026-05-17,Premier League,Brentford,Crystal Palace,,1X2,DRAW,0,2.78,46,1-1,oddsflow_beta,NOVA88,15,WON,26.7
2026-05-17,Premier League,Brentford,Crystal Palace,,1X2,DRAW,0,2.97,46,1-1,oddsflow_beta,HGA,50,WON,98.5
2026-05-17,Premier League,Brentford,Crystal Palace,,1X2,DRAW,0,3,46,1-1,oddsflow_handicap_sniper,APIFOOTBALL,100,WON,200
2026-05-17,Premier League,Brentford,Crystal Palace,,1X2,DRAW,0,2.76,46,1-1,oddsflow_handicap_sniper,NOVA88,15,WON,26.4
2026-05-17,Premier League,Brentford,Crystal Palace,,1X2,DRAW,0,2.97,46,1-1,oddsflow_handicap_sniper,HGA,50,WON,98.5
2026-05-17,Süper Lig,Kayserispor,Konyaspor,,OU,UNDER,1.5,2.05,48,0-0,oddsflow_active_trader,APIFOOTBALL,4,LOST,-4
2026-05-17,Süper Lig,Kayserispor,Konyaspor,,OU,UNDER,1.5,2.07,48,0-0,oddsflow_handicap_sniper,APIFOOTBALL,4,LOST,-4
2026-05-17,Premier League,Everton,Sunderland,,AH,AWAY,-0.5,1.85,48,1-0,oddsflow_active_trader,APIFOOTBALL,100,WON,85
2026-05-17,Premier League,Everton,Sunderland,,AH,AWAY,-0.5,1.85,48,1-0,oddsflow_handicap_sniper,APIFOOTBALL,100,WON,85
2026-05-17,Premier League,Everton,Sunderland,,OU,UNDER,2.5,1.615,48,1-0,oddsflow_handicap_sniper,APIFOOTBALL,100,LOST,-100
2026-05-17,Premier League,Everton,Sunderland,,OU,UNDER,2.25,2.06,48,1-0,oddsflow_handicap_sniper,NOVA88,47,LOST,-47
2026-05-17,Premier League,Everton,Sunderland,,OU,UNDER,2.25,2.03,48,1-0,oddsflow_handicap_sniper,HGA,93,LOST,-93
2026-05-17,Premier League,Everton,Sunderland,,OU,UNDER,2.5,1.615,48,1-0,oddsflow_active_trader,APIFOOTBALL,100,LOST,-100
2026-05-17,Premier League,Everton,Sunderland,,OU,UNDER,2.25,2.06,48,1-0,oddsflow_active_trader,NOVA88,48,LOST,-48
2026-05-17,Premier League,Everton,Sunderland,,OU,UNDER,2.25,2.03,48,1-0,oddsflow_active_trader,HGA,94,LOST,-94
2026-05-17,Premier League,Everton,Sunderland,,AH,AWAY,-1,2.25,48,1-0,oddsflow_active_trader,APIFOOTBALL,100,WON,125
2026-05-17,Premier League,Everton,Sunderland,,AH,AWAY,-1,2.25,48,1-0,oddsflow_handicap_sniper,APIFOOTBALL,100,WON,125
2026-05-17,Süper Lig,Kayserispor,Konyaspor,,OU,UNDER,2.5,2.07,46,0-0,oddsflow_active_trader,APIFOOTBALL,4,LOST,-4
2026-05-17,Süper Lig,Kayserispor,Konyaspor,,OU,UNDER,2.5,2.07,46,0-0,oddsflow_active_trader,NOVA88,50,LOST,-50
2026-05-17,Süper Lig,Kayserispor,Konyaspor,,OU,UNDER,1.75,1.81,46,0-0,oddsflow_active_trader,HGA,100,LOST,-100
2026-05-17,Süper Lig,Kayserispor,Konyaspor,,OU,UNDER,2.5,2.07,46,0-0,oddsflow_handicap_sniper,APIFOOTBALL,4,LOST,-4
2026-05-17,Süper Lig,Kayserispor,Konyaspor,,OU,UNDER,2.5,2.07,46,0-0,oddsflow_handicap_sniper,NOVA88,50,LOST,-50
2026-05-17,Süper Lig,Kayserispor,Konyaspor,,OU,UNDER,1.75,1.81,46,0-0,oddsflow_handicap_sniper,HGA,100,LOST,-100
2026-05-17,Premier League,Leeds United,Brighton,,1X2,DRAW,0,2.625,47,0-0,oddsflow_active_trader,APIFOOTBALL,100,LOST,-100
2026-05-17,Premier League,Leeds United,Brighton,,OU,UNDER,1.5,2,49,0-0,oddsflow_active_trader,APIFOOTBALL,100,WON,100
2026-05-17,Premier League,Leeds United,Brighton,,OU,UNDER,1.5,2,49,0-0,oddsflow_handicap_sniper,APIFOOTBALL,100,WON,100
2026-05-17,Süper Lig,Kayserispor,Konyaspor,,OU,UNDER,3.5,1.79,52,1-1,oddsflow_active_trader,APIFOOTBALL,4,WON,3.16
2026-05-17,Süper Lig,Kayserispor,Konyaspor,,OU,UNDER,3.5,1.79,52,1-1,oddsflow_handicap_sniper,APIFOOTBALL,4,WON,3.16
2026-05-17,Premier League,Leeds United,Brighton,,OU,UNDER,1.5,1.571,54,0-0,oddsflow_beta,APIFOOTBALL,100,WON,57.1
2026-05-17,Premier League,Leeds United,Brighton,,1X2,DRAW,0,2.4,54,0-0,oddsflow_beta,APIFOOTBALL,100,LOST,-100
2026-05-17,Premier League,Leeds United,Brighton,,1X2,DRAW,0,2.4,54,0-0,oddsflow_beta,NOVA88,15,LOST,-15
2026-05-17,Premier League,Leeds United,Brighton,,1X2,DRAW,0,2.4,54,0-0,oddsflow_beta,HGA,50,LOST,-50
2026-05-17,Premier League,Brentford,Crystal Palace,,OU,UNDER,4.5,1.727,53,1-1,oddsflow_beta,APIFOOTBALL,104,WON,75.61
2026-05-17,Premier League,Brentford,Crystal Palace,,1X2,HOME,0,5,53,1-1,oddsflow_beta,APIFOOTBALL,100,LOST,-100
2026-05-17,Premier League,Brentford,Crystal Palace,,1X2,DRAW,0,2.75,53,1-1,oddsflow_active_trader,APIFOOTBALL,100,WON,175
2026-05-17,Premier League,Brentford,Crystal Palace,,1X2,DRAW,0,3.25,53,1-1,oddsflow_active_trader,HGA,50,WON,112.5
2026-05-17,Premier League,Brentford,Crystal Palace,,OU,UNDER,4.5,1.727,53,1-1,oddsflow_handicap_sniper,APIFOOTBALL,101,WON,73.43
2026-05-17,Premier League,Brentford,Crystal Palace,,1X2,HOME,0,5,53,1-1,oddsflow_handicap_sniper,APIFOOTBALL,100,LOST,-100
2026-05-17,Premier League,Brentford,Crystal Palace,,1X2,AWAY,0,1.8,53,1-2,oddsflow_active_trader,APIFOOTBALL,100,LOST,-100
2026-05-17,Premier League,Brentford,Crystal Palace,,1X2,AWAY,0,1.8,53,1-2,oddsflow_beta,APIFOOTBALL,100,LOST,-100
2026-05-17,Premier League,Brentford,Crystal Palace,,OU,UNDER,4.5,1.666,54,1-2,oddsflow_active_trader,APIFOOTBALL,100,WON,66.6
2026-05-17,Premier League,Brentford,Crystal Palace,,1X2,AWAY,0,1.8,54,1-2,oddsflow_handicap_sniper,APIFOOTBALL,100,LOST,-100
2026-05-17,Premier League,Everton,Sunderland,,1X2,DRAW,0,2.05,60,1-1,oddsflow_handicap_sniper,APIFOOTBALL,100,LOST,-100
2026-05-17,Premier League,Everton,Sunderland,,1X2,DRAW,0,2.07,60,1-1,oddsflow_handicap_sniper,NOVA88,15,LOST,-15
2026-05-17,Premier League,Everton,Sunderland,,1X2,DRAW,0,2.12,60,1-1,oddsflow_handicap_sniper,HGA,50,LOST,-50
2026-05-17,Premier League,Everton,Sunderland,,1X2,DRAW,0,2.05,60,1-1,oddsflow_active_trader,APIFOOTBALL,100,LOST,-100
2026-05-17,Serie A,Atalanta,Bologna,,AH,HOME,-0.5,1.875,10,0-0,oddsflow_core_strategy,APIFOOTBALL,100,LOST,-100
2026-05-17,Serie A,Atalanta,Bologna,,AH,HOME,-0.5,1.94,10,0-0,oddsflow_core_strategy,NOVA88,40,LOST,-40
2026-05-17,Serie A,Atalanta,Bologna,,AH,HOME,-0.5,1.88,10,0-0,oddsflow_core_strategy,HGA,72,LOST,-72
2026-05-17,Premier League,Newcastle United,West Ham,,1X2,HOME,0,2.25,0,0-0,oddsflow_prematch_edge,APIFOOTBALL,10,WON,12.5
2026-05-17,Premier League,Newcastle United,West Ham,,1X2,HOME,0,2.2,0,0-0,oddsflow_prematch_edge,NOVA88,15,WON,18
2026-05-17,Serie A,Atalanta,Bologna,,AH,HOME,-0.5,2.1,36,0-0,oddsflow_active_trader,APIFOOTBALL,100,LOST,-100
2026-05-17,Serie A,Atalanta,Bologna,,AH,HOME,-0.5,2.13,36,0-0,oddsflow_active_trader,NOVA88,24,LOST,-24
2026-05-17,Serie A,Atalanta,Bologna,,AH,HOME,-0.5,2.05,36,0-0,oddsflow_active_trader,HGA,50,LOST,-50
2026-05-17,Serie A,Atalanta,Bologna,,AH,HOME,-0.5,2.1,37,0-0,oddsflow_handicap_sniper,APIFOOTBALL,100,LOST,-100
2026-05-17,Serie A,Atalanta,Bologna,,AH,HOME,-0.5,2.13,37,0-0,oddsflow_handicap_sniper,NOVA88,24,LOST,-24
2026-05-17,Serie A,Atalanta,Bologna,,AH,HOME,-0.5,2.05,37,0-0,oddsflow_handicap_sniper,HGA,50,LOST,-50
2026-05-17,Premier League,Newcastle United,West Ham,,AH,AWAY,0,2.25,10,0-0,oddsflow_core_strategy,APIFOOTBALL,100,LOST,-100
2026-05-17,Serie A,Atalanta,Bologna,,OU,UNDER,1.5,2.3,42,0-0,oddsflow_handicap_sniper,APIFOOTBALL,100,WON,130
2026-05-17,Serie A,Atalanta,Bologna,,OU,UNDER,1.5,2.2,44,0-0,oddsflow_active_trader,APIFOOTBALL,100,WON,120
2026-05-17,Premier League,Newcastle United,West Ham,,AH,AWAY,-1,2.15,15,0-0,oddsflow_core_strategy,APIFOOTBALL,100,LOST,-100
2026-05-17,Serie A,Atalanta,Bologna,,1X2,HOME,0,2.25,46,0-0,oddsflow_handicap_sniper,APIFOOTBALL,100,LOST,-100
2026-05-17,Serie A,Atalanta,Bologna,,1X2,HOME,0,2.4,46,0-0,oddsflow_handicap_sniper,NOVA88,22,LOST,-22
2026-05-17,Serie A,Atalanta,Bologna,,1X2,HOME,0,2.24,46,0-0,oddsflow_handicap_sniper,HGA,50,LOST,-50
2026-05-17,La Liga,Athletic Bilbao,Celta Vigo,,1X2,AWAY,0,3.56,0,0-0,oddsflow_prematch_edge,APIFOOTBALL,10,LOST,-10
2026-05-17,La Liga,Atletico Madrid,Girona,,OU,UNDER,2.75,2.09,0,0-0,oddsflow_prematch_edge,APIFOOTBALL,10,WON,10.9
2026-05-17,La Liga,Athletic Bilbao,Celta Vigo,,1X2,AWAY,0,3.35,0,0-0,oddsflow_prematch_edge,NOVA88,17,LOST,-17
2026-05-17,La Liga,Levante,Mallorca,,OU,OVER,2.5,1.9,0,0-0,oddsflow_prematch_edge,APIFOOTBALL,10,LOST,-10
2026-05-17,La Liga,Osasuna,Espanyol,,1X2,HOME,0,2.23,0,0-0,oddsflow_prematch_edge,APIFOOTBALL,10,LOST,-10
2026-05-17,La Liga,Rayo Vallecano,Villarreal,,1X2,HOME,0,2.11,0,0-0,oddsflow_prematch_edge,APIFOOTBALL,10,WON,11.1
2026-05-17,La Liga,Osasuna,Espanyol,,1X2,HOME,0,2.17,0,0-0,oddsflow_prematch_edge,NOVA88,38,LOST,-38
2026-05-17,La Liga,Real Sociedad,Valencia,,OU,OVER,2.5,1.92,0,0-0,oddsflow_prematch_edge,APIFOOTBALL,10,WON,9.2
2026-05-17,La Liga,Rayo Vallecano,Villarreal,,1X2,HOME,0,2.36,0,0-0,oddsflow_prematch_edge,NOVA88,24,WON,32.64
2026-05-17,La Liga,Elche,Getafe,,1X2,AWAY,0,3.72,0,0-0,oddsflow_prematch_edge,APIFOOTBALL,10,LOST,-10
2026-05-17,La Liga,Elche,Getafe,,1X2,AWAY,0,3.45,0,0-0,oddsflow_prematch_edge,NOVA88,15,LOST,-15
2026-05-17,La Liga,Rayo Vallecano,Villarreal,,AH,HOME,-0.5,2.025,10,0-0,oddsflow_core_strategy,APIFOOTBALL,60,WON,61.5
2026-05-17,La Liga,Rayo Vallecano,Villarreal,,AH,HOME,-0.5,2.12,10,0-0,oddsflow_core_strategy,NOVA88,19,WON,21.28
2026-05-17,La Liga,Rayo Vallecano,Villarreal,,AH,HOME,-0.5,2.07,10,0-0,oddsflow_core_strategy,HGA,50,WON,53.5
2026-05-17,La Liga,Athletic Bilbao,Celta Vigo,,AH,HOME,0.5,1.825,10,0-1,oddsflow_core_strategy,APIFOOTBALL,76,WON,62.7
2026-05-17,La Liga,Real Sociedad,Valencia,,AH,HOME,-0.5,2.5,10,1-1,oddsflow_core_strategy,APIFOOTBALL,60,LOST,-60
2026-05-17,La Liga,Levante,Mallorca,,AH,HOME,-0.5,2.075,10,0-0,oddsflow_core_strategy,APIFOOTBALL,60,WON,64.5
2026-05-17,La Liga,Levante,Mallorca,,AH,HOME,-0.5,2.11,10,0-0,oddsflow_core_strategy,HGA,50,WON,55.5
2026-05-17,La Liga,Osasuna,Espanyol,,AH,HOME,-0.5,2.2,14,0-0,oddsflow_core_strategy,APIFOOTBALL,60,LOST,-60
2026-05-17,La Liga,Osasuna,Espanyol,,1X2,HOME,0,2.35,15,0-0,oddsflow_active_trader,APIFOOTBALL,60,LOST,-60
2026-05-17,La Liga,Athletic Bilbao,Celta Vigo,,AH,HOME,0.5,1.875,15,0-1,oddsflow_active_trader,APIFOOTBALL,80,WON,70
2026-05-17,La Liga,Athletic Bilbao,Celta Vigo,,1X2,AWAY,0,1.952,15,0-1,oddsflow_active_trader,APIFOOTBALL,60,LOST,-60
2026-05-17,La Liga,Osasuna,Espanyol,,1X2,HOME,0,2.35,15,0-0,oddsflow_active_trader,NOVA88,22,LOST,-22
2026-05-17,La Liga,Osasuna,Espanyol,,1X2,HOME,0,2.31,15,0-0,oddsflow_active_trader,HGA,50,LOST,-50
2026-05-17,La Liga,Athletic Bilbao,Celta Vigo,,1X2,AWAY,0,2,15,0-1,oddsflow_active_trader,NOVA88,16,LOST,-16
2026-05-17,La Liga,Athletic Bilbao,Celta Vigo,,1X2,AWAY,0,2,15,0-1,oddsflow_active_trader,HGA,50,LOST,-50
2026-05-17,La Liga,Rayo Vallecano,Villarreal,,1X2,HOME,0,2.06,15,0-0,oddsflow_handicap_sniper,APIFOOTBALL,60,WON,63.6
2026-05-17,La Liga,Osasuna,Espanyol,,1X2,HOME,0,2.35,15,0-0,oddsflow_handicap_sniper,APIFOOTBALL,60,LOST,-60
2026-05-17,La Liga,Athletic Bilbao,Celta Vigo,,AH,HOME,0.5,1.875,15,0-1,oddsflow_handicap_sniper,APIFOOTBALL,79,WON,69.13
2026-05-17,La Liga,Athletic Bilbao,Celta Vigo,,1X2,AWAY,0,1.952,15,0-1,oddsflow_handicap_sniper,APIFOOTBALL,60,LOST,-60
2026-05-17,La Liga,Rayo Vallecano,Villarreal,,1X2,HOME,0,2.06,15,0-0,oddsflow_handicap_sniper,NOVA88,15,WON,15.9
2026-05-17,La Liga,Osasuna,Espanyol,,1X2,HOME,0,2.35,15,0-0,oddsflow_handicap_sniper,NOVA88,37,LOST,-37
2026-05-17,La Liga,Rayo Vallecano,Villarreal,,1X2,HOME,0,2.07,15,0-0,oddsflow_handicap_sniper,HGA,50,WON,53.5
2026-05-17,La Liga,Athletic Bilbao,Celta Vigo,,1X2,AWAY,0,2,15,0-1,oddsflow_handicap_sniper,NOVA88,22,LOST,-22
2026-05-17,La Liga,Osasuna,Espanyol,,1X2,HOME,0,2.31,15,0-0,oddsflow_handicap_sniper,HGA,70,LOST,-70
2026-05-17,La Liga,Athletic Bilbao,Celta Vigo,,1X2,AWAY,0,2,15,0-1,oddsflow_handicap_sniper,HGA,50,LOST,-50
2026-05-17,La Liga,Atletico Madrid,Girona,,OU,UNDER,2.5,2,15,0-0,oddsflow_beta,APIFOOTBALL,60,WON,60
2026-05-17,La Liga,Rayo Vallecano,Villarreal,,AH,HOME,-0.5,2.06,15,0-0,oddsflow_active_trader,APIFOOTBALL,60,WON,63.6
2026-05-17,La Liga,Rayo Vallecano,Villarreal,,AH,HOME,-0.5,2.06,15,0-0,oddsflow_active_trader,NOVA88,15,WON,15.9
2026-05-17,La Liga,Rayo Vallecano,Villarreal,,AH,HOME,-0.5,2.07,15,0-0,oddsflow_active_trader,HGA,50,WON,53.5
2026-05-17,La Liga,Atletico Madrid,Girona,,OU,UNDER,2.5,2,15,0-0,oddsflow_active_trader,APIFOOTBALL,60,WON,60
2026-05-17,La Liga,Atletico Madrid,Girona,,OU,UNDER,2.5,2,15,0-0,oddsflow_handicap_sniper,APIFOOTBALL,60,WON,60
2026-05-17,La Liga,Athletic Bilbao,Celta Vigo,,OU,OVER,2.5,1.533,15,0-1,oddsflow_handicap_sniper,APIFOOTBALL,60,LOST,-60
2026-05-17,La Liga,Athletic Bilbao,Celta Vigo,,OU,OVER,3,1.97,15,0-1,oddsflow_handicap_sniper,NOVA88,50,LOST,-50
2026-05-17,La Liga,Athletic Bilbao,Celta Vigo,,OU,OVER,3,1.97,15,0-1,oddsflow_handicap_sniper,HGA,99,LOST,-99
2026-05-17,La Liga,Rayo Vallecano,Villarreal,,AH,HOME,-0.5,2.08,16,0-0,oddsflow_handicap_sniper,APIFOOTBALL,60,WON,64.8
2026-05-17,La Liga,Rayo Vallecano,Villarreal,,AH,HOME,-0.5,2.08,16,0-0,oddsflow_handicap_sniper,NOVA88,15,WON,16.2
2026-05-17,La Liga,Rayo Vallecano,Villarreal,,AH,HOME,-0.5,2.07,16,0-0,oddsflow_handicap_sniper,HGA,50,WON,53.5
2026-05-17,La Liga,Levante,Mallorca,,1X2,HOME,0,2.33,20,0-0,oddsflow_handicap_sniper,APIFOOTBALL,60,WON,79.8
2026-05-17,La Liga,Levante,Mallorca,,1X2,HOME,0,2.33,20,0-0,oddsflow_handicap_sniper,NOVA88,15,WON,19.95
2026-05-17,La Liga,Levante,Mallorca,,1X2,HOME,0,2.28,20,0-0,oddsflow_handicap_sniper,HGA,50,WON,64
2026-05-17,La Liga,Atletico Madrid,Girona,,AH,AWAY,-0.5,1.75,21,1-0,oddsflow_active_trader,APIFOOTBALL,60,WON,45
2026-05-17,La Liga,Atletico Madrid,Girona,,1X2,HOME,0,2.05,21,1-0,oddsflow_active_trader,APIFOOTBALL,60,WON,63
2026-05-17,La Liga,Atletico Madrid,Girona,,AH,AWAY,-0.5,1.75,21,1-0,oddsflow_handicap_sniper,APIFOOTBALL,60,WON,45
2026-05-17,La Liga,Atletico Madrid,Girona,,1X2,HOME,0,2.05,21,1-0,oddsflow_handicap_sniper,APIFOOTBALL,60,WON,63
2026-05-17,La Liga,Atletico Madrid,Girona,,AH,AWAY,-1,2.25,22,1-0,oddsflow_beta,APIFOOTBALL,114,WON,142.5
2026-05-17,La Liga,Atletico Madrid,Girona,,OU,UNDER,3.5,1.727,22,1-0,oddsflow_beta,APIFOOTBALL,61,WON,44.35
2026-05-17,La Liga,Atletico Madrid,Girona,,OU,UNDER,3.25,1.94,22,1-0,oddsflow_beta,NOVA88,50,WON,47
2026-05-17,La Liga,Atletico Madrid,Girona,,OU,UNDER,3.25,1.97,22,1-0,oddsflow_beta,HGA,100,WON,97
2026-05-17,La Liga,Real Sociedad,Valencia,,AH,HOME,0.5,2.3,23,1-1,oddsflow_core_strategy,APIFOOTBALL,65,LOST,-65
2026-05-17,La Liga,Real Sociedad,Valencia,,1X2,DRAW,0,3.8,23,1-1,oddsflow_handicap_sniper,APIFOOTBALL,60,LOST,-60
2026-05-17,La Liga,Real Sociedad,Valencia,,1X2,DRAW,0,3.8,23,1-1,oddsflow_handicap_sniper,NOVA88,19,LOST,-19
2026-05-17,La Liga,Real Sociedad,Valencia,,1X2,DRAW,0,3.85,23,1-1,oddsflow_handicap_sniper,HGA,50,LOST,-50
2026-05-17,Serie A,Atalanta,Bologna,,1X2,DRAW,0,2.05,66,0-0,oddsflow_handicap_sniper,APIFOOTBALL,100,LOST,-100
2026-05-17,La Liga,Osasuna,Espanyol,,OU,OVER,1.5,1.83,25,0-0,oddsflow_handicap_sniper,APIFOOTBALL,60,WON,49.8
2026-05-17,La Liga,Osasuna,Espanyol,,OU,OVER,1.5,1.83,25,0-0,oddsflow_active_trader,APIFOOTBALL,60,WON,49.8
2026-05-17,Serie A,Atalanta,Bologna,,OU,OVER,0.5,1.615,68,0-0,oddsflow_handicap_sniper,APIFOOTBALL,100,WON,61.5
2026-05-17,Serie A,Atalanta,Bologna,,OU,OVER,0.75,1.97,68,0-0,oddsflow_handicap_sniper,NOVA88,47,HALF_WON,22.8
2026-05-17,Serie A,Atalanta,Bologna,,OU,OVER,0.75,2.02,68,0-0,oddsflow_handicap_sniper,HGA,97,HALF_WON,49.47
2026-05-17,Serie A,Atalanta,Bologna,,OU,OVER,0.5,1.615,68,0-0,oddsflow_active_trader,APIFOOTBALL,100,WON,61.5
2026-05-17,Serie A,Atalanta,Bologna,,OU,OVER,0.75,1.99,68,0-0,oddsflow_active_trader,NOVA88,48,HALF_WON,23.76
2026-05-17,Serie A,Atalanta,Bologna,,OU,OVER,0.75,2.04,68,0-0,oddsflow_active_trader,HGA,99,HALF_WON,51.48
2026-05-17,La Liga,Osasuna,Espanyol,,AH,HOME,0.5,2,27,0-1,oddsflow_core_strategy,APIFOOTBALL,123,WON,123
2026-05-17,La Liga,Athletic Bilbao,Celta Vigo,,AH,HOME,0.5,1.85,29,0-1,oddsflow_beta,APIFOOTBALL,81,WON,68.85
2026-05-17,La Liga,Athletic Bilbao,Celta Vigo,,1X2,AWAY,0,1.952,29,0-1,oddsflow_beta,APIFOOTBALL,60,LOST,-60
2026-05-17,La Liga,Athletic Bilbao,Celta Vigo,,1X2,AWAY,0,2.04,29,0-1,oddsflow_beta,NOVA88,30,LOST,-30
2026-05-17,La Liga,Athletic Bilbao,Celta Vigo,,1X2,AWAY,0,2,29,0-1,oddsflow_beta,HGA,55,LOST,-55
2026-05-17,La Liga,Athletic Bilbao,Celta Vigo,,OU,UNDER,3.5,1.533,33,0-1,oddsflow_active_trader,APIFOOTBALL,60,WON,31.98
2026-05-17,La Liga,Athletic Bilbao,Celta Vigo,,OU,UNDER,2.5,2.05,33,0-1,oddsflow_active_trader,NOVA88,50,WON,52.5
2026-05-17,La Liga,Athletic Bilbao,Celta Vigo,,OU,UNDER,2.5,2.01,33,0-1,oddsflow_active_trader,HGA,100,WON,101
2026-05-17,La Liga,Athletic Bilbao,Celta Vigo,,OU,UNDER,3.5,1.533,33,0-1,oddsflow_handicap_sniper,APIFOOTBALL,60,WON,31.98
2026-05-17,La Liga,Athletic Bilbao,Celta Vigo,,OU,UNDER,2.5,2.05,33,0-1,oddsflow_handicap_sniper,NOVA88,50,WON,52.5
2026-05-17,La Liga,Athletic Bilbao,Celta Vigo,,OU,UNDER,2.5,2.01,33,0-1,oddsflow_handicap_sniper,HGA,100,WON,101
2026-05-17,La Liga,Levante,Mallorca,,1X2,HOME,0,1.5,34,1-0,oddsflow_active_trader,APIFOOTBALL,64,WON,32
2026-05-17,La Liga,Osasuna,Espanyol,,AH,HOME,0.5,1.95,37,0-1,oddsflow_beta,APIFOOTBALL,125,WON,118.75
2026-05-17,La Liga,Rayo Vallecano,Villarreal,,OU,UNDER,2.5,2.07,40,1-0,oddsflow_active_trader,APIFOOTBALL,60,WON,64.2
2026-05-17,La Liga,Rayo Vallecano,Villarreal,,OU,UNDER,2.5,2.07,40,1-0,oddsflow_handicap_sniper,APIFOOTBALL,60,WON,64.2
2026-05-17,La Liga,Real Sociedad,Valencia,,1X2,AWAY,0,1.65,49,1-2,oddsflow_handicap_sniper,APIFOOTBALL,60,WON,39
2026-05-17,La Liga,Atletico Madrid,Girona,,AH,AWAY,-1,2.05,47,1-0,oddsflow_active_trader,APIFOOTBALL,80,WON,84
2026-05-17,La Liga,Atletico Madrid,Girona,,OU,UNDER,3.5,1.571,47,1-0,oddsflow_active_trader,APIFOOTBALL,93,WON,53.1
2026-05-17,La Liga,Atletico Madrid,Girona,,OU,UNDER,3,1.94,47,1-0,oddsflow_active_trader,NOVA88,50,WON,47
2026-05-17,La Liga,Atletico Madrid,Girona,,OU,UNDER,3,1.93,47,1-0,oddsflow_active_trader,HGA,100,WON,93
2026-05-17,La Liga,Atletico Madrid,Girona,,AH,AWAY,-1,2.05,47,1-0,oddsflow_handicap_sniper,APIFOOTBALL,80,WON,84
2026-05-17,La Liga,Atletico Madrid,Girona,,OU,UNDER,3.5,1.571,47,1-0,oddsflow_handicap_sniper,APIFOOTBALL,94,WON,53.67
2026-05-17,La Liga,Atletico Madrid,Girona,,OU,UNDER,3,1.94,47,1-0,oddsflow_handicap_sniper,NOVA88,50,WON,47
2026-05-17,La Liga,Atletico Madrid,Girona,,OU,UNDER,3,1.93,47,1-0,oddsflow_handicap_sniper,HGA,100,WON,93
2026-05-17,La Liga,Athletic Bilbao,Celta Vigo,,OU,UNDER,2.5,1.666,51,0-1,oddsflow_beta,APIFOOTBALL,60,WON,39.96
2026-05-17,La Liga,Osasuna,Espanyol,,AH,HOME,-0.5,2.15,49,0-1,oddsflow_beta,APIFOOTBALL,60,LOST,-60
2026-05-17,La Liga,Osasuna,Espanyol,,OU,UNDER,3.5,1.571,49,0-1,oddsflow_beta,APIFOOTBALL,123,WON,70.23
2026-05-17,La Liga,Osasuna,Espanyol,,OU,UNDER,3,2.16,49,0-1,oddsflow_beta,NOVA88,50,VOID,0
2026-05-17,La Liga,Osasuna,Espanyol,,1X2,HOME,0,2.5,49,1-1,oddsflow_beta,APIFOOTBALL,60,LOST,-60
2026-05-17,La Liga,Osasuna,Espanyol,,1X2,HOME,0,2.56,49,1-1,oddsflow_beta,NOVA88,15,LOST,-15
2026-05-17,La Liga,Osasuna,Espanyol,,1X2,HOME,0,2.68,49,1-1,oddsflow_beta,HGA,50,LOST,-50
2026-05-17,La Liga,Athletic Bilbao,Celta Vigo,,OU,OVER,2.5,2.375,52,1-1,oddsflow_active_trader,APIFOOTBALL,60,LOST,-60
2026-05-17,La Liga,Athletic Bilbao,Celta Vigo,,1X2,HOME,0,5,52,1-1,oddsflow_active_trader,APIFOOTBALL,60,LOST,-60
2026-05-17,La Liga,Athletic Bilbao,Celta Vigo,,1X2,DRAW,0,3.1,52,1-1,oddsflow_handicap_sniper,APIFOOTBALL,60,WON,126
2026-05-17,La Liga,Real Sociedad,Valencia,,1X2,AWAY,0,1.55,58,1-2,oddsflow_active_trader,APIFOOTBALL,60,WON,33
2026-05-17,La Liga,Athletic Bilbao,Celta Vigo,,1X2,DRAW,0,3.1,58,1-1,oddsflow_active_trader,APIFOOTBALL,60,WON,126
2026-05-17,La Liga,Osasuna,Espanyol,,1X2,AWAY,0,1.7,60,1-2,oddsflow_handicap_sniper,APIFOOTBALL,60,WON,42
2026-05-17,La Liga,Athletic Bilbao,Celta Vigo,,OU,OVER,2.5,1.533,61,1-1,oddsflow_beta,APIFOOTBALL,60,LOST,-60
2026-05-17,La Liga,Osasuna,Espanyol,,1X2,AWAY,0,1.666,61,1-2,oddsflow_beta,APIFOOTBALL,60,WON,39.96
2026-05-17,La Liga,Athletic Bilbao,Celta Vigo,,1X2,DRAW,0,2.05,62,1-1,oddsflow_beta,APIFOOTBALL,60,WON,63
2026-05-17,La Liga,Real Sociedad,Valencia,,1X2,DRAW,0,4.65,63,2-2,oddsflow_active_trader,APIFOOTBALL,60,LOST,-60
2026-05-17,La Liga,Osasuna,Espanyol,,1X2,AWAY,0,1.55,67,1-2,oddsflow_active_trader,APIFOOTBALL,60,WON,33
2026-05-17,La Liga,Osasuna,Espanyol,,OU,OVER,3.5,1.79,68,1-2,oddsflow_active_trader,APIFOOTBALL,60,LOST,-60
2026-05-17,La Liga,Osasuna,Espanyol,,OU,OVER,3.75,2.08,68,1-2,oddsflow_active_trader,HGA,100,LOST,-100
2026-05-17,La Liga,Osasuna,Espanyol,,OU,OVER,3.5,1.82,69,1-2,oddsflow_handicap_sniper,APIFOOTBALL,60,LOST,-60
2026-05-17,La Liga,Osasuna,Espanyol,,OU,OVER,3.5,1.82,69,1-2,oddsflow_beta,APIFOOTBALL,60,LOST,-60
2026-05-17,La Liga,Osasuna,Espanyol,,OU,OVER,3.75,2.08,69,1-2,oddsflow_handicap_sniper,HGA,100,LOST,-100
2026-05-17,La Liga,Osasuna,Espanyol,,OU,OVER,3.75,2.08,69,1-2,oddsflow_beta,HGA,100,LOST,-100
2026-05-17,La Liga,Oviedo,Alaves,,1X2,HOME,0,4.04,0,0-0,oddsflow_prematch_edge,APIFOOTBALL,10,LOST,-10
2026-05-17,La Liga,Sevilla,Real Madrid,,1X2,AWAY,0,2.23,0,0-0,oddsflow_prematch_edge,APIFOOTBALL,10,WON,12.3
2026-05-17,La Liga,Oviedo,Alaves,,1X2,HOME,0,3.9,0,0-0,oddsflow_prematch_edge,NOVA88,15,LOST,-15
2026-05-17,Süper Lig,Antalyaspor,Kocaelispor,,OU,UNDER,2.5,1.94,0,0-0,oddsflow_prematch_edge,APIFOOTBALL,10,WON,9.4
2026-05-17,La Liga,Sevilla,Real Madrid,,1X2,AWAY,0,2.19,0,0-0,oddsflow_prematch_edge,NOVA88,29,WON,34.51
2026-05-17,Süper Lig,Antalyaspor,Kocaelispor,,OU,UNDER,2.5,1.89,0,0-0,oddsflow_prematch_edge,NOVA88,50,WON,44.5
2026-05-17,Süper Lig,Kasimpasa,Galatasaray,,AH,AWAY,0.25,1.99,0,0-0,oddsflow_prematch_edge,APIFOOTBALL,10,LOST,-10
2026-05-17,Süper Lig,Trabzonspor,Genclerbirligi,,OU,UNDER,2.75,1.99,0,0-0,oddsflow_prematch_edge,APIFOOTBALL,10,HALF_LOST,-5
2026-05-17,Süper Lig,Kasimpasa,Galatasaray,,AH,AWAY,0.25,2.05,0,0-0,oddsflow_prematch_edge,NOVA88,15,LOST,-15
2026-05-17,La Liga,Sevilla,Real Madrid,,AH,AWAY,0.5,2.075,10,0-0,oddsflow_core_strategy,APIFOOTBALL,60,WON,64.5
2026-05-17,La Liga,Sevilla,Real Madrid,,1X2,AWAY,0,2.19,15,0-0,oddsflow_handicap_sniper,APIFOOTBALL,60,WON,71.4
2026-05-17,La Liga,Sevilla,Real Madrid,,1X2,AWAY,0,2.19,15,0-0,oddsflow_handicap_sniper,NOVA88,15,WON,17.85
2026-05-17,La Liga,Sevilla,Real Madrid,,AH,HOME,1,2.2,15,0-0,oddsflow_core_strategy,APIFOOTBALL,60,VOID,0
2026-05-17,La Liga,Oviedo,Alaves,,1X2,AWAY,0,2.38,18,0-1,oddsflow_handicap_sniper,APIFOOTBALL,60,WON,82.8
2026-05-17,La Liga,Oviedo,Alaves,,1X2,AWAY,0,2.38,18,0-1,oddsflow_handicap_sniper,NOVA88,50,WON,69
2026-05-17,La Liga,Oviedo,Alaves,,AH,HOME,1,2.125,18,0-1,oddsflow_core_strategy,APIFOOTBALL,63,WON,70.88
2026-05-17,Süper Lig,Antalyaspor,Kocaelispor,,AH,AWAY,-0.5,1.95,19,0-0,oddsflow_core_strategy,APIFOOTBALL,4,LOST,-4
2026-05-17,La Liga,Oviedo,Alaves,,OU,OVER,2.5,1.83,23,0-1,oddsflow_handicap_sniper,APIFOOTBALL,60,LOST,-60
2026-05-17,La Liga,Oviedo,Alaves,,OU,OVER,2.5,1.83,23,0-1,oddsflow_active_trader,APIFOOTBALL,60,LOST,-60
2026-05-17,La Liga,Sevilla,Real Madrid,,AH,HOME,1,2.1,33,0-1,oddsflow_beta,APIFOOTBALL,60,WON,66
2026-05-17,La Liga,Sevilla,Real Madrid,,OU,UNDER,3.5,1.5,33,0-1,oddsflow_beta,APIFOOTBALL,84,WON,42
2026-05-17,La Liga,Sevilla,Real Madrid,,OU,UNDER,3,1.83,33,0-1,oddsflow_beta,NOVA88,50,WON,41.5
2026-05-17,La Liga,Sevilla,Real Madrid,,OU,UNDER,3,1.83,33,0-1,oddsflow_beta,HGA,100,WON,83
2026-05-17,La Liga,Sevilla,Real Madrid,,OU,UNDER,2.5,2.375,33,0-1,oddsflow_beta,APIFOOTBALL,60,WON,82.5
2026-05-17,Süper Lig,Trabzonspor,Genclerbirligi,,OU,UNDER,1.5,2.5,35,0-0,oddsflow_beta,APIFOOTBALL,4,LOST,-4
2026-05-17,Süper Lig,Antalyaspor,Kocaelispor,,OU,UNDER,1.5,2.06,40,0-0,oddsflow_active_trader,APIFOOTBALL,4,WON,4.24
2026-05-17,Süper Lig,Antalyaspor,Kocaelispor,,OU,UNDER,1.5,2.06,40,0-0,oddsflow_active_trader,NOVA88,50,WON,53
2026-05-17,Süper Lig,Antalyaspor,Kocaelispor,,OU,UNDER,1.5,2.08,40,0-0,oddsflow_active_trader,HGA,100,WON,108
2026-05-17,Süper Lig,Antalyaspor,Kocaelispor,,OU,UNDER,1.5,2.06,40,0-0,oddsflow_handicap_sniper,APIFOOTBALL,4,WON,4.24
2026-05-17,Süper Lig,Antalyaspor,Kocaelispor,,OU,UNDER,1.5,2.06,40,0-0,oddsflow_handicap_sniper,NOVA88,50,WON,53
2026-05-17,Süper Lig,Antalyaspor,Kocaelispor,,OU,UNDER,1.5,2.08,40,0-0,oddsflow_handicap_sniper,HGA,100,WON,108
2026-05-17,Süper Lig,Trabzonspor,Genclerbirligi,,OU,UNDER,1.5,2.06,43,0-0,oddsflow_active_trader,APIFOOTBALL,4,LOST,-4
2026-05-17,Süper Lig,Trabzonspor,Genclerbirligi,,OU,UNDER,1.5,2.06,43,0-0,oddsflow_active_trader,NOVA88,43,LOST,-43
2026-05-17,Süper Lig,Trabzonspor,Genclerbirligi,,OU,UNDER,1.5,2.04,43,0-0,oddsflow_active_trader,HGA,85,LOST,-85
2026-05-17,Süper Lig,Trabzonspor,Genclerbirligi,,OU,UNDER,1.5,2.06,43,0-0,oddsflow_handicap_sniper,APIFOOTBALL,4,LOST,-4
2026-05-17,Süper Lig,Trabzonspor,Genclerbirligi,,OU,UNDER,1.5,2.06,43,0-0,oddsflow_handicap_sniper,NOVA88,44,LOST,-44
2026-05-17,Süper Lig,Trabzonspor,Genclerbirligi,,OU,UNDER,1.5,2.04,43,0-0,oddsflow_handicap_sniper,HGA,86,LOST,-86
2026-05-17,La Liga,Sevilla,Real Madrid,,OU,UNDER,2.5,2.07,45,0-1,oddsflow_handicap_sniper,APIFOOTBALL,60,WON,64.2
2026-05-17,La Liga,Sevilla,Real Madrid,,OU,UNDER,2.5,2.07,45,0-1,oddsflow_active_trader,APIFOOTBALL,60,WON,64.2
2026-05-17,Süper Lig,Trabzonspor,Genclerbirligi,,OU,UNDER,2.5,2.05,46,0-1,oddsflow_active_trader,APIFOOTBALL,4,LOST,-4
2026-05-17,Süper Lig,Trabzonspor,Genclerbirligi,,OU,UNDER,2.5,2.1,46,0-1,oddsflow_beta,APIFOOTBALL,4,LOST,-4
2026-05-17,Süper Lig,Trabzonspor,Genclerbirligi,,OU,UNDER,2.5,2.05,46,0-1,oddsflow_beta,NOVA88,50,LOST,-50
2026-05-17,Süper Lig,Trabzonspor,Genclerbirligi,,OU,UNDER,2.5,1.97,46,0-1,oddsflow_beta,HGA,96,LOST,-96
2026-05-17,Süper Lig,Trabzonspor,Genclerbirligi,,OU,UNDER,2.5,2.02,46,0-1,oddsflow_handicap_sniper,APIFOOTBALL,4,LOST,-4
2026-05-17,Saudi Pro League,Al Shabab,Al-Ittihad FC,,1X2,AWAY,0,2.63,36,0-0,oddsflow_beta,APIFOOTBALL,4,LOST,-4
2026-05-17,Saudi Pro League,Al Shabab,Al-Ittihad FC,,1X2,AWAY,0,2.63,36,0-0,oddsflow_beta,NOVA88,50,LOST,-50
2026-05-17,Saudi Pro League,Al Shabab,Al-Ittihad FC,,1X2,AWAY,0,2.49,36,0-0,oddsflow_beta,HGA,100,LOST,-100
2026-05-17,Saudi Pro League,Al Shabab,Al-Ittihad FC,,1X2,AWAY,0,2.63,36,0-0,oddsflow_active_trader,APIFOOTBALL,4,LOST,-4
2026-05-17,Saudi Pro League,Al Shabab,Al-Ittihad FC,,1X2,AWAY,0,2.63,36,0-0,oddsflow_active_trader,NOVA88,44,LOST,-44
2026-05-17,Saudi Pro League,Al Shabab,Al-Ittihad FC,,1X2,AWAY,0,2.49,36,0-0,oddsflow_active_trader,HGA,81,LOST,-81
2026-05-17,Saudi Pro League,Al Shabab,Al-Ittihad FC,,1X2,AWAY,0,2.63,36,0-0,oddsflow_handicap_sniper,APIFOOTBALL,4,LOST,-4
2026-05-17,Saudi Pro League,Al Shabab,Al-Ittihad FC,,1X2,AWAY,0,2.63,36,0-0,oddsflow_handicap_sniper,NOVA88,50,LOST,-50
2026-05-17,Saudi Pro League,Al Shabab,Al-Ittihad FC,,1X2,AWAY,0,2.49,36,0-0,oddsflow_handicap_sniper,HGA,100,LOST,-100
2026-05-17,Serie A,Udinese,Cremonese,,1X2,HOME,0,2.54,0,0-0,oddsflow_prematch_edge,APIFOOTBALL,10,LOST,-10
2026-05-17,Serie A,Cagliari,Torino,,OU,OVER,2.25,2.05,0,0-0,oddsflow_prematch_edge,APIFOOTBALL,10,WON,10.5
2026-05-17,Serie A,Sassuolo,Lecce,,1X2,HOME,0,2.73,0,0-0,oddsflow_prematch_edge,APIFOOTBALL,10,LOST,-10
2026-05-17,Serie A,Udinese,Cremonese,,1X2,HOME,0,2.42,0,0-0,oddsflow_prematch_edge,NOVA88,31,LOST,-31
2026-05-17,Serie A,Sassuolo,Lecce,,1X2,HOME,0,2.67,0,0-0,oddsflow_prematch_edge,NOVA88,21,LOST,-21
2026-05-17,La Liga,Sevilla,Real Madrid,,OU,UNDER,2.5,2,94,0-1,oddsflow_core_strategy,APIFOOTBALL,500,WON,500
2026-05-17,Ligue 1,Nice,Metz,,AH,AWAY,-1.5,2.02,0,0-0,oddsflow_prematch_edge,APIFOOTBALL,10,WON,10.2
2026-05-17,Ligue 1,Marseille,Rennes,,1X2,AWAY,0,3.41,0,0-0,oddsflow_prematch_edge,APIFOOTBALL,10,LOST,-10
2026-05-17,Ligue 1,Nice,Metz,,AH,AWAY,-1.5,1.94,0,0-0,oddsflow_prematch_edge,NOVA88,27,WON,25.38
2026-05-17,Ligue 1,Brest,Angers,,AH,HOME,-0.5,1.87,0,0-0,oddsflow_prematch_edge,APIFOOTBALL,10,LOST,-10
2026-05-17,Ligue 1,Marseille,Rennes,,1X2,AWAY,0,3.25,0,0-0,oddsflow_prematch_edge,NOVA88,27,LOST,-27
2026-05-17,Ligue 1,Lorient,Le Havre,,1X2,HOME,0,2.68,0,0-0,oddsflow_prematch_edge,APIFOOTBALL,10,LOST,-10
2026-05-17,Ligue 1,Brest,Angers,,AH,HOME,-0.5,1.85,0,0-0,oddsflow_prematch_edge,NOVA88,15,LOST,-15
2026-05-17,Ligue 1,Lorient,Le Havre,,1X2,HOME,0,2.63,0,0-0,oddsflow_prematch_edge,NOVA88,36,LOST,-36
2026-05-17,Ligue 1,Nantes,Toulouse,,OU,UNDER,2.75,1.92,0,0-0,oddsflow_prematch_edge,APIFOOTBALL,10,VOID,0
2026-05-17,Ligue 1,Strasbourg,Monaco,,1X2,HOME,0,3.14,0,0-0,oddsflow_prematch_edge,APIFOOTBALL,10,WON,21.4
2026-05-17,Brasileirão Série A,Bahia,Gremio,,OU,UNDER,2.75,1.83,0,0-0,oddsflow_prematch_edge,APIFOOTBALL,10,WON,8.3
2026-05-17,Ligue 1,Strasbourg,Monaco,,1X2,HOME,0,2.99,0,0-0,oddsflow_prematch_edge,NOVA88,18,WON,35.82
2026-05-17,Brasileirão Série A,Botafogo,Corinthians,,1X2,AWAY,0,3.24,0,0-0,oddsflow_prematch_edge,APIFOOTBALL,10,LOST,-10
2026-05-17,Brasileirão Série A,Bahia,Gremio,,OU,UNDER,2.5,1.97,0,0-0,oddsflow_prematch_edge,NOVA88,50,WON,48.5
2026-05-17,Ligue 1,Lille,Auxerre,,AH,AWAY,-1.25,1.93,0,0-0,oddsflow_prematch_edge,APIFOOTBALL,10,WON,9.3
2026-05-17,Brasileirão Série A,Botafogo,Corinthians,,1X2,AWAY,0,2.98,0,0-0,oddsflow_prematch_edge,NOVA88,21,LOST,-21
2026-05-17,Ligue 1,Lille,Auxerre,,AH,AWAY,-1.25,1.94,0,0-0,oddsflow_prematch_edge,NOVA88,50,WON,47
2026-05-17,Saudi Pro League,Al Shabab,Al-Ittihad FC,,AH,AWAY,0.5,2.5,47,0-0,oddsflow_handicap_sniper,APIFOOTBALL,4,LOST,-4
2026-05-17,Saudi Pro League,Al Shabab,Al-Ittihad FC,,AH,AWAY,0.5,2.5,47,0-0,oddsflow_active_trader,APIFOOTBALL,4,LOST,-4
2026-05-17,Saudi Pro League,Al Shabab,Al-Ittihad FC,,OU,UNDER,1.5,2.2,49,0-0,oddsflow_active_trader,APIFOOTBALL,4,LOST,-4
2026-05-17,Saudi Pro League,Al Shabab,Al-Ittihad FC,,OU,UNDER,1.5,2.25,50,0-0,oddsflow_handicap_sniper,APIFOOTBALL,4,LOST,-4
2026-05-17,Saudi Pro League,Al Shabab,Al-Ittihad FC,,OU,UNDER,2.5,1.5,50,0-0,oddsflow_active_trader,APIFOOTBALL,4,LOST,-4
2026-05-17,Saudi Pro League,Al Shabab,Al-Ittihad FC,,OU,UNDER,1.5,1.86,50,0-0,oddsflow_active_trader,NOVA88,50,LOST,-50
2026-05-17,Saudi Pro League,Al Shabab,Al-Ittihad FC,,OU,UNDER,1.5,1.82,50,0-0,oddsflow_active_trader,HGA,100,LOST,-100
2026-05-17,Saudi Pro League,Al Shabab,Al-Ittihad FC,,OU,UNDER,2.5,1.5,50,0-0,oddsflow_handicap_sniper,APIFOOTBALL,4,LOST,-4
2026-05-17,Saudi Pro League,Al Shabab,Al-Ittihad FC,,OU,UNDER,1.5,1.86,50,0-0,oddsflow_handicap_sniper,NOVA88,50,LOST,-50
2026-05-17,Saudi Pro League,Al Shabab,Al-Ittihad FC,,OU,UNDER,1.5,1.82,50,0-0,oddsflow_handicap_sniper,HGA,100,LOST,-100
2026-05-17,Saudi Pro League,Al Shabab,Al-Ittihad FC,,1X2,DRAW,0,3.65,53,0-0,oddsflow_handicap_sniper,APIFOOTBALL,4,LOST,-4
2026-05-17,Saudi Pro League,Al Shabab,Al-Ittihad FC,,1X2,DRAW,0,3.65,53,0-0,oddsflow_handicap_sniper,NOVA88,15,LOST,-15
2026-05-17,La Liga,Barcelona,Real Betis,,OU,UNDER,3.5,2.05,0,0-0,oddsflow_prematch_edge,APIFOOTBALL,10,LOST,-10
2026-05-17,Serie A,Udinese,Cremonese,,AH,HOME,0.5,2.375,35,0-1,oddsflow_active_trader,APIFOOTBALL,126,WON,173.25
2026-05-17,Serie A,Udinese,Cremonese,,AH,HOME,0.5,2.375,35,0-1,oddsflow_handicap_sniper,APIFOOTBALL,127,WON,174.63
2026-05-17,Serie A,Cagliari,Torino,,AH,HOME,0.5,2.1,38,0-0,oddsflow_active_trader,APIFOOTBALL,112,WON,123.2
2026-05-17,Serie A,Cagliari,Torino,,AH,HOME,0.5,2.1,38,0-0,oddsflow_handicap_sniper,APIFOOTBALL,111,WON,122.1
2026-05-17,Brasileirão Série A,Botafogo,Corinthians,,AH,AWAY,0,1.8,35,2-1,oddsflow_handicap_sniper,APIFOOTBALL,861,LOST,-861
2026-05-17,Brasileirão Série A,Botafogo,Corinthians,,OU,OVER,4.5,1.96,35,2-1,oddsflow_handicap_sniper,APIFOOTBALL,500,LOST,-500
2026-05-17,Brasileirão Série A,Botafogo,Corinthians,,AH,AWAY,0,1.8,35,2-1,oddsflow_handicap_sniper,NOVA88,50,LOST,-50
2026-05-17,Brasileirão Série A,Botafogo,Corinthians,,AH,AWAY,0,1.75,35,2-1,oddsflow_handicap_sniper,HGA,100,LOST,-100
2026-05-17,Ligue 1,Nice,Metz,,AH,AWAY,-1,1.99,35,0-0,oddsflow_active_trader,APIFOOTBALL,141,WON,139.59
2026-05-17,Brasileirão Série A,Botafogo,Corinthians,,AH,AWAY,0,1.8,35,2-1,oddsflow_active_trader,APIFOOTBALL,834,LOST,-834
2026-05-17,Ligue 1,Nice,Metz,,AH,AWAY,-1,1.99,35,0-0,oddsflow_beta,APIFOOTBALL,138,WON,136.62
2026-05-17,Ligue 1,Nice,Metz,,AH,AWAY,-1,1.99,35,0-0,oddsflow_active_trader,NOVA88,50,WON,49.5
2026-05-17,Brasileirão Série A,Botafogo,Corinthians,,AH,AWAY,0,1.8,35,2-1,oddsflow_active_trader,NOVA88,50,LOST,-50
2026-05-17,Ligue 1,Nice,Metz,,AH,AWAY,-1,1.99,35,0-0,oddsflow_beta,NOVA88,50,WON,49.5
2026-05-17,Ligue 1,Nice,Metz,,AH,AWAY,-1,1.94,35,0-0,oddsflow_active_trader,HGA,100,WON,94
2026-05-17,Brasileirão Série A,Botafogo,Corinthians,,AH,AWAY,0,1.75,35,2-1,oddsflow_active_trader,HGA,100,LOST,-100
2026-05-17,Ligue 1,Nice,Metz,,AH,AWAY,-1,1.94,35,0-0,oddsflow_beta,HGA,100,WON,94
2026-05-17,Ligue 1,Nice,Metz,,AH,AWAY,-1,1.99,35,0-0,oddsflow_handicap_sniper,APIFOOTBALL,138,WON,136.62
2026-05-17,Ligue 1,Nice,Metz,,AH,AWAY,-1,1.99,35,0-0,oddsflow_handicap_sniper,NOVA88,50,WON,49.5
2026-05-17,Ligue 1,Nice,Metz,,AH,AWAY,-1,1.94,35,0-0,oddsflow_handicap_sniper,HGA,100,WON,94
2026-05-17,Brasileirão Série A,Botafogo,Corinthians,,OU,OVER,4.5,1.98,35,2-1,oddsflow_active_trader,APIFOOTBALL,500,LOST,-500
2026-05-17,Brasileirão Série A,Bahia,Gremio,,1X2,DRAW,0,3.2,35,0-0,oddsflow_beta,APIFOOTBALL,500,WON,1100
2026-05-17,Brasileirão Série A,Bahia,Gremio,,1X2,DRAW,0,3.2,35,0-0,oddsflow_active_trader,APIFOOTBALL,500,WON,1100
2026-05-17,Brasileirão Série A,Bahia,Gremio,,1X2,DRAW,0,3.2,35,0-0,oddsflow_beta,NOVA88,33,WON,72.6
2026-05-17,Brasileirão Série A,Bahia,Gremio,,1X2,DRAW,0,3.2,35,0-0,oddsflow_active_trader,NOVA88,16,WON,35.2
2026-05-17,Brasileirão Série A,Bahia,Gremio,,1X2,DRAW,0,3.15,35,0-0,oddsflow_beta,HGA,65,WON,139.75
2026-05-17,Brasileirão Série A,Bahia,Gremio,,1X2,DRAW,0,3.15,35,0-0,oddsflow_active_trader,HGA,50,WON,107.5
2026-05-17,Brasileirão Série A,Bahia,Gremio,,1X2,DRAW,0,3.2,35,0-0,oddsflow_handicap_sniper,APIFOOTBALL,500,WON,1100
2026-05-17,Brasileirão Série A,Bahia,Gremio,,1X2,DRAW,0,3.2,35,0-0,oddsflow_handicap_sniper,NOVA88,34,WON,74.8
2026-05-17,Brasileirão Série A,Bahia,Gremio,,1X2,DRAW,0,3.15,35,0-0,oddsflow_handicap_sniper,HGA,67,WON,144.05
2026-05-17,Serie A,Cagliari,Torino,,AH,AWAY,-1,2.05,47,1-1,oddsflow_active_trader,APIFOOTBALL,139,VOID,0
2026-05-17,Serie A,Cagliari,Torino,,OU,UNDER,4.5,1.533,47,1-1,oddsflow_active_trader,APIFOOTBALL,153,WON,81.55
2026-05-17,Serie A,Cagliari,Torino,,OU,UNDER,4,2.17,47,1-1,oddsflow_active_trader,NOVA88,50,WON,58.5
2026-05-17,Serie A,Cagliari,Torino,,AH,AWAY,-1,2.05,47,1-1,oddsflow_handicap_sniper,APIFOOTBALL,139,VOID,0
2026-05-17,Serie A,Cagliari,Torino,,OU,UNDER,4.5,1.533,47,1-1,oddsflow_handicap_sniper,APIFOOTBALL,154,WON,82.08
2026-05-17,Serie A,Cagliari,Torino,,1X2,DRAW,0,4.333,47,1-1,oddsflow_handicap_sniper,APIFOOTBALL,100,LOST,-100
2026-05-17,Serie A,Cagliari,Torino,,OU,UNDER,4,2.17,47,1-1,oddsflow_handicap_sniper,NOVA88,50,WON,58.5
2026-05-17,Ligue 1,Marseille,Rennes,,OU,UNDER,4.5,2.06,37,2-0,oddsflow_active_trader,APIFOOTBALL,136,WON,144.16
2026-05-17,Ligue 1,Marseille,Rennes,,OU,UNDER,4.5,2.06,37,2-0,oddsflow_active_trader,NOVA88,50,WON,53
2026-05-17,Ligue 1,Marseille,Rennes,,OU,UNDER,4.5,2,37,2-0,oddsflow_active_trader,HGA,97,WON,97
2026-05-17,Ligue 1,Marseille,Rennes,,OU,UNDER,4.5,2.06,37,2-0,oddsflow_handicap_sniper,APIFOOTBALL,128,WON,135.68
2026-05-17,Ligue 1,Marseille,Rennes,,OU,UNDER,4.5,2.06,37,2-0,oddsflow_handicap_sniper,NOVA88,48,WON,50.88
2026-05-17,Ligue 1,Marseille,Rennes,,OU,UNDER,4.5,2,37,2-0,oddsflow_handicap_sniper,HGA,91,WON,91
2026-05-17,Brasileirão Série A,Bahia,Gremio,,AH,AWAY,-0.5,2.09,38,0-0,oddsflow_handicap_sniper,APIFOOTBALL,506,WON,551.54
2026-05-17,Brasileirão Série A,Bahia,Gremio,,AH,AWAY,-0.5,2.09,38,0-0,oddsflow_handicap_sniper,NOVA88,50,WON,54.5
2026-05-17,Brasileirão Série A,Bahia,Gremio,,AH,AWAY,-0.5,2.09,38,0-0,oddsflow_beta,APIFOOTBALL,524,WON,571.16
2026-05-17,Brasileirão Série A,Bahia,Gremio,,AH,AWAY,-0.5,2.09,38,0-0,oddsflow_beta,NOVA88,50,WON,54.5
2026-05-17,Brasileirão Série A,Bahia,Gremio,,AH,AWAY,-0.5,2.09,38,0-0,oddsflow_active_trader,APIFOOTBALL,523,WON,570.07
2026-05-17,Brasileirão Série A,Bahia,Gremio,,AH,AWAY,-0.5,2.09,38,0-0,oddsflow_active_trader,NOVA88,50,WON,54.5
2026-05-17,Ligue 1,Brest,Angers,,OU,UNDER,1.5,2.2,40,0-0,oddsflow_active_trader,APIFOOTBALL,100,LOST,-100
2026-05-17,Ligue 1,Paris FC,Paris Saint-Germain,,AH,HOME,0.5,2.06,39,0-0,oddsflow_beta,APIFOOTBALL,100,WON,106
2026-05-17,Ligue 1,Paris FC,Paris Saint-Germain,,AH,HOME,0.5,2.06,39,0-0,oddsflow_beta,NOVA88,31,WON,32.86
2026-05-17,Ligue 1,Paris FC,Paris Saint-Germain,,AH,HOME,0.5,2.02,39,0-0,oddsflow_beta,HGA,57,WON,58.14
2026-05-17,Ligue 1,Paris FC,Paris Saint-Germain,,AH,HOME,0.5,2.06,39,0-0,oddsflow_active_trader,APIFOOTBALL,100,WON,106
2026-05-17,Ligue 1,Paris FC,Paris Saint-Germain,,AH,HOME,0.5,2.04,39,0-0,oddsflow_active_trader,NOVA88,28,WON,29.12
2026-05-17,Ligue 1,Paris FC,Paris Saint-Germain,,AH,HOME,0.5,2.02,39,0-0,oddsflow_active_trader,HGA,53,WON,54.06
2026-05-17,Ligue 1,Brest,Angers,,OU,UNDER,1.5,2.2,40,0-0,oddsflow_handicap_sniper,APIFOOTBALL,100,LOST,-100
2026-05-17,Ligue 1,Paris FC,Paris Saint-Germain,,AH,HOME,0.5,2.04,40,0-0,oddsflow_handicap_sniper,APIFOOTBALL,100,WON,104
2026-05-17,Ligue 1,Paris FC,Paris Saint-Germain,,AH,HOME,0.5,2.04,40,0-0,oddsflow_handicap_sniper,NOVA88,32,WON,33.28
2026-05-17,Ligue 1,Paris FC,Paris Saint-Germain,,AH,HOME,0.5,2.02,40,0-0,oddsflow_handicap_sniper,HGA,61,WON,62.22
2026-05-17,Brasileirão Série A,Bahia,Gremio,,OU,UNDER,1.5,2.05,40,0-0,oddsflow_active_trader,APIFOOTBALL,500,LOST,-500
2026-05-17,Brasileirão Série A,Bahia,Gremio,,OU,UNDER,1.5,2.05,40,0-0,oddsflow_active_trader,NOVA88,50,LOST,-50
2026-05-17,Brasileirão Série A,Bahia,Gremio,,OU,UNDER,1.5,2.06,41,0-0,oddsflow_handicap_sniper,APIFOOTBALL,500,LOST,-500
2026-05-17,Brasileirão Série A,Bahia,Gremio,,OU,UNDER,1.5,2.06,41,0-0,oddsflow_handicap_sniper,NOVA88,50,LOST,-50
2026-05-17,Brasileirão Série A,Bahia,Gremio,,OU,UNDER,1.75,1.81,41,0-0,oddsflow_handicap_sniper,HGA,100,HALF_LOST,-50
2026-05-17,Brasileirão Série A,Bahia,Gremio,,OU,UNDER,1.5,2.06,41,0-0,oddsflow_beta,APIFOOTBALL,500,LOST,-500
2026-05-17,Brasileirão Série A,Bahia,Gremio,,OU,UNDER,1.5,2.06,41,0-0,oddsflow_beta,NOVA88,50,LOST,-50
2026-05-17,Brasileirão Série A,Bahia,Gremio,,OU,UNDER,1.75,1.81,41,0-0,oddsflow_beta,HGA,100,HALF_LOST,-50
2026-05-17,Ligue 1,Strasbourg,Monaco,,1X2,DRAW,0,3.2,42,1-1,oddsflow_beta,APIFOOTBALL,100,LOST,-100
2026-05-17,Ligue 1,Strasbourg,Monaco,,1X2,DRAW,0,3.2,42,1-1,oddsflow_beta,NOVA88,17,LOST,-17
2026-05-17,Ligue 1,Brest,Angers,,OU,UNDER,2.5,1.5,43,0-0,oddsflow_active_trader,APIFOOTBALL,228,WON,114
2026-05-17,Ligue 1,Brest,Angers,,OU,UNDER,1.25,2.03,43,0-0,oddsflow_active_trader,NOVA88,50,LOST,-50
2026-05-17,Ligue 1,Brest,Angers,,OU,UNDER,1.25,1.99,43,0-0,oddsflow_active_trader,HGA,100,LOST,-100
2026-05-17,Ligue 1,Strasbourg,Monaco,,1X2,DRAW,0,3.2,42,1-1,oddsflow_handicap_sniper,APIFOOTBALL,100,LOST,-100
2026-05-17,Ligue 1,Brest,Angers,,OU,UNDER,2.5,1.5,43,0-0,oddsflow_handicap_sniper,APIFOOTBALL,249,WON,124.5
2026-05-17,Ligue 1,Strasbourg,Monaco,,1X2,DRAW,0,3.2,42,1-1,oddsflow_handicap_sniper,NOVA88,17,LOST,-17
2026-05-17,Ligue 1,Brest,Angers,,OU,UNDER,1.25,2.03,43,0-0,oddsflow_handicap_sniper,NOVA88,50,LOST,-50
2026-05-17,Ligue 1,Brest,Angers,,OU,UNDER,1.25,1.99,43,0-0,oddsflow_handicap_sniper,HGA,100,LOST,-100
2026-05-17,Ligue 1,Brest,Angers,,1X2,DRAW,0,3.25,46,0-0,oddsflow_handicap_sniper,APIFOOTBALL,100,WON,225
2026-05-17,La Liga,Barcelona,Real Betis,,AH,AWAY,-1,1.94,33,1-0,oddsflow_beta,APIFOOTBALL,104,VOID,0
2026-05-17,La Liga,Barcelona,Real Betis,,AH,AWAY,-1,1.94,33,1-0,oddsflow_beta,NOVA88,50,VOID,0
2026-05-17,La Liga,Barcelona,Real Betis,,AH,AWAY,-1,1.93,33,1-0,oddsflow_beta,HGA,100,VOID,0
2026-05-17,La Liga,Barcelona,Real Betis,,AH,AWAY,-1,1.94,33,1-0,oddsflow_active_trader,APIFOOTBALL,108,VOID,0
2026-05-17,La Liga,Barcelona,Real Betis,,AH,AWAY,-1,1.94,33,1-0,oddsflow_active_trader,NOVA88,50,VOID,0
2026-05-17,La Liga,Barcelona,Real Betis,,AH,AWAY,-1,1.95,33,1-0,oddsflow_active_trader,HGA,100,VOID,0
2026-05-17,La Liga,Barcelona,Real Betis,,AH,AWAY,-1,1.94,33,1-0,oddsflow_handicap_sniper,APIFOOTBALL,106,VOID,0
2026-05-17,La Liga,Barcelona,Real Betis,,AH,AWAY,-1,1.94,33,1-0,oddsflow_handicap_sniper,NOVA88,50,VOID,0
2026-05-17,La Liga,Barcelona,Real Betis,,AH,AWAY,-1,1.95,33,1-0,oddsflow_handicap_sniper,HGA,100,VOID,0
2026-05-17,Serie A,Cagliari,Torino,,AH,AWAY,-1,2.15,47,2-1,oddsflow_beta,APIFOOTBALL,156,WON,179.4
2026-05-17,Serie A,Udinese,Cremonese,,OU,UNDER,2.5,1.533,48,0-1,oddsflow_active_trader,APIFOOTBALL,100,WON,53.3
2026-05-17,Serie A,Udinese,Cremonese,,OU,UNDER,2,2.05,48,0-1,oddsflow_active_trader,NOVA88,50,WON,52.5
2026-05-17,Serie A,Udinese,Cremonese,,OU,UNDER,2,2.02,48,0-1,oddsflow_active_trader,HGA,100,WON,102
2026-05-17,Serie A,Udinese,Cremonese,,OU,UNDER,2.5,1.571,48,0-1,oddsflow_handicap_sniper,APIFOOTBALL,100,WON,57.1
2026-05-17,Serie A,Udinese,Cremonese,,OU,UNDER,2,2.05,48,0-1,oddsflow_handicap_sniper,NOVA88,50,WON,52.5
2026-05-17,Serie A,Udinese,Cremonese,,OU,UNDER,2,1.99,48,0-1,oddsflow_handicap_sniper,HGA,100,WON,99
2026-05-17,Serie A,Udinese,Cremonese,,1X2,AWAY,0,1.571,53,0-1,oddsflow_active_trader,APIFOOTBALL,100,WON,57.1
2026-05-17,Serie A,Udinese,Cremonese,,1X2,AWAY,0,1.571,53,0-1,oddsflow_handicap_sniper,APIFOOTBALL,100,WON,57.1
2026-05-17,Ligue 1,Nice,Metz,,OU,UNDER,1.5,2.07,51,0-0,oddsflow_active_trader,APIFOOTBALL,100,WON,107
2026-05-17,Ligue 1,Nice,Metz,,OU,UNDER,1.5,2.07,51,0-0,oddsflow_handicap_sniper,APIFOOTBALL,100,WON,107
2026-05-17,Serie A,Udinese,Cremonese,,OU,UNDER,3.5,1.533,62,0-1,oddsflow_active_trader,APIFOOTBALL,141,WON,75.15
2026-05-17,Serie A,Udinese,Cremonese,,OU,UNDER,3.5,1.533,63,0-1,oddsflow_handicap_sniper,APIFOOTBALL,143,WON,76.22
2026-05-17,Serie A,Cagliari,Torino,,OU,OVER,3.5,1.615,63,2-1,oddsflow_beta,APIFOOTBALL,100,LOST,-100
2026-05-17,Serie A,Cagliari,Torino,,OU,OVER,3.75,1.97,63,2-1,oddsflow_beta,NOVA88,47,LOST,-47
2026-05-17,Serie A,Cagliari,Torino,,OU,OVER,3.5,1.615,63,2-1,oddsflow_active_trader,APIFOOTBALL,100,LOST,-100
2026-05-17,Serie A,Cagliari,Torino,,OU,OVER,3.75,1.97,63,2-1,oddsflow_active_trader,NOVA88,47,LOST,-47
2026-05-17,Serie A,Cagliari,Torino,,OU,OVER,3.75,1.94,63,2-1,oddsflow_active_trader,HGA,91,LOST,-91
2026-05-17,Serie A,Cagliari,Torino,,OU,OVER,3.5,1.615,63,2-1,oddsflow_handicap_sniper,APIFOOTBALL,100,LOST,-100
2026-05-17,Serie A,Cagliari,Torino,,OU,OVER,3.75,1.97,63,2-1,oddsflow_handicap_sniper,NOVA88,47,LOST,-47
2026-05-17,Serie A,Cagliari,Torino,,OU,OVER,3.75,1.94,63,2-1,oddsflow_handicap_sniper,HGA,91,LOST,-91
2026-05-17,Ligue 1,Brest,Angers,,1X2,DRAW,0,4.9,54,0-0,oddsflow_active_trader,APIFOOTBALL,100,WON,390
2026-05-17,Ligue 1,Nice,Metz,,1X2,DRAW,0,2.8,58,0-0,oddsflow_handicap_sniper,APIFOOTBALL,100,WON,180
2026-05-17,Ligue 1,Nice,Metz,,1X2,DRAW,0,2.8,58,0-0,oddsflow_handicap_sniper,NOVA88,16,WON,28.8
2026-05-17,Ligue 1,Nice,Metz,,1X2,DRAW,0,2.8,58,0-0,oddsflow_handicap_sniper,HGA,50,WON,90
2026-05-17,Ligue 1,Marseille,Rennes,,OU,UNDER,4.5,2.07,59,3-0,oddsflow_beta,APIFOOTBALL,129,WON,138.03
2026-05-17,Ligue 1,Marseille,Rennes,,OU,UNDER,4.5,2.06,59,3-0,oddsflow_beta,NOVA88,48,WON,50.88
2026-05-17,Ligue 1,Marseille,Rennes,,OU,UNDER,4.5,2.06,59,3-0,oddsflow_beta,HGA,96,WON,101.76
2026-05-17,Ligue 1,Lyon,Lens,,OU,UNDER,5.5,2.07,55,0-4,oddsflow_handicap_sniper,APIFOOTBALL,100,WON,107
2026-05-17,Ligue 1,Lyon,Lens,,OU,UNDER,5.5,2.07,55,0-4,oddsflow_active_trader,APIFOOTBALL,100,WON,107
2026-05-17,Ligue 1,Strasbourg,Monaco,,OU,UNDER,6.5,2.07,54,1-3,oddsflow_beta,APIFOOTBALL,252,LOST,-252
2026-05-17,Ligue 1,Strasbourg,Monaco,,OU,UNDER,6.5,2.07,54,1-3,oddsflow_beta,NOVA88,50,LOST,-50
2026-05-17,Ligue 1,Strasbourg,Monaco,,OU,UNDER,5.75,1.9,54,1-3,oddsflow_beta,HGA,100,LOST,-100
2026-05-17,Ligue 1,Strasbourg,Monaco,,OU,UNDER,6.5,2.07,54,1-3,oddsflow_handicap_sniper,APIFOOTBALL,251,LOST,-251
2026-05-17,Ligue 1,Strasbourg,Monaco,,OU,UNDER,6.5,2.07,54,1-3,oddsflow_handicap_sniper,NOVA88,50,LOST,-50
2026-05-17,Ligue 1,Strasbourg,Monaco,,OU,UNDER,5.75,1.9,54,1-3,oddsflow_handicap_sniper,HGA,100,LOST,-100
2026-05-17,Ligue 1,Strasbourg,Monaco,,OU,UNDER,6.5,2.07,54,1-3,oddsflow_active_trader,APIFOOTBALL,253,LOST,-253
2026-05-17,Ligue 1,Strasbourg,Monaco,,OU,UNDER,6.5,2.07,54,1-3,oddsflow_active_trader,NOVA88,50,LOST,-50
2026-05-17,Ligue 1,Nice,Metz,,AH,AWAY,-0.5,2.12,64,0-0,oddsflow_handicap_sniper,APIFOOTBALL,100,WON,112
2026-05-17,Ligue 1,Nice,Metz,,AH,AWAY,-0.5,2.12,64,0-0,oddsflow_active_trader,APIFOOTBALL,100,WON,112
2026-05-17,Brasileirão Série A,Bahia,Gremio,,1X2,AWAY,0,1.81,63,0-1,oddsflow_beta,APIFOOTBALL,574,LOST,-574
2026-05-17,Brasileirão Série A,Bahia,Gremio,,1X2,AWAY,0,1.81,63,0-1,oddsflow_active_trader,APIFOOTBALL,500,LOST,-500
2026-05-17,Brasileirão Série A,Bahia,Gremio,,1X2,AWAY,0,1.81,63,0-1,oddsflow_beta,NOVA88,50,LOST,-50
2026-05-17,Brasileirão Série A,Bahia,Gremio,,1X2,AWAY,0,1.81,63,0-1,oddsflow_active_trader,NOVA88,33,LOST,-33
2026-05-17,Brasileirão Série A,Bahia,Gremio,,1X2,AWAY,0,1.87,63,0-1,oddsflow_beta,HGA,100,LOST,-100
2026-05-17,Brasileirão Série A,Bahia,Gremio,,1X2,AWAY,0,1.87,63,0-1,oddsflow_active_trader,HGA,76,LOST,-76
2026-05-17,Brasileirão Série A,Bahia,Gremio,,1X2,AWAY,0,1.81,63,0-1,oddsflow_handicap_sniper,APIFOOTBALL,574,LOST,-574
2026-05-17,Brasileirão Série A,Bahia,Gremio,,1X2,AWAY,0,1.81,63,0-1,oddsflow_handicap_sniper,NOVA88,50,LOST,-50
2026-05-17,Brasileirão Série A,Bahia,Gremio,,1X2,AWAY,0,1.87,63,0-1,oddsflow_handicap_sniper,HGA,100,LOST,-100
2026-05-17,Ligue 1,Nice,Metz,,1X2,DRAW,0,2.31,70,0-0,oddsflow_active_trader,APIFOOTBALL,100,WON,131
2026-05-17,Ligue 1,Nice,Metz,,1X2,DRAW,0,2.31,70,0-0,oddsflow_active_trader,NOVA88,15,WON,19.65
2026-05-17,Ligue 1,Nice,Metz,,1X2,DRAW,0,2.35,70,0-0,oddsflow_active_trader,HGA,50,WON,67.5
2026-05-17,Ligue 1,Brest,Angers,,1X2,DRAW,0,1.78,72,1-1,oddsflow_beta,APIFOOTBALL,100,WON,78
2026-05-17,Ligue 1,Brest,Angers,,1X2,DRAW,0,1.88,72,1-1,oddsflow_beta,HGA,50,WON,44
2026-05-17,Brasileirão Série A,Botafogo,Corinthians,,OU,UNDER,4.5,2.05,70,2-1,oddsflow_handicap_sniper,APIFOOTBALL,647,WON,679.35
2026-05-17,Brasileirão Série A,Botafogo,Corinthians,,OU,UNDER,4.5,2.05,70,2-1,oddsflow_handicap_sniper,NOVA88,50,WON,52.5
2026-05-17,Brasileirão Série A,Botafogo,Corinthians,,OU,UNDER,4.5,2.05,70,2-1,oddsflow_active_trader,APIFOOTBALL,617,WON,647.85
2026-05-17,Brasileirão Série A,Botafogo,Corinthians,,OU,UNDER,4.5,2.05,70,2-1,oddsflow_active_trader,NOVA88,50,WON,52.5
2026-05-17,Brasileirão Série A,Bahia,Gremio,,OU,UNDER,2.5,2.05,72,0-1,oddsflow_handicap_sniper,APIFOOTBALL,575,WON,603.75
2026-05-17,Brasileirão Série A,Bahia,Gremio,,OU,UNDER,2.5,2.05,72,0-1,oddsflow_active_trader,APIFOOTBALL,576,WON,604.8
2026-05-17,Brasileirão Série A,Bahia,Gremio,,OU,UNDER,1.75,1.82,72,0-1,oddsflow_active_trader,HGA,100,HALF_LOST,-50
2026-05-17,Brasileirão Série A,Bahia,Gremio,,OU,UNDER,2.5,2.05,72,0-1,oddsflow_beta,APIFOOTBALL,583,WON,612.15
2026-05-17,La Liga,Barcelona,Real Betis,,AH,AWAY,-0.5,1.91,58,1-0,oddsflow_handicap_sniper,APIFOOTBALL,60,LOST,-60
2026-05-17,La Liga,Barcelona,Real Betis,,AH,AWAY,-0.5,1.91,58,1-0,oddsflow_active_trader,APIFOOTBALL,60,LOST,-60
2026-05-17,La Liga,Barcelona,Real Betis,,AH,AWAY,-0.5,1.9,58,1-0,oddsflow_beta,APIFOOTBALL,60,LOST,-60
2026-05-17,Ligue 1,Strasbourg,Monaco,,1X2,DRAW,0,3.8,72,4-4,oddsflow_active_trader,APIFOOTBALL,100,LOST,-100
2026-05-17,Ligue 1,Strasbourg,Monaco,,1X2,DRAW,0,3.8,72,4-4,oddsflow_active_trader,NOVA88,39,LOST,-39
2026-05-17,La Liga,Barcelona,Real Betis,,OU,UNDER,3.5,2.1,69,2-0,oddsflow_core_strategy,APIFOOTBALL,500,LOST,-500
2026-05-17,La Liga,Barcelona,Real Betis,,OU,UNDER,4.5,2.14,74,2-1,oddsflow_active_trader,APIFOOTBALL,113,WON,128.82
2026-05-17,Ligue 1,Nice,Metz,,OU,UNDER,1.5,2.1,95,0-0,oddsflow_core_strategy,APIFOOTBALL,500,WON,550
2026-05-17,La Liga,Barcelona,Real Betis,,OU,UNDER,4.5,2.14,74,2-1,oddsflow_active_trader,NOVA88,50,WON,57
2026-05-17,La Liga,Barcelona,Real Betis,,OU,UNDER,4.5,2.14,74,2-1,oddsflow_beta,APIFOOTBALL,111,WON,126.54
2026-05-17,La Liga,Barcelona,Real Betis,,OU,UNDER,4.5,2.14,74,2-1,oddsflow_beta,NOVA88,50,WON,57
2026-05-17,La Liga,Barcelona,Real Betis,,OU,UNDER,4.5,2.14,74,2-1,oddsflow_handicap_sniper,APIFOOTBALL,112,WON,127.68
2026-05-17,La Liga,Barcelona,Real Betis,,OU,UNDER,4.5,2.14,74,2-1,oddsflow_handicap_sniper,NOVA88,50,WON,57
2026-05-17,La Liga,Barcelona,Real Betis,,AH,AWAY,-1.5,2.2,80,3-1,oddsflow_handicap_sniper,APIFOOTBALL,71,WON,85.2
2026-05-17,La Liga,Barcelona,Real Betis,,AH,AWAY,-1.5,2.2,80,3-1,oddsflow_active_trader,APIFOOTBALL,71,WON,85.2
2026-05-17,La Liga,Barcelona,Real Betis,,AH,AWAY,-1.5,2.2,80,3-1,oddsflow_beta,APIFOOTBALL,71,WON,85.2
2026-05-17,Brasileirão Série A,RB Bragantino,Vitoria,,1X2,AWAY,0,5.78,0,0-0,oddsflow_prematch_edge,APIFOOTBALL,10,LOST,-10
2026-05-17,Brasileirão Série A,Chapecoense,Clube do Remo,,1X2,AWAY,0,3.05,0,0-0,oddsflow_prematch_edge,APIFOOTBALL,10,WON,20.5
2026-05-17,Brasileirão Série A,Chapecoense,Clube do Remo,,1X2,AWAY,0,2.86,0,0-0,oddsflow_prematch_edge,NOVA88,15,WON,27.9
2026-05-17,Brasileirão Série A,RB Bragantino,Vitoria,,AH,AWAY,-0.5,2.15,35,0-0,oddsflow_handicap_sniper,APIFOOTBALL,537,LOST,-537
2026-05-17,Brasileirão Série A,RB Bragantino,Vitoria,,OU,OVER,1.5,1.8,35,0-0,oddsflow_handicap_sniper,APIFOOTBALL,500,WON,400
2026-05-17,Brasileirão Série A,RB Bragantino,Vitoria,,AH,AWAY,-0.5,2.15,35,0-0,oddsflow_active_trader,APIFOOTBALL,535,LOST,-535
2026-05-17,Brasileirão Série A,RB Bragantino,Vitoria,,OU,OVER,1.5,1.8,35,0-0,oddsflow_active_trader,APIFOOTBALL,500,WON,400
2026-05-17,Brasileirão Série A,Chapecoense,Clube do Remo,,AH,AWAY,0,2.25,35,1-1,oddsflow_active_trader,APIFOOTBALL,703,WON,878.75
2026-05-17,Brasileirão Série A,Chapecoense,Clube do Remo,,OU,UNDER,3.5,2,35,1-1,oddsflow_active_trader,APIFOOTBALL,500,LOST,-500
2026-05-17,Brasileirão Série A,Chapecoense,Clube do Remo,,1X2,DRAW,0,2.75,35,1-1,oddsflow_active_trader,APIFOOTBALL,500,LOST,-500
2026-05-17,Brasileirão Série A,Chapecoense,Clube do Remo,,1X2,DRAW,0,2.82,35,1-1,oddsflow_active_trader,HGA,50,LOST,-50
2026-05-17,Brasileirão Série A,Chapecoense,Clube do Remo,,AH,AWAY,0,2.25,35,1-1,oddsflow_handicap_sniper,APIFOOTBALL,723,WON,903.75
2026-05-17,Brasileirão Série A,Chapecoense,Clube do Remo,,OU,UNDER,3.5,2,35,1-1,oddsflow_handicap_sniper,APIFOOTBALL,500,LOST,-500
2026-05-17,Brasileirão Série A,Chapecoense,Clube do Remo,,1X2,DRAW,0,2.75,35,1-1,oddsflow_handicap_sniper,APIFOOTBALL,500,LOST,-500
2026-05-17,Brasileirão Série A,Chapecoense,Clube do Remo,,1X2,DRAW,0,2.67,35,1-1,oddsflow_handicap_sniper,NOVA88,15,LOST,-15
2026-05-17,Brasileirão Série A,Chapecoense,Clube do Remo,,1X2,DRAW,0,2.82,35,1-1,oddsflow_handicap_sniper,HGA,50,LOST,-50
2026-05-17,Brasileirão Série A,RB Bragantino,Vitoria,,AH,AWAY,-0.5,2.15,39,0-0,oddsflow_beta,APIFOOTBALL,538,LOST,-538
2026-05-17,Brasileirão Série A,RB Bragantino,Vitoria,,OU,OVER,1.5,1.8,39,0-0,oddsflow_beta,APIFOOTBALL,500,WON,400
2026-05-17,Brasileirão Série A,RB Bragantino,Vitoria,,AH,AWAY,-1,2.75,39,0-0,oddsflow_handicap_sniper,APIFOOTBALL,583,LOST,-583
2026-05-17,Brasileirão Série A,RB Bragantino,Vitoria,,OU,UNDER,2.5,1.727,39,0-0,oddsflow_handicap_sniper,APIFOOTBALL,500,WON,363.5
2026-05-17,Brasileirão Série A,RB Bragantino,Vitoria,,OU,UNDER,1.5,1.99,39,0-0,oddsflow_handicap_sniper,NOVA88,44,LOST,-44
2026-05-17,Brasileirão Série A,RB Bragantino,Vitoria,,AH,AWAY,-1,2.75,39,0-0,oddsflow_beta,APIFOOTBALL,587,LOST,-587
2026-05-17,Brasileirão Série A,RB Bragantino,Vitoria,,AH,AWAY,-1,2.75,39,0-0,oddsflow_active_trader,APIFOOTBALL,575,LOST,-575
2026-05-17,Brasileirão Série A,RB Bragantino,Vitoria,,OU,UNDER,2.5,1.727,39,0-0,oddsflow_beta,APIFOOTBALL,500,WON,363.5
2026-05-17,Brasileirão Série A,RB Bragantino,Vitoria,,OU,UNDER,2.5,1.727,39,0-0,oddsflow_active_trader,APIFOOTBALL,500,WON,363.5
2026-05-17,Brasileirão Série A,RB Bragantino,Vitoria,,AH,AWAY,-1.5,2.025,41,1-0,oddsflow_beta,APIFOOTBALL,821,WON,841.53
2026-05-17,Brasileirão Série A,RB Bragantino,Vitoria,,AH,AWAY,-1.5,2.025,41,1-0,oddsflow_active_trader,APIFOOTBALL,824,WON,844.6
2026-05-17,Brasileirão Série A,RB Bragantino,Vitoria,,AH,AWAY,-1.5,2.025,41,1-0,oddsflow_handicap_sniper,APIFOOTBALL,819,WON,839.47
2026-05-17,Brasileirão Série A,RB Bragantino,Vitoria,,OU,OVER,2.5,1.909,42,1-0,oddsflow_handicap_sniper,APIFOOTBALL,500,LOST,-500
2026-05-17,Brasileirão Série A,Chapecoense,Clube do Remo,,AH,AWAY,-0.5,2.75,47,2-1,oddsflow_handicap_sniper,APIFOOTBALL,500,WON,875
2026-05-17,Brasileirão Série A,Chapecoense,Clube do Remo,,OU,UNDER,4.5,1.666,47,2-1,oddsflow_handicap_sniper,APIFOOTBALL,500,LOST,-500
2026-05-17,Brasileirão Série A,Chapecoense,Clube do Remo,,AH,AWAY,-0.5,2.75,47,2-1,oddsflow_active_trader,APIFOOTBALL,500,WON,875
2026-05-17,Brasileirão Série A,Chapecoense,Clube do Remo,,OU,UNDER,4.5,1.666,47,2-1,oddsflow_active_trader,APIFOOTBALL,500,LOST,-500
2026-05-17,Brasileirão Série A,Chapecoense,Clube do Remo,,OU,UNDER,4.25,1.88,47,2-1,oddsflow_handicap_sniper,NOVA88,49,LOST,-49
2026-05-17,Brasileirão Série A,Chapecoense,Clube do Remo,,OU,UNDER,4.25,1.9,47,2-1,oddsflow_handicap_sniper,HGA,100,LOST,-100
2026-05-17,Brasileirão Série A,Chapecoense,Clube do Remo,,OU,UNDER,4.25,1.9,47,2-1,oddsflow_active_trader,HGA,95,LOST,-95
2026-05-17,Brasileirão Série A,Chapecoense,Clube do Remo,,AH,AWAY,-1,1.875,50,2-1,oddsflow_handicap_sniper,APIFOOTBALL,790,WON,691.25
2026-05-17,Brasileirão Série A,Chapecoense,Clube do Remo,,AH,AWAY,-1,1.875,50,2-1,oddsflow_active_trader,APIFOOTBALL,797,WON,697.38
2026-05-17,Brasileirão Série A,Chapecoense,Clube do Remo,,OU,UNDER,5.5,1.5,51,2-2,oddsflow_handicap_sniper,APIFOOTBALL,500,WON,250
2026-05-17,Brasileirão Série A,Chapecoense,Clube do Remo,,OU,UNDER,5.5,1.5,51,2-2,oddsflow_active_trader,APIFOOTBALL,500,WON,250
2026-05-17,Brasileirão Série A,RB Bragantino,Vitoria,,OU,OVER,2.5,2.3,46,1-0,oddsflow_beta,APIFOOTBALL,500,LOST,-500
2026-05-17,Brasileirão Série A,RB Bragantino,Vitoria,,OU,OVER,2.5,2.3,46,1-0,oddsflow_active_trader,APIFOOTBALL,500,LOST,-500
2026-05-17,Brasileirão Série A,Atletico Paranaense,Flamengo,,AH,AWAY,-0.5,2,35,1-0,oddsflow_handicap_sniper,APIFOOTBALL,872,WON,872
2026-05-17,Brasileirão Série A,Atletico Paranaense,Flamengo,,AH,AWAY,-0.5,2,35,1-0,oddsflow_active_trader,APIFOOTBALL,866,WON,866
2026-05-17,Brasileirão Série A,Atletico Paranaense,Flamengo,,1X2,HOME,0,1.833,35,1-0,oddsflow_handicap_sniper,APIFOOTBALL,500,LOST,-500
2026-05-17,Brasileirão Série A,Atletico Paranaense,Flamengo,,1X2,HOME,0,1.833,35,1-0,oddsflow_active_trader,APIFOOTBALL,500,LOST,-500
2026-05-17,Brasileirão Série A,Atletico Paranaense,Flamengo,,OU,UNDER,2.5,1.727,43,1-0,oddsflow_active_trader,APIFOOTBALL,500,WON,363.5
2026-05-17,Brasileirão Série A,Atletico Paranaense,Flamengo,,OU,UNDER,2.5,1.727,43,1-0,oddsflow_handicap_sniper,APIFOOTBALL,500,WON,363.5
2026-05-17,Brasileirão Série A,Atletico Paranaense,Flamengo,,OU,UNDER,2.25,2.07,43,1-0,oddsflow_active_trader,NOVA88,45,HALF_WON,24.07
2026-05-17,Brasileirão Série A,Atletico Paranaense,Flamengo,,OU,UNDER,2.25,2.07,43,1-0,oddsflow_handicap_sniper,NOVA88,44,HALF_WON,23.54
2026-05-17,Brasileirão Série A,Atletico Paranaense,Flamengo,,OU,UNDER,2.25,2.01,43,1-0,oddsflow_active_trader,HGA,87,HALF_WON,43.93
2026-05-17,Brasileirão Série A,Atletico Paranaense,Flamengo,,AH,AWAY,-0.5,2.1,50,1-0,oddsflow_core_strategy,APIFOOTBALL,200,WON,220
2026-05-17,Brasileirão Série A,Atletico Paranaense,Flamengo,,AH,AWAY,-0.5,2.1,50,1-0,oddsflow_beta,APIFOOTBALL,897,WON,986.7
2026-05-17,Brasileirão Série A,Atletico Paranaense,Flamengo,,OU,UNDER,2.5,1.727,50,1-0,oddsflow_beta,APIFOOTBALL,666,WON,484.18
2026-05-17,Brasileirão Série A,Atletico Paranaense,Flamengo,,1X2,HOME,0,1.727,50,1-0,oddsflow_beta,APIFOOTBALL,500,LOST,-500
2026-05-17,Brasileirão Série A,Atletico Paranaense,Flamengo,,OU,UNDER,2.25,1.86,50,1-0,oddsflow_beta,NOVA88,50,HALF_WON,21.5
2026-05-17,Brasileirão Série A,Atletico Paranaense,Flamengo,,1X2,HOME,0,1.69,50,1-0,oddsflow_beta,HGA,50,LOST,-50
2026-05-17,Brasileirão Série A,Atletico Paranaense,Flamengo,,OU,UNDER,2.25,1.85,50,1-0,oddsflow_beta,HGA,100,HALF_WON,42.5
2026-05-18,Indian Super League,Kerala Blasters,Goa,,AH,HOME,0.5,1.7,12,0-0,oddsflow_core_strategy,APIFOOTBALL,6,WON,4.2
2026-05-18,Indian Super League,Kerala Blasters,Goa,,AH,HOME,-0.5,2.675,29,0-0,oddsflow_core_strategy,APIFOOTBALL,4,WON,6.7
2026-05-18,Indian Super League,Kerala Blasters,Goa,,AH,HOME,-0.5,2.75,35,0-0,oddsflow_handicap_sniper,APIFOOTBALL,4,WON,7
2026-05-18,Indian Super League,Kerala Blasters,Goa,,AH,HOME,-0.5,2.75,35,0-0,oddsflow_active_trader,APIFOOTBALL,4,WON,7
2026-05-18,Indian Super League,Kerala Blasters,Goa,,1X2,HOME,0,2.875,35,0-0,oddsflow_handicap_sniper,APIFOOTBALL,4,WON,7.5
2026-05-18,Indian Super League,Kerala Blasters,Goa,,1X2,HOME,0,2.875,35,0-0,oddsflow_active_trader,APIFOOTBALL,4,WON,7.5
2026-05-18,Indian Super League,Kerala Blasters,Goa,,1X2,HOME,0,2.76,35,0-0,oddsflow_handicap_sniper,NOVA88,33,WON,58.08
2026-05-18,Indian Super League,Kerala Blasters,Goa,,1X2,HOME,0,2.76,35,0-0,oddsflow_active_trader,NOVA88,15,WON,26.4
2026-05-18,Indian Super League,Kerala Blasters,Goa,,1X2,HOME,0,2.89,35,0-0,oddsflow_handicap_sniper,HGA,72,WON,136.08
2026-05-18,Indian Super League,Kerala Blasters,Goa,,1X2,HOME,0,2.89,35,0-0,oddsflow_active_trader,HGA,50,WON,94.5
2026-05-18,Indian Super League,Kerala Blasters,Goa,,AH,AWAY,-0.5,2.25,49,1-0,oddsflow_handicap_sniper,APIFOOTBALL,4,WON,5
2026-05-18,Indian Super League,Kerala Blasters,Goa,,AH,AWAY,-0.5,2.25,49,1-0,oddsflow_active_trader,APIFOOTBALL,4,WON,5
2026-05-18,Indian Super League,Kerala Blasters,Goa,,AH,AWAY,-0.5,2.25,50,1-0,oddsflow_core_strategy,APIFOOTBALL,4,WON,5
2026-05-18,Indian Super League,Kerala Blasters,Goa,,OU,UNDER,2.5,1.666,53,1-0,oddsflow_active_trader,APIFOOTBALL,4,LOST,-4
2026-05-18,Indian Super League,Kerala Blasters,Goa,,OU,UNDER,2.5,1.666,54,1-0,oddsflow_handicap_sniper,APIFOOTBALL,4,LOST,-4
2026-05-18,Indian Super League,Kerala Blasters,Goa,,1X2,DRAW,0,2.2,64,1-1,oddsflow_active_trader,APIFOOTBALL,4,LOST,-4
2026-05-18,Indian Super League,Kerala Blasters,Goa,,1X2,DRAW,0,2,68,1-1,oddsflow_handicap_sniper,APIFOOTBALL,4,LOST,-4
2026-05-18,Indian Super League,Kerala Blasters,Goa,,OU,OVER,2.5,1.571,69,1-1,oddsflow_handicap_sniper,APIFOOTBALL,4,WON,2.28
2026-05-18,Indian Super League,Kerala Blasters,Goa,,OU,OVER,2.5,1.571,69,1-1,oddsflow_active_trader,APIFOOTBALL,4,WON,2.28
2026-05-18,Premier League,Arsenal,Burnley,,AH,AWAY,-2.5,1.95,0,0-0,oddsflow_prematch_edge,APIFOOTBALL,10,WON,9.5
2026-05-18,Premier League,Arsenal,Burnley,,AH,AWAY,-2.5,2.04,0,0-0,oddsflow_prematch_edge,NOVA88,18,WON,18.72
2026-05-19,Chinese Super League,Sichuan Jiuniu,Dalian Zhixing,,AH,HOME,0,1.92,0,0-0,oddsflow_prematch_edge,APIFOOTBALL,10,VOID,0
2026-05-19,Chinese Super League,Tianjin Teda,Henan Jianye,,AH,HOME,0,2.14,0,0-0,oddsflow_prematch_edge,APIFOOTBALL,10,LOST,-10
2026-05-19,Chinese Super League,Sichuan Jiuniu,Dalian Zhixing,,AH,HOME,-0.5,2.675,10,0-0,oddsflow_core_strategy,APIFOOTBALL,200,LOST,-200
2026-05-19,Chinese Super League,Qingdao Youth Island,Beijing Guoan,,OU,OVER,2.75,1.93,0,0-0,oddsflow_prematch_edge,APIFOOTBALL,10,LOST,-10
2026-05-19,Indian Super League,NorthEast United,Mohammedan,,AH,AWAY,-1.5,2.675,33,1-0,oddsflow_core_strategy,APIFOOTBALL,4,WON,6.7
2026-05-19,Indian Super League,NorthEast United,Mohammedan,,AH,AWAY,-1.5,2.6,35,1-0,oddsflow_active_trader,APIFOOTBALL,4,WON,6.4
2026-05-19,Indian Super League,NorthEast United,Mohammedan,,AH,AWAY,-1.5,2.6,35,1-0,oddsflow_handicap_sniper,APIFOOTBALL,4,WON,6.4
2026-05-19,Indian Super League,NorthEast United,Mohammedan,,OU,OVER,3.5,2.2,36,1-0,oddsflow_active_trader,APIFOOTBALL,4,LOST,-4
2026-05-19,Chinese Super League,Qingdao Youth Island,Beijing Guoan,,AH,AWAY,1,2.6,10,0-0,oddsflow_core_strategy,APIFOOTBALL,200,LOST,-200
2026-05-19,Chinese Super League,Tianjin Teda,Henan Jianye,,AH,HOME,1,2.25,35,0-1,oddsflow_core_strategy,APIFOOTBALL,200,WON,250
2026-05-19,Chinese Super League,Tianjin Teda,Henan Jianye,,AH,HOME,1,2.25,36,0-1,oddsflow_active_trader,APIFOOTBALL,734,WON,917.5
2026-05-19,Chinese Super League,Tianjin Teda,Henan Jianye,,AH,HOME,1,2.25,36,0-1,oddsflow_handicap_sniper,APIFOOTBALL,748,WON,935
2026-05-19,Indian Super League,NorthEast United,Mohammedan,,OU,OVER,2.5,1.5,41,1-0,oddsflow_active_trader,APIFOOTBALL,4,LOST,-4
2026-05-19,Indian Super League,NorthEast United,Mohammedan,,OU,OVER,3,1.94,41,1-0,oddsflow_active_trader,HGA,96,LOST,-96
2026-05-19,Indian Super League,NorthEast United,Mohammedan,,OU,UNDER,3.5,2.375,48,2-0,oddsflow_active_trader,APIFOOTBALL,4,WON,5.5
2026-05-19,Chinese Super League,Chengdu Better City,Shanghai SIPG,,AH,HOME,-0.5,1.7,21,0-0,oddsflow_core_strategy,APIFOOTBALL,200,LOST,-200
2026-05-19,Chinese Super League,Sichuan Jiuniu,Dalian Zhixing,,1X2,DRAW,0,2.625,55,1-1,oddsflow_active_trader,APIFOOTBALL,500,WON,812.5
2026-05-19,Chinese Super League,Sichuan Jiuniu,Dalian Zhixing,,1X2,DRAW,0,2.625,55,1-1,oddsflow_handicap_sniper,APIFOOTBALL,500,WON,812.5
2026-05-19,Chinese Super League,Sichuan Jiuniu,Dalian Zhixing,,1X2,DRAW,0,2.53,55,1-1,oddsflow_handicap_sniper,NOVA88,15,WON,22.95
2026-05-19,Chinese Super League,Sichuan Jiuniu,Dalian Zhixing,,1X2,DRAW,0,2.66,55,1-1,oddsflow_active_trader,HGA,50,WON,83
2026-05-19,Chinese Super League,Sichuan Jiuniu,Dalian Zhixing,,1X2,DRAW,0,2.66,55,1-1,oddsflow_handicap_sniper,HGA,50,WON,83
2026-05-19,Chinese Super League,Chengdu Better City,Shanghai SIPG,,1X2,HOME,0,1.77,35,0-0,oddsflow_beta,APIFOOTBALL,558,LOST,-558
2026-05-19,Chinese Super League,Chengdu Better City,Shanghai SIPG,,1X2,HOME,0,1.77,35,0-0,oddsflow_beta,NOVA88,26,LOST,-26
2026-05-19,Chinese Super League,Chengdu Better City,Shanghai SIPG,,1X2,HOME,0,1.75,35,0-0,oddsflow_beta,HGA,50,LOST,-50
2026-05-19,Chinese Super League,Chengdu Better City,Shanghai SIPG,,1X2,HOME,0,1.77,35,0-0,oddsflow_handicap_sniper,APIFOOTBALL,558,LOST,-558
2026-05-19,Chinese Super League,Chengdu Better City,Shanghai SIPG,,1X2,HOME,0,1.77,35,0-0,oddsflow_active_trader,APIFOOTBALL,500,LOST,-500
2026-05-19,Chinese Super League,Chengdu Better City,Shanghai SIPG,,1X2,HOME,0,1.77,35,0-0,oddsflow_handicap_sniper,NOVA88,26,LOST,-26
2026-05-19,Chinese Super League,Chengdu Better City,Shanghai SIPG,,1X2,HOME,0,1.77,35,0-0,oddsflow_active_trader,NOVA88,16,LOST,-16
2026-05-19,Chinese Super League,Chengdu Better City,Shanghai SIPG,,1X2,HOME,0,1.75,35,0-0,oddsflow_handicap_sniper,HGA,50,LOST,-50
2026-05-19,Chinese Super League,Chengdu Better City,Shanghai SIPG,,1X2,HOME,0,1.75,35,0-0,oddsflow_active_trader,HGA,50,LOST,-50
2026-05-19,Chinese Super League,Sichuan Jiuniu,Dalian Zhixing,,AH,AWAY,0,1.7,55,1-1,oddsflow_active_trader,APIFOOTBALL,500,VOID,0
2026-05-19,Chinese Super League,Sichuan Jiuniu,Dalian Zhixing,,AH,AWAY,0,1.7,55,1-1,oddsflow_handicap_sniper,APIFOOTBALL,500,VOID,0
2026-05-19,Chinese Super League,Sichuan Jiuniu,Dalian Zhixing,,AH,AWAY,0,1.7,55,1-1,oddsflow_active_trader,HGA,50,VOID,0
2026-05-19,Chinese Super League,Sichuan Jiuniu,Dalian Zhixing,,AH,AWAY,0,1.7,55,1-1,oddsflow_handicap_sniper,HGA,50,VOID,0
2026-05-19,Chinese Super League,Tianjin Teda,Henan Jianye,,OU,UNDER,2.5,1.5,50,0-1,oddsflow_handicap_sniper,APIFOOTBALL,500,LOST,-500
2026-05-19,Chinese Super League,Tianjin Teda,Henan Jianye,,OU,UNDER,2.5,1.5,50,0-1,oddsflow_active_trader,APIFOOTBALL,500,LOST,-500
2026-05-19,Chinese Super League,Tianjin Teda,Henan Jianye,,OU,UNDER,2,1.96,50,0-1,oddsflow_handicap_sniper,NOVA88,49,LOST,-49
2026-05-19,Chinese Super League,Tianjin Teda,Henan Jianye,,OU,UNDER,2,1.96,50,0-1,oddsflow_active_trader,NOVA88,50,LOST,-50
2026-05-19,Chinese Super League,Tianjin Teda,Henan Jianye,,OU,UNDER,2,1.97,50,0-1,oddsflow_handicap_sniper,HGA,99,LOST,-99
2026-05-19,Chinese Super League,Tianjin Teda,Henan Jianye,,OU,UNDER,2,1.97,50,0-1,oddsflow_active_trader,HGA,100,LOST,-100
2026-05-19,Chinese Super League,Chengdu Better City,Shanghai SIPG,,AH,HOME,-0.5,1.83,41,0-0,oddsflow_handicap_sniper,APIFOOTBALL,500,LOST,-500
2026-05-19,Chinese Super League,Chengdu Better City,Shanghai SIPG,,AH,HOME,-0.5,1.83,41,0-0,oddsflow_active_trader,APIFOOTBALL,500,LOST,-500
2026-05-19,Chinese Super League,Chengdu Better City,Shanghai SIPG,,AH,HOME,-0.5,1.83,41,0-0,oddsflow_handicap_sniper,NOVA88,19,LOST,-19
2026-05-19,Chinese Super League,Chengdu Better City,Shanghai SIPG,,AH,HOME,-0.5,1.83,41,0-0,oddsflow_active_trader,NOVA88,24,LOST,-24
2026-05-19,Chinese Super League,Chengdu Better City,Shanghai SIPG,,AH,HOME,-0.5,1.8,41,0-0,oddsflow_handicap_sniper,HGA,50,LOST,-50
2026-05-19,Chinese Super League,Chengdu Better City,Shanghai SIPG,,AH,HOME,-0.5,1.8,41,0-0,oddsflow_active_trader,HGA,50,LOST,-50
2026-05-19,Chinese Super League,Qingdao Youth Island,Beijing Guoan,,OU,OVER,1.5,1.97,41,0-0,oddsflow_handicap_sniper,APIFOOTBALL,500,WON,485
2026-05-19,Chinese Super League,Qingdao Youth Island,Beijing Guoan,,OU,OVER,1.5,1.97,41,0-0,oddsflow_active_trader,APIFOOTBALL,500,WON,485
2026-05-19,Chinese Super League,Sichuan Jiuniu,Dalian Zhixing,,1X2,HOME,0,3.25,46,1-1,oddsflow_handicap_sniper,APIFOOTBALL,500,LOST,-500
2026-05-19,Chinese Super League,Sichuan Jiuniu,Dalian Zhixing,,1X2,HOME,0,3.2,46,1-1,oddsflow_handicap_sniper,NOVA88,17,LOST,-17
2026-05-19,Chinese Super League,Sichuan Jiuniu,Dalian Zhixing,,1X2,HOME,0,3.2,46,1-1,oddsflow_handicap_sniper,HGA,50,LOST,-50
2026-05-19,Chinese Super League,Sichuan Jiuniu,Dalian Zhixing,,1X2,HOME,0,3.4,47,1-1,oddsflow_active_trader,APIFOOTBALL,500,LOST,-500
2026-05-19,Chinese Super League,Sichuan Jiuniu,Dalian Zhixing,,1X2,HOME,0,3.2,47,1-1,oddsflow_active_trader,NOVA88,15,LOST,-15
2026-05-19,Chinese Super League,Sichuan Jiuniu,Dalian Zhixing,,1X2,HOME,0,3.2,47,1-1,oddsflow_active_trader,HGA,50,LOST,-50
2026-05-19,Chinese Super League,Chengdu Better City,Shanghai SIPG,,AH,HOME,-0.5,1.83,46,0-0,oddsflow_beta,APIFOOTBALL,500,LOST,-500
2026-05-19,Chinese Super League,Chengdu Better City,Shanghai SIPG,,OU,UNDER,1.5,2.01,46,0-0,oddsflow_beta,APIFOOTBALL,500,WON,505
2026-05-19,Chinese Super League,Chengdu Better City,Shanghai SIPG,,OU,UNDER,1.5,2.01,46,0-0,oddsflow_active_trader,APIFOOTBALL,500,WON,505
2026-05-19,Indian Super League,NorthEast United,Mohammedan,,OU,UNDER,3.5,1.727,60,2-0,oddsflow_handicap_sniper,APIFOOTBALL,4,WON,2.91
2026-05-19,Chinese Super League,Tianjin Teda,Henan Jianye,,AH,HOME,0.5,1.825,55,0-1,oddsflow_handicap_sniper,APIFOOTBALL,671,WON,553.57
2026-05-19,Chinese Super League,Tianjin Teda,Henan Jianye,,OU,OVER,1.5,1.727,55,0-1,oddsflow_handicap_sniper,APIFOOTBALL,500,WON,363.5
2026-05-19,Chinese Super League,Tianjin Teda,Henan Jianye,,1X2,AWAY,0,1.952,55,0-1,oddsflow_handicap_sniper,APIFOOTBALL,500,WON,476
2026-05-19,Chinese Super League,Tianjin Teda,Henan Jianye,,OU,OVER,2,2.05,55,0-1,oddsflow_handicap_sniper,NOVA88,50,WON,52.5
2026-05-19,Chinese Super League,Tianjin Teda,Henan Jianye,,OU,OVER,2,2,55,0-1,oddsflow_handicap_sniper,HGA,96,WON,96
2026-05-19,Chinese Super League,Tianjin Teda,Henan Jianye,,AH,HOME,0.5,1.825,56,0-1,oddsflow_active_trader,APIFOOTBALL,671,WON,553.57
2026-05-19,Chinese Super League,Sichuan Jiuniu,Dalian Zhixing,,OU,UNDER,3.5,1.727,50,1-1,oddsflow_active_trader,APIFOOTBALL,500,WON,363.5
2026-05-19,Chinese Super League,Tianjin Teda,Henan Jianye,,OU,OVER,1.5,1.727,56,0-1,oddsflow_active_trader,APIFOOTBALL,500,WON,363.5
2026-05-19,Chinese Super League,Tianjin Teda,Henan Jianye,,1X2,AWAY,0,1.952,56,0-1,oddsflow_active_trader,APIFOOTBALL,500,WON,476
2026-05-19,Chinese Super League,Tianjin Teda,Henan Jianye,,OU,OVER,2,2.09,56,0-1,oddsflow_active_trader,NOVA88,50,WON,54.5
2026-05-19,Chinese Super League,Tianjin Teda,Henan Jianye,,OU,OVER,2,2,56,0-1,oddsflow_active_trader,HGA,96,WON,96
2026-05-19,Chinese Super League,Sichuan Jiuniu,Dalian Zhixing,,OU,UNDER,3.5,1.727,50,1-1,oddsflow_handicap_sniper,APIFOOTBALL,500,WON,363.5
2026-05-19,Chinese Super League,Chengdu Better City,Shanghai SIPG,,OU,UNDER,1.5,2.02,47,0-0,oddsflow_handicap_sniper,APIFOOTBALL,500,WON,510
2026-05-19,Chinese Super League,Tianjin Teda,Henan Jianye,,1X2,DRAW,0,4.333,60,1-1,oddsflow_handicap_sniper,APIFOOTBALL,500,LOST,-500
2026-05-19,Chinese Super League,Tianjin Teda,Henan Jianye,,1X2,DRAW,0,3.75,60,1-1,oddsflow_handicap_sniper,NOVA88,50,LOST,-50
2026-05-19,Chinese Super League,Tianjin Teda,Henan Jianye,,1X2,DRAW,0,4.333,60,1-1,oddsflow_active_trader,APIFOOTBALL,500,LOST,-500
2026-05-19,Chinese Super League,Tianjin Teda,Henan Jianye,,1X2,DRAW,0,2.02,60,1-1,oddsflow_handicap_sniper,HGA,50,LOST,-50
2026-05-19,Chinese Super League,Tianjin Teda,Henan Jianye,,1X2,DRAW,0,3.75,60,1-1,oddsflow_active_trader,NOVA88,29,LOST,-29
2026-05-19,Indian Super League,NorthEast United,Mohammedan,,OU,OVER,2.5,1.5,74,2-0,oddsflow_beta,APIFOOTBALL,4,LOST,-4
2026-05-19,Indian Super League,NorthEast United,Mohammedan,,OU,OVER,2.5,1.533,74,2-0,oddsflow_handicap_sniper,APIFOOTBALL,4,LOST,-4
2026-05-19,Chinese Super League,Tianjin Teda,Henan Jianye,,AH,AWAY,0,1.71,69,1-1,oddsflow_active_trader,APIFOOTBALL,515,WON,365.65
2026-05-19,Chinese Super League,Tianjin Teda,Henan Jianye,,AH,AWAY,0,1.71,69,1-1,oddsflow_handicap_sniper,APIFOOTBALL,521,WON,369.91
2026-05-19,Chinese Super League,Tianjin Teda,Henan Jianye,,AH,AWAY,0,1.71,69,1-1,oddsflow_active_trader,NOVA88,50,WON,35.5
2026-05-19,Chinese Super League,Tianjin Teda,Henan Jianye,,AH,AWAY,0,1.71,69,1-1,oddsflow_handicap_sniper,NOVA88,50,WON,35.5
2026-05-19,Chinese Super League,Tianjin Teda,Henan Jianye,,AH,AWAY,0,1.63,69,1-1,oddsflow_active_trader,HGA,100,WON,63
2026-05-19,Chinese Super League,Tianjin Teda,Henan Jianye,,AH,AWAY,0,1.63,69,1-1,oddsflow_handicap_sniper,HGA,100,WON,63
2026-05-19,Chinese Super League,Chengdu Better City,Shanghai SIPG,,1X2,DRAW,0,2.4,58,0-0,oddsflow_beta,APIFOOTBALL,500,LOST,-500
2026-05-19,Chinese Super League,Chengdu Better City,Shanghai SIPG,,1X2,DRAW,0,2.3,60,0-0,oddsflow_handicap_sniper,APIFOOTBALL,500,LOST,-500
2026-05-19,Chinese Super League,Qingdao Youth Island,Beijing Guoan,,OU,OVER,0.75,1.72,61,0-0,oddsflow_active_trader,APIFOOTBALL,500,WON,360
2026-05-19,Chinese Super League,Qingdao Youth Island,Beijing Guoan,,OU,OVER,0.75,1.72,61,0-0,oddsflow_handicap_sniper,APIFOOTBALL,500,WON,360
2026-05-19,Chinese Super League,Qingdao Youth Island,Beijing Guoan,,AH,HOME,0.5,1.8,61,0-0,oddsflow_active_trader,APIFOOTBALL,500,WON,400
2026-05-19,Chinese Super League,Qingdao Youth Island,Beijing Guoan,,AH,HOME,0.5,1.8,61,0-0,oddsflow_active_trader,NOVA88,46,WON,36.8
2026-05-19,Chinese Super League,Qingdao Youth Island,Beijing Guoan,,AH,HOME,0.5,1.8,61,0-0,oddsflow_handicap_sniper,APIFOOTBALL,500,WON,400
2026-05-19,Chinese Super League,Qingdao Youth Island,Beijing Guoan,,AH,HOME,0.5,1.8,61,0-0,oddsflow_handicap_sniper,NOVA88,43,WON,34.4
2026-05-19,Chinese Super League,Chengdu Better City,Shanghai SIPG,,1X2,DRAW,0,2.15,66,0-0,oddsflow_active_trader,APIFOOTBALL,500,LOST,-500
2026-05-19,Chinese Super League,Qingdao Youth Island,Beijing Guoan,,1X2,DRAW,0,2.14,63,0-0,oddsflow_handicap_sniper,APIFOOTBALL,500,WON,570
2026-05-19,Chinese Super League,Chengdu Better City,Shanghai SIPG,,1X2,AWAY,0,1.68,70,0-1,oddsflow_active_trader,APIFOOTBALL,500,WON,340
2026-05-19,Chinese Super League,Chengdu Better City,Shanghai SIPG,,1X2,AWAY,0,1.68,70,0-1,oddsflow_handicap_sniper,APIFOOTBALL,500,WON,340
2026-05-19,Chinese Super League,Chengdu Better City,Shanghai SIPG,,1X2,AWAY,0,1.68,70,0-1,oddsflow_handicap_sniper,NOVA88,18,WON,12.24
2026-05-19,Premier League,Bournemouth,Manchester City,,1X2,HOME,0,4.78,0,0-0,oddsflow_prematch_edge,APIFOOTBALL,10,LOST,-10
2026-05-19,Premier League,Bournemouth,Manchester City,,1X2,HOME,0,4.35,0,0-0,oddsflow_prematch_edge,NOVA88,16,LOST,-16
2026-05-19,Premier League,Bournemouth,Manchester City,,AH,HOME,0.5,2.15,10,0-0,oddsflow_core_strategy,APIFOOTBALL,100,WON,115
2026-05-19,Premier League,Bournemouth,Manchester City,,AH,HOME,0.5,2.15,35,0-0,oddsflow_handicap_sniper,APIFOOTBALL,100,WON,115
2026-05-19,Premier League,Bournemouth,Manchester City,,AH,HOME,0.5,2.15,35,0-0,oddsflow_active_trader,APIFOOTBALL,100,WON,115
2026-05-19,Premier League,Bournemouth,Manchester City,,OU,UNDER,2.5,1.615,35,0-0,oddsflow_handicap_sniper,APIFOOTBALL,100,WON,61.5
2026-05-19,Premier League,Bournemouth,Manchester City,,OU,UNDER,2.5,1.615,35,0-0,oddsflow_active_trader,APIFOOTBALL,101,WON,62.12
2026-05-19,Premier League,Bournemouth,Manchester City,,1X2,DRAW,0,3.6,35,0-0,oddsflow_handicap_sniper,APIFOOTBALL,100,WON,260
2026-05-19,Premier League,Bournemouth,Manchester City,,OU,UNDER,2.25,1.84,35,0-0,oddsflow_handicap_sniper,HGA,100,HALF_WON,42
2026-05-19,Premier League,Bournemouth,Manchester City,,OU,UNDER,2.25,1.8,35,0-0,oddsflow_active_trader,NOVA88,50,HALF_WON,20
2026-05-19,Premier League,Bournemouth,Manchester City,,1X2,DRAW,0,3.6,35,0-0,oddsflow_handicap_sniper,NOVA88,22,WON,57.2
2026-05-19,Premier League,Bournemouth,Manchester City,,OU,UNDER,2.25,1.84,35,0-0,oddsflow_active_trader,HGA,100,HALF_WON,42
2026-05-19,Premier League,Bournemouth,Manchester City,,1X2,DRAW,0,3.55,35,0-0,oddsflow_handicap_sniper,HGA,50,WON,127.5
2026-05-19,Premier League,Bournemouth,Manchester City,,AH,AWAY,0,2.25,40,1-0,oddsflow_handicap_sniper,APIFOOTBALL,100,WON,125
2026-05-19,Premier League,Bournemouth,Manchester City,,1X2,HOME,0,2.25,40,1-0,oddsflow_handicap_sniper,APIFOOTBALL,100,LOST,-100
2026-05-19,Premier League,Bournemouth,Manchester City,,1X2,HOME,0,2.54,40,1-0,oddsflow_handicap_sniper,NOVA88,44,LOST,-44
2026-05-19,Premier League,Bournemouth,Manchester City,,1X2,HOME,0,2.54,40,1-0,oddsflow_handicap_sniper,HGA,88,LOST,-88
2026-05-19,Premier League,Bournemouth,Manchester City,,AH,AWAY,0,2.1,41,1-0,oddsflow_core_strategy,APIFOOTBALL,100,WON,110
2026-05-19,Premier League,Bournemouth,Manchester City,,AH,AWAY,0,2.1,41,1-0,oddsflow_active_trader,APIFOOTBALL,100,WON,110
2026-05-19,Premier League,Bournemouth,Manchester City,,1X2,HOME,0,2.375,41,1-0,oddsflow_active_trader,APIFOOTBALL,100,LOST,-100
2026-05-19,Premier League,Bournemouth,Manchester City,,1X2,HOME,0,2.47,41,1-0,oddsflow_active_trader,NOVA88,23,LOST,-23
2026-05-19,Premier League,Bournemouth,Manchester City,,1X2,HOME,0,2.58,41,1-0,oddsflow_active_trader,HGA,53,LOST,-53
2026-05-19,Premier League,Bournemouth,Manchester City,,OU,UNDER,3.5,1.5,41,1-0,oddsflow_active_trader,APIFOOTBALL,100,WON,50
2026-05-19,Premier League,Bournemouth,Manchester City,,OU,UNDER,3.5,1.5,41,1-0,oddsflow_handicap_sniper,APIFOOTBALL,100,WON,50
2026-05-19,Premier League,Bournemouth,Manchester City,,OU,UNDER,3,1.93,41,1-0,oddsflow_handicap_sniper,NOVA88,50,WON,46.5
2026-05-19,Premier League,Chelsea,Tottenham Hotspur,,OU,OVER,2.75,2.05,0,0-0,oddsflow_prematch_edge,APIFOOTBALL,10,HALF_WON,5.25
2026-05-19,Premier League,Chelsea,Tottenham Hotspur,,AH,AWAY,0,2.3,10,0-0,oddsflow_core_strategy,APIFOOTBALL,100,LOST,-100
2026-05-19,Premier League,Chelsea,Tottenham Hotspur,,AH,AWAY,-1,2,18,0-0,oddsflow_core_strategy,APIFOOTBALL,100,VOID,0
2026-05-19,Premier League,Chelsea,Tottenham Hotspur,,AH,AWAY,-1,2.025,35,1-0,oddsflow_active_trader,APIFOOTBALL,158,WON,161.95
2026-05-19,Premier League,Chelsea,Tottenham Hotspur,,AH,AWAY,-1,2.025,35,1-0,oddsflow_handicap_sniper,APIFOOTBALL,158,WON,161.95
2026-05-19,Premier League,Bournemouth,Manchester City,,AH,AWAY,-0.5,1.9,63,1-0,oddsflow_active_trader,APIFOOTBALL,100,WON,90
2026-05-19,Premier League,Bournemouth,Manchester City,,AH,AWAY,-0.5,1.9,63,1-0,oddsflow_handicap_sniper,APIFOOTBALL,100,WON,90
2026-05-19,Premier League,Chelsea,Tottenham Hotspur,,OU,OVER,1.5,1.615,67,1-0,oddsflow_handicap_sniper,APIFOOTBALL,100,WON,61.5
2026-05-19,Premier League,Chelsea,Tottenham Hotspur,,OU,OVER,1.5,1.615,67,1-0,oddsflow_active_trader,APIFOOTBALL,100,WON,61.5
2026-05-19,Premier League,Chelsea,Tottenham Hotspur,,OU,OVER,1.75,1.96,67,1-0,oddsflow_handicap_sniper,NOVA88,46,WON,44.16
2026-05-19,Premier League,Chelsea,Tottenham Hotspur,,OU,OVER,1.75,1.94,67,1-0,oddsflow_handicap_sniper,HGA,91,WON,85.54
2026-05-19,Premier League,Chelsea,Tottenham Hotspur,,OU,OVER,1.75,1.96,67,1-0,oddsflow_active_trader,NOVA88,46,WON,44.16
2026-05-19,Premier League,Chelsea,Tottenham Hotspur,,OU,OVER,1.75,1.94,67,1-0,oddsflow_active_trader,HGA,91,WON,85.54
2026-05-20,Chinese Super League,Shenyang Urban,Qingdao Jonoon,,AH,AWAY,-0.5,1.925,14,0-0,oddsflow_core_strategy,APIFOOTBALL,200,LOST,-200
2026-05-20,Chinese Super League,Shenyang Urban,Qingdao Jonoon,,AH,AWAY,-0.5,2.03,14,0-0,oddsflow_core_strategy,NOVA88,50,LOST,-50
2026-05-20,Chinese Super League,Shenyang Urban,Qingdao Jonoon,,AH,AWAY,-0.5,1.98,14,0-0,oddsflow_core_strategy,HGA,100,LOST,-100
2026-05-20,Chinese Super League,Shanghai Shenhua,Wuhan Three Towns,,AH,AWAY,-1,2.06,0,0-0,oddsflow_prematch_edge,APIFOOTBALL,10,WON,10.6
2026-05-20,Chinese Super League,Shanghai Shenhua,Wuhan Three Towns,,AH,AWAY,-1,1.89,0,0-0,oddsflow_prematch_edge,NOVA88,15,WON,13.35
2026-05-20,Chinese Super League,Shenyang Urban,Qingdao Jonoon,,AH,AWAY,-0.5,1.925,35,1-0,oddsflow_handicap_sniper,APIFOOTBALL,922,WON,852.85
2026-05-20,Chinese Super League,Shenyang Urban,Qingdao Jonoon,,1X2,AWAY,0,4.5,35,1-0,oddsflow_handicap_sniper,APIFOOTBALL,500,LOST,-500
2026-05-20,Chinese Super League,Shenyang Urban,Qingdao Jonoon,,AH,AWAY,-0.5,1.925,35,1-0,oddsflow_active_trader,APIFOOTBALL,873,WON,807.53
2026-05-20,Chinese Super League,Shenyang Urban,Qingdao Jonoon,,1X2,AWAY,0,4.05,35,1-0,oddsflow_handicap_sniper,NOVA88,15,LOST,-15
2026-05-20,Chinese Super League,Shenyang Urban,Qingdao Jonoon,,AH,AWAY,-1.5,1.85,36,1-0,oddsflow_handicap_sniper,APIFOOTBALL,953,WON,810.05
2026-05-20,Chinese Super League,Shenyang Urban,Qingdao Jonoon,,AH,AWAY,-1.5,1.85,36,1-0,oddsflow_active_trader,APIFOOTBALL,1231,WON,1046.35
2026-05-20,Chinese Super League,Shenyang Urban,Qingdao Jonoon,,OU,OVER,2.5,1.5,36,1-0,oddsflow_handicap_sniper,APIFOOTBALL,539,WON,269.5
2026-05-20,Chinese Super League,Shenyang Urban,Qingdao Jonoon,,OU,OVER,2.5,1.5,36,1-0,oddsflow_active_trader,APIFOOTBALL,714,WON,357
2026-05-20,Chinese Super League,Shenyang Urban,Qingdao Jonoon,,OU,OVER,2.75,1.81,36,1-0,oddsflow_handicap_sniper,NOVA88,50,HALF_WON,20.25
2026-05-20,Chinese Super League,Shenyang Urban,Qingdao Jonoon,,OU,OVER,2.75,1.81,36,1-0,oddsflow_active_trader,NOVA88,50,HALF_WON,20.25
2026-05-20,Chinese Super League,Shenyang Urban,Qingdao Jonoon,,OU,OVER,2.75,1.86,36,1-0,oddsflow_handicap_sniper,HGA,100,HALF_WON,43
2026-05-20,Chinese Super League,Shenyang Urban,Qingdao Jonoon,,OU,OVER,2.75,1.86,36,1-0,oddsflow_active_trader,HGA,100,HALF_WON,43
2026-05-20,Chinese Super League,Shenyang Urban,Qingdao Jonoon,,AH,AWAY,-1,2.35,36,1-0,oddsflow_handicap_sniper,APIFOOTBALL,602,WON,812.7
2026-05-20,Chinese Super League,Shenyang Urban,Qingdao Jonoon,,AH,AWAY,-1,2.35,36,1-0,oddsflow_active_trader,APIFOOTBALL,750,WON,1012.5
2026-05-20,Chinese Super League,Shenyang Urban,Qingdao Jonoon,,1X2,DRAW,0,5,45,1-0,oddsflow_handicap_sniper,APIFOOTBALL,500,LOST,-500
2026-05-20,Chinese Super League,Shenyang Urban,Qingdao Jonoon,,AH,AWAY,-1,2.675,48,1-0,oddsflow_beta,APIFOOTBALL,896,WON,1500.8
2026-05-20,Chinese Super League,Shenyang Urban,Qingdao Jonoon,,OU,OVER,2.5,1.727,48,1-0,oddsflow_beta,APIFOOTBALL,500,WON,363.5
2026-05-20,Chinese Super League,Shenyang Urban,Qingdao Jonoon,,1X2,DRAW,0,5,49,1-0,oddsflow_beta,APIFOOTBALL,500,LOST,-500
2026-05-20,Chinese Super League,Shanghai Shenhua,Wuhan Three Towns,,AH,AWAY,-1.5,2.1,30,1-0,oddsflow_core_strategy,APIFOOTBALL,200,WON,220
2026-05-20,Chinese Super League,Shanghai Shenhua,Wuhan Three Towns,,AH,AWAY,-1.5,2.15,35,1-0,oddsflow_active_trader,APIFOOTBALL,952,WON,1094.8
2026-05-20,Chinese Super League,Shanghai Shenhua,Wuhan Three Towns,,AH,AWAY,-1.5,2.15,35,1-0,oddsflow_handicap_sniper,APIFOOTBALL,931,WON,1070.65
2026-05-20,Chinese Super League,Shanghai Shenhua,Wuhan Three Towns,,OU,OVER,3.5,2.5,38,2-0,oddsflow_handicap_sniper,APIFOOTBALL,500,WON,750
2026-05-20,Chinese Super League,Shanghai Shenhua,Wuhan Three Towns,,OU,OVER,3.5,2.5,38,2-0,oddsflow_active_trader,APIFOOTBALL,500,WON,750
2026-05-20,Chinese Super League,Shanghai Shenhua,Wuhan Three Towns,,OU,UNDER,3.5,2.5,40,2-0,oddsflow_handicap_sniper,APIFOOTBALL,500,LOST,-500
2026-05-20,Chinese Super League,Shanghai Shenhua,Wuhan Three Towns,,OU,UNDER,3.5,2.5,40,2-0,oddsflow_active_trader,APIFOOTBALL,500,LOST,-500
2026-05-20,Chinese Super League,Shanghai Shenhua,Wuhan Three Towns,,OU,UNDER,4.5,1.5,42,2-0,oddsflow_active_trader,APIFOOTBALL,500,WON,250
2026-05-20,Chinese Super League,Shanghai Shenhua,Wuhan Three Towns,,OU,UNDER,4,1.96,42,2-0,oddsflow_active_trader,NOVA88,50,VOID,0
2026-05-20,Chinese Super League,Shanghai Shenhua,Wuhan Three Towns,,OU,UNDER,4,1.94,42,2-0,oddsflow_active_trader,HGA,100,VOID,0
2026-05-20,Chinese Super League,Shanghai Shenhua,Wuhan Three Towns,,OU,UNDER,4.5,1.5,42,2-0,oddsflow_handicap_sniper,APIFOOTBALL,500,WON,250
2026-05-20,Chinese Super League,Shanghai Shenhua,Wuhan Three Towns,,OU,UNDER,4,1.96,42,2-0,oddsflow_handicap_sniper,NOVA88,50,VOID,0
2026-05-20,Chinese Super League,Shanghai Shenhua,Wuhan Three Towns,,OU,UNDER,4,1.94,42,2-0,oddsflow_handicap_sniper,HGA,100,VOID,0
2026-05-20,Chinese Super League,Shenyang Urban,Qingdao Jonoon,,AH,AWAY,0,2.75,58,1-1,oddsflow_beta,APIFOOTBALL,500,LOST,-500
2026-05-20,Chinese Super League,Shenyang Urban,Qingdao Jonoon,,AH,AWAY,0,2.75,58,1-1,oddsflow_handicap_sniper,APIFOOTBALL,500,LOST,-500
2026-05-20,Chinese Super League,Shenyang Urban,Qingdao Jonoon,,1X2,AWAY,0,4.75,58,1-1,oddsflow_beta,APIFOOTBALL,500,LOST,-500
2026-05-20,Chinese Super League,Shenyang Urban,Qingdao Jonoon,,1X2,AWAY,0,3.95,58,1-1,oddsflow_beta,HGA,61,LOST,-61
2026-05-20,Chinese Super League,Shenyang Urban,Qingdao Jonoon,,OU,OVER,3.5,2.5,58,1-1,oddsflow_beta,APIFOOTBALL,500,LOST,-500
2026-05-20,Chinese Super League,Shenyang Urban,Qingdao Jonoon,,AH,AWAY,0,2.675,59,1-1,oddsflow_active_trader,APIFOOTBALL,500,LOST,-500
2026-05-20,Chinese Super League,Shenyang Urban,Qingdao Jonoon,,1X2,AWAY,0,4.5,59,1-1,oddsflow_active_trader,APIFOOTBALL,500,LOST,-500
2026-05-20,Chinese Super League,Shenyang Urban,Qingdao Jonoon,,1X2,AWAY,0,4.4,59,1-1,oddsflow_active_trader,NOVA88,15,LOST,-15
2026-05-20,Chinese Super League,Shenyang Urban,Qingdao Jonoon,,1X2,AWAY,0,4.3,59,1-1,oddsflow_active_trader,HGA,50,LOST,-50
2026-05-20,Chinese Super League,Shenyang Urban,Qingdao Jonoon,,1X2,DRAW,0,1.909,73,1-1,oddsflow_active_trader,APIFOOTBALL,500,LOST,-500
2026-05-20,Chinese Super League,Shanghai Shenhua,Wuhan Three Towns,,AH,AWAY,-1,2.75,50,2-1,oddsflow_active_trader,APIFOOTBALL,600,WON,1050
2026-05-20,Chinese Super League,Shanghai Shenhua,Wuhan Three Towns,,AH,AWAY,-1,2.75,50,2-1,oddsflow_handicap_sniper,APIFOOTBALL,604,WON,1057
2026-05-20,Chinese Super League,Shanghai Shenhua,Wuhan Three Towns,,AH,AWAY,-1,2.425,74,2-1,oddsflow_beta,APIFOOTBALL,1025,WON,1460.62
2026-05-20,Chinese Super League,Shanghai Shenhua,Wuhan Three Towns,,AH,AWAY,0,2.75,75,2-2,oddsflow_handicap_sniper,APIFOOTBALL,500,VOID,0
2026-05-20,Chinese Super League,Shanghai Shenhua,Wuhan Three Towns,,1X2,DRAW,0,1.952,75,2-2,oddsflow_handicap_sniper,APIFOOTBALL,500,WON,476
2026-05-20,Chinese Super League,Shanghai Shenhua,Wuhan Three Towns,,1X2,DRAW,0,1.83,75,2-2,oddsflow_handicap_sniper,NOVA88,17,WON,14.11
2026-05-20,Chinese Super League,Shanghai Shenhua,Wuhan Three Towns,,1X2,DRAW,0,1.88,75,2-2,oddsflow_handicap_sniper,HGA,50,WON,44
2026-05-20,Chinese Super League,Shanghai Shenhua,Wuhan Three Towns,,AH,AWAY,0,2.75,75,2-2,oddsflow_beta,APIFOOTBALL,500,VOID,0
2026-05-20,Chinese Super League,Shanghai Shenhua,Wuhan Three Towns,,1X2,DRAW,0,1.952,75,2-2,oddsflow_beta,APIFOOTBALL,500,WON,476
2026-05-20,Chinese Super League,Shanghai Shenhua,Wuhan Three Towns,,1X2,DRAW,0,1.83,75,2-2,oddsflow_beta,NOVA88,17,WON,14.11
2026-05-20,Chinese Super League,Shanghai Shenhua,Wuhan Three Towns,,1X2,DRAW,0,1.88,75,2-2,oddsflow_beta,HGA,50,WON,44
2026-05-20,Chinese Super League,Shanghai Shenhua,Wuhan Three Towns,,AH,AWAY,0,2.75,75,2-2,oddsflow_active_trader,APIFOOTBALL,500,VOID,0
2026-05-20,Chinese Super League,Shanghai Shenhua,Wuhan Three Towns,,1X2,DRAW,0,1.952,75,2-2,oddsflow_active_trader,APIFOOTBALL,500,WON,476
2026-05-20,Chinese Super League,Chongqing Tongliang Long,Yunnan Yukun,,AH,AWAY,0.25,2.03,0,0-0,oddsflow_prematch_edge,APIFOOTBALL,10,HALF_LOST,-5
2026-05-20,Chinese Super League,Hangzhou Greentown,Shandong Luneng,,AH,AWAY,0.25,2.08,0,0-0,oddsflow_prematch_edge,APIFOOTBALL,10,LOST,-10
2026-05-20,Chinese Super League,Hangzhou Greentown,Shandong Luneng,,AH,AWAY,0.25,1.91,0,0-0,oddsflow_prematch_edge,NOVA88,16,LOST,-16
2026-05-20,Chinese Super League,Hangzhou Greentown,Shandong Luneng,,AH,HOME,0.5,2.15,10,0-1,oddsflow_core_strategy,APIFOOTBALL,200,WON,230
2026-05-20,Chinese Super League,Chongqing Tongliang Long,Yunnan Yukun,,AH,AWAY,0,1.875,23,0-0,oddsflow_core_strategy,APIFOOTBALL,200,VOID,0
2026-05-20,Chinese Super League,Chongqing Tongliang Long,Yunnan Yukun,,AH,AWAY,0,1.9,23,0-0,oddsflow_core_strategy,NOVA88,50,VOID,0
2026-05-20,Chinese Super League,Chongqing Tongliang Long,Yunnan Yukun,,AH,AWAY,0,1.93,23,0-0,oddsflow_core_strategy,HGA,100,VOID,0
2026-05-20,Chinese Super League,Hangzhou Greentown,Shandong Luneng,,1X2,AWAY,0,1.9,35,0-1,oddsflow_active_trader,APIFOOTBALL,521,LOST,-521
2026-05-20,Chinese Super League,Hangzhou Greentown,Shandong Luneng,,1X2,AWAY,0,1.9,35,0-1,oddsflow_active_trader,NOVA88,32,LOST,-32
2026-05-20,Chinese Super League,Hangzhou Greentown,Shandong Luneng,,1X2,AWAY,0,1.89,35,0-1,oddsflow_active_trader,HGA,63,LOST,-63
2026-05-20,Chinese Super League,Hangzhou Greentown,Shandong Luneng,,1X2,AWAY,0,1.89,35,0-1,oddsflow_handicap_sniper,APIFOOTBALL,814,LOST,-814
2026-05-20,Chinese Super League,Hangzhou Greentown,Shandong Luneng,,1X2,AWAY,0,1.9,35,0-1,oddsflow_handicap_sniper,NOVA88,50,LOST,-50
2026-05-20,Chinese Super League,Hangzhou Greentown,Shandong Luneng,,1X2,AWAY,0,1.89,35,0-1,oddsflow_handicap_sniper,HGA,100,LOST,-100
2026-05-20,Chinese Super League,Chongqing Tongliang Long,Yunnan Yukun,,AH,AWAY,0,1.875,35,0-0,oddsflow_active_trader,APIFOOTBALL,612,VOID,0
2026-05-20,Chinese Super League,Chongqing Tongliang Long,Yunnan Yukun,,OU,UNDER,2.5,1.727,35,0-0,oddsflow_active_trader,APIFOOTBALL,599,WON,435.47
2026-05-20,Chinese Super League,Chongqing Tongliang Long,Yunnan Yukun,,AH,AWAY,0,1.89,35,0-0,oddsflow_active_trader,NOVA88,50,VOID,0
2026-05-20,Chinese Super League,Chongqing Tongliang Long,Yunnan Yukun,,AH,AWAY,0,1.89,35,0-0,oddsflow_active_trader,HGA,100,VOID,0
2026-05-20,Chinese Super League,Chongqing Tongliang Long,Yunnan Yukun,,AH,AWAY,0,1.875,35,0-0,oddsflow_handicap_sniper,APIFOOTBALL,633,VOID,0
2026-05-20,Chinese Super League,Chongqing Tongliang Long,Yunnan Yukun,,OU,UNDER,2.5,1.615,35,0-0,oddsflow_handicap_sniper,APIFOOTBALL,552,WON,339.48
2026-05-20,Chinese Super League,Chongqing Tongliang Long,Yunnan Yukun,,AH,AWAY,0,1.89,35,0-0,oddsflow_handicap_sniper,NOVA88,50,VOID,0
2026-05-20,Chinese Super League,Chongqing Tongliang Long,Yunnan Yukun,,OU,UNDER,1.75,2.07,35,0-0,oddsflow_handicap_sniper,NOVA88,50,WON,53.5
2026-05-20,Chinese Super League,Chongqing Tongliang Long,Yunnan Yukun,,AH,AWAY,0,1.92,35,0-0,oddsflow_handicap_sniper,HGA,100,VOID,0
2026-05-20,Chinese Super League,Chongqing Tongliang Long,Yunnan Yukun,,1X2,DRAW,0,3.4,35,0-0,oddsflow_handicap_sniper,APIFOOTBALL,500,WON,1200
2026-05-20,Chinese Super League,Chongqing Tongliang Long,Yunnan Yukun,,1X2,DRAW,0,2.85,35,0-0,oddsflow_handicap_sniper,NOVA88,15,WON,27.75
2026-05-20,Chinese Super League,Chongqing Tongliang Long,Yunnan Yukun,,1X2,DRAW,0,3.05,35,0-0,oddsflow_handicap_sniper,HGA,50,WON,102.5
2026-05-20,Chinese Super League,Chongqing Tongliang Long,Yunnan Yukun,,1X2,DRAW,0,3.4,36,0-0,oddsflow_active_trader,APIFOOTBALL,500,WON,1200
2026-05-20,Chinese Super League,Chongqing Tongliang Long,Yunnan Yukun,,OU,UNDER,3.5,1.5,45,1-0,oddsflow_active_trader,APIFOOTBALL,522,WON,261
2026-05-20,Chinese Super League,Chongqing Tongliang Long,Yunnan Yukun,,OU,UNDER,3.5,1.5,45,1-0,oddsflow_handicap_sniper,APIFOOTBALL,533,WON,266.5
2026-05-20,Chinese Super League,Chongqing Tongliang Long,Yunnan Yukun,,OU,UNDER,1.5,1.99,45,1-0,oddsflow_active_trader,NOVA88,50,WON,49.5
2026-05-20,Chinese Super League,Chongqing Tongliang Long,Yunnan Yukun,,OU,UNDER,1.5,1.96,45,1-0,oddsflow_active_trader,HGA,100,WON,96
2026-05-20,Chinese Super League,Chongqing Tongliang Long,Yunnan Yukun,,OU,UNDER,1.5,1.96,45,1-0,oddsflow_handicap_sniper,HGA,100,WON,96
2026-05-20,Chinese Super League,Hangzhou Greentown,Shandong Luneng,,AH,HOME,0.5,1.95,47,0-1,oddsflow_active_trader,APIFOOTBALL,500,WON,475
2026-05-20,Chinese Super League,Hangzhou Greentown,Shandong Luneng,,AH,HOME,0.5,1.95,47,0-1,oddsflow_handicap_sniper,APIFOOTBALL,500,WON,475
2026-05-20,Chinese Super League,Hangzhou Greentown,Shandong Luneng,,OU,UNDER,3.5,1.727,47,0-1,oddsflow_handicap_sniper,APIFOOTBALL,504,LOST,-504
2026-05-20,Chinese Super League,Hangzhou Greentown,Shandong Luneng,,OU,UNDER,2.75,2.06,47,0-1,oddsflow_handicap_sniper,NOVA88,50,LOST,-50
2026-05-20,Chinese Super League,Hangzhou Greentown,Shandong Luneng,,OU,UNDER,2.75,1.99,47,0-1,oddsflow_handicap_sniper,HGA,100,LOST,-100
2026-05-20,Chinese Super League,Hangzhou Greentown,Shandong Luneng,,OU,UNDER,3.5,1.571,47,0-1,oddsflow_active_trader,APIFOOTBALL,500,LOST,-500
2026-05-20,Chinese Super League,Hangzhou Greentown,Shandong Luneng,,OU,UNDER,2.75,2.06,47,0-1,oddsflow_active_trader,NOVA88,50,LOST,-50
2026-05-20,Chinese Super League,Hangzhou Greentown,Shandong Luneng,,OU,UNDER,2.75,1.99,47,0-1,oddsflow_active_trader,HGA,100,LOST,-100
2026-05-20,Chinese Super League,Hangzhou Greentown,Shandong Luneng,,OU,UNDER,4.5,1.615,52,0-1,oddsflow_active_trader,APIFOOTBALL,846,LOST,-846
2026-05-20,Chinese Super League,Hangzhou Greentown,Shandong Luneng,,OU,UNDER,4.5,1.615,52,0-1,oddsflow_handicap_sniper,APIFOOTBALL,847,LOST,-847
2026-05-20,Chinese Super League,Hangzhou Greentown,Shandong Luneng,,AH,AWAY,0,1.825,58,0-1,oddsflow_handicap_sniper,APIFOOTBALL,500,LOST,-500
2026-05-20,Chinese Super League,Hangzhou Greentown,Shandong Luneng,,AH,AWAY,0,1.825,59,0-1,oddsflow_active_trader,APIFOOTBALL,500,LOST,-500
2026-05-20,Chinese Super League,Hangzhou Greentown,Shandong Luneng,,AH,AWAY,0,1.89,64,2-1,oddsflow_beta,APIFOOTBALL,970,LOST,-970
2026-05-20,Chinese Super League,Hangzhou Greentown,Shandong Luneng,,AH,AWAY,0,1.89,64,2-1,oddsflow_beta,NOVA88,50,LOST,-50
2026-05-20,Chinese Super League,Hangzhou Greentown,Shandong Luneng,,AH,AWAY,0,1.75,64,2-1,oddsflow_beta,HGA,100,LOST,-100
2026-05-20,Chinese Super League,Hangzhou Greentown,Shandong Luneng,,OU,UNDER,4.5,2.05,70,2-1,oddsflow_beta,APIFOOTBALL,714,LOST,-714
2026-05-20,Chinese Super League,Hangzhou Greentown,Shandong Luneng,,OU,UNDER,4.5,2.05,70,2-1,oddsflow_beta,NOVA88,50,LOST,-50
2026-05-20,Chinese Super League,Hangzhou Greentown,Shandong Luneng,,OU,UNDER,4.75,1.76,70,2-1,oddsflow_beta,HGA,100,HALF_LOST,-50
2026-05-20,Primeira Liga,Torreense,Casa Pia,,AH,HOME,-0.5,2.5,10,0-0,oddsflow_core_strategy,APIFOOTBALL,4,LOST,-4
2026-05-20,Primeira Liga,Torreense,Casa Pia,,1X2,HOME,0,3.1,35,0-0,oddsflow_active_trader,APIFOOTBALL,4,LOST,-4
2026-05-20,Primeira Liga,Torreense,Casa Pia,,1X2,HOME,0,3.1,35,0-0,oddsflow_handicap_sniper,APIFOOTBALL,4,LOST,-4
2026-05-20,Primeira Liga,Torreense,Casa Pia,,OU,OVER,0.5,1.533,46,0-0,oddsflow_active_trader,APIFOOTBALL,4,LOST,-4
2026-05-20,Primeira Liga,Torreense,Casa Pia,,OU,OVER,0.5,1.533,46,0-0,oddsflow_handicap_sniper,APIFOOTBALL,4,LOST,-4
2026-05-20,Primeira Liga,Torreense,Casa Pia,,OU,OVER,1,2.12,46,0-0,oddsflow_active_trader,HGA,100,LOST,-100
2026-05-20,Primeira Liga,Torreense,Casa Pia,,OU,OVER,1,2.12,46,0-0,oddsflow_handicap_sniper,HGA,100,LOST,-100
2026-05-20,Saudi Pro League,Al Khaleej Saihat,Al-Ahli Jeddah,,AH,AWAY,1,2.08,10,0-1,oddsflow_core_strategy,APIFOOTBALL,4,WON,4.32
2026-05-20,Saudi Pro League,Al Khaleej Saihat,Al-Ahli Jeddah,,AH,AWAY,1,2.08,10,0-1,oddsflow_core_strategy,NOVA88,34,WON,36.72
2026-05-20,Saudi Pro League,Al Najma,Al Shabab,,AH,HOME,0.5,2.3,17,0-0,oddsflow_core_strategy,APIFOOTBALL,4,WON,5.2
2026-05-20,Primeira Liga,Torreense,Casa Pia,,1X2,DRAW,0,1.909,57,0-0,oddsflow_handicap_sniper,APIFOOTBALL,4,WON,3.64
2026-05-20,Primeira Liga,Torreense,Casa Pia,,1X2,DRAW,0,1.909,57,0-0,oddsflow_active_trader,APIFOOTBALL,4,WON,3.64
2026-05-20,Saudi Pro League,Al Khaleej Saihat,Al-Ahli Jeddah,,AH,HOME,1.5,2.05,34,1-2,oddsflow_core_strategy,APIFOOTBALL,4,LOST,-4
2026-05-20,Saudi Pro League,Al Najma,Al Shabab,,AH,HOME,0.5,2.1,35,0-0,oddsflow_active_trader,APIFOOTBALL,4,WON,4.4
2026-05-20,Saudi Pro League,Al Najma,Al Shabab,,AH,HOME,0.5,2.1,35,0-0,oddsflow_handicap_sniper,APIFOOTBALL,4,WON,4.4
2026-05-20,Saudi Pro League,Al Najma,Al Shabab,,1X2,HOME,0,4.75,35,0-0,oddsflow_handicap_sniper,APIFOOTBALL,4,WON,15
2026-05-20,Saudi Pro League,Al Najma,Al Shabab,,1X2,HOME,0,4.25,35,0-0,oddsflow_handicap_sniper,NOVA88,15,WON,48.75
2026-05-20,Saudi Pro League,Al Najma,Al Shabab,,1X2,HOME,0,4.3,35,0-0,oddsflow_handicap_sniper,HGA,50,WON,165
2026-05-20,Saudi Pro League,Al Khaleej Saihat,Al-Ahli Jeddah,,AH,HOME,1.5,2.05,35,1-2,oddsflow_handicap_sniper,APIFOOTBALL,4,LOST,-4
2026-05-20,Saudi Pro League,Al Khaleej Saihat,Al-Ahli Jeddah,,OU,UNDER,5.5,1.5,35,1-2,oddsflow_handicap_sniper,APIFOOTBALL,4,WON,2
2026-05-20,Saudi Pro League,Al Khaleej Saihat,Al-Ahli Jeddah,,AH,HOME,1.5,2.05,35,1-2,oddsflow_active_trader,APIFOOTBALL,4,LOST,-4
2026-05-20,Saudi Pro League,Al Khaleej Saihat,Al-Ahli Jeddah,,OU,UNDER,5,1.97,35,1-2,oddsflow_handicap_sniper,NOVA88,50,VOID,0
2026-05-20,Saudi Pro League,Al Khaleej Saihat,Al-Ahli Jeddah,,OU,UNDER,5.5,1.5,35,1-2,oddsflow_active_trader,APIFOOTBALL,4,WON,2
2026-05-20,Saudi Pro League,Al Khaleej Saihat,Al-Ahli Jeddah,,OU,UNDER,4.75,2.08,35,1-2,oddsflow_handicap_sniper,HGA,100,HALF_LOST,-50
2026-05-20,Saudi Pro League,Al Khaleej Saihat,Al-Ahli Jeddah,,OU,UNDER,5,1.97,35,1-2,oddsflow_active_trader,NOVA88,50,VOID,0
2026-05-20,Saudi Pro League,Al Najma,Al Shabab,,OU,UNDER,2.5,1.666,36,0-0,oddsflow_active_trader,APIFOOTBALL,4,WON,2.66
2026-05-20,Saudi Pro League,Al Najma,Al Shabab,,OU,UNDER,2.5,1.666,36,0-0,oddsflow_handicap_sniper,APIFOOTBALL,4,WON,2.66
2026-05-20,Saudi Pro League,Al Khaleej Saihat,Al-Ahli Jeddah,,OU,UNDER,4.5,2.5,36,1-2,oddsflow_active_trader,APIFOOTBALL,4,LOST,-4
2026-05-20,Saudi Pro League,Al Najma,Al Shabab,,1X2,DRAW,0,3.6,37,0-0,oddsflow_handicap_sniper,APIFOOTBALL,4,LOST,-4
2026-05-20,Saudi Pro League,Al Najma,Al Shabab,,1X2,DRAW,0,3.4,37,0-0,oddsflow_handicap_sniper,NOVA88,15,LOST,-15
2026-05-20,Saudi Pro League,Al Najma,Al Shabab,,1X2,DRAW,0,3.35,37,0-0,oddsflow_handicap_sniper,HGA,50,LOST,-50
2026-05-20,Saudi Pro League,Al Khaleej Saihat,Al-Ahli Jeddah,,OU,UNDER,4.5,2.5,37,1-2,oddsflow_handicap_sniper,APIFOOTBALL,4,LOST,-4
2026-05-20,Saudi Pro League,Al Najma,Al Shabab,,1X2,DRAW,0,3.4,44,0-0,oddsflow_active_trader,APIFOOTBALL,4,LOST,-4
2026-05-20,Saudi Pro League,Al Najma,Al Shabab,,1X2,DRAW,0,3.25,44,0-0,oddsflow_active_trader,NOVA88,15,LOST,-15
2026-05-20,Saudi Pro League,Al Najma,Al Shabab,,OU,UNDER,3.5,1.5,45,1-0,oddsflow_active_trader,APIFOOTBALL,4,WON,2
2026-05-20,Saudi Pro League,Al Najma,Al Shabab,,1X2,HOME,0,2.2,45,1-0,oddsflow_active_trader,APIFOOTBALL,4,WON,4.8
2026-05-20,Saudi Pro League,Al Najma,Al Shabab,,OU,UNDER,3,1.93,45,1-0,oddsflow_active_trader,NOVA88,50,WON,46.5
2026-05-20,Saudi Pro League,Al Najma,Al Shabab,,1X2,HOME,0,2.21,45,1-0,oddsflow_active_trader,NOVA88,15,WON,18.15
2026-05-20,Saudi Pro League,Al Najma,Al Shabab,,OU,UNDER,3,1.94,45,1-0,oddsflow_active_trader,HGA,100,WON,94
2026-05-20,Saudi Pro League,Al Najma,Al Shabab,,1X2,HOME,0,2.19,45,1-0,oddsflow_active_trader,HGA,50,WON,59.5
2026-05-20,Saudi Pro League,Al Najma,Al Shabab,,OU,UNDER,3.5,1.5,45,1-0,oddsflow_handicap_sniper,APIFOOTBALL,4,WON,2
2026-05-20,Saudi Pro League,Al Najma,Al Shabab,,OU,UNDER,3,1.93,45,1-0,oddsflow_handicap_sniper,NOVA88,50,WON,46.5
2026-05-20,Saudi Pro League,Al Najma,Al Shabab,,OU,UNDER,3,1.94,45,1-0,oddsflow_handicap_sniper,HGA,100,WON,94
2026-05-20,Saudi Pro League,Al Khaleej Saihat,Al-Ahli Jeddah,,AH,HOME,1,2.6,47,1-2,oddsflow_core_strategy,APIFOOTBALL,4,LOST,-4
2026-05-20,Saudi Pro League,Al Khaleej Saihat,Al-Ahli Jeddah,,AH,HOME,1,2.6,47,1-2,oddsflow_active_trader,APIFOOTBALL,4,LOST,-4
2026-05-20,Saudi Pro League,Al Khaleej Saihat,Al-Ahli Jeddah,,AH,HOME,1,2.6,47,1-2,oddsflow_handicap_sniper,APIFOOTBALL,4,LOST,-4
2026-05-20,UEFA Europa League,SC Freiburg,Aston Villa,,OU,OVER,2.5,2.05,0,0-0,oddsflow_prematch_edge,APIFOOTBALL,10,WON,10.5
2026-05-20,Saudi Pro League,Al Najma,Al Shabab,,AH,AWAY,-0.5,1.7,51,1-0,oddsflow_core_strategy,APIFOOTBALL,5,WON,3.5
2026-05-20,Saudi Pro League,Al Najma,Al Shabab,,AH,AWAY,-0.5,1.7,51,1-0,oddsflow_active_trader,APIFOOTBALL,4,WON,2.8
2026-05-20,Saudi Pro League,Al Najma,Al Shabab,,AH,AWAY,-0.5,1.7,51,1-0,oddsflow_handicap_sniper,APIFOOTBALL,4,WON,2.8
2026-05-20,UEFA Europa League,SC Freiburg,Aston Villa,,OU,UNDER,2.5,1.727,35,0-0,oddsflow_active_trader,APIFOOTBALL,4,LOST,-4
2026-05-20,UEFA Europa League,SC Freiburg,Aston Villa,,OU,UNDER,2.5,1.727,35,0-0,oddsflow_handicap_sniper,APIFOOTBALL,4,LOST,-4
2026-05-21,Indian Super League,Inter Kashi,East Bengal II,,AH,HOME,1,2.6,10,0-0,oddsflow_core_strategy,APIFOOTBALL,4,VOID,0
2026-05-21,Indian Super League,ATK Mohun Bagan,SC Delhi,,AH,AWAY,-1,2.675,12,0-0,oddsflow_core_strategy,APIFOOTBALL,4,VOID,0
2026-05-21,Indian Super League,Inter Kashi,East Bengal II,,AH,HOME,0.5,1.95,15,0-0,oddsflow_core_strategy,APIFOOTBALL,4,LOST,-4
2026-05-21,Indian Super League,Inter Kashi,East Bengal II,,AH,AWAY,1,2.375,16,1-0,oddsflow_core_strategy,APIFOOTBALL,4,WON,5.5
2026-05-21,Indian Super League,Jamshedpur,Odisha,,1X2,DRAW,0,3.55,47,0-0,oddsflow_active_trader,APIFOOTBALL,4,WON,10.2
2026-05-21,Indian Super League,Jamshedpur,Odisha,,1X2,DRAW,0,3.55,47,0-0,oddsflow_handicap_sniper,APIFOOTBALL,4,WON,10.2
2026-05-21,Indian Super League,Jamshedpur,Odisha,,1X2,DRAW,0,3.55,47,0-0,oddsflow_active_trader,NOVA88,27,WON,68.85
2026-05-21,Indian Super League,Jamshedpur,Odisha,,1X2,DRAW,0,3.55,47,0-0,oddsflow_handicap_sniper,NOVA88,50,WON,127.5
2026-05-21,Indian Super League,Jamshedpur,Odisha,,1X2,DRAW,0,3.85,47,0-0,oddsflow_active_trader,HGA,62,WON,176.7
2026-05-21,Indian Super League,Jamshedpur,Odisha,,1X2,DRAW,0,3.85,47,0-0,oddsflow_handicap_sniper,HGA,100,WON,285
2026-05-21,Indian Super League,Jamshedpur,Odisha,,AH,AWAY,-1,2.09,48,0-0,oddsflow_handicap_sniper,APIFOOTBALL,7,WON,7.63
2026-05-21,Indian Super League,Jamshedpur,Odisha,,AH,AWAY,-1,2.09,48,0-0,oddsflow_active_trader,APIFOOTBALL,7,WON,7.63
2026-05-21,Indian Super League,Jamshedpur,Odisha,,AH,AWAY,-1,2.09,48,0-0,oddsflow_handicap_sniper,NOVA88,50,WON,54.5
2026-05-21,Indian Super League,Jamshedpur,Odisha,,AH,AWAY,-1,2.09,48,0-0,oddsflow_active_trader,NOVA88,50,WON,54.5
2026-05-21,Indian Super League,Minerva Punjab,Mumbai City,,OU,UNDER,1.5,1.666,49,0-0,oddsflow_active_trader,APIFOOTBALL,4,LOST,-4
2026-05-21,Indian Super League,Minerva Punjab,Mumbai City,,1X2,DRAW,0,2.5,49,0-0,oddsflow_active_trader,APIFOOTBALL,4,LOST,-4
2026-05-21,Indian Super League,Minerva Punjab,Mumbai City,,OU,UNDER,1.25,2.05,49,0-0,oddsflow_active_trader,HGA,84,LOST,-84
2026-05-21,Indian Super League,Minerva Punjab,Mumbai City,,OU,UNDER,1.5,1.666,49,0-0,oddsflow_handicap_sniper,APIFOOTBALL,4,LOST,-4
2026-05-21,Indian Super League,Minerva Punjab,Mumbai City,,1X2,DRAW,0,2.5,49,0-0,oddsflow_handicap_sniper,APIFOOTBALL,4,LOST,-4
2026-05-21,Indian Super League,Minerva Punjab,Mumbai City,,OU,UNDER,1.25,2.05,49,0-0,oddsflow_handicap_sniper,HGA,84,LOST,-84
2026-05-21,Indian Super League,Minerva Punjab,Mumbai City,,1X2,DRAW,0,2.38,49,0-0,oddsflow_handicap_sniper,NOVA88,15,LOST,-15
2026-05-21,Indian Super League,Minerva Punjab,Mumbai City,,1X2,DRAW,0,2.42,49,0-0,oddsflow_handicap_sniper,HGA,50,LOST,-50
2026-05-21,Indian Super League,Jamshedpur,Odisha,,OU,UNDER,1.5,2.06,50,0-0,oddsflow_handicap_sniper,APIFOOTBALL,4,WON,4.24
2026-05-21,Indian Super League,Jamshedpur,Odisha,,OU,UNDER,1.5,2.06,50,0-0,oddsflow_active_trader,APIFOOTBALL,4,WON,4.24
2026-05-21,Indian Super League,Jamshedpur,Odisha,,OU,UNDER,1.5,2.06,50,0-0,oddsflow_handicap_sniper,NOVA88,50,WON,53
2026-05-21,Indian Super League,Jamshedpur,Odisha,,OU,UNDER,1.5,2.06,50,0-0,oddsflow_active_trader,NOVA88,50,WON,53
2026-05-21,Indian Super League,Jamshedpur,Odisha,,OU,UNDER,1.5,2.04,50,0-0,oddsflow_handicap_sniper,HGA,100,WON,104
2026-05-21,Indian Super League,Jamshedpur,Odisha,,OU,UNDER,1.5,2.04,50,0-0,oddsflow_active_trader,HGA,100,WON,104
2026-05-21,Indian Super League,Jamshedpur,Odisha,,AH,AWAY,-0.5,2.2,67,0-0,oddsflow_core_strategy,APIFOOTBALL,5,WON,6
2026-05-21,Indian Super League,Jamshedpur,Odisha,,AH,AWAY,-0.5,2.09,69,0-0,oddsflow_handicap_sniper,APIFOOTBALL,4,WON,4.36
2026-05-21,Indian Super League,Jamshedpur,Odisha,,AH,AWAY,-0.5,2.09,69,0-0,oddsflow_active_trader,APIFOOTBALL,4,WON,4.36
2026-05-21,Eredivisie,Ajax,Groningen,,AH,AWAY,-0.5,2.025,13,0-0,oddsflow_core_strategy,APIFOOTBALL,4,LOST,-4
2026-05-21,Eredivisie,Ajax,Groningen,,AH,AWAY,-0.5,2.08,13,0-0,oddsflow_core_strategy,NOVA88,15,LOST,-15
2026-05-21,Eredivisie,Ajax,Groningen,,AH,AWAY,-1,2.6,35,1-0,oddsflow_active_trader,APIFOOTBALL,5,VOID,0
2026-05-21,Eredivisie,Ajax,Groningen,,AH,AWAY,-1,2.6,35,1-0,oddsflow_handicap_sniper,APIFOOTBALL,5,VOID,0
2026-05-21,Eredivisie,Ajax,Groningen,,AH,AWAY,-1.5,1.8,44,1-0,oddsflow_core_strategy,APIFOOTBALL,7,WON,5.6
2026-05-21,Eredivisie,Ajax,Groningen,,AH,AWAY,-1.5,1.8,44,1-0,oddsflow_handicap_sniper,APIFOOTBALL,7,WON,5.6
2026-05-21,Eredivisie,Ajax,Groningen,,AH,AWAY,-1.5,1.8,44,1-0,oddsflow_active_trader,APIFOOTBALL,7,WON,5.6
2026-05-21,Eredivisie,Ajax,Groningen,,AH,AWAY,-1,2.6,47,1-0,oddsflow_beta,APIFOOTBALL,5,VOID,0
2026-05-21,Eredivisie,Ajax,Groningen,,OU,OVER,2.5,1.8,57,2-0,oddsflow_handicap_sniper,APIFOOTBALL,4,LOST,-4
2026-05-21,Eredivisie,Ajax,Groningen,,OU,OVER,3.25,2.16,57,2-0,oddsflow_handicap_sniper,NOVA88,50,LOST,-50
2026-05-21,Eredivisie,Ajax,Groningen,,OU,OVER,3.25,2.17,57,2-0,oddsflow_handicap_sniper,HGA,100,LOST,-100
2026-05-21,Eredivisie,Ajax,Groningen,,AH,AWAY,-1.5,1.8,57,2-0,oddsflow_beta,APIFOOTBALL,8,WON,6.4
2026-05-21,Eredivisie,Ajax,Groningen,,OU,OVER,2.5,1.727,57,2-0,oddsflow_active_trader,APIFOOTBALL,4,LOST,-4
2026-05-21,Eredivisie,Ajax,Groningen,,OU,OVER,2.5,1.727,57,2-0,oddsflow_beta,APIFOOTBALL,4,LOST,-4
2026-05-21,Eredivisie,Ajax,Groningen,,OU,OVER,3.25,2.25,57,2-0,oddsflow_active_trader,NOVA88,50,LOST,-50
2026-05-21,Eredivisie,Ajax,Groningen,,OU,OVER,3.25,2.25,57,2-0,oddsflow_beta,NOVA88,50,LOST,-50
2026-05-21,Saudi Pro League,NEOM,Al-Ettifaq,,AH,HOME,0.5,1.925,10,0-1,oddsflow_core_strategy,APIFOOTBALL,4,WON,3.7
2026-05-21,Saudi Pro League,Al-Ittihad FC,Al-Qadisiyah FC,,AH,HOME,1.5,1.825,10,0-1,oddsflow_core_strategy,APIFOOTBALL,5,LOST,-5
2026-05-21,Saudi Pro League,Al-Hazm,Al Taawon,,AH,AWAY,1,1.825,12,0-0,oddsflow_core_strategy,APIFOOTBALL,4,LOST,-4
2026-05-21,Saudi Pro League,Al-Hazm,Al Taawon,,AH,AWAY,1,1.88,12,0-0,oddsflow_core_strategy,NOVA88,27,LOST,-27
2026-05-21,Saudi Pro League,Al-Hazm,Al Taawon,,AH,AWAY,1,2.04,12,0-0,oddsflow_core_strategy,HGA,74,LOST,-74
2026-05-21,Saudi Pro League,NEOM,Al-Ettifaq,,AH,AWAY,1,2.75,15,0-1,oddsflow_core_strategy,APIFOOTBALL,4,LOST,-4
2026-05-21,Saudi Pro League,Al-Ittihad FC,Al-Qadisiyah FC,,AH,HOME,1,2.3,24,0-1,oddsflow_core_strategy,APIFOOTBALL,4,LOST,-4
2026-05-21,Saudi Pro League,Al Riyadh,Al Okhdood,,AH,AWAY,-1.5,2.375,27,1-0,oddsflow_core_strategy,APIFOOTBALL,4,WON,5.5
2026-05-21,Saudi Pro League,Al Kholood,Al-Fateh,,AH,AWAY,-0.5,1.7,32,0-0,oddsflow_core_strategy,APIFOOTBALL,5,WON,3.5
2026-05-21,Saudi Pro League,Al-Hazm,Al Taawon,,AH,AWAY,1,2.025,35,0-0,oddsflow_handicap_sniper,APIFOOTBALL,4,LOST,-4
2026-05-21,Saudi Pro League,NEOM,Al-Ettifaq,,AH,HOME,0.5,1.8,35,0-1,oddsflow_handicap_sniper,APIFOOTBALL,4,WON,3.2
2026-05-21,Saudi Pro League,NEOM,Al-Ettifaq,,OU,UNDER,3.5,1.615,35,0-1,oddsflow_handicap_sniper,APIFOOTBALL,4,WON,2.46
2026-05-21,Saudi Pro League,Al-Hazm,Al Taawon,,AH,AWAY,1,2.09,35,0-0,oddsflow_handicap_sniper,NOVA88,20,LOST,-20
2026-05-21,Saudi Pro League,NEOM,Al-Ettifaq,,1X2,AWAY,0,2,35,0-1,oddsflow_handicap_sniper,APIFOOTBALL,4,LOST,-4
2026-05-21,Saudi Pro League,NEOM,Al-Ettifaq,,1X2,AWAY,0,2.02,35,0-1,oddsflow_handicap_sniper,NOVA88,50,LOST,-50
2026-05-21,Saudi Pro League,NEOM,Al-Ettifaq,,1X2,AWAY,0,2.06,35,0-1,oddsflow_handicap_sniper,HGA,100,LOST,-100
2026-05-21,Saudi Pro League,Al-Fayha,Al-Hilal Saudi FC,,AH,AWAY,1,1.8,35,0-1,oddsflow_active_trader,APIFOOTBALL,4,LOST,-4
2026-05-21,Saudi Pro League,Al-Hazm,Al Taawon,,AH,AWAY,1,2.025,35,0-0,oddsflow_active_trader,APIFOOTBALL,4,LOST,-4
2026-05-21,Saudi Pro League,NEOM,Al-Ettifaq,,AH,HOME,0.5,1.8,35,0-1,oddsflow_active_trader,APIFOOTBALL,4,WON,3.2
2026-05-21,Saudi Pro League,NEOM,Al-Ettifaq,,OU,UNDER,3.5,1.615,35,0-1,oddsflow_active_trader,APIFOOTBALL,4,WON,2.46
2026-05-21,Saudi Pro League,Al-Hazm,Al Taawon,,AH,AWAY,1,2.09,35,0-0,oddsflow_active_trader,NOVA88,19,LOST,-19
2026-05-21,Saudi Pro League,Al-Fayha,Al-Hilal Saudi FC,,AH,AWAY,1,1.81,35,0-1,oddsflow_active_trader,NOVA88,15,LOST,-15
2026-05-21,Saudi Pro League,NEOM,Al-Ettifaq,,1X2,AWAY,0,2,35,0-1,oddsflow_active_trader,APIFOOTBALL,4,LOST,-4
2026-05-21,Saudi Pro League,NEOM,Al-Ettifaq,,1X2,AWAY,0,2.02,35,0-1,oddsflow_active_trader,NOVA88,37,LOST,-37
2026-05-21,Saudi Pro League,NEOM,Al-Ettifaq,,1X2,AWAY,0,2.06,35,0-1,oddsflow_active_trader,HGA,78,LOST,-78
2026-05-21,Saudi Pro League,Al Kholood,Al-Fateh,,AH,AWAY,-0.5,1.725,35,0-0,oddsflow_active_trader,APIFOOTBALL,5,WON,3.63
2026-05-21,Saudi Pro League,Al Kholood,Al-Fateh,,OU,UNDER,1.5,2.375,35,0-0,oddsflow_active_trader,APIFOOTBALL,4,WON,5.5
2026-05-21,Saudi Pro League,Al Kholood,Al-Fateh,,AH,AWAY,-0.5,1.84,35,0-0,oddsflow_active_trader,NOVA88,50,WON,42
2026-05-21,Saudi Pro League,Al Kholood,Al-Fateh,,1X2,DRAW,0,3.1,35,0-0,oddsflow_active_trader,APIFOOTBALL,4,WON,8.4
2026-05-21,Saudi Pro League,Al Kholood,Al-Fateh,,OU,UNDER,1.75,2.15,35,0-0,oddsflow_active_trader,HGA,100,WON,115
2026-05-21,Saudi Pro League,Al Kholood,Al-Fateh,,1X2,DRAW,0,2.97,35,0-0,oddsflow_active_trader,NOVA88,15,WON,29.55
2026-05-21,Saudi Pro League,Al Kholood,Al-Fateh,,1X2,DRAW,0,2.92,35,0-0,oddsflow_active_trader,HGA,50,WON,96
2026-05-21,Saudi Pro League,Al Kholood,Al-Fateh,,AH,AWAY,-0.5,1.725,35,0-0,oddsflow_handicap_sniper,APIFOOTBALL,5,WON,3.63
2026-05-21,Saudi Pro League,Al Kholood,Al-Fateh,,OU,UNDER,1.5,2.375,35,0-0,oddsflow_handicap_sniper,APIFOOTBALL,4,WON,5.5
2026-05-21,Saudi Pro League,Al Kholood,Al-Fateh,,AH,AWAY,-0.5,1.83,35,0-0,oddsflow_handicap_sniper,NOVA88,50,WON,41.5
2026-05-21,Saudi Pro League,Al Kholood,Al-Fateh,,1X2,DRAW,0,3.1,35,0-0,oddsflow_handicap_sniper,APIFOOTBALL,4,WON,8.4
2026-05-21,Saudi Pro League,Al Kholood,Al-Fateh,,OU,UNDER,1.75,2.15,35,0-0,oddsflow_handicap_sniper,HGA,100,WON,115
2026-05-21,Saudi Pro League,Al Kholood,Al-Fateh,,1X2,DRAW,0,2.95,35,0-0,oddsflow_handicap_sniper,NOVA88,30,WON,58.5
2026-05-21,Saudi Pro League,Al Kholood,Al-Fateh,,1X2,DRAW,0,2.92,35,0-0,oddsflow_handicap_sniper,HGA,59,WON,113.28
2026-05-21,Saudi Pro League,Al Riyadh,Al Okhdood,,OU,UNDER,3.5,2.375,35,1-0,oddsflow_beta,APIFOOTBALL,4,WON,5.5
2026-05-21,Saudi Pro League,Al Riyadh,Al Okhdood,,AH,AWAY,-1.5,1.8,35,1-0,oddsflow_handicap_sniper,APIFOOTBALL,5,WON,4
2026-05-21,Saudi Pro League,Al-Ittihad FC,Al-Qadisiyah FC,,AH,HOME,1.5,1.7,35,0-1,oddsflow_handicap_sniper,APIFOOTBALL,7,LOST,-7
2026-05-21,Saudi Pro League,Al Riyadh,Al Okhdood,,OU,UNDER,3.5,2.375,35,1-0,oddsflow_handicap_sniper,APIFOOTBALL,4,WON,5.5
2026-05-21,Saudi Pro League,Al-Ittihad FC,Al-Qadisiyah FC,,OU,UNDER,3.5,1.533,35,0-1,oddsflow_handicap_sniper,APIFOOTBALL,6,LOST,-6
2026-05-21,Saudi Pro League,Al-Ittihad FC,Al-Qadisiyah FC,,OU,UNDER,3,2.03,35,0-1,oddsflow_handicap_sniper,NOVA88,50,LOST,-50
2026-05-21,Saudi Pro League,Al-Ittihad FC,Al-Qadisiyah FC,,AH,HOME,1.5,1.7,35,0-1,oddsflow_active_trader,APIFOOTBALL,7,LOST,-7
2026-05-21,Saudi Pro League,Al Riyadh,Al Okhdood,,OU,UNDER,3.5,2.375,35,1-0,oddsflow_active_trader,APIFOOTBALL,4,WON,5.5
2026-05-21,Saudi Pro League,Al-Ittihad FC,Al-Qadisiyah FC,,OU,UNDER,3.5,1.533,35,0-1,oddsflow_active_trader,APIFOOTBALL,6,LOST,-6
2026-05-21,Saudi Pro League,Al-Ittihad FC,Al-Qadisiyah FC,,OU,UNDER,3,2.03,35,0-1,oddsflow_active_trader,NOVA88,50,LOST,-50
2026-05-21,Saudi Pro League,Al Riyadh,Al Okhdood,,AH,AWAY,-1.5,1.8,35,1-0,oddsflow_beta,APIFOOTBALL,5,WON,4
2026-05-21,Saudi Pro League,Al Riyadh,Al Okhdood,,OU,UNDER,4.5,1.666,35,1-0,oddsflow_beta,APIFOOTBALL,5,WON,3.33
2026-05-21,Saudi Pro League,Al Riyadh,Al Okhdood,,OU,UNDER,3.25,1.89,35,1-0,oddsflow_beta,NOVA88,50,WON,44.5
2026-05-21,Saudi Pro League,Al Riyadh,Al Okhdood,,OU,UNDER,3.25,1.92,35,1-0,oddsflow_beta,HGA,100,WON,92
2026-05-21,Saudi Pro League,Al Riyadh,Al Okhdood,,AH,AWAY,-1,2.35,35,1-0,oddsflow_handicap_sniper,APIFOOTBALL,4,WON,5.4
2026-05-21,Saudi Pro League,Al Riyadh,Al Okhdood,,AH,AWAY,-1,1.9,35,1-0,oddsflow_handicap_sniper,NOVA88,50,WON,45
2026-05-21,Saudi Pro League,Al Riyadh,Al Okhdood,,AH,AWAY,-1,1.94,35,1-0,oddsflow_handicap_sniper,HGA,100,WON,94
2026-05-21,Saudi Pro League,Al Riyadh,Al Okhdood,,AH,AWAY,-1,2.35,35,1-0,oddsflow_active_trader,APIFOOTBALL,4,WON,5.4
2026-05-21,Saudi Pro League,Al Riyadh,Al Okhdood,,AH,AWAY,-1,1.91,35,1-0,oddsflow_active_trader,NOVA88,50,WON,45.5
2026-05-21,Saudi Pro League,Al Riyadh,Al Okhdood,,AH,AWAY,-1,2.35,35,1-0,oddsflow_beta,APIFOOTBALL,4,WON,5.4
2026-05-21,Saudi Pro League,Al Riyadh,Al Okhdood,,AH,AWAY,-1,1.91,35,1-0,oddsflow_beta,NOVA88,50,WON,45.5
2026-05-21,Saudi Pro League,Al-Fayha,Al-Hilal Saudi FC,,AH,AWAY,1,1.82,36,0-1,oddsflow_handicap_sniper,APIFOOTBALL,4,LOST,-4
2026-05-21,Saudi Pro League,Al-Fayha,Al-Hilal Saudi FC,,AH,AWAY,1,1.82,36,0-1,oddsflow_handicap_sniper,NOVA88,15,LOST,-15
2026-05-21,Saudi Pro League,Al-Fayha,Al-Hilal Saudi FC,,AH,AWAY,1,1.84,36,0-1,oddsflow_handicap_sniper,HGA,50,LOST,-50
2026-05-21,Saudi Pro League,Al-Hazm,Al Taawon,,OU,UNDER,2.5,1.727,36,0-0,oddsflow_handicap_sniper,APIFOOTBALL,4,WON,2.91
2026-05-21,Saudi Pro League,Al-Hazm,Al Taawon,,OU,UNDER,2.5,1.727,36,0-0,oddsflow_active_trader,APIFOOTBALL,4,WON,2.91
2026-05-21,Saudi Pro League,Al Riyadh,Al Okhdood,,OU,UNDER,4.5,1.615,36,1-0,oddsflow_handicap_sniper,APIFOOTBALL,5,WON,3.08
2026-05-21,Saudi Pro League,Al Riyadh,Al Okhdood,,OU,UNDER,3.25,1.86,36,1-0,oddsflow_handicap_sniper,NOVA88,50,WON,43
2026-05-21,Saudi Pro League,Al Riyadh,Al Okhdood,,OU,UNDER,3.25,1.89,36,1-0,oddsflow_handicap_sniper,HGA,100,WON,89
2026-05-21,Saudi Pro League,Al Riyadh,Al Okhdood,,OU,UNDER,4.5,1.615,36,1-0,oddsflow_active_trader,APIFOOTBALL,5,WON,3.08
2026-05-21,Saudi Pro League,Al Riyadh,Al Okhdood,,OU,UNDER,3.25,1.86,36,1-0,oddsflow_active_trader,NOVA88,50,WON,43
2026-05-21,Saudi Pro League,Al Riyadh,Al Okhdood,,OU,UNDER,3.25,1.89,36,1-0,oddsflow_active_trader,HGA,100,WON,89
2026-05-21,Saudi Pro League,Al-Hazm,Al Taawon,,AH,HOME,0.5,2.425,37,0-0,oddsflow_core_strategy,APIFOOTBALL,4,WON,5.7
2026-05-21,Saudi Pro League,Al-Hazm,Al Taawon,,AH,HOME,0.5,2.375,38,0-0,oddsflow_active_trader,APIFOOTBALL,4,WON,5.5
2026-05-21,Saudi Pro League,Al-Hazm,Al Taawon,,AH,HOME,0.5,2.375,38,0-0,oddsflow_handicap_sniper,APIFOOTBALL,4,WON,5.5
2026-05-21,Saudi Pro League,Al-Hazm,Al Taawon,,1X2,DRAW,0,4.333,39,0-0,oddsflow_handicap_sniper,APIFOOTBALL,4,LOST,-4
2026-05-21,Bundesliga,VfL Wolfsburg,Paderborn 07,,AH,AWAY,-0.5,2.15,10,0-0,oddsflow_core_strategy,APIFOOTBALL,60,WON,69
2026-05-21,Saudi Pro League,Al-Hazm,Al Taawon,,OU,UNDER,3.5,1.615,42,0-0,oddsflow_handicap_sniper,APIFOOTBALL,4,WON,2.46
2026-05-21,Saudi Pro League,Al-Hazm,Al Taawon,,OU,UNDER,2,2.06,42,0-0,oddsflow_handicap_sniper,NOVA88,50,VOID,0
2026-05-21,Saudi Pro League,Al-Hazm,Al Taawon,,OU,UNDER,4.25,1.95,42,0-0,oddsflow_handicap_sniper,HGA,100,WON,95
2026-05-21,Saudi Pro League,NEOM,Al-Ettifaq,,OU,UNDER,2.5,2.5,42,0-1,oddsflow_active_trader,APIFOOTBALL,4,WON,6
2026-05-21,Saudi Pro League,NEOM,Al-Ettifaq,,OU,UNDER,2.5,2.5,42,0-1,oddsflow_handicap_sniper,APIFOOTBALL,4,WON,6
2026-05-21,Saudi Pro League,Al-Hazm,Al Taawon,,OU,UNDER,3.5,1.615,42,0-0,oddsflow_active_trader,APIFOOTBALL,5,WON,3.08
2026-05-21,Saudi Pro League,Al-Hazm,Al Taawon,,OU,UNDER,2,2.05,42,0-0,oddsflow_active_trader,NOVA88,50,VOID,0
2026-05-21,Saudi Pro League,Al-Hazm,Al Taawon,,OU,UNDER,2,2.04,42,0-0,oddsflow_active_trader,HGA,100,VOID,0
2026-05-21,Saudi Pro League,Al-Ittihad FC,Al-Qadisiyah FC,,OU,UNDER,5.5,2.375,42,1-3,oddsflow_handicap_sniper,APIFOOTBALL,4,LOST,-4
2026-05-21,Saudi Pro League,Al-Ittihad FC,Al-Qadisiyah FC,,OU,UNDER,5.5,2.375,42,1-3,oddsflow_active_trader,APIFOOTBALL,4,LOST,-4
2026-05-21,Saudi Pro League,Al-Hazm,Al Taawon,,1X2,DRAW,0,4.75,45,0-0,oddsflow_active_trader,APIFOOTBALL,4,LOST,-4
2026-05-21,Saudi Pro League,NEOM,Al-Ettifaq,,AH,HOME,0.5,1.825,47,0-1,oddsflow_beta,APIFOOTBALL,4,WON,3.3
2026-05-21,Saudi Pro League,NEOM,Al-Ettifaq,,OU,UNDER,3.5,1.571,47,0-1,oddsflow_beta,APIFOOTBALL,6,WON,3.43
2026-05-21,Saudi Pro League,NEOM,Al-Ettifaq,,1X2,AWAY,0,1.952,47,0-1,oddsflow_beta,APIFOOTBALL,4,LOST,-4
2026-05-21,Saudi Pro League,NEOM,Al-Ettifaq,,OU,UNDER,2.5,1.87,47,0-1,oddsflow_beta,NOVA88,50,WON,43.5
2026-05-21,Saudi Pro League,NEOM,Al-Ettifaq,,1X2,AWAY,0,1.98,47,0-1,oddsflow_beta,NOVA88,50,LOST,-50
2026-05-21,Saudi Pro League,NEOM,Al-Ettifaq,,OU,UNDER,2.5,1.82,47,0-1,oddsflow_beta,HGA,100,WON,82
2026-05-21,Saudi Pro League,NEOM,Al-Ettifaq,,1X2,AWAY,0,1.92,47,0-1,oddsflow_beta,HGA,100,LOST,-100
2026-05-21,Saudi Pro League,Al-Fayha,Al-Hilal Saudi FC,,AH,HOME,1.5,2.25,49,0-1,oddsflow_core_strategy,APIFOOTBALL,5,WON,6.25
2026-05-21,Saudi Pro League,Al-Fayha,Al-Hilal Saudi FC,,OU,UNDER,2.5,2.04,50,0-1,oddsflow_active_trader,APIFOOTBALL,4,WON,4.16
2026-05-21,Saudi Pro League,Al-Fayha,Al-Hilal Saudi FC,,OU,UNDER,2.5,2.04,50,0-1,oddsflow_handicap_sniper,APIFOOTBALL,4,WON,4.16
2026-05-21,Bundesliga,VfL Wolfsburg,Paderborn 07,,AH,AWAY,-0.5,2.04,35,0-0,oddsflow_handicap_sniper,APIFOOTBALL,60,WON,62.4
2026-05-21,Bundesliga,VfL Wolfsburg,Paderborn 07,,1X2,AWAY,0,4.85,35,0-0,oddsflow_handicap_sniper,APIFOOTBALL,60,LOST,-60
2026-05-21,Bundesliga,VfL Wolfsburg,Paderborn 07,,AH,AWAY,-0.5,2.04,35,0-0,oddsflow_handicap_sniper,NOVA88,50,WON,52
2026-05-21,Bundesliga,VfL Wolfsburg,Paderborn 07,,AH,AWAY,-0.5,2.02,35,0-0,oddsflow_handicap_sniper,HGA,100,WON,102
2026-05-21,Bundesliga,VfL Wolfsburg,Paderborn 07,,AH,AWAY,-0.5,2.04,35,0-0,oddsflow_active_trader,APIFOOTBALL,60,WON,62.4
2026-05-21,Bundesliga,VfL Wolfsburg,Paderborn 07,,1X2,AWAY,0,4.85,35,0-0,oddsflow_active_trader,APIFOOTBALL,60,LOST,-60
2026-05-21,Bundesliga,VfL Wolfsburg,Paderborn 07,,AH,AWAY,-0.5,2.04,35,0-0,oddsflow_active_trader,NOVA88,50,WON,52
2026-05-21,Bundesliga,VfL Wolfsburg,Paderborn 07,,AH,AWAY,-0.5,2.02,35,0-0,oddsflow_active_trader,HGA,100,WON,102
2026-05-21,Saudi Pro League,Al-Ittihad FC,Al-Qadisiyah FC,,OU,UNDER,6.5,1.5,46,1-3,oddsflow_handicap_sniper,APIFOOTBALL,7,WON,3.5
2026-05-21,Saudi Pro League,Al-Ittihad FC,Al-Qadisiyah FC,,OU,UNDER,6,1.82,46,1-3,oddsflow_handicap_sniper,HGA,100,VOID,0
2026-05-21,Saudi Pro League,Al-Ittihad FC,Al-Qadisiyah FC,,OU,UNDER,6.5,1.5,46,1-3,oddsflow_active_trader,APIFOOTBALL,7,WON,3.5
2026-05-21,Saudi Pro League,Al-Ittihad FC,Al-Qadisiyah FC,,OU,UNDER,6,1.82,46,1-3,oddsflow_active_trader,HGA,100,VOID,0
2026-05-21,Saudi Pro League,Al Kholood,Al-Fateh,,AH,AWAY,-0.5,1.75,46,0-0,oddsflow_beta,APIFOOTBALL,5,WON,3.75
2026-05-21,Saudi Pro League,Al Kholood,Al-Fateh,,1X2,DRAW,0,2.75,46,0-0,oddsflow_beta,APIFOOTBALL,4,WON,7
2026-05-21,Saudi Pro League,Al Kholood,Al-Fateh,,AH,AWAY,-0.5,1.83,46,0-0,oddsflow_beta,NOVA88,50,WON,41.5
2026-05-21,Saudi Pro League,Al Kholood,Al-Fateh,,1X2,DRAW,0,2.63,46,0-0,oddsflow_beta,NOVA88,35,WON,57.05
2026-05-21,Saudi Pro League,Al Kholood,Al-Fateh,,1X2,DRAW,0,2.61,46,0-0,oddsflow_beta,HGA,68,WON,109.48
2026-05-21,Saudi Pro League,Al Kholood,Al-Fateh,,OU,UNDER,1.5,1.727,47,0-0,oddsflow_beta,APIFOOTBALL,5,WON,3.64
2026-05-21,Saudi Pro League,Al Kholood,Al-Fateh,,OU,UNDER,1.5,1.8,47,0-0,oddsflow_beta,NOVA88,50,WON,40
2026-05-21,Saudi Pro League,Al Kholood,Al-Fateh,,OU,UNDER,1.5,1.8,47,0-0,oddsflow_beta,HGA,100,WON,80
2026-05-21,Saudi Pro League,Al-Ittihad FC,Al-Qadisiyah FC,,OU,UNDER,5.5,2.1,47,1-3,oddsflow_beta,APIFOOTBALL,4,LOST,-4
2026-05-21,Saudi Pro League,Al-Ittihad FC,Al-Qadisiyah FC,,OU,UNDER,5.75,2.1,47,1-3,oddsflow_beta,HGA,100,HALF_LOST,-50
2026-05-21,Saudi Pro League,Al-Ittihad FC,Al-Qadisiyah FC,,AH,HOME,1,2.35,50,1-3,oddsflow_handicap_sniper,APIFOOTBALL,4,LOST,-4
2026-05-21,Saudi Pro League,Al-Ittihad FC,Al-Qadisiyah FC,,AH,HOME,1,2.35,50,1-3,oddsflow_active_trader,APIFOOTBALL,4,LOST,-4
2026-05-21,Saudi Pro League,Al-Ittihad FC,Al-Qadisiyah FC,,AH,HOME,1,2.35,50,1-3,oddsflow_beta,APIFOOTBALL,4,LOST,-4
2026-05-21,Saudi Pro League,Al-Ittihad FC,Al-Qadisiyah FC,,AH,HOME,1.5,1.7,51,1-3,oddsflow_beta,APIFOOTBALL,6,LOST,-6
2026-05-21,Saudi Pro League,Al Riyadh,Al Okhdood,,OU,UNDER,2.5,2.04,51,1-0,oddsflow_handicap_sniper,APIFOOTBALL,4,WON,4.16
2026-05-21,Saudi Pro League,Al Riyadh,Al Okhdood,,OU,UNDER,2.5,2.04,51,1-0,oddsflow_active_trader,APIFOOTBALL,4,WON,4.16
2026-05-21,Saudi Pro League,Al Riyadh,Al Okhdood,,OU,UNDER,2.5,2.04,51,1-0,oddsflow_beta,APIFOOTBALL,4,WON,4.16
2026-05-21,Saudi Pro League,Al-Fayha,Al-Hilal Saudi FC,,AH,HOME,0.5,2.05,57,0-1,oddsflow_active_trader,APIFOOTBALL,4,WON,4.2
2026-05-21,Saudi Pro League,Al-Fayha,Al-Hilal Saudi FC,,AH,HOME,0.5,2.05,57,0-1,oddsflow_active_trader,NOVA88,24,WON,25.2
2026-05-21,Saudi Pro League,Al-Fayha,Al-Hilal Saudi FC,,AH,HOME,0.5,2.07,57,0-1,oddsflow_active_trader,HGA,50,WON,53.5
2026-05-21,Saudi Pro League,Al-Fayha,Al-Hilal Saudi FC,,AH,HOME,0.5,2.05,57,0-1,oddsflow_handicap_sniper,APIFOOTBALL,4,WON,4.2
2026-05-21,Saudi Pro League,Al-Fayha,Al-Hilal Saudi FC,,AH,HOME,0.5,2.05,57,0-1,oddsflow_handicap_sniper,NOVA88,23,WON,24.15
2026-05-21,Saudi Pro League,Al-Fayha,Al-Hilal Saudi FC,,AH,HOME,0.5,2.04,57,0-1,oddsflow_handicap_sniper,HGA,50,WON,52
2026-05-21,Saudi Pro League,Al Riyadh,Al Okhdood,,AH,AWAY,-0.5,2.09,59,1-0,oddsflow_handicap_sniper,APIFOOTBALL,4,WON,4.36
2026-05-21,Saudi Pro League,Al Riyadh,Al Okhdood,,AH,AWAY,-0.5,2.09,60,1-0,oddsflow_beta,APIFOOTBALL,4,WON,4.36
2026-05-21,Saudi Pro League,Al Riyadh,Al Okhdood,,AH,AWAY,-0.5,2.07,60,1-0,oddsflow_beta,HGA,89,WON,95.23
2026-05-21,Saudi Pro League,Al Riyadh,Al Okhdood,,AH,AWAY,-0.5,2.09,60,1-0,oddsflow_active_trader,APIFOOTBALL,4,WON,4.36
2026-05-21,Saudi Pro League,Al Riyadh,Al Okhdood,,AH,AWAY,-0.5,2.07,60,1-0,oddsflow_active_trader,HGA,93,WON,99.51
2026-05-21,Indian Super League,Jamshedpur,Odisha,,OU,UNDER,1.5,1.8,100,0-0,oddsflow_core_strategy,APIFOOTBALL,500,WON,400
2026-05-21,Saudi Pro League,Al-Nassr,Damac,,OU,UNDER,5.5,1.5,69,3-1,oddsflow_active_trader,APIFOOTBALL,7,WON,3.5
2026-05-21,Saudi Pro League,Al-Nassr,Damac,,OU,UNDER,4.75,2.17,69,3-1,oddsflow_active_trader,NOVA88,50,HALF_LOST,-25
2026-05-21,Saudi Pro League,Al-Nassr,Damac,,OU,UNDER,5,1.7,69,3-1,oddsflow_active_trader,HGA,100,VOID,0
2026-05-21,Saudi Pro League,Al-Nassr,Damac,,OU,UNDER,5.5,1.5,69,3-1,oddsflow_beta,APIFOOTBALL,7,WON,3.5
2026-05-21,Saudi Pro League,Al-Nassr,Damac,,OU,UNDER,4.75,2.17,69,3-1,oddsflow_beta,NOVA88,50,HALF_LOST,-25
2026-05-21,Saudi Pro League,Al-Nassr,Damac,,OU,UNDER,5,1.7,69,3-1,oddsflow_beta,HGA,100,VOID,0
2026-05-21,Saudi Pro League,Al-Nassr,Damac,,AH,AWAY,-1.5,2.1,69,3-1,oddsflow_handicap_sniper,APIFOOTBALL,7,WON,7.7
2026-05-21,Saudi Pro League,Al-Nassr,Damac,,AH,AWAY,-1.5,2.1,69,3-1,oddsflow_active_trader,APIFOOTBALL,7,WON,7.7
2026-05-21,Saudi Pro League,Al-Nassr,Damac,,AH,AWAY,-1.5,2.1,69,3-1,oddsflow_beta,APIFOOTBALL,7,WON,7.7
2026-05-21,Saudi Pro League,Al-Nassr,Damac,,OU,UNDER,5.5,1.5,71,3-1,oddsflow_handicap_sniper,APIFOOTBALL,7,WON,3.5
2026-05-21,Saudi Pro League,Al-Nassr,Damac,,OU,UNDER,4.75,2.05,71,3-1,oddsflow_handicap_sniper,NOVA88,50,HALF_LOST,-25
2026-05-21,Saudi Pro League,Al-Nassr,Damac,,OU,UNDER,4.75,2.1,71,3-1,oddsflow_handicap_sniper,HGA,100,HALF_LOST,-50
2026-05-21,Saudi Pro League,Al-Hazm,Al Taawon,,1X2,AWAY,0,2.21,72,0-1,oddsflow_handicap_sniper,APIFOOTBALL,4,LOST,-4
2026-05-21,Saudi Pro League,Al-Hazm,Al Taawon,,1X2,AWAY,0,2.21,72,0-1,oddsflow_handicap_sniper,NOVA88,50,LOST,-50
2026-05-21,Saudi Pro League,Al-Hazm,Al Taawon,,1X2,AWAY,0,2.21,72,0-1,oddsflow_active_trader,APIFOOTBALL,4,LOST,-4
2026-05-21,Saudi Pro League,Al-Hazm,Al Taawon,,1X2,AWAY,0,2.21,72,0-1,oddsflow_active_trader,NOVA88,50,LOST,-50
2026-05-21,Saudi Pro League,NEOM,Al-Ettifaq,,1X2,DRAW,0,3.15,74,1-1,oddsflow_handicap_sniper,APIFOOTBALL,4,WON,8.6
2026-05-21,Saudi Pro League,NEOM,Al-Ettifaq,,1X2,DRAW,0,3.15,74,1-1,oddsflow_handicap_sniper,NOVA88,50,WON,107.5
2026-05-21,Saudi Pro League,NEOM,Al-Ettifaq,,1X2,DRAW,0,3.2,74,1-1,oddsflow_handicap_sniper,HGA,100,WON,220
2026-05-21,Saudi Pro League,NEOM,Al-Ettifaq,,1X2,DRAW,0,3.15,74,1-1,oddsflow_active_trader,APIFOOTBALL,4,WON,8.6
2026-05-21,Saudi Pro League,NEOM,Al-Ettifaq,,1X2,DRAW,0,3.15,74,1-1,oddsflow_active_trader,NOVA88,32,WON,68.8
2026-05-21,Saudi Pro League,NEOM,Al-Ettifaq,,1X2,DRAW,0,3.2,74,1-1,oddsflow_active_trader,HGA,65,WON,143
2026-05-21,Saudi Pro League,Al-Hazm,Al Taawon,,OU,UNDER,1.5,2.11,78,0-0,oddsflow_handicap_sniper,APIFOOTBALL,4,LOST,-4
2026-05-21,Saudi Pro League,Al-Hazm,Al Taawon,,OU,UNDER,1.5,2.11,78,0-0,oddsflow_active_trader,APIFOOTBALL,4,LOST,-4
2026-05-21,Saudi Pro League,Al-Hazm,Al Taawon,,OU,UNDER,1.5,2.1,78,0-0,oddsflow_core_strategy,APIFOOTBALL,500,LOST,-500
2026-05-21,Bundesliga,VfL Wolfsburg,Paderborn 07,,1X2,DRAW,0,2.41,53,0-0,oddsflow_handicap_sniper,APIFOOTBALL,60,WON,84.6
2026-05-21,Bundesliga,VfL Wolfsburg,Paderborn 07,,1X2,DRAW,0,2,65,0-0,oddsflow_active_trader,APIFOOTBALL,60,WON,60
2026-05-21,Eredivisie,Utrecht,Heerenveen,,1X2,AWAY,0,3.89,0,0-0,oddsflow_prematch_edge,APIFOOTBALL,10,LOST,-10
2026-05-21,Eredivisie,Utrecht,Heerenveen,,1X2,AWAY,0,3.7,0,0-0,oddsflow_prematch_edge,NOVA88,37,LOST,-37
2026-05-21,Eredivisie,Utrecht,Heerenveen,,AH,AWAY,-0.5,1.875,10,0-0,oddsflow_core_strategy,APIFOOTBALL,4,LOST,-4
2026-05-21,Eredivisie,Utrecht,Heerenveen,,AH,AWAY,-0.5,1.94,10,0-0,oddsflow_core_strategy,NOVA88,50,LOST,-50
2026-05-21,Eredivisie,Utrecht,Heerenveen,,AH,AWAY,-0.5,1.9,10,0-0,oddsflow_core_strategy,HGA,100,LOST,-100
2026-05-21,Eredivisie,Utrecht,Heerenveen,,1X2,AWAY,0,3.5,35,0-0,oddsflow_handicap_sniper,APIFOOTBALL,4,LOST,-4
2026-05-21,Eredivisie,Utrecht,Heerenveen,,1X2,AWAY,0,3.5,35,0-0,oddsflow_handicap_sniper,NOVA88,18,LOST,-18
2026-05-21,Eredivisie,Utrecht,Heerenveen,,1X2,AWAY,0,3.45,35,0-0,oddsflow_handicap_sniper,HGA,50,LOST,-50
2026-05-21,Eredivisie,Utrecht,Heerenveen,,1X2,DRAW,0,3,35,0-0,oddsflow_active_trader,APIFOOTBALL,4,LOST,-4
2026-05-21,Eredivisie,Utrecht,Heerenveen,,1X2,DRAW,0,3,35,0-0,oddsflow_active_trader,NOVA88,15,LOST,-15
2026-05-21,Eredivisie,Utrecht,Heerenveen,,1X2,DRAW,0,3.1,35,0-0,oddsflow_active_trader,HGA,50,LOST,-50
2026-05-21,Eredivisie,Utrecht,Heerenveen,,1X2,DRAW,0,3,35,0-0,oddsflow_handicap_sniper,APIFOOTBALL,4,LOST,-4
2026-05-21,Eredivisie,Utrecht,Heerenveen,,1X2,DRAW,0,3,35,0-0,oddsflow_handicap_sniper,NOVA88,16,LOST,-16
2026-05-21,Eredivisie,Utrecht,Heerenveen,,1X2,DRAW,0,3.1,35,0-0,oddsflow_handicap_sniper,HGA,50,LOST,-50
2026-05-21,Eredivisie,Utrecht,Heerenveen,,1X2,DRAW,0,2.82,42,0-0,oddsflow_beta,APIFOOTBALL,4,LOST,-4
2026-05-21,Eredivisie,Utrecht,Heerenveen,,1X2,DRAW,0,2.82,42,0-0,oddsflow_beta,NOVA88,18,LOST,-18
2026-05-21,Eredivisie,Utrecht,Heerenveen,,1X2,DRAW,0,2.9,42,0-0,oddsflow_beta,HGA,50,LOST,-50
2026-05-21,Eredivisie,Utrecht,Heerenveen,,OU,OVER,1.5,1.833,48,1-0,oddsflow_handicap_sniper,APIFOOTBALL,4,WON,3.33
2026-05-21,Eredivisie,Utrecht,Heerenveen,,1X2,HOME,0,2.25,48,1-0,oddsflow_handicap_sniper,APIFOOTBALL,4,WON,5
2026-05-21,Eredivisie,Utrecht,Heerenveen,,OU,OVER,2.5,2.02,48,1-0,oddsflow_handicap_sniper,NOVA88,49,WON,49.98
2026-05-21,Eredivisie,Utrecht,Heerenveen,,OU,OVER,2.5,2.05,48,1-0,oddsflow_handicap_sniper,HGA,99,WON,103.95
2026-05-21,Eredivisie,Utrecht,Heerenveen,,OU,OVER,1.5,1.833,48,1-0,oddsflow_active_trader,APIFOOTBALL,4,WON,3.33
2026-05-21,Eredivisie,Utrecht,Heerenveen,,1X2,HOME,0,2.25,48,1-0,oddsflow_active_trader,APIFOOTBALL,4,WON,5
2026-05-21,Eredivisie,Utrecht,Heerenveen,,OU,OVER,2.5,2.02,48,1-0,oddsflow_active_trader,NOVA88,49,WON,49.98
2026-05-21,Eredivisie,Utrecht,Heerenveen,,OU,OVER,2.5,2.02,48,1-0,oddsflow_active_trader,HGA,97,WON,98.94
2026-05-21,Eredivisie,Utrecht,Heerenveen,,OU,OVER,1.5,1.833,49,1-0,oddsflow_beta,APIFOOTBALL,4,WON,3.33
2026-05-21,Eredivisie,Utrecht,Heerenveen,,1X2,HOME,0,2.25,49,1-0,oddsflow_beta,APIFOOTBALL,4,WON,5
2026-05-21,Eredivisie,Utrecht,Heerenveen,,OU,OVER,2.5,2.07,49,1-0,oddsflow_beta,NOVA88,50,WON,53.5
2026-05-22,J1 League,Machida Zelvia,Urawa Red Diamonds,,OU,UNDER,2.25,1.85,0,0-0,oddsflow_prematch_edge,APIFOOTBALL,10,WON,8.5
2026-05-22,J1 League,Machida Zelvia,Urawa Red Diamonds,,AH,AWAY,-1,1.75,12,1-0,oddsflow_core_strategy,APIFOOTBALL,8,WON,6
2026-05-22,J1 League,Machida Zelvia,Urawa Red Diamonds,,AH,AWAY,-1,1.875,35,1-0,oddsflow_handicap_sniper,APIFOOTBALL,8,WON,7
2026-05-22,J1 League,Machida Zelvia,Urawa Red Diamonds,,AH,AWAY,-1,1.875,35,1-0,oddsflow_active_trader,APIFOOTBALL,8,WON,7
2026-05-22,J1 League,Machida Zelvia,Urawa Red Diamonds,,OU,UNDER,2.5,1.727,37,1-0,oddsflow_handicap_sniper,APIFOOTBALL,4,WON,2.91
2026-05-22,J1 League,Machida Zelvia,Urawa Red Diamonds,,OU,UNDER,2.5,1.727,37,1-0,oddsflow_active_trader,APIFOOTBALL,4,WON,2.91
2026-05-22,J1 League,Machida Zelvia,Urawa Red Diamonds,,OU,UNDER,2.25,2.14,37,1-0,oddsflow_handicap_sniper,NOVA88,50,WON,57
2026-05-22,J1 League,Machida Zelvia,Urawa Red Diamonds,,OU,UNDER,2.25,2.14,37,1-0,oddsflow_active_trader,NOVA88,50,WON,57
2026-05-22,J1 League,Machida Zelvia,Urawa Red Diamonds,,OU,UNDER,2.5,1.84,37,1-0,oddsflow_handicap_sniper,HGA,100,WON,84
2026-05-22,Serie A,Fiorentina,Atalanta,,OU,UNDER,3,1.85,0,0-0,oddsflow_prematch_edge,APIFOOTBALL,10,WON,8.5
2026-05-22,Serie A,Fiorentina,Atalanta,,AH,HOME,0.5,1.7,17,0-0,oddsflow_core_strategy,APIFOOTBALL,100,WON,70
2026-05-22,Serie A,Fiorentina,Atalanta,,OU,UNDER,1.5,2.5,35,0-0,oddsflow_active_trader,APIFOOTBALL,100,LOST,-100
2026-05-22,Serie A,Fiorentina,Atalanta,,OU,UNDER,1.5,2.5,35,0-0,oddsflow_handicap_sniper,APIFOOTBALL,100,LOST,-100
2026-05-22,Serie A,Fiorentina,Atalanta,,AH,HOME,0.5,1.7,35,0-0,oddsflow_active_trader,APIFOOTBALL,100,WON,70
2026-05-22,Serie A,Fiorentina,Atalanta,,AH,HOME,0.5,1.7,35,0-0,oddsflow_handicap_sniper,APIFOOTBALL,100,WON,70
2026-05-22,Serie A,Fiorentina,Atalanta,,OU,UNDER,2.5,1.5,35,0-0,oddsflow_handicap_sniper,APIFOOTBALL,100,WON,50
2026-05-22,Serie A,Fiorentina,Atalanta,,OU,UNDER,2,1.82,35,0-0,oddsflow_handicap_sniper,NOVA88,50,VOID,0
2026-05-22,Serie A,Fiorentina,Atalanta,,OU,UNDER,2,1.82,35,0-0,oddsflow_handicap_sniper,HGA,100,VOID,0
2026-05-22,Serie A,Fiorentina,Atalanta,,AH,AWAY,-0.5,1.975,39,0-0,oddsflow_core_strategy,APIFOOTBALL,100,WON,97.5
2026-05-22,Serie A,Fiorentina,Atalanta,,AH,AWAY,-0.5,1.975,41,1-0,oddsflow_active_trader,APIFOOTBALL,100,WON,97.5
2026-05-22,Serie A,Fiorentina,Atalanta,,OU,UNDER,2.5,2.375,41,1-0,oddsflow_active_trader,APIFOOTBALL,100,WON,137.5
2026-05-22,Serie A,Fiorentina,Atalanta,,AH,AWAY,-0.5,1.975,41,1-0,oddsflow_handicap_sniper,APIFOOTBALL,100,WON,97.5
2026-05-22,Serie A,Fiorentina,Atalanta,,1X2,HOME,0,1.952,46,1-0,oddsflow_active_trader,APIFOOTBALL,100,LOST,-100
2026-05-22,Serie A,Fiorentina,Atalanta,,1X2,HOME,0,1.952,46,1-0,oddsflow_handicap_sniper,APIFOOTBALL,100,LOST,-100
2026-05-22,Serie A,Fiorentina,Atalanta,,1X2,HOME,0,1.98,46,1-0,oddsflow_active_trader,NOVA88,29,LOST,-29
2026-05-22,Serie A,Fiorentina,Atalanta,,1X2,HOME,0,1.98,46,1-0,oddsflow_handicap_sniper,NOVA88,50,LOST,-50
2026-05-22,Serie A,Fiorentina,Atalanta,,1X2,HOME,0,1.96,46,1-0,oddsflow_active_trader,HGA,56,LOST,-56
2026-05-22,Serie A,Fiorentina,Atalanta,,1X2,HOME,0,1.96,46,1-0,oddsflow_handicap_sniper,HGA,100,LOST,-100
2026-05-23,J1 League,Avispa Fukuoka,Vissel Kobe,,AH,HOME,0.5,2.07,0,0-0,oddsflow_prematch_edge,APIFOOTBALL,10,LOST,-10
2026-05-23,J1 League,Avispa Fukuoka,Vissel Kobe,,AH,HOME,0.5,1.99,0,0-0,oddsflow_prematch_edge,NOVA88,50,LOST,-50
2026-05-23,J1 League,Sanfrecce Hiroshima,Nagoya Grampus,,AH,HOME,-1,2.6,10,0-0,oddsflow_core_strategy,APIFOOTBALL,4,WON,6.4
2026-05-23,J1 League,Avispa Fukuoka,Vissel Kobe,,AH,HOME,0.5,1.7,10,0-0,oddsflow_core_strategy,APIFOOTBALL,4,LOST,-4
2026-05-23,J1 League,Sanfrecce Hiroshima,Nagoya Grampus,,AH,AWAY,-1,2.6,34,1-0,oddsflow_core_strategy,APIFOOTBALL,4,VOID,0
2026-05-23,J1 League,Sanfrecce Hiroshima,Nagoya Grampus,,AH,AWAY,-1,2.6,35,1-0,oddsflow_handicap_sniper,APIFOOTBALL,4,VOID,0
2026-05-23,J1 League,Sanfrecce Hiroshima,Nagoya Grampus,,AH,AWAY,-1,2.6,35,1-0,oddsflow_active_trader,APIFOOTBALL,4,VOID,0
2026-05-23,J1 League,Sanfrecce Hiroshima,Nagoya Grampus,,AH,AWAY,-1,2.6,35,1-0,oddsflow_beta,APIFOOTBALL,4,VOID,0
2026-05-23,J1 League,Avispa Fukuoka,Vissel Kobe,,AH,HOME,0.5,1.85,35,0-0,oddsflow_handicap_sniper,APIFOOTBALL,4,LOST,-4
2026-05-23,J1 League,Avispa Fukuoka,Vissel Kobe,,AH,HOME,0.5,1.89,35,0-0,oddsflow_handicap_sniper,NOVA88,50,LOST,-50
2026-05-23,J1 League,Avispa Fukuoka,Vissel Kobe,,AH,HOME,0.5,1.85,35,0-0,oddsflow_active_trader,APIFOOTBALL,4,LOST,-4
2026-05-23,J1 League,Avispa Fukuoka,Vissel Kobe,,AH,HOME,0.5,1.91,35,0-0,oddsflow_handicap_sniper,HGA,100,LOST,-100
2026-05-23,J1 League,Avispa Fukuoka,Vissel Kobe,,AH,HOME,0.5,1.89,35,0-0,oddsflow_active_trader,NOVA88,50,LOST,-50
2026-05-23,J1 League,Avispa Fukuoka,Vissel Kobe,,AH,HOME,0.5,1.91,35,0-0,oddsflow_active_trader,HGA,100,LOST,-100
2026-05-23,J1 League,Sanfrecce Hiroshima,Nagoya Grampus,,OU,UNDER,3.5,1.615,37,1-0,oddsflow_beta,APIFOOTBALL,4,LOST,-4
2026-05-23,J1 League,Sanfrecce Hiroshima,Nagoya Grampus,,OU,UNDER,3.5,2,48,1-0,oddsflow_handicap_sniper,APIFOOTBALL,5,LOST,-5
2026-05-23,J1 League,Sanfrecce Hiroshima,Nagoya Grampus,,OU,UNDER,3.5,2,48,1-0,oddsflow_active_trader,APIFOOTBALL,4,LOST,-4
2026-05-23,J1 League,Sanfrecce Hiroshima,Nagoya Grampus,,OU,UNDER,3.75,1.83,48,1-0,oddsflow_handicap_sniper,NOVA88,50,LOST,-50
2026-05-23,J1 League,Sanfrecce Hiroshima,Nagoya Grampus,,OU,UNDER,3.75,1.84,48,1-0,oddsflow_handicap_sniper,HGA,100,LOST,-100
2026-05-23,J1 League,Sanfrecce Hiroshima,Nagoya Grampus,,OU,UNDER,3.75,1.83,48,1-0,oddsflow_active_trader,NOVA88,50,LOST,-50
2026-05-23,J1 League,Sanfrecce Hiroshima,Nagoya Grampus,,OU,UNDER,3.75,1.84,48,1-0,oddsflow_active_trader,HGA,100,LOST,-100
2026-05-23,J1 League,Avispa Fukuoka,Vissel Kobe,,OU,UNDER,1.5,1.615,46,0-0,oddsflow_active_trader,APIFOOTBALL,4,WON,2.46
2026-05-23,J1 League,Avispa Fukuoka,Vissel Kobe,,OU,UNDER,1.5,1.615,47,0-0,oddsflow_handicap_sniper,APIFOOTBALL,4,WON,2.46
2026-05-23,J1 League,Sanfrecce Hiroshima,Nagoya Grampus,,OU,UNDER,4.5,2.1,50,2-1,oddsflow_active_trader,APIFOOTBALL,4,LOST,-4
2026-05-23,J1 League,Avispa Fukuoka,Vissel Kobe,,AH,HOME,1,2.5,50,0-1,oddsflow_handicap_sniper,APIFOOTBALL,4,WON,6
2026-05-23,J1 League,Sanfrecce Hiroshima,Nagoya Grampus,,OU,UNDER,4.5,2.1,50,2-1,oddsflow_handicap_sniper,APIFOOTBALL,4,LOST,-4
2026-05-23,J1 League,Avispa Fukuoka,Vissel Kobe,,OU,UNDER,2.5,1.571,50,0-1,oddsflow_handicap_sniper,APIFOOTBALL,4,WON,2.28
2026-05-23,J1 League,Avispa Fukuoka,Vissel Kobe,,AH,HOME,1,2.5,50,0-1,oddsflow_active_trader,APIFOOTBALL,4,WON,6
2026-05-23,J1 League,Avispa Fukuoka,Vissel Kobe,,OU,UNDER,2.5,1.571,50,0-1,oddsflow_active_trader,APIFOOTBALL,4,WON,2.28
2026-05-23,J1 League,Avispa Fukuoka,Vissel Kobe,,AH,HOME,1,2.2,51,0-1,oddsflow_core_strategy,APIFOOTBALL,5,WON,6
2026-05-23,J1 League,Sanfrecce Hiroshima,Nagoya Grampus,,OU,UNDER,5.5,2.1,47,3-1,oddsflow_handicap_sniper,APIFOOTBALL,4,LOST,-4
2026-05-23,J1 League,Sanfrecce Hiroshima,Nagoya Grampus,,OU,UNDER,5.5,2.1,47,3-1,oddsflow_active_trader,APIFOOTBALL,4,LOST,-4
2026-05-23,J1 League,Kashiwa Reysol,JEF United Chiba,,OU,UNDER,2.75,1.85,0,0-0,oddsflow_prematch_edge,APIFOOTBALL,10,LOST,-10
2026-05-23,J1 League,Kashiwa Reysol,JEF United Chiba,,OU,UNDER,2.5,2.02,0,0-0,oddsflow_prematch_edge,NOVA88,50,LOST,-50
2026-05-23,J1 League,Kashima Antlers,FC Tokyo,,OU,UNDER,1.5,1.5,56,0-0,oddsflow_active_trader,APIFOOTBALL,4,WON,2
2026-05-23,J1 League,Kashiwa Reysol,JEF United Chiba,,AH,AWAY,-1.5,2,48,2-1,oddsflow_handicap_sniper,APIFOOTBALL,7,WON,7
2026-05-23,J1 League,Kashiwa Reysol,JEF United Chiba,,AH,AWAY,-1.5,2,48,2-1,oddsflow_active_trader,APIFOOTBALL,7,WON,7
2026-05-23,J1 League,Kashiwa Reysol,JEF United Chiba,,OU,UNDER,4.5,1.727,49,2-1,oddsflow_active_trader,APIFOOTBALL,6,LOST,-6
2026-05-23,J1 League,Kashiwa Reysol,JEF United Chiba,,OU,UNDER,4.5,1.8,49,2-1,oddsflow_active_trader,NOVA88,50,LOST,-50
2026-05-23,J1 League,Kashiwa Reysol,JEF United Chiba,,OU,UNDER,4.5,1.82,49,2-1,oddsflow_active_trader,HGA,100,LOST,-100
2026-05-23,J1 League,Kashiwa Reysol,JEF United Chiba,,OU,UNDER,4.5,1.727,49,2-1,oddsflow_handicap_sniper,APIFOOTBALL,6,LOST,-6
2026-05-23,J1 League,Kashiwa Reysol,JEF United Chiba,,OU,UNDER,4.5,1.8,49,2-1,oddsflow_handicap_sniper,NOVA88,50,LOST,-50
2026-05-23,J1 League,Kashiwa Reysol,JEF United Chiba,,OU,UNDER,4.5,1.8,49,2-1,oddsflow_handicap_sniper,HGA,100,LOST,-100
2026-05-23,J1 League,Kashiwa Reysol,JEF United Chiba,,AH,AWAY,-1.5,1.875,54,2-1,oddsflow_core_strategy,APIFOOTBALL,8,WON,7
2026-05-23,Chinese Super League,Shanghai SIPG,Tianjin Teda,,AH,HOME,-0.75,1.88,0,0-0,oddsflow_prematch_edge,APIFOOTBALL,10,LOST,-10
2026-05-23,Chinese Super League,Shanghai SIPG,Tianjin Teda,,AH,HOME,-0.75,1.87,0,0-0,oddsflow_prematch_edge,NOVA88,15,LOST,-15
2026-05-23,Chinese Super League,Shanghai SIPG,Tianjin Teda,,AH,HOME,-0.5,1.875,10,0-0,oddsflow_core_strategy,APIFOOTBALL,200,LOST,-200
2026-05-23,J1 League,Kyoto Sanga,V-Varen Nagasaki,,AH,AWAY,-1,2.05,53,1-0,oddsflow_active_trader,APIFOOTBALL,7,WON,7.35
2026-05-23,J1 League,Kyoto Sanga,V-Varen Nagasaki,,AH,AWAY,-1,2.05,53,1-0,oddsflow_handicap_sniper,APIFOOTBALL,8,WON,8.4
2026-05-23,J1 League,Kyoto Sanga,V-Varen Nagasaki,,AH,AWAY,-1,2.05,53,1-0,oddsflow_beta,APIFOOTBALL,8,WON,8.4
2026-05-23,Chinese Super League,Beijing Guoan,Henan Jianye,,AH,HOME,-0.75,1.88,0,0-0,oddsflow_prematch_edge,APIFOOTBALL,10,LOST,-10
2026-05-23,Chinese Super League,Shanghai SIPG,Tianjin Teda,,AH,AWAY,-0.5,1.75,48,0-0,oddsflow_active_trader,APIFOOTBALL,500,WON,375
2026-05-23,Chinese Super League,Shanghai SIPG,Tianjin Teda,,AH,AWAY,-0.5,1.79,48,0-0,oddsflow_active_trader,NOVA88,15,WON,11.85
2026-05-23,Chinese Super League,Shanghai SIPG,Tianjin Teda,,AH,AWAY,-0.5,1.79,48,0-0,oddsflow_active_trader,HGA,50,WON,39.5
2026-05-23,Chinese Super League,Dalian Zhixing,Chengdu Better City,,AH,AWAY,0.25,2.05,0,0-0,oddsflow_prematch_edge,APIFOOTBALL,10,LOST,-10
2026-05-23,Chinese Super League,Shanghai SIPG,Tianjin Teda,,AH,AWAY,-1,2.425,51,0-0,oddsflow_handicap_sniper,APIFOOTBALL,817,WON,1164.23
2026-05-23,Chinese Super League,Shanghai SIPG,Tianjin Teda,,AH,AWAY,-1,2.425,51,0-0,oddsflow_active_trader,APIFOOTBALL,823,WON,1172.77
2026-05-23,Chinese Super League,Shanghai SIPG,Tianjin Teda,,OU,UNDER,2.5,1.5,51,0-0,oddsflow_handicap_sniper,APIFOOTBALL,1254,WON,627
2026-05-23,Chinese Super League,Shanghai SIPG,Tianjin Teda,,OU,UNDER,2.5,1.5,51,0-0,oddsflow_active_trader,APIFOOTBALL,1220,WON,610
2026-05-23,Chinese Super League,Shanghai SIPG,Tianjin Teda,,1X2,DRAW,0,5,51,0-0,oddsflow_handicap_sniper,APIFOOTBALL,500,WON,2000
2026-05-23,Chinese Super League,Shanghai SIPG,Tianjin Teda,,OU,UNDER,2.25,1.75,51,0-0,oddsflow_handicap_sniper,NOVA88,50,HALF_WON,18.75
2026-05-23,Chinese Super League,Shanghai SIPG,Tianjin Teda,,1X2,DRAW,0,5,51,0-0,oddsflow_active_trader,APIFOOTBALL,500,WON,2000
2026-05-23,Chinese Super League,Shanghai SIPG,Tianjin Teda,,OU,UNDER,2.25,1.75,51,0-0,oddsflow_active_trader,NOVA88,50,HALF_WON,18.75
2026-05-23,Chinese Super League,Dalian Zhixing,Chengdu Better City,,AH,AWAY,0,2.05,35,0-0,oddsflow_handicap_sniper,APIFOOTBALL,931,LOST,-931
2026-05-23,Chinese Super League,Dalian Zhixing,Chengdu Better City,,OU,UNDER,2.5,1.571,35,0-0,oddsflow_handicap_sniper,APIFOOTBALL,551,WON,314.62
2026-05-23,Chinese Super League,Dalian Zhixing,Chengdu Better City,,AH,AWAY,0,2.05,35,0-0,oddsflow_active_trader,APIFOOTBALL,942,LOST,-942
2026-05-23,Chinese Super League,Dalian Zhixing,Chengdu Better City,,1X2,AWAY,0,2.875,35,0-0,oddsflow_handicap_sniper,APIFOOTBALL,500,LOST,-500
2026-05-23,Chinese Super League,Dalian Zhixing,Chengdu Better City,,OU,UNDER,1.75,2,35,0-0,oddsflow_handicap_sniper,NOVA88,50,HALF_LOST,-25
2026-05-23,Chinese Super League,Dalian Zhixing,Chengdu Better City,,OU,UNDER,2.5,1.571,35,0-0,oddsflow_active_trader,APIFOOTBALL,581,WON,331.75
2026-05-23,Chinese Super League,Dalian Zhixing,Chengdu Better City,,OU,UNDER,1.75,1.99,35,0-0,oddsflow_handicap_sniper,HGA,100,HALF_LOST,-50
2026-05-23,Chinese Super League,Dalian Zhixing,Chengdu Better City,,1X2,AWAY,0,3.05,35,0-0,oddsflow_handicap_sniper,NOVA88,45,LOST,-45
2026-05-23,Chinese Super League,Dalian Zhixing,Chengdu Better City,,1X2,AWAY,0,2.875,35,0-0,oddsflow_active_trader,APIFOOTBALL,500,LOST,-500
2026-05-23,Chinese Super League,Dalian Zhixing,Chengdu Better City,,OU,UNDER,1.75,2,35,0-0,oddsflow_active_trader,NOVA88,50,HALF_LOST,-25
2026-05-23,Chinese Super League,Dalian Zhixing,Chengdu Better City,,1X2,AWAY,0,3.15,35,0-0,oddsflow_handicap_sniper,HGA,94,LOST,-94
2026-05-23,Chinese Super League,Dalian Zhixing,Chengdu Better City,,OU,UNDER,1.75,1.99,35,0-0,oddsflow_active_trader,HGA,100,HALF_LOST,-50
2026-05-23,Chinese Super League,Dalian Zhixing,Chengdu Better City,,1X2,AWAY,0,3.05,35,0-0,oddsflow_active_trader,NOVA88,27,LOST,-27
2026-05-23,Chinese Super League,Dalian Zhixing,Chengdu Better City,,1X2,AWAY,0,3.15,35,0-0,oddsflow_active_trader,HGA,58,LOST,-58
2026-05-23,Chinese Super League,Shanghai SIPG,Tianjin Teda,,1X2,HOME,0,2.2,77,1-0,oddsflow_active_trader,APIFOOTBALL,500,LOST,-500
2026-05-23,Chinese Super League,Shanghai SIPG,Tianjin Teda,,1X2,HOME,0,2.2,78,1-0,oddsflow_handicap_sniper,APIFOOTBALL,500,LOST,-500
2026-05-23,Chinese Super League,Shanghai SIPG,Tianjin Teda,,AH,AWAY,0,2.675,78,1-1,oddsflow_handicap_sniper,APIFOOTBALL,500,VOID,0
2026-05-23,Chinese Super League,Shanghai SIPG,Tianjin Teda,,AH,AWAY,0,2.675,78,1-1,oddsflow_active_trader,APIFOOTBALL,500,VOID,0
2026-05-23,Chinese Super League,Beijing Guoan,Henan Jianye,,AH,AWAY,-1,2.675,52,1-0,oddsflow_beta,APIFOOTBALL,766,WON,1283.05
2026-05-23,Chinese Super League,Beijing Guoan,Henan Jianye,,AH,AWAY,-1,2.675,52,1-0,oddsflow_active_trader,APIFOOTBALL,775,WON,1298.12
2026-05-23,Chinese Super League,Beijing Guoan,Henan Jianye,,AH,AWAY,-1,2.675,52,1-0,oddsflow_handicap_sniper,APIFOOTBALL,776,WON,1299.8
2026-05-23,Chinese Super League,Dalian Zhixing,Chengdu Better City,,AH,AWAY,0,2.1,47,0-0,oddsflow_core_strategy,APIFOOTBALL,200,LOST,-200
2026-05-23,Chinese Super League,Dalian Zhixing,Chengdu Better City,,AH,AWAY,0,2.12,47,0-0,oddsflow_core_strategy,NOVA88,50,LOST,-50
2026-05-23,Chinese Super League,Dalian Zhixing,Chengdu Better City,,OU,UNDER,1.5,1.571,55,0-0,oddsflow_active_trader,APIFOOTBALL,500,LOST,-500
2026-05-23,Chinese Super League,Beijing Guoan,Henan Jianye,,OU,UNDER,2.5,1.8,78,1-0,oddsflow_core_strategy,APIFOOTBALL,500,LOST,-500
2026-05-23,Chinese Super League,Beijing Guoan,Henan Jianye,,1X2,DRAW,0,1.8,79,1-1,oddsflow_handicap_sniper,APIFOOTBALL,500,LOST,-500
2026-05-23,Chinese Super League,Beijing Guoan,Henan Jianye,,1X2,DRAW,0,1.8,79,1-1,oddsflow_active_trader,APIFOOTBALL,500,LOST,-500
2026-05-23,Chinese Super League,Dalian Zhixing,Chengdu Better City,,OU,UNDER,1.5,1.571,56,0-0,oddsflow_handicap_sniper,APIFOOTBALL,500,LOST,-500
2026-05-23,Chinese Super League,Dalian Zhixing,Chengdu Better City,,1X2,DRAW,0,2.4,61,0-0,oddsflow_active_trader,APIFOOTBALL,500,LOST,-500
2026-05-23,Chinese Super League,Dalian Zhixing,Chengdu Better City,,1X2,DRAW,0,2.4,62,0-0,oddsflow_handicap_sniper,APIFOOTBALL,500,LOST,-500
2026-05-23,Chinese Super League,Dalian Zhixing,Chengdu Better City,,AH,AWAY,-1,1.9,78,1-0,oddsflow_handicap_sniper,APIFOOTBALL,546,VOID,0
2026-05-23,Chinese Super League,Dalian Zhixing,Chengdu Better City,,AH,AWAY,-1,1.9,78,1-0,oddsflow_active_trader,APIFOOTBALL,549,VOID,0
2026-05-23,Serie A,Bologna,Inter Milan,,AH,AWAY,0.5,2.15,10,0-0,oddsflow_core_strategy,APIFOOTBALL,100,LOST,-100
2026-05-23,Serie A,Bologna,Inter Milan,,AH,HOME,0.5,2.75,23,0-1,oddsflow_core_strategy,APIFOOTBALL,100,WON,175
2026-05-23,Serie A,Lazio,Pisa,,AH,HOME,-0.75,1.96,0,0-0,oddsflow_prematch_edge,APIFOOTBALL,10,HALF_WON,4.8
2026-05-23,La Liga,Espanyol,Real Sociedad,,1X2,AWAY,0,3.29,0,0-0,oddsflow_prematch_edge,APIFOOTBALL,10,LOST,-10
2026-05-23,La Liga,Alaves,Rayo Vallecano,,AH,AWAY,-0.25,1.88,0,0-0,oddsflow_prematch_edge,APIFOOTBALL,10,WON,8.8
2026-05-23,La Liga,Espanyol,Real Sociedad,,1X2,AWAY,0,3,0,0-0,oddsflow_prematch_edge,NOVA88,22,LOST,-22
2026-05-23,Serie A,Lazio,Pisa,,AH,AWAY,-1,1.7,13,0-0,oddsflow_core_strategy,APIFOOTBALL,106,VOID,0
2026-05-23,Serie A,Lazio,Pisa,,AH,AWAY,-0.5,2.25,15,0-0,oddsflow_core_strategy,APIFOOTBALL,94,LOST,-94
2026-05-23,La Liga,Real Betis,Levante,,AH,AWAY,-1,1.775,10,1-0,oddsflow_core_strategy,APIFOOTBALL,137,WON,106.17
2026-05-23,La Liga,Espanyol,Real Sociedad,,1X2,DRAW,0,3.5,15,0-0,oddsflow_handicap_sniper,APIFOOTBALL,60,WON,150
2026-05-23,La Liga,Espanyol,Real Sociedad,,1X2,DRAW,0,3.55,15,0-0,oddsflow_handicap_sniper,NOVA88,16,WON,40.8
2026-05-23,La Liga,Espanyol,Real Sociedad,,1X2,DRAW,0,3.55,15,0-0,oddsflow_handicap_sniper,HGA,50,WON,127.5
2026-05-23,La Liga,Espanyol,Real Sociedad,,OU,UNDER,2.5,2,15,0-0,oddsflow_active_trader,APIFOOTBALL,60,WON,60
2026-05-23,La Liga,Espanyol,Real Sociedad,,OU,UNDER,2.5,2,15,0-0,oddsflow_handicap_sniper,APIFOOTBALL,60,WON,60
2026-05-23,La Liga,Celta Vigo,Sevilla,,AH,HOME,-0.5,1.975,15,0-0,oddsflow_core_strategy,APIFOOTBALL,60,WON,58.5
2026-05-23,La Liga,Celta Vigo,Sevilla,,AH,HOME,-0.5,2.02,15,0-0,oddsflow_core_strategy,NOVA88,38,WON,38.76
2026-05-23,La Liga,Celta Vigo,Sevilla,,AH,HOME,-0.5,2,15,0-0,oddsflow_core_strategy,HGA,74,WON,74
2026-05-23,La Liga,Alaves,Rayo Vallecano,,AH,AWAY,-1,2.1,15,1-0,oddsflow_active_trader,APIFOOTBALL,115,WON,126.5
2026-05-23,La Liga,Celta Vigo,Sevilla,,AH,HOME,-0.5,1.975,15,0-0,oddsflow_active_trader,APIFOOTBALL,60,WON,58.5
2026-05-23,La Liga,Celta Vigo,Sevilla,,OU,OVER,1.5,1.615,15,0-0,oddsflow_active_trader,APIFOOTBALL,65,LOST,-65
2026-05-23,La Liga,Celta Vigo,Sevilla,,AH,HOME,-0.5,2.02,15,0-0,oddsflow_active_trader,NOVA88,36,WON,36.72
2026-05-23,La Liga,Celta Vigo,Sevilla,,1X2,HOME,0,1.952,15,0-0,oddsflow_active_trader,APIFOOTBALL,60,WON,57.12
2026-05-23,La Liga,Celta Vigo,Sevilla,,AH,HOME,-0.5,2,15,0-0,oddsflow_active_trader,HGA,71,WON,71
2026-05-23,La Liga,Celta Vigo,Sevilla,,1X2,HOME,0,2.02,15,0-0,oddsflow_active_trader,NOVA88,19,WON,19.38
2026-05-23,La Liga,Celta Vigo,Sevilla,,1X2,HOME,0,2,15,0-0,oddsflow_active_trader,HGA,50,WON,50
2026-05-23,La Liga,Alaves,Rayo Vallecano,,AH,AWAY,-1,2.1,15,1-0,oddsflow_handicap_sniper,APIFOOTBALL,115,WON,126.5
2026-05-23,La Liga,Celta Vigo,Sevilla,,AH,HOME,-0.5,1.975,15,0-0,oddsflow_handicap_sniper,APIFOOTBALL,60,WON,58.5
2026-05-23,La Liga,Celta Vigo,Sevilla,,OU,OVER,1.5,1.615,15,0-0,oddsflow_handicap_sniper,APIFOOTBALL,69,LOST,-69
2026-05-23,La Liga,Celta Vigo,Sevilla,,AH,HOME,-0.5,2.03,15,0-0,oddsflow_handicap_sniper,NOVA88,37,WON,38.11
2026-05-23,La Liga,Celta Vigo,Sevilla,,1X2,HOME,0,1.952,15,0-0,oddsflow_handicap_sniper,APIFOOTBALL,60,WON,57.12
2026-05-23,La Liga,Celta Vigo,Sevilla,,AH,HOME,-0.5,2.02,15,0-0,oddsflow_handicap_sniper,HGA,73,WON,74.46
2026-05-23,La Liga,Celta Vigo,Sevilla,,1X2,HOME,0,2.02,15,0-0,oddsflow_handicap_sniper,NOVA88,28,WON,28.56
2026-05-23,La Liga,Celta Vigo,Sevilla,,1X2,HOME,0,2,15,0-0,oddsflow_handicap_sniper,HGA,54,WON,54
2026-05-23,La Liga,Real Betis,Levante,,AH,AWAY,-0.5,2.15,16,1-0,oddsflow_active_trader,APIFOOTBALL,78,WON,89.7
2026-05-23,La Liga,Real Betis,Levante,,1X2,HOME,0,1.666,16,1-0,oddsflow_active_trader,APIFOOTBALL,60,WON,39.96
2026-05-23,La Liga,Real Betis,Levante,,AH,AWAY,-0.5,2.15,16,1-0,oddsflow_core_strategy,APIFOOTBALL,63,WON,72.45
2026-05-23,La Liga,Real Betis,Levante,,AH,AWAY,-0.5,2.15,16,1-0,oddsflow_handicap_sniper,APIFOOTBALL,77,WON,88.55
2026-05-23,La Liga,Real Betis,Levante,,1X2,HOME,0,1.727,18,1-0,oddsflow_handicap_sniper,APIFOOTBALL,60,WON,43.62
2026-05-23,La Liga,Alaves,Rayo Vallecano,,AH,AWAY,-1,2.05,19,1-0,oddsflow_core_strategy,APIFOOTBALL,115,WON,120.75
2026-05-23,Serie A,Lazio,Pisa,,AH,AWAY,-0.5,2.05,35,1-1,oddsflow_handicap_sniper,APIFOOTBALL,100,LOST,-100
2026-05-23,Serie A,Lazio,Pisa,,OU,UNDER,3.5,2.3,35,1-1,oddsflow_handicap_sniper,APIFOOTBALL,100,WON,130
2026-05-23,Serie A,Lazio,Pisa,,AH,AWAY,-0.5,2.08,35,1-1,oddsflow_handicap_sniper,NOVA88,23,LOST,-23
2026-05-23,Serie A,Lazio,Pisa,,AH,AWAY,-0.5,2.04,35,1-1,oddsflow_handicap_sniper,HGA,50,LOST,-50
2026-05-23,Serie A,Lazio,Pisa,,AH,AWAY,-0.5,2.05,35,1-1,oddsflow_active_trader,APIFOOTBALL,100,LOST,-100
2026-05-23,Serie A,Lazio,Pisa,,AH,AWAY,-0.5,2.08,35,1-1,oddsflow_active_trader,NOVA88,22,LOST,-22
2026-05-23,Serie A,Lazio,Pisa,,AH,AWAY,-0.5,2.04,35,1-1,oddsflow_active_trader,HGA,50,LOST,-50
2026-05-23,Serie A,Lazio,Pisa,,AH,AWAY,-1.5,1.85,36,2-1,oddsflow_active_trader,APIFOOTBALL,168,WON,142.8
2026-05-23,Serie A,Lazio,Pisa,,OU,UNDER,4.5,2.1,36,2-1,oddsflow_active_trader,APIFOOTBALL,100,WON,110
2026-05-23,Serie A,Lazio,Pisa,,AH,AWAY,-1.5,1.875,36,2-1,oddsflow_handicap_sniper,APIFOOTBALL,124,WON,108.5
2026-05-23,Serie A,Lazio,Pisa,,OU,UNDER,4.5,2.1,36,2-1,oddsflow_handicap_sniper,APIFOOTBALL,100,WON,110
2026-05-23,La Liga,Real Betis,Levante,,AH,AWAY,-1,1.7,23,1-0,oddsflow_handicap_sniper,APIFOOTBALL,115,WON,80.5
2026-05-23,La Liga,Real Betis,Levante,,AH,AWAY,-1,1.7,23,1-0,oddsflow_active_trader,APIFOOTBALL,114,WON,79.8
2026-05-23,La Liga,Espanyol,Real Sociedad,,OU,UNDER,2.5,1.727,23,0-0,oddsflow_beta,APIFOOTBALL,60,WON,43.62
2026-05-23,Serie A,Lazio,Pisa,,AH,AWAY,-1,2.75,38,2-1,oddsflow_handicap_sniper,APIFOOTBALL,100,WON,175
2026-05-23,Serie A,Lazio,Pisa,,AH,AWAY,-1,2.75,38,2-1,oddsflow_active_trader,APIFOOTBALL,100,WON,175
2026-05-23,La Liga,Real Betis,Levante,,OU,UNDER,3.5,1.727,26,1-0,oddsflow_active_trader,APIFOOTBALL,60,WON,43.62
2026-05-23,La Liga,Real Betis,Levante,,OU,UNDER,3.5,1.727,27,1-0,oddsflow_handicap_sniper,APIFOOTBALL,60,WON,43.62
2026-05-23,La Liga,Espanyol,Real Sociedad,,AH,HOME,0.5,2.025,29,0-1,oddsflow_core_strategy,APIFOOTBALL,81,WON,83.02
2026-05-23,La Liga,Espanyol,Real Sociedad,,AH,HOME,0.5,2.025,29,0-1,oddsflow_handicap_sniper,APIFOOTBALL,60,WON,61.5
2026-05-23,La Liga,Espanyol,Real Sociedad,,OU,UNDER,3.5,1.666,29,0-1,oddsflow_handicap_sniper,APIFOOTBALL,60,WON,39.96
2026-05-23,La Liga,Espanyol,Real Sociedad,,1X2,AWAY,0,1.8,29,0-1,oddsflow_handicap_sniper,APIFOOTBALL,60,LOST,-60
2026-05-23,La Liga,Espanyol,Real Sociedad,,1X2,AWAY,0,1.87,29,0-1,oddsflow_handicap_sniper,NOVA88,26,LOST,-26
2026-05-23,La Liga,Espanyol,Real Sociedad,,1X2,AWAY,0,1.91,29,0-1,oddsflow_handicap_sniper,HGA,57,LOST,-57
2026-05-23,La Liga,Espanyol,Real Sociedad,,AH,HOME,0.5,2.025,29,0-1,oddsflow_active_trader,APIFOOTBALL,80,WON,82
2026-05-23,La Liga,Espanyol,Real Sociedad,,OU,UNDER,3.5,1.666,29,0-1,oddsflow_active_trader,APIFOOTBALL,60,WON,39.96
2026-05-23,La Liga,Espanyol,Real Sociedad,,1X2,AWAY,0,1.8,29,0-1,oddsflow_active_trader,APIFOOTBALL,60,LOST,-60
2026-05-23,La Liga,Espanyol,Real Sociedad,,OU,UNDER,3.25,1.85,29,0-1,oddsflow_active_trader,NOVA88,50,WON,42.5
2026-05-23,La Liga,Espanyol,Real Sociedad,,OU,UNDER,3.25,1.88,29,0-1,oddsflow_active_trader,HGA,100,WON,88
2026-05-23,La Liga,Espanyol,Real Sociedad,,1X2,AWAY,0,1.87,29,0-1,oddsflow_active_trader,NOVA88,15,LOST,-15
2026-05-23,La Liga,Espanyol,Real Sociedad,,1X2,AWAY,0,1.91,29,0-1,oddsflow_active_trader,HGA,50,LOST,-50
2026-05-23,La Liga,Real Betis,Levante,,OU,UNDER,2.5,2.5,42,1-0,oddsflow_handicap_sniper,APIFOOTBALL,60,LOST,-60
2026-05-23,La Liga,Real Betis,Levante,,OU,UNDER,2.5,2.375,43,1-0,oddsflow_active_trader,APIFOOTBALL,60,LOST,-60
2026-05-23,La Liga,Real Betis,Levante,,1X2,DRAW,0,2.875,47,1-1,oddsflow_handicap_sniper,APIFOOTBALL,60,LOST,-60
2026-05-23,La Liga,Real Betis,Levante,,1X2,DRAW,0,2.77,47,1-1,oddsflow_handicap_sniper,NOVA88,15,LOST,-15
2026-05-23,La Liga,Real Betis,Levante,,1X2,DRAW,0,2.69,47,1-1,oddsflow_handicap_sniper,HGA,50,LOST,-50
2026-05-23,La Liga,Celta Vigo,Sevilla,,OU,UNDER,1.5,2.3,47,0-0,oddsflow_active_trader,APIFOOTBALL,60,WON,78
2026-05-23,La Liga,Celta Vigo,Sevilla,,OU,UNDER,1.5,2.3,47,0-0,oddsflow_handicap_sniper,APIFOOTBALL,60,WON,78
2026-05-23,La Liga,Alaves,Rayo Vallecano,,OU,UNDER,2.5,1.727,49,1-0,oddsflow_active_trader,APIFOOTBALL,60,LOST,-60
2026-05-23,La Liga,Alaves,Rayo Vallecano,,OU,UNDER,2.25,2.12,49,1-0,oddsflow_active_trader,HGA,76,LOST,-76
2026-05-23,La Liga,Alaves,Rayo Vallecano,,OU,UNDER,2.5,1.727,49,1-0,oddsflow_handicap_sniper,APIFOOTBALL,60,LOST,-60
2026-05-23,La Liga,Celta Vigo,Sevilla,,1X2,DRAW,0,3.2,47,0-0,oddsflow_handicap_sniper,APIFOOTBALL,60,LOST,-60
2026-05-23,La Liga,Celta Vigo,Sevilla,,OU,UNDER,2.5,1.5,47,0-0,oddsflow_handicap_sniper,APIFOOTBALL,68,WON,34
2026-05-23,La Liga,Celta Vigo,Sevilla,,OU,UNDER,1.25,1.78,47,0-0,oddsflow_handicap_sniper,NOVA88,50,HALF_WON,19.5
2026-05-23,La Liga,Celta Vigo,Sevilla,,OU,UNDER,1.25,1.79,47,0-0,oddsflow_handicap_sniper,HGA,100,HALF_WON,39.5
2026-05-23,La Liga,Celta Vigo,Sevilla,,OU,UNDER,2.5,1.5,47,0-0,oddsflow_active_trader,APIFOOTBALL,73,WON,36.5
2026-05-23,La Liga,Celta Vigo,Sevilla,,OU,UNDER,1.25,1.78,47,0-0,oddsflow_active_trader,NOVA88,50,HALF_WON,19.5
2026-05-23,La Liga,Celta Vigo,Sevilla,,OU,UNDER,1.25,1.79,47,0-0,oddsflow_active_trader,HGA,100,HALF_WON,39.5
2026-05-23,Serie A,Lazio,Pisa,,AH,AWAY,-1,2.425,54,2-1,oddsflow_beta,APIFOOTBALL,146,WON,208.05
2026-05-23,Serie A,Lazio,Pisa,,OU,UNDER,4.5,1.571,54,2-1,oddsflow_beta,APIFOOTBALL,121,WON,69.09
2026-05-23,Serie A,Lazio,Pisa,,OU,UNDER,4.25,1.77,54,2-1,oddsflow_beta,NOVA88,50,WON,38.5
2026-05-23,Serie A,Lazio,Pisa,,OU,UNDER,4.25,1.79,54,2-1,oddsflow_beta,HGA,100,WON,79
2026-05-23,La Liga,Real Betis,Levante,,1X2,DRAW,0,4,47,1-1,oddsflow_active_trader,APIFOOTBALL,60,LOST,-60
2026-05-23,La Liga,Espanyol,Real Sociedad,,1X2,DRAW,0,3.35,54,1-1,oddsflow_active_trader,APIFOOTBALL,60,WON,141
2026-05-23,La Liga,Espanyol,Real Sociedad,,1X2,DRAW,0,3.35,54,1-1,oddsflow_active_trader,NOVA88,19,WON,44.65
2026-05-23,La Liga,Espanyol,Real Sociedad,,OU,OVER,2.5,2,55,1-1,oddsflow_core_strategy,APIFOOTBALL,500,LOST,-500
2026-05-23,La Liga,Espanyol,Real Sociedad,,OU,OVER,2.25,1.93,55,1-1,oddsflow_handicap_sniper,APIFOOTBALL,60,HALF_LOST,-30
2026-05-23,La Liga,Real Betis,Levante,,OU,OVER,2.5,1.571,55,1-1,oddsflow_handicap_sniper,APIFOOTBALL,60,WON,34.26
2026-05-23,La Liga,Espanyol,Real Sociedad,,OU,OVER,2.25,1.93,55,1-1,oddsflow_handicap_sniper,NOVA88,45,HALF_LOST,-22.5
2026-05-23,La Liga,Espanyol,Real Sociedad,,OU,OVER,2.25,1.93,55,1-1,oddsflow_active_trader,APIFOOTBALL,60,HALF_LOST,-30
2026-05-23,La Liga,Real Betis,Levante,,OU,OVER,2.5,1.571,55,1-1,oddsflow_active_trader,APIFOOTBALL,60,WON,34.26
2026-05-23,La Liga,Espanyol,Real Sociedad,,OU,OVER,2.25,1.93,55,1-1,oddsflow_active_trader,NOVA88,45,HALF_LOST,-22.5
2026-05-23,La Liga,Alaves,Rayo Vallecano,,AH,AWAY,-1,1.975,64,1-0,oddsflow_beta,APIFOOTBALL,146,WON,142.35
2026-05-23,La Liga,Alaves,Rayo Vallecano,,OU,UNDER,2.5,1.533,64,1-0,oddsflow_beta,APIFOOTBALL,104,LOST,-104
2026-05-23,La Liga,Alaves,Rayo Vallecano,,OU,UNDER,1.75,1.88,64,1-0,oddsflow_beta,NOVA88,50,LOST,-50
2026-05-23,La Liga,Alaves,Rayo Vallecano,,OU,UNDER,1.75,1.98,64,1-0,oddsflow_beta,HGA,100,LOST,-100
2026-05-23,La Liga,Alaves,Rayo Vallecano,,1X2,DRAW,0,4.333,75,1-1,oddsflow_beta,APIFOOTBALL,60,LOST,-60
2026-05-23,La Liga,Alaves,Rayo Vallecano,,1X2,DRAW,0,4.333,75,1-1,oddsflow_handicap_sniper,APIFOOTBALL,60,LOST,-60
2026-05-23,La Liga,Alaves,Rayo Vallecano,,1X2,DRAW,0,1.615,75,1-1,oddsflow_active_trader,APIFOOTBALL,60,LOST,-60
2026-05-23,La Liga,Getafe,Osasuna,,OU,OVER,1.75,1.91,0,0-0,oddsflow_prematch_edge,APIFOOTBALL,10,LOST,-10
2026-05-23,La Liga,Girona,Elche,,OU,UNDER,2.75,1.99,0,0-0,oddsflow_prematch_edge,APIFOOTBALL,10,WON,9.9
2026-05-23,La Liga,Mallorca,Oviedo,,AH,AWAY,-1,2.1,0,0-0,oddsflow_prematch_edge,APIFOOTBALL,10,LOST,-10
2026-05-23,La Liga,Valencia,Barcelona,,AH,AWAY,1,2.75,10,0-0,oddsflow_core_strategy,APIFOOTBALL,60,LOST,-60
2026-05-23,La Liga,Mallorca,Oviedo,,AH,AWAY,-1,2.025,10,0-0,oddsflow_core_strategy,APIFOOTBALL,60,LOST,-60
2026-05-23,La Liga,Mallorca,Oviedo,,AH,AWAY,-1,2.06,10,0-0,oddsflow_core_strategy,NOVA88,45,LOST,-45
2026-05-23,La Liga,Mallorca,Oviedo,,AH,AWAY,-1,2.05,10,0-0,oddsflow_core_strategy,HGA,88,LOST,-88
2026-05-23,La Liga,Girona,Elche,,AH,AWAY,-0.5,2,13,0-0,oddsflow_core_strategy,APIFOOTBALL,60,WON,60
2026-05-23,La Liga,Girona,Elche,,AH,AWAY,-0.5,2.02,13,0-0,oddsflow_core_strategy,NOVA88,15,WON,15.3
2026-05-23,La Liga,Girona,Elche,,AH,AWAY,-0.5,2.03,13,0-0,oddsflow_core_strategy,HGA,50,WON,51.5
2026-05-23,La Liga,Getafe,Osasuna,,OU,OVER,1.5,2,15,0-0,oddsflow_handicap_sniper,APIFOOTBALL,60,LOST,-60
2026-05-23,La Liga,Getafe,Osasuna,,OU,OVER,1.5,2,15,0-0,oddsflow_active_trader,APIFOOTBALL,60,LOST,-60
2026-05-23,La Liga,Getafe,Osasuna,,OU,OVER,1.5,2,15,0-0,oddsflow_beta,APIFOOTBALL,60,LOST,-60
2026-05-23,La Liga,Girona,Elche,,AH,AWAY,-0.5,2.025,16,0-0,oddsflow_active_trader,APIFOOTBALL,60,WON,61.5
2026-05-23,La Liga,Girona,Elche,,AH,AWAY,-0.5,2.05,16,0-0,oddsflow_active_trader,NOVA88,15,WON,15.75
2026-05-23,La Liga,Girona,Elche,,AH,AWAY,-0.5,2.05,16,0-0,oddsflow_active_trader,HGA,50,WON,52.5
2026-05-23,La Liga,Girona,Elche,,AH,AWAY,-0.5,2.025,17,0-0,oddsflow_handicap_sniper,APIFOOTBALL,60,WON,61.5
2026-05-23,La Liga,Girona,Elche,,AH,AWAY,-0.5,2.11,17,0-0,oddsflow_handicap_sniper,NOVA88,18,WON,19.98
2026-05-23,La Liga,Girona,Elche,,AH,AWAY,-0.5,2.07,17,0-0,oddsflow_handicap_sniper,HGA,50,WON,53.5
2026-05-23,La Liga,Girona,Elche,,OU,UNDER,2.5,1.666,25,0-0,oddsflow_handicap_sniper,APIFOOTBALL,67,WON,44.62
2026-05-23,La Liga,Girona,Elche,,OU,UNDER,1.75,2.08,25,0-0,oddsflow_handicap_sniper,NOVA88,50,HALF_LOST,-25
2026-05-23,La Liga,Girona,Elche,,OU,UNDER,1.75,2.04,25,0-0,oddsflow_handicap_sniper,HGA,100,HALF_LOST,-50
2026-05-23,La Liga,Girona,Elche,,OU,UNDER,2.5,1.666,25,0-0,oddsflow_active_trader,APIFOOTBALL,68,WON,45.29
2026-05-23,La Liga,Girona,Elche,,OU,UNDER,1.75,2.08,25,0-0,oddsflow_active_trader,NOVA88,50,HALF_LOST,-25
2026-05-23,La Liga,Girona,Elche,,OU,UNDER,1.75,2.04,25,0-0,oddsflow_active_trader,HGA,100,HALF_LOST,-50
2026-05-23,La Liga,Getafe,Osasuna,,OU,OVER,0.75,1.76,38,0-0,oddsflow_handicap_sniper,APIFOOTBALL,60,HALF_WON,22.8
2026-05-23,La Liga,Getafe,Osasuna,,OU,OVER,0.75,1.76,38,0-0,oddsflow_active_trader,APIFOOTBALL,60,HALF_WON,22.8
2026-05-23,La Liga,Getafe,Osasuna,,OU,OVER,1,2.12,38,0-0,oddsflow_handicap_sniper,HGA,100,VOID,0
2026-05-23,La Liga,Getafe,Osasuna,,OU,OVER,1,2.12,38,0-0,oddsflow_active_trader,HGA,100,VOID,0
2026-05-23,La Liga,Girona,Elche,,AH,HOME,0.5,1.925,44,0-1,oddsflow_core_strategy,APIFOOTBALL,115,WON,106.38
2026-05-23,La Liga,Mallorca,Oviedo,,AH,AWAY,-1.5,2.05,44,1-0,oddsflow_core_strategy,APIFOOTBALL,117,LOST,-117
2026-05-23,La Liga,Mallorca,Oviedo,,AH,AWAY,-0.5,2.05,44,1-0,oddsflow_handicap_sniper,APIFOOTBALL,60,LOST,-60
2026-05-23,La Liga,Girona,Elche,,1X2,AWAY,0,1.9,44,0-1,oddsflow_handicap_sniper,APIFOOTBALL,60,LOST,-60
2026-05-23,La Liga,Mallorca,Oviedo,,AH,AWAY,-0.5,2.05,44,1-0,oddsflow_handicap_sniper,NOVA88,39,LOST,-39
2026-05-23,La Liga,Mallorca,Oviedo,,AH,AWAY,-0.5,2.05,44,1-0,oddsflow_active_trader,APIFOOTBALL,60,LOST,-60
2026-05-23,La Liga,Mallorca,Oviedo,,AH,AWAY,-0.5,2,44,1-0,oddsflow_handicap_sniper,HGA,73,LOST,-73
2026-05-23,La Liga,Mallorca,Oviedo,,AH,AWAY,-0.5,2.05,44,1-0,oddsflow_active_trader,NOVA88,42,LOST,-42
2026-05-23,La Liga,Mallorca,Oviedo,,AH,AWAY,-0.5,2,44,1-0,oddsflow_active_trader,HGA,79,LOST,-79
2026-05-23,La Liga,Mallorca,Oviedo,,AH,AWAY,-0.5,2.05,44,1-0,oddsflow_beta,APIFOOTBALL,60,LOST,-60
2026-05-23,La Liga,Mallorca,Oviedo,,AH,AWAY,-0.5,2.05,44,1-0,oddsflow_beta,NOVA88,39,LOST,-39
2026-05-23,La Liga,Mallorca,Oviedo,,AH,AWAY,-0.5,2,44,1-0,oddsflow_beta,HGA,73,LOST,-73
2026-05-23,La Liga,Girona,Elche,,1X2,AWAY,0,1.88,45,0-1,oddsflow_active_trader,APIFOOTBALL,60,LOST,-60
2026-05-23,La Liga,Getafe,Osasuna,,OU,OVER,0.75,1.92,45,0-0,oddsflow_beta,APIFOOTBALL,63,HALF_WON,28.98
2026-05-23,Brasileirão Série A,Sao Paulo,Botafogo,,OU,OVER,2.5,1.85,0,0-0,oddsflow_prematch_edge,APIFOOTBALL,10,LOST,-10
2026-05-23,Brasileirão Série A,Vitoria,Internacional,,1X2,AWAY,0,2.54,0,0-0,oddsflow_prematch_edge,APIFOOTBALL,10,LOST,-10
2026-05-23,Brasileirão Série A,Vitoria,Internacional,,1X2,AWAY,0,2.42,0,0-0,oddsflow_prematch_edge,NOVA88,29,LOST,-29
2026-05-23,Brasileirão Série A,Vitoria,Internacional,,AH,AWAY,0,1.775,10,0-0,oddsflow_core_strategy,APIFOOTBALL,200,LOST,-200
2026-05-23,Brasileirão Série A,Vitoria,Internacional,,AH,AWAY,0,1.79,10,0-0,oddsflow_core_strategy,NOVA88,39,LOST,-39
2026-05-23,Brasileirão Série A,Vitoria,Internacional,,AH,AWAY,0,1.76,10,0-0,oddsflow_core_strategy,HGA,72,LOST,-72
2026-05-23,La Liga,Girona,Elche,,1X2,DRAW,0,2.49,49,1-1,oddsflow_handicap_sniper,APIFOOTBALL,60,WON,89.4
2026-05-23,La Liga,Girona,Elche,,1X2,DRAW,0,2.49,49,1-1,oddsflow_handicap_sniper,NOVA88,15,WON,22.35
2026-05-23,La Liga,Girona,Elche,,1X2,DRAW,0,2.7,49,1-1,oddsflow_handicap_sniper,HGA,50,WON,85
2026-05-23,La Liga,Getafe,Osasuna,,OU,OVER,0.5,1.82,49,0-0,oddsflow_handicap_sniper,APIFOOTBALL,61,WON,50.02
2026-05-23,La Liga,Getafe,Osasuna,,OU,OVER,0.5,1.82,49,0-0,oddsflow_active_trader,APIFOOTBALL,61,WON,50.02
2026-05-23,La Liga,Girona,Elche,,1X2,DRAW,0,2.13,59,1-1,oddsflow_active_trader,APIFOOTBALL,60,WON,67.8
2026-05-23,La Liga,Getafe,Osasuna,,1X2,DRAW,0,4.15,60,0-0,oddsflow_handicap_sniper,APIFOOTBALL,60,LOST,-60
2026-05-23,La Liga,Getafe,Osasuna,,1X2,DRAW,0,4.15,60,0-0,oddsflow_handicap_sniper,NOVA88,50,LOST,-50
2026-05-23,La Liga,Getafe,Osasuna,,1X2,DRAW,0,4.25,60,0-0,oddsflow_active_trader,APIFOOTBALL,60,LOST,-60
2026-05-23,La Liga,Getafe,Osasuna,,1X2,DRAW,0,4.25,60,0-0,oddsflow_active_trader,NOVA88,34,LOST,-34
2026-05-23,Brasileirão Série A,Vitoria,Internacional,,OU,OVER,2.5,1.89,35,1-0,oddsflow_active_trader,APIFOOTBALL,719,LOST,-719
2026-05-23,Brasileirão Série A,Vitoria,Internacional,,OU,OVER,2.5,1.89,35,1-0,oddsflow_active_trader,NOVA88,50,LOST,-50
2026-05-23,Brasileirão Série A,Vitoria,Internacional,,OU,OVER,2.5,1.89,35,1-0,oddsflow_active_trader,HGA,100,LOST,-100
2026-05-23,Brasileirão Série A,Vitoria,Internacional,,OU,OVER,2.5,1.89,35,1-0,oddsflow_handicap_sniper,APIFOOTBALL,681,LOST,-681
2026-05-23,Brasileirão Série A,Vitoria,Internacional,,OU,OVER,2.5,1.89,35,1-0,oddsflow_handicap_sniper,NOVA88,50,LOST,-50
2026-05-23,Brasileirão Série A,Vitoria,Internacional,,OU,OVER,2.5,1.89,35,1-0,oddsflow_handicap_sniper,HGA,100,LOST,-100
2026-05-23,Brasileirão Série A,Vitoria,Internacional,,OU,OVER,2.25,1.8,40,1-0,oddsflow_handicap_sniper,APIFOOTBALL,509,HALF_LOST,-254.5
2026-05-23,Brasileirão Série A,Vitoria,Internacional,,OU,OVER,2.25,1.8,40,1-0,oddsflow_active_trader,APIFOOTBALL,509,HALF_LOST,-254.5
2026-05-23,Brasileirão Série A,Sao Paulo,Botafogo,,OU,OVER,2.5,1.88,39,1-0,oddsflow_beta,APIFOOTBALL,500,LOST,-500
2026-05-23,Brasileirão Série A,Sao Paulo,Botafogo,,AH,AWAY,-1,2.5,48,1-0,oddsflow_beta,APIFOOTBALL,850,WON,1275
2026-05-23,Brasileirão Série A,Vitoria,Internacional,,AH,AWAY,0,1.8,52,1-0,oddsflow_handicap_sniper,APIFOOTBALL,771,LOST,-771
2026-05-23,Brasileirão Série A,Sao Paulo,Botafogo,,AH,AWAY,-1,2.5,48,1-0,oddsflow_handicap_sniper,APIFOOTBALL,847,WON,1270.5
2026-05-23,Brasileirão Série A,Sao Paulo,Botafogo,,AH,AWAY,-1,2.5,48,1-0,oddsflow_active_trader,APIFOOTBALL,860,WON,1290
2026-05-23,Brasileirão Série A,Vitoria,Internacional,,AH,AWAY,0,1.8,52,1-0,oddsflow_active_trader,APIFOOTBALL,790,LOST,-790
2026-05-23,Brasileirão Série A,Vitoria,Internacional,,AH,AWAY,-0.5,2.425,52,1-0,oddsflow_handicap_sniper,APIFOOTBALL,519,LOST,-519
2026-05-23,Brasileirão Série A,Vitoria,Internacional,,AH,AWAY,-0.5,2.425,52,1-0,oddsflow_active_trader,APIFOOTBALL,527,LOST,-527
2026-05-23,Brasileirão Série A,Sao Paulo,Botafogo,,OU,OVER,1.5,1.533,61,1-0,oddsflow_handicap_sniper,APIFOOTBALL,500,WON,266.5
2026-05-23,Brasileirão Série A,Sao Paulo,Botafogo,,OU,OVER,1.5,1.533,61,1-0,oddsflow_active_trader,APIFOOTBALL,500,WON,266.5
2026-05-23,Brasileirão Série A,Sao Paulo,Botafogo,,OU,OVER,1.5,1.533,61,1-0,oddsflow_beta,APIFOOTBALL,500,WON,266.5
2026-05-23,Brasileirão Série A,Vitoria,Internacional,,1X2,HOME,0,1.5,62,1-0,oddsflow_active_trader,APIFOOTBALL,500,WON,250
2026-05-23,Brasileirão Série A,Vitoria,Internacional,,OU,OVER,1.5,1.533,62,1-0,oddsflow_active_trader,APIFOOTBALL,500,WON,266.5
2026-05-23,Brasileirão Série A,Vitoria,Internacional,,OU,OVER,1.5,1.533,62,1-0,oddsflow_handicap_sniper,APIFOOTBALL,500,WON,266.5
2026-05-23,Brasileirão Série A,Vitoria,Internacional,,1X2,HOME,0,1.5,64,1-0,oddsflow_handicap_sniper,APIFOOTBALL,500,WON,250
2026-05-23,Brasileirão Série A,Sao Paulo,Botafogo,,AH,AWAY,-1,1.85,83,1-0,oddsflow_core_strategy,APIFOOTBALL,200,WON,170
2026-05-23,Brasileirão Série A,Gremio,Santos,,OU,UNDER,2.25,1.95,0,0-0,oddsflow_prematch_edge,APIFOOTBALL,10,LOST,-10
2026-05-23,Brasileirão Série A,Mirassol,Fluminense,,OU,OVER,2.25,2.09,0,0-0,oddsflow_prematch_edge,APIFOOTBALL,10,LOST,-10
2026-05-23,Brasileirão Série A,Mirassol,Fluminense,,AH,AWAY,0,2.025,10,0-0,oddsflow_core_strategy,APIFOOTBALL,200,LOST,-200
2026-05-23,Brasileirão Série A,Mirassol,Fluminense,,AH,AWAY,0,2.08,10,0-0,oddsflow_core_strategy,NOVA88,50,LOST,-50
2026-05-23,Brasileirão Série A,Mirassol,Fluminense,,AH,AWAY,0,2.02,10,0-0,oddsflow_core_strategy,HGA,97,LOST,-97
2026-05-23,Brasileirão Série A,Gremio,Santos,,AH,AWAY,0,2.35,13,0-0,oddsflow_core_strategy,APIFOOTBALL,200,LOST,-200
2026-05-23,Brasileirão Série A,Mirassol,Fluminense,,AH,AWAY,0,2.025,35,0-0,oddsflow_active_trader,APIFOOTBALL,531,LOST,-531
2026-05-23,Brasileirão Série A,Mirassol,Fluminense,,AH,AWAY,0,2.06,35,0-0,oddsflow_active_trader,NOVA88,50,LOST,-50
2026-05-23,Brasileirão Série A,Mirassol,Fluminense,,AH,AWAY,0,2.025,35,0-0,oddsflow_handicap_sniper,APIFOOTBALL,527,LOST,-527
2026-05-23,Brasileirão Série A,Mirassol,Fluminense,,AH,AWAY,0,2.03,35,0-0,oddsflow_active_trader,HGA,100,LOST,-100
2026-05-23,Brasileirão Série A,Mirassol,Fluminense,,AH,AWAY,0,2.06,35,0-0,oddsflow_handicap_sniper,NOVA88,50,LOST,-50
2026-05-23,Brasileirão Série A,Mirassol,Fluminense,,AH,AWAY,0,2.03,35,0-0,oddsflow_handicap_sniper,HGA,100,LOST,-100
2026-05-23,Brasileirão Série A,Mirassol,Fluminense,,OU,OVER,1.5,2.1,35,0-0,oddsflow_active_trader,APIFOOTBALL,500,LOST,-500
2026-05-23,Brasileirão Série A,Mirassol,Fluminense,,OU,OVER,1.5,2.1,35,0-0,oddsflow_handicap_sniper,APIFOOTBALL,500,LOST,-500
2026-05-23,Brasileirão Série A,Gremio,Santos,,AH,HOME,0.5,2.2,35,0-1,oddsflow_active_trader,APIFOOTBALL,844,WON,1012.8
2026-05-23,Brasileirão Série A,Gremio,Santos,,1X2,AWAY,0,1.666,35,0-1,oddsflow_active_trader,APIFOOTBALL,500,LOST,-500
2026-05-23,Brasileirão Série A,Gremio,Santos,,AH,HOME,0.5,2.2,35,0-1,oddsflow_handicap_sniper,APIFOOTBALL,840,WON,1008
2026-05-23,Brasileirão Série A,Gremio,Santos,,1X2,AWAY,0,1.666,35,0-1,oddsflow_handicap_sniper,APIFOOTBALL,500,LOST,-500
2026-05-23,Brasileirão Série A,Mirassol,Fluminense,,AH,AWAY,-0.5,2.675,37,1-0,oddsflow_active_trader,APIFOOTBALL,500,WON,837.5
2026-05-23,Brasileirão Série A,Mirassol,Fluminense,,AH,AWAY,-0.5,2.675,37,1-0,oddsflow_handicap_sniper,APIFOOTBALL,500,WON,837.5
2026-05-23,Brasileirão Série A,Gremio,Santos,,AH,AWAY,0,2.3,41,1-1,oddsflow_active_trader,APIFOOTBALL,500,LOST,-500
2026-05-23,Brasileirão Série A,Gremio,Santos,,OU,UNDER,3.5,1.727,41,1-1,oddsflow_active_trader,APIFOOTBALL,500,LOST,-500
2026-05-23,Brasileirão Série A,Gremio,Santos,,1X2,DRAW,0,2.6,41,1-1,oddsflow_active_trader,APIFOOTBALL,500,LOST,-500
2026-05-23,Brasileirão Série A,Gremio,Santos,,OU,UNDER,3.25,2.09,41,1-1,oddsflow_active_trader,NOVA88,50,LOST,-50
2026-05-23,Brasileirão Série A,Gremio,Santos,,AH,AWAY,0,2.3,41,1-1,oddsflow_handicap_sniper,APIFOOTBALL,500,LOST,-500
2026-05-23,Brasileirão Série A,Gremio,Santos,,1X2,DRAW,0,2.61,41,1-1,oddsflow_active_trader,HGA,50,LOST,-50
2026-05-23,Brasileirão Série A,Gremio,Santos,,OU,UNDER,3.25,2.08,41,1-1,oddsflow_active_trader,HGA,100,LOST,-100
2026-05-23,Brasileirão Série A,Gremio,Santos,,OU,UNDER,3.5,1.727,41,1-1,oddsflow_handicap_sniper,APIFOOTBALL,500,LOST,-500
2026-05-23,Brasileirão Série A,Gremio,Santos,,1X2,DRAW,0,2.6,41,1-1,oddsflow_handicap_sniper,APIFOOTBALL,500,LOST,-500
2026-05-23,Brasileirão Série A,Gremio,Santos,,OU,UNDER,3.25,2.09,41,1-1,oddsflow_handicap_sniper,NOVA88,50,LOST,-50
2026-05-23,Brasileirão Série A,Gremio,Santos,,1X2,DRAW,0,2.61,41,1-1,oddsflow_handicap_sniper,HGA,50,LOST,-50
2026-05-23,Brasileirão Série A,Gremio,Santos,,OU,UNDER,3.25,2.08,41,1-1,oddsflow_handicap_sniper,HGA,100,LOST,-100
2026-05-23,Brasileirão Série A,Mirassol,Fluminense,,AH,AWAY,-1,1.825,46,1-0,oddsflow_active_trader,APIFOOTBALL,935,WON,771.38
2026-05-23,Brasileirão Série A,Mirassol,Fluminense,,AH,AWAY,-1,1.825,46,1-0,oddsflow_handicap_sniper,APIFOOTBALL,938,WON,773.85
2026-05-23,Brasileirão Série A,Gremio,Santos,,AH,AWAY,-1,2.05,65,3-2,oddsflow_active_trader,APIFOOTBALL,718,WON,753.9
2026-05-23,Brasileirão Série A,Gremio,Santos,,AH,AWAY,-1,2.05,65,3-2,oddsflow_handicap_sniper,APIFOOTBALL,718,WON,753.9
2026-05-23,Brasileirão Série A,Mirassol,Fluminense,,AH,AWAY,-1,1.775,68,1-0,oddsflow_beta,APIFOOTBALL,1390,WON,1077.25
2026-05-24,Brasileirão Série A,Flamengo,Palmeiras,,OU,UNDER,2.25,2.03,0,0-0,oddsflow_prematch_edge,APIFOOTBALL,10,LOST,-10
2026-05-24,Brasileirão Série A,Flamengo,Palmeiras,,AH,AWAY,-0.5,2,10,0-0,oddsflow_core_strategy,APIFOOTBALL,200,WON,200
2026-05-24,Brasileirão Série A,Flamengo,Palmeiras,,AH,AWAY,-0.5,2.03,10,0-0,oddsflow_core_strategy,NOVA88,15,WON,15.45
2026-05-24,Brasileirão Série A,Flamengo,Palmeiras,,AH,AWAY,-0.5,2,10,0-0,oddsflow_core_strategy,HGA,50,WON,50
2026-05-24,J1 League,Fagiano Okayama,Cerezo Osaka,,AH,HOME,0.5,2.5,36,0-1,oddsflow_handicap_sniper,APIFOOTBALL,4,WON,6
2026-05-24,J1 League,Fagiano Okayama,Cerezo Osaka,,AH,HOME,0.5,2.5,36,0-1,oddsflow_active_trader,APIFOOTBALL,4,WON,6
2026-05-24,J1 League,Mito Hollyhock,Kawasaki Frontale,,OU,UNDER,2.5,1.98,0,0-0,oddsflow_prematch_edge,APIFOOTBALL,10,LOST,-10
2026-05-24,J1 League,Tokyo Verdy,Yokohama F. Marinos,,OU,UNDER,2,2.03,0,0-0,oddsflow_prematch_edge,APIFOOTBALL,10,LOST,-10
2026-05-24,J1 League,Mito Hollyhock,Kawasaki Frontale,,OU,UNDER,2.5,1.99,0,0-0,oddsflow_prematch_edge,NOVA88,43,LOST,-43
2026-05-24,J1 League,Mito Hollyhock,Kawasaki Frontale,,AH,AWAY,0.5,2.375,12,0-0,oddsflow_core_strategy,APIFOOTBALL,4,WON,5.5
2026-05-24,J1 League,Fagiano Okayama,Cerezo Osaka,,AH,HOME,1.5,2.6,57,0-2,oddsflow_handicap_sniper,APIFOOTBALL,6,WON,9.6
2026-05-24,J1 League,Fagiano Okayama,Cerezo Osaka,,AH,HOME,1.5,2.6,57,0-2,oddsflow_active_trader,APIFOOTBALL,6,WON,9.6
2026-05-24,J1 League,Fagiano Okayama,Cerezo Osaka,,AH,HOME,1,1.875,70,0-2,oddsflow_core_strategy,APIFOOTBALL,6,WON,5.25
2026-05-24,J1 League,Fagiano Okayama,Cerezo Osaka,,AH,HOME,1,1.875,71,0-2,oddsflow_handicap_sniper,APIFOOTBALL,6,WON,5.25
2026-05-24,J1 League,Fagiano Okayama,Cerezo Osaka,,AH,HOME,1,1.875,71,0-2,oddsflow_active_trader,APIFOOTBALL,6,WON,5.25
2026-05-24,J1 League,Fagiano Okayama,Cerezo Osaka,,OU,UNDER,3.5,2.2,71,0-2,oddsflow_handicap_sniper,APIFOOTBALL,5,LOST,-5
2026-05-24,J1 League,Fagiano Okayama,Cerezo Osaka,,OU,UNDER,3.5,2.2,71,0-2,oddsflow_active_trader,APIFOOTBALL,5,LOST,-5
2026-05-24,J1 League,Fagiano Okayama,Cerezo Osaka,,OU,UNDER,2.75,1.85,71,0-2,oddsflow_handicap_sniper,NOVA88,50,LOST,-50
2026-05-24,J1 League,Fagiano Okayama,Cerezo Osaka,,OU,UNDER,2.75,1.85,71,0-2,oddsflow_active_trader,NOVA88,50,LOST,-50
2026-05-24,J1 League,Fagiano Okayama,Cerezo Osaka,,OU,UNDER,2.75,1.9,71,0-2,oddsflow_handicap_sniper,HGA,100,LOST,-100
2026-05-24,J1 League,Fagiano Okayama,Cerezo Osaka,,OU,UNDER,2.75,1.9,71,0-2,oddsflow_active_trader,HGA,100,LOST,-100
2026-05-24,J1 League,Tokyo Verdy,Yokohama F. Marinos,,AH,HOME,0.5,2.375,35,0-1,oddsflow_active_trader,APIFOOTBALL,5,LOST,-5
2026-05-24,J1 League,Tokyo Verdy,Yokohama F. Marinos,,AH,HOME,0.5,2.375,35,0-1,oddsflow_handicap_sniper,APIFOOTBALL,5,LOST,-5
2026-05-24,J1 League,Mito Hollyhock,Kawasaki Frontale,,OU,UNDER,1.5,2.1,35,0-0,oddsflow_active_trader,APIFOOTBALL,4,LOST,-4
2026-05-24,J1 League,Mito Hollyhock,Kawasaki Frontale,,OU,UNDER,1.5,2.1,35,0-0,oddsflow_handicap_sniper,APIFOOTBALL,4,LOST,-4
2026-05-24,J1 League,Tokyo Verdy,Yokohama F. Marinos,,AH,HOME,1.5,2.35,36,0-1,oddsflow_active_trader,APIFOOTBALL,6,LOST,-6
2026-05-24,J1 League,Tokyo Verdy,Yokohama F. Marinos,,AH,HOME,1.5,2.35,36,0-1,oddsflow_handicap_sniper,APIFOOTBALL,6,LOST,-6
2026-05-24,J1 League,Mito Hollyhock,Kawasaki Frontale,,AH,HOME,1,1.775,60,0-1,oddsflow_core_strategy,APIFOOTBALL,5,VOID,0
2026-05-24,J1 League,Mito Hollyhock,Kawasaki Frontale,,AH,HOME,1,1.8,61,0-1,oddsflow_handicap_sniper,APIFOOTBALL,5,VOID,0
2026-05-24,J1 League,Mito Hollyhock,Kawasaki Frontale,,AH,HOME,1,1.8,61,0-1,oddsflow_active_trader,APIFOOTBALL,5,VOID,0
2026-05-24,J1 League,Shimizu S-Pulse,Gamba Osaka,,OU,UNDER,2.5,1.88,0,0-0,oddsflow_prematch_edge,APIFOOTBALL,10,LOST,-10
2026-05-24,J1 League,Shimizu S-Pulse,Gamba Osaka,,OU,UNDER,1.5,1.727,43,0-0,oddsflow_active_trader,APIFOOTBALL,4,LOST,-4
2026-05-24,J1 League,Shimizu S-Pulse,Gamba Osaka,,OU,UNDER,1.5,1.727,43,0-0,oddsflow_handicap_sniper,APIFOOTBALL,4,LOST,-4
2026-05-24,J1 League,Shimizu S-Pulse,Gamba Osaka,,OU,UNDER,1.25,2.08,43,0-0,oddsflow_active_trader,HGA,91,LOST,-91
2026-05-24,J1 League,Shimizu S-Pulse,Gamba Osaka,,OU,UNDER,1.25,2.08,43,0-0,oddsflow_handicap_sniper,HGA,92,LOST,-92
2026-05-24,Chinese Super League,Qingdao Jonoon,Chongqing Tongliang Long,,OU,OVER,2.25,1.87,0,0-0,oddsflow_prematch_edge,APIFOOTBALL,10,LOST,-10
2026-05-24,Chinese Super League,Qingdao Jonoon,Chongqing Tongliang Long,,AH,HOME,-0.5,2.25,10,0-0,oddsflow_core_strategy,APIFOOTBALL,200,LOST,-200
2026-05-24,Chinese Super League,Qingdao Jonoon,Chongqing Tongliang Long,,AH,HOME,-0.5,2.075,35,0-0,oddsflow_active_trader,APIFOOTBALL,500,LOST,-500
2026-05-24,Chinese Super League,Qingdao Jonoon,Chongqing Tongliang Long,,AH,HOME,-0.5,2.075,35,0-0,oddsflow_handicap_sniper,APIFOOTBALL,500,LOST,-500
2026-05-24,Chinese Super League,Qingdao Jonoon,Chongqing Tongliang Long,,OU,OVER,1.5,1.909,35,0-0,oddsflow_active_trader,APIFOOTBALL,567,LOST,-567
2026-05-24,Chinese Super League,Qingdao Jonoon,Chongqing Tongliang Long,,OU,OVER,1.5,1.909,35,0-0,oddsflow_handicap_sniper,APIFOOTBALL,562,LOST,-562
2026-05-24,Chinese Super League,Qingdao Jonoon,Chongqing Tongliang Long,,1X2,HOME,0,2.1,35,0-0,oddsflow_active_trader,APIFOOTBALL,500,LOST,-500
2026-05-24,Chinese Super League,Qingdao Jonoon,Chongqing Tongliang Long,,1X2,HOME,0,2.1,35,0-0,oddsflow_handicap_sniper,APIFOOTBALL,500,LOST,-500
2026-05-24,Chinese Super League,Qingdao Jonoon,Chongqing Tongliang Long,,1X2,HOME,0,2.21,35,0-0,oddsflow_active_trader,NOVA88,15,LOST,-15
2026-05-24,Chinese Super League,Qingdao Jonoon,Chongqing Tongliang Long,,1X2,HOME,0,2.21,35,0-0,oddsflow_handicap_sniper,NOVA88,17,LOST,-17
2026-05-24,Chinese Super League,Qingdao Jonoon,Chongqing Tongliang Long,,1X2,HOME,0,2.13,35,0-0,oddsflow_handicap_sniper,HGA,50,LOST,-50
2026-05-24,Chinese Super League,Qingdao Jonoon,Chongqing Tongliang Long,,AH,AWAY,0,2.75,35,0-0,oddsflow_active_trader,APIFOOTBALL,500,WON,875
2026-05-24,Chinese Super League,Qingdao Jonoon,Chongqing Tongliang Long,,AH,AWAY,0,2.75,35,0-0,oddsflow_handicap_sniper,APIFOOTBALL,500,WON,875
2026-05-24,J1 League,Shimizu S-Pulse,Gamba Osaka,,AH,HOME,1,1.75,77,1-2,oddsflow_active_trader,APIFOOTBALL,4,WON,3
2026-05-24,J1 League,Shimizu S-Pulse,Gamba Osaka,,AH,HOME,1,1.75,77,1-2,oddsflow_handicap_sniper,APIFOOTBALL,4,WON,3
2026-05-24,J1 League,Shimizu S-Pulse,Gamba Osaka,,AH,HOME,1,1.75,77,1-2,oddsflow_core_strategy,APIFOOTBALL,3.5,WON,2.63
2026-05-24,Chinese Super League,Qingdao Jonoon,Chongqing Tongliang Long,,OU,OVER,0.5,1.571,57,0-0,oddsflow_active_trader,APIFOOTBALL,500,WON,285.5
2026-05-24,Chinese Super League,Qingdao Jonoon,Chongqing Tongliang Long,,OU,OVER,0.5,1.571,57,0-0,oddsflow_handicap_sniper,APIFOOTBALL,500,WON,285.5
2026-05-24,Chinese Super League,Qingdao Jonoon,Chongqing Tongliang Long,,AH,HOME,0.5,2.6,64,0-1,oddsflow_active_trader,APIFOOTBALL,500,WON,800
2026-05-24,Chinese Super League,Qingdao Jonoon,Chongqing Tongliang Long,,AH,HOME,0.5,2.675,65,0-1,oddsflow_handicap_sniper,APIFOOTBALL,500,WON,837.5
2026-05-24,Eredivisie,Ajax,Utrecht,,AH,HOME,-0.5,2.3,11,0-0,oddsflow_core_strategy,APIFOOTBALL,4,LOST,-4
2026-05-24,Chinese Super League,Yunnan Yukun,Qingdao Youth Island,,OU,UNDER,3,1.95,0,0-0,oddsflow_prematch_edge,APIFOOTBALL,10,LOST,-10
2026-05-24,Chinese Super League,Shandong Luneng,Wuhan Three Towns,,OU,OVER,3.25,1.99,0,0-0,oddsflow_prematch_edge,APIFOOTBALL,10,WON,9.9
2026-05-24,Chinese Super League,Hangzhou Greentown,Shenyang Urban,,AH,HOME,-0.75,1.94,0,0-0,oddsflow_prematch_edge,APIFOOTBALL,10,LOST,-10
2026-05-24,Chinese Super League,Shandong Luneng,Wuhan Three Towns,,OU,OVER,3.25,1.9,0,0-0,oddsflow_prematch_edge,NOVA88,50,WON,45
2026-05-24,Chinese Super League,Hangzhou Greentown,Shenyang Urban,,AH,HOME,-0.75,1.82,0,0-0,oddsflow_prematch_edge,NOVA88,38,LOST,-38
2026-05-24,Chinese Super League,Yunnan Yukun,Qingdao Youth Island,,AH,AWAY,-1,2.5,35,1-0,oddsflow_active_trader,APIFOOTBALL,890,WON,1335
2026-05-24,Chinese Super League,Yunnan Yukun,Qingdao Youth Island,,AH,AWAY,-1,2.5,35,1-0,oddsflow_handicap_sniper,APIFOOTBALL,881,WON,1321.5
2026-05-24,Chinese Super League,Yunnan Yukun,Qingdao Youth Island,,OU,UNDER,3.5,1.571,35,1-0,oddsflow_active_trader,APIFOOTBALL,940,LOST,-940
2026-05-24,Chinese Super League,Yunnan Yukun,Qingdao Youth Island,,OU,UNDER,3.5,1.571,35,1-0,oddsflow_handicap_sniper,APIFOOTBALL,906,LOST,-906
2026-05-24,Chinese Super League,Yunnan Yukun,Qingdao Youth Island,,OU,UNDER,3,1.96,35,1-0,oddsflow_active_trader,NOVA88,50,LOST,-50
2026-05-24,Chinese Super League,Yunnan Yukun,Qingdao Youth Island,,OU,UNDER,3,1.96,35,1-0,oddsflow_handicap_sniper,NOVA88,50,LOST,-50
2026-05-24,Chinese Super League,Yunnan Yukun,Qingdao Youth Island,,OU,UNDER,3,2,35,1-0,oddsflow_active_trader,HGA,100,LOST,-100
2026-05-24,Chinese Super League,Yunnan Yukun,Qingdao Youth Island,,OU,UNDER,3,2,35,1-0,oddsflow_handicap_sniper,HGA,100,LOST,-100
2026-05-24,Chinese Super League,Yunnan Yukun,Qingdao Youth Island,,OU,UNDER,2.5,2.375,37,1-0,oddsflow_handicap_sniper,APIFOOTBALL,500,LOST,-500
2026-05-24,Chinese Super League,Yunnan Yukun,Qingdao Youth Island,,OU,UNDER,2.5,2.375,37,1-0,oddsflow_active_trader,APIFOOTBALL,500,LOST,-500
2026-05-24,Chinese Super League,Hangzhou Greentown,Shenyang Urban,,AH,HOME,-0.5,1.725,10,0-0,oddsflow_core_strategy,APIFOOTBALL,200,LOST,-200
2026-05-24,Chinese Super League,Yunnan Yukun,Qingdao Youth Island,,AH,AWAY,0,2.6,47,1-1,oddsflow_core_strategy,APIFOOTBALL,200,WON,320
2026-05-24,Chinese Super League,Yunnan Yukun,Qingdao Youth Island,,AH,AWAY,0,2.6,47,1-1,oddsflow_handicap_sniper,APIFOOTBALL,500,WON,800
2026-05-24,Chinese Super League,Yunnan Yukun,Qingdao Youth Island,,AH,AWAY,0,2.6,47,1-1,oddsflow_active_trader,APIFOOTBALL,500,WON,800
2026-05-24,Chinese Super League,Yunnan Yukun,Qingdao Youth Island,,1X2,DRAW,0,2.875,47,1-1,oddsflow_handicap_sniper,APIFOOTBALL,500,LOST,-500
2026-05-24,Chinese Super League,Yunnan Yukun,Qingdao Youth Island,,1X2,DRAW,0,2.875,47,1-1,oddsflow_active_trader,APIFOOTBALL,500,LOST,-500
2026-05-24,Chinese Super League,Yunnan Yukun,Qingdao Youth Island,,1X2,DRAW,0,2.81,47,1-1,oddsflow_handicap_sniper,NOVA88,21,LOST,-21
2026-05-24,Chinese Super League,Yunnan Yukun,Qingdao Youth Island,,1X2,DRAW,0,2.81,47,1-1,oddsflow_active_trader,NOVA88,15,LOST,-15
2026-05-24,Chinese Super League,Yunnan Yukun,Qingdao Youth Island,,1X2,DRAW,0,2.92,47,1-1,oddsflow_handicap_sniper,HGA,50,LOST,-50
2026-05-24,Chinese Super League,Yunnan Yukun,Qingdao Youth Island,,1X2,DRAW,0,2.92,47,1-1,oddsflow_active_trader,HGA,50,LOST,-50
2026-05-24,Chinese Super League,Yunnan Yukun,Qingdao Youth Island,,AH,AWAY,-0.5,1.875,48,1-1,oddsflow_active_trader,APIFOOTBALL,500,WON,437.5
2026-05-24,Chinese Super League,Yunnan Yukun,Qingdao Youth Island,,AH,AWAY,-0.5,1.875,48,1-1,oddsflow_handicap_sniper,APIFOOTBALL,500,WON,437.5
2026-05-24,Chinese Super League,Yunnan Yukun,Qingdao Youth Island,,AH,AWAY,-0.5,1.84,48,1-1,oddsflow_handicap_sniper,NOVA88,42,WON,35.28
2026-05-24,Chinese Super League,Yunnan Yukun,Qingdao Youth Island,,AH,AWAY,-0.5,1.84,48,1-1,oddsflow_active_trader,NOVA88,45,WON,37.8
2026-05-24,Chinese Super League,Yunnan Yukun,Qingdao Youth Island,,AH,AWAY,-0.5,1.94,48,1-1,oddsflow_handicap_sniper,HGA,97,WON,91.18
2026-05-24,Chinese Super League,Yunnan Yukun,Qingdao Youth Island,,AH,AWAY,-0.5,1.94,48,1-1,oddsflow_active_trader,HGA,100,WON,94
2026-05-24,Chinese Super League,Shandong Luneng,Wuhan Three Towns,,AH,HOME,-1,2.075,14,1-1,oddsflow_core_strategy,APIFOOTBALL,200,LOST,-200
2026-05-24,Chinese Super League,Shanghai Shenhua,Sichuan Jiuniu,,AH,AWAY,-1,1.97,0,0-0,oddsflow_prematch_edge,APIFOOTBALL,10,WON,9.7
2026-05-24,Chinese Super League,Hangzhou Greentown,Shenyang Urban,,AH,HOME,0.5,2.5,35,0-2,oddsflow_handicap_sniper,APIFOOTBALL,906,LOST,-906
2026-05-24,Chinese Super League,Hangzhou Greentown,Shenyang Urban,,AH,HOME,0.5,2.5,35,0-2,oddsflow_active_trader,APIFOOTBALL,910,LOST,-910
2026-05-24,Chinese Super League,Shandong Luneng,Wuhan Three Towns,,AH,HOME,-0.5,2.425,35,1-2,oddsflow_handicap_sniper,APIFOOTBALL,602,WON,857.85
2026-05-24,Chinese Super League,Shandong Luneng,Wuhan Three Towns,,AH,HOME,-0.5,2.425,35,1-2,oddsflow_active_trader,APIFOOTBALL,587,WON,836.47
2026-05-24,Chinese Super League,Shandong Luneng,Wuhan Three Towns,,OU,OVER,5.5,1.909,35,1-2,oddsflow_handicap_sniper,APIFOOTBALL,529,WON,480.86
2026-05-24,Chinese Super League,Shandong Luneng,Wuhan Three Towns,,OU,OVER,5.5,1.909,35,1-2,oddsflow_active_trader,APIFOOTBALL,500,WON,454.5
2026-05-24,Chinese Super League,Yunnan Yukun,Qingdao Youth Island,,AH,HOME,0.5,2.25,53,1-2,oddsflow_handicap_sniper,APIFOOTBALL,500,WON,625
2026-05-24,Chinese Super League,Yunnan Yukun,Qingdao Youth Island,,AH,HOME,0.5,2.25,53,1-2,oddsflow_active_trader,APIFOOTBALL,500,WON,625
2026-05-24,Chinese Super League,Yunnan Yukun,Qingdao Youth Island,,1X2,AWAY,0,1.666,53,1-2,oddsflow_handicap_sniper,APIFOOTBALL,500,WON,333
2026-05-24,Chinese Super League,Yunnan Yukun,Qingdao Youth Island,,1X2,AWAY,0,1.666,53,1-2,oddsflow_active_trader,APIFOOTBALL,500,WON,333
2026-05-24,Chinese Super League,Yunnan Yukun,Qingdao Youth Island,,1X2,AWAY,0,3.9,53,1-2,oddsflow_handicap_sniper,NOVA88,50,WON,145
2026-05-24,Chinese Super League,Yunnan Yukun,Qingdao Youth Island,,1X2,AWAY,0,3.9,53,1-2,oddsflow_active_trader,NOVA88,50,WON,145
2026-05-24,Chinese Super League,Yunnan Yukun,Qingdao Youth Island,,1X2,AWAY,0,1.87,53,1-2,oddsflow_handicap_sniper,HGA,68,WON,59.16
2026-05-24,Chinese Super League,Yunnan Yukun,Qingdao Youth Island,,1X2,AWAY,0,1.87,53,1-2,oddsflow_active_trader,HGA,53,WON,46.11
2026-05-24,Chinese Super League,Hangzhou Greentown,Shenyang Urban,,AH,HOME,1,2.075,37,0-2,oddsflow_handicap_sniper,APIFOOTBALL,1092,LOST,-1092
2026-05-24,Chinese Super League,Hangzhou Greentown,Shenyang Urban,,AH,HOME,1,2.075,37,0-2,oddsflow_active_trader,APIFOOTBALL,1081,LOST,-1081
2026-05-24,Chinese Super League,Yunnan Yukun,Qingdao Youth Island,,OU,UNDER,4.5,1.727,55,1-2,oddsflow_handicap_sniper,APIFOOTBALL,500,LOST,-500
2026-05-24,Chinese Super League,Yunnan Yukun,Qingdao Youth Island,,OU,UNDER,4.5,1.727,55,1-2,oddsflow_active_trader,APIFOOTBALL,500,LOST,-500
2026-05-24,Chinese Super League,Hangzhou Greentown,Shenyang Urban,,1X2,AWAY,0,1.5,40,0-2,oddsflow_active_trader,APIFOOTBALL,500,WON,250
2026-05-24,Chinese Super League,Hangzhou Greentown,Shenyang Urban,,1X2,AWAY,0,1.5,41,0-2,oddsflow_handicap_sniper,APIFOOTBALL,500,WON,250
2026-05-24,Chinese Super League,Hangzhou Greentown,Shenyang Urban,,OU,UNDER,4.5,1.727,41,0-2,oddsflow_handicap_sniper,APIFOOTBALL,500,LOST,-500
2026-05-24,Chinese Super League,Hangzhou Greentown,Shenyang Urban,,OU,UNDER,4.5,1.727,41,0-2,oddsflow_active_trader,APIFOOTBALL,500,LOST,-500
2026-05-24,Chinese Super League,Shandong Luneng,Wuhan Three Towns,,1X2,HOME,0,2.625,41,1-2,oddsflow_handicap_sniper,APIFOOTBALL,500,LOST,-500
2026-05-24,Chinese Super League,Shandong Luneng,Wuhan Three Towns,,1X2,HOME,0,2.625,41,1-2,oddsflow_active_trader,APIFOOTBALL,500,LOST,-500
2026-05-24,Chinese Super League,Shandong Luneng,Wuhan Three Towns,,1X2,HOME,0,2.65,41,1-2,oddsflow_handicap_sniper,NOVA88,27,LOST,-27
2026-05-24,Chinese Super League,Shandong Luneng,Wuhan Three Towns,,1X2,HOME,0,2.65,41,1-2,oddsflow_active_trader,NOVA88,15,LOST,-15
2026-05-24,Chinese Super League,Shandong Luneng,Wuhan Three Towns,,1X2,HOME,0,2.67,41,1-2,oddsflow_handicap_sniper,HGA,55,LOST,-55
2026-05-24,Chinese Super League,Shandong Luneng,Wuhan Three Towns,,1X2,HOME,0,2.67,41,1-2,oddsflow_active_trader,HGA,50,LOST,-50
2026-05-24,Chinese Super League,Shandong Luneng,Wuhan Three Towns,,OU,OVER,6.5,2.5,45,2-2,oddsflow_active_trader,APIFOOTBALL,500,LOST,-500
2026-05-24,Chinese Super League,Shandong Luneng,Wuhan Three Towns,,OU,OVER,6.5,2.5,45,2-2,oddsflow_handicap_sniper,APIFOOTBALL,500,LOST,-500
2026-05-24,Chinese Super League,Yunnan Yukun,Qingdao Youth Island,,AH,HOME,1.5,2.35,71,1-3,oddsflow_active_trader,APIFOOTBALL,634,WON,855.9
2026-05-24,Chinese Super League,Yunnan Yukun,Qingdao Youth Island,,AH,HOME,1.5,2.35,71,1-3,oddsflow_handicap_sniper,APIFOOTBALL,634,WON,855.9
2026-05-24,Chinese Super League,Shanghai Shenhua,Sichuan Jiuniu,,AH,HOME,-0.5,2.425,32,1-2,oddsflow_core_strategy,APIFOOTBALL,200,LOST,-200
2026-05-24,Chinese Super League,Hangzhou Greentown,Shenyang Urban,,AH,HOME,-0.5,2.425,50,0-2,oddsflow_active_trader,APIFOOTBALL,500,LOST,-500
2026-05-24,Chinese Super League,Hangzhou Greentown,Shenyang Urban,,AH,HOME,-0.5,2.425,50,0-2,oddsflow_handicap_sniper,APIFOOTBALL,500,LOST,-500
2026-05-24,Chinese Super League,Shanghai Shenhua,Sichuan Jiuniu,,OU,UNDER,5.5,2,35,1-2,oddsflow_beta,APIFOOTBALL,569,WON,569
2026-05-24,Chinese Super League,Shanghai Shenhua,Sichuan Jiuniu,,1X2,AWAY,0,2.49,35,1-2,oddsflow_beta,APIFOOTBALL,500,WON,745
2026-05-24,Chinese Super League,Shanghai Shenhua,Sichuan Jiuniu,,OU,UNDER,5.5,2,35,1-2,oddsflow_beta,NOVA88,50,WON,50
2026-05-24,Chinese Super League,Shanghai Shenhua,Sichuan Jiuniu,,OU,UNDER,5.5,1.92,35,1-2,oddsflow_beta,HGA,94,WON,86.48
2026-05-24,Chinese Super League,Shanghai Shenhua,Sichuan Jiuniu,,1X2,AWAY,0,2.49,35,1-2,oddsflow_beta,NOVA88,15,WON,22.35
2026-05-24,Chinese Super League,Shanghai Shenhua,Sichuan Jiuniu,,1X2,AWAY,0,2.55,35,1-2,oddsflow_beta,HGA,50,WON,77.5
2026-05-24,Chinese Super League,Shanghai Shenhua,Sichuan Jiuniu,,OU,UNDER,5.5,2,35,1-2,oddsflow_active_trader,APIFOOTBALL,635,WON,635
2026-05-24,Chinese Super League,Shanghai Shenhua,Sichuan Jiuniu,,OU,UNDER,5.5,2,35,1-2,oddsflow_handicap_sniper,APIFOOTBALL,612,WON,612
2026-05-24,Chinese Super League,Shanghai Shenhua,Sichuan Jiuniu,,1X2,AWAY,0,2.49,35,1-2,oddsflow_active_trader,APIFOOTBALL,500,WON,745
2026-05-24,Chinese Super League,Shanghai Shenhua,Sichuan Jiuniu,,OU,UNDER,5.5,2,35,1-2,oddsflow_active_trader,NOVA88,50,WON,50
2026-05-24,Chinese Super League,Shanghai Shenhua,Sichuan Jiuniu,,1X2,AWAY,0,2.49,35,1-2,oddsflow_handicap_sniper,APIFOOTBALL,500,WON,745
2026-05-24,Chinese Super League,Shanghai Shenhua,Sichuan Jiuniu,,OU,UNDER,5.5,2,35,1-2,oddsflow_handicap_sniper,NOVA88,50,WON,50
2026-05-24,Chinese Super League,Shanghai Shenhua,Sichuan Jiuniu,,1X2,AWAY,0,2.49,35,1-2,oddsflow_active_trader,NOVA88,15,WON,22.35
2026-05-24,Chinese Super League,Shanghai Shenhua,Sichuan Jiuniu,,OU,UNDER,5.5,1.92,35,1-2,oddsflow_active_trader,HGA,100,WON,92
2026-05-24,Chinese Super League,Shanghai Shenhua,Sichuan Jiuniu,,1X2,AWAY,0,2.49,35,1-2,oddsflow_handicap_sniper,NOVA88,15,WON,22.35
2026-05-24,Chinese Super League,Shanghai Shenhua,Sichuan Jiuniu,,OU,UNDER,5.5,1.92,35,1-2,oddsflow_handicap_sniper,HGA,100,WON,92
2026-05-24,Chinese Super League,Shanghai Shenhua,Sichuan Jiuniu,,1X2,AWAY,0,2.55,35,1-2,oddsflow_active_trader,HGA,50,WON,77.5
2026-05-24,Chinese Super League,Shanghai Shenhua,Sichuan Jiuniu,,1X2,AWAY,0,2.55,35,1-2,oddsflow_handicap_sniper,HGA,50,WON,77.5
2026-05-24,Chinese Super League,Yunnan Yukun,Qingdao Youth Island,,AH,HOME,1.5,2.75,77,1-3,oddsflow_beta,APIFOOTBALL,630,WON,1102.5
2026-05-24,Chinese Super League,Hangzhou Greentown,Shenyang Urban,,OU,OVER,3.5,2.25,50,0-2,oddsflow_active_trader,APIFOOTBALL,500,WON,625
2026-05-24,Chinese Super League,Hangzhou Greentown,Shenyang Urban,,OU,OVER,3.5,2.25,50,0-2,oddsflow_handicap_sniper,APIFOOTBALL,500,WON,625
2026-05-24,Chinese Super League,Hangzhou Greentown,Shenyang Urban,,OU,UNDER,3.5,2,57,0-2,oddsflow_handicap_sniper,APIFOOTBALL,500,LOST,-500
2026-05-24,Chinese Super League,Hangzhou Greentown,Shenyang Urban,,OU,UNDER,3.5,2,57,0-2,oddsflow_active_trader,APIFOOTBALL,500,LOST,-500
2026-05-24,Chinese Super League,Shanghai Shenhua,Sichuan Jiuniu,,AH,HOME,0.5,2.1,52,1-2,oddsflow_beta,APIFOOTBALL,716,WON,787.6
2026-05-24,Chinese Super League,Shanghai Shenhua,Sichuan Jiuniu,,1X2,DRAW,0,4.5,52,1-2,oddsflow_beta,APIFOOTBALL,500,LOST,-500
2026-05-24,Chinese Super League,Shanghai Shenhua,Sichuan Jiuniu,,AH,HOME,0.5,2.15,52,1-2,oddsflow_active_trader,APIFOOTBALL,706,WON,811.9
2026-05-24,Chinese Super League,Shanghai Shenhua,Sichuan Jiuniu,,AH,HOME,0.5,2.15,52,1-2,oddsflow_handicap_sniper,APIFOOTBALL,694,WON,798.1
2026-05-24,Chinese Super League,Shanghai Shenhua,Sichuan Jiuniu,,1X2,DRAW,0,4.5,52,1-2,oddsflow_handicap_sniper,APIFOOTBALL,500,LOST,-500
2026-05-24,Chinese Super League,Shanghai Shenhua,Sichuan Jiuniu,,AH,AWAY,0,2.25,52,1-2,oddsflow_beta,APIFOOTBALL,500,VOID,0
2026-05-24,Chinese Super League,Shanghai Shenhua,Sichuan Jiuniu,,OU,OVER,3.5,1.5,52,1-2,oddsflow_beta,APIFOOTBALL,500,LOST,-500
2026-05-24,Chinese Super League,Shanghai Shenhua,Sichuan Jiuniu,,AH,AWAY,0,2.25,52,1-2,oddsflow_active_trader,APIFOOTBALL,500,VOID,0
2026-05-24,Chinese Super League,Shanghai Shenhua,Sichuan Jiuniu,,AH,AWAY,0,2.25,52,1-2,oddsflow_handicap_sniper,APIFOOTBALL,500,VOID,0
2026-05-24,Chinese Super League,Shanghai Shenhua,Sichuan Jiuniu,,OU,OVER,3.5,1.533,52,1-2,oddsflow_handicap_sniper,APIFOOTBALL,500,LOST,-500
2026-05-24,Chinese Super League,Shanghai Shenhua,Sichuan Jiuniu,,OU,OVER,3.5,1.533,52,1-2,oddsflow_active_trader,APIFOOTBALL,500,LOST,-500
2026-05-24,Chinese Super League,Shanghai Shenhua,Sichuan Jiuniu,,OU,UNDER,4.5,1.666,52,1-2,oddsflow_beta,APIFOOTBALL,500,WON,333
2026-05-24,Chinese Super League,Shanghai Shenhua,Sichuan Jiuniu,,OU,UNDER,4.5,1.666,52,1-2,oddsflow_handicap_sniper,APIFOOTBALL,500,WON,333
2026-05-24,Chinese Super League,Shanghai Shenhua,Sichuan Jiuniu,,OU,UNDER,4.5,1.666,52,1-2,oddsflow_active_trader,APIFOOTBALL,500,WON,333
2026-05-24,Chinese Super League,Shandong Luneng,Wuhan Three Towns,,AH,AWAY,-1,2.675,71,3-2,oddsflow_active_trader,APIFOOTBALL,500,WON,837.5
2026-05-24,Chinese Super League,Shandong Luneng,Wuhan Three Towns,,AH,AWAY,-1,2.675,71,3-2,oddsflow_handicap_sniper,APIFOOTBALL,500,WON,837.5
2026-05-24,Chinese Super League,Shandong Luneng,Wuhan Three Towns,,AH,AWAY,-1,2.6,79,3-2,oddsflow_beta,APIFOOTBALL,650,WON,1040
2026-05-24,Serie A,Parma,Sassuolo,,OU,UNDER,2.5,1.95,0,0-0,oddsflow_prematch_edge,APIFOOTBALL,10,WON,9.5
2026-05-24,Serie A,Parma,Sassuolo,,OU,UNDER,2.5,1.5,36,0-0,oddsflow_handicap_sniper,APIFOOTBALL,125,WON,62.5
2026-05-24,Serie A,Parma,Sassuolo,,OU,UNDER,2.75,1.96,36,0-0,oddsflow_handicap_sniper,NOVA88,50,WON,48
2026-05-24,Serie A,Parma,Sassuolo,,OU,UNDER,2.5,1.5,36,0-0,oddsflow_active_trader,APIFOOTBALL,124,WON,62
2026-05-24,Serie A,Parma,Sassuolo,,OU,UNDER,2,1.92,36,0-0,oddsflow_handicap_sniper,HGA,100,WON,92
2026-05-24,Serie A,Parma,Sassuolo,,OU,UNDER,2.75,1.96,36,0-0,oddsflow_active_trader,NOVA88,50,WON,48
2026-05-24,Serie A,Parma,Sassuolo,,OU,UNDER,2,1.92,36,0-0,oddsflow_active_trader,HGA,100,WON,92
2026-05-24,Serie A,Parma,Sassuolo,,OU,UNDER,1.5,2.5,37,0-0,oddsflow_active_trader,APIFOOTBALL,100,WON,150
2026-05-24,Serie A,Parma,Sassuolo,,OU,UNDER,1.5,2.5,37,0-0,oddsflow_handicap_sniper,APIFOOTBALL,100,WON,150
2026-05-24,Serie A,Parma,Sassuolo,,1X2,DRAW,0,2.875,46,0-0,oddsflow_handicap_sniper,APIFOOTBALL,100,LOST,-100
2026-05-24,Serie A,Parma,Sassuolo,,1X2,DRAW,0,3.65,46,0-0,oddsflow_handicap_sniper,NOVA88,34,LOST,-34
2026-05-24,Serie A,Parma,Sassuolo,,1X2,DRAW,0,2.66,46,0-0,oddsflow_handicap_sniper,HGA,50,LOST,-50
2026-05-24,Serie A,Parma,Sassuolo,,1X2,DRAW,0,2.2,61,0-0,oddsflow_active_trader,APIFOOTBALL,100,LOST,-100
2026-05-24,Serie A,Parma,Sassuolo,,1X2,DRAW,0,3.65,61,0-0,oddsflow_active_trader,NOVA88,44,LOST,-44
2026-05-24,Serie A,Parma,Sassuolo,,AH,AWAY,-1,1.85,80,0-0,oddsflow_core_strategy,APIFOOTBALL,140,VOID,0
2026-05-24,Serie A,Parma,Sassuolo,,OU,UNDER,1.5,1.727,80,0-0,oddsflow_core_strategy,APIFOOTBALL,500,WON,363.5
2026-05-24,Premier League,Burnley,Wolves,,OU,UNDER,2.5,2.02,0,0-0,oddsflow_prematch_edge,APIFOOTBALL,10,WON,10.2
2026-05-24,Premier League,Fulham,Newcastle United,,OU,UNDER,3,2,0,0-0,oddsflow_prematch_edge,APIFOOTBALL,10,WON,10
2026-05-24,Premier League,Liverpool,Brentford,,OU,UNDER,3.25,1.93,0,0-0,oddsflow_prematch_edge,APIFOOTBALL,10,WON,9.3
2026-05-24,Premier League,Manchester City,Aston Villa,,AH,AWAY,-1.75,1.91,0,0-0,oddsflow_prematch_edge,APIFOOTBALL,10,WON,9.1
2026-05-24,Premier League,Tottenham Hotspur,Everton,,AH,AWAY,-0.5,2.01,0,0-0,oddsflow_prematch_edge,APIFOOTBALL,10,LOST,-10
2026-05-24,Premier League,Manchester City,Aston Villa,,AH,AWAY,-1.75,1.96,0,0-0,oddsflow_prematch_edge,NOVA88,38,WON,36.48
2026-05-24,Premier League,Tottenham Hotspur,Everton,,AH,AWAY,-0.5,2.03,0,0-0,oddsflow_prematch_edge,NOVA88,35,LOST,-35
2026-05-24,Premier League,West Ham,Leeds United,,AH,AWAY,-0.75,1.94,0,0-0,oddsflow_prematch_edge,APIFOOTBALL,10,LOST,-10
2026-05-24,Premier League,Brighton,Manchester United,,OU,UNDER,3.25,1.88,0,0-0,oddsflow_prematch_edge,APIFOOTBALL,10,HALF_WON,4.4
2026-05-24,Premier League,West Ham,Leeds United,,AH,AWAY,-0.75,1.94,0,0-0,oddsflow_prematch_edge,NOVA88,27,LOST,-27
2026-05-24,Premier League,Nottingham Forest,Bournemouth,,1X2,HOME,0,3.67,0,0-0,oddsflow_prematch_edge,APIFOOTBALL,10,LOST,-10
2026-05-24,Premier League,Sunderland,Chelsea,,1X2,HOME,0,3.39,0,0-0,oddsflow_prematch_edge,APIFOOTBALL,10,WON,23.9
2026-05-24,Premier League,Nottingham Forest,Bournemouth,,1X2,HOME,0,3.5,0,0-0,oddsflow_prematch_edge,NOVA88,15,LOST,-15
2026-05-24,Premier League,Sunderland,Chelsea,,1X2,HOME,0,3.5,0,0-0,oddsflow_prematch_edge,NOVA88,17,WON,42.5
2026-05-24,Premier League,Fulham,Newcastle United,,AH,AWAY,0,2.025,10,0-0,oddsflow_core_strategy,APIFOOTBALL,100,LOST,-100
2026-05-24,Premier League,Fulham,Newcastle United,,AH,AWAY,0,2.08,10,0-0,oddsflow_core_strategy,HGA,100,LOST,-100
2026-05-24,Premier League,Liverpool,Brentford,,AH,AWAY,-1,1.7,10,0-0,oddsflow_core_strategy,APIFOOTBALL,109,WON,76.3
2026-05-24,Premier League,Brighton,Manchester United,,AH,AWAY,0,2.675,10,0-0,oddsflow_core_strategy,APIFOOTBALL,100,WON,167.5
2026-05-24,Premier League,Tottenham Hotspur,Everton,,AH,AWAY,-0.5,2.025,10,0-0,oddsflow_core_strategy,APIFOOTBALL,100,LOST,-100
2026-05-24,Premier League,Tottenham Hotspur,Everton,,AH,AWAY,-0.5,2.03,10,0-0,oddsflow_core_strategy,NOVA88,50,LOST,-50
2026-05-24,Premier League,Tottenham Hotspur,Everton,,AH,AWAY,-0.5,2.08,10,0-0,oddsflow_core_strategy,HGA,100,LOST,-100
2026-05-24,Premier League,Burnley,Wolves,,AH,HOME,0.5,2.075,10,0-1,oddsflow_core_strategy,APIFOOTBALL,106,WON,113.95
2026-05-24,Premier League,Nottingham Forest,Bournemouth,,AH,HOME,0.5,1.875,11,0-0,oddsflow_core_strategy,APIFOOTBALL,100,WON,87.5
2026-05-24,Premier League,Nottingham Forest,Bournemouth,,AH,HOME,0.5,1.9,11,0-0,oddsflow_core_strategy,NOVA88,26,WON,23.4
2026-05-24,Premier League,Nottingham Forest,Bournemouth,,AH,HOME,0.5,1.9,11,0-0,oddsflow_core_strategy,HGA,51,WON,45.9
2026-05-24,Premier League,West Ham,Leeds United,,AH,AWAY,0,2.6,11,0-0,oddsflow_core_strategy,APIFOOTBALL,100,LOST,-100
2026-05-24,Premier League,Sunderland,Chelsea,,AH,AWAY,0,1.725,11,0-0,oddsflow_core_strategy,APIFOOTBALL,100,LOST,-100
2026-05-24,Premier League,Liverpool,Brentford,,AH,AWAY,-0.5,2.1,12,0-0,oddsflow_core_strategy,APIFOOTBALL,91,WON,100.1
2026-05-24,Premier League,Liverpool,Brentford,,AH,AWAY,-0.5,2,12,0-0,oddsflow_core_strategy,NOVA88,15,WON,15
2026-05-24,Premier League,Manchester City,Aston Villa,,AH,AWAY,-1,2.2,13,0-0,oddsflow_core_strategy,APIFOOTBALL,100,WON,120
2026-05-24,Premier League,Brighton,Manchester United,,AH,AWAY,-0.5,2,15,0-0,oddsflow_core_strategy,APIFOOTBALL,100,WON,100
2026-05-24,Premier League,Brighton,Manchester United,,AH,AWAY,-0.5,2.02,15,0-0,oddsflow_core_strategy,NOVA88,24,WON,24.48
2026-05-24,Premier League,Brighton,Manchester United,,AH,AWAY,-0.5,2.03,15,0-0,oddsflow_core_strategy,HGA,50,WON,51.5
2026-05-24,Premier League,Crystal Palace,Arsenal,,AH,AWAY,1,2.5,17,0-0,oddsflow_core_strategy,APIFOOTBALL,100,VOID,0
2026-05-24,Premier League,Fulham,Newcastle United,,AH,AWAY,-1,1.95,19,0-0,oddsflow_core_strategy,APIFOOTBALL,100,LOST,-100
2026-05-24,Premier League,Sunderland,Chelsea,,AH,AWAY,-0.5,2.2,25,0-0,oddsflow_core_strategy,APIFOOTBALL,100,LOST,-100
2026-05-24,Premier League,Nottingham Forest,Bournemouth,,AH,AWAY,-0.5,1.95,34,1-0,oddsflow_core_strategy,APIFOOTBALL,100,WON,95
2026-05-24,Premier League,Liverpool,Brentford,,AH,AWAY,-0.5,2.15,35,0-0,oddsflow_active_trader,APIFOOTBALL,100,WON,115
2026-05-24,Premier League,Fulham,Newcastle United,,AH,AWAY,-1,1.925,35,1-0,oddsflow_active_trader,APIFOOTBALL,185,VOID,0
2026-05-24,Premier League,Fulham,Newcastle United,,OU,UNDER,3.5,1.615,35,1-0,oddsflow_active_trader,APIFOOTBALL,105,WON,64.58
2026-05-24,Premier League,Liverpool,Brentford,,AH,AWAY,-0.5,2,35,0-0,oddsflow_active_trader,NOVA88,26,WON,26
2026-05-24,Premier League,Fulham,Newcastle United,,OU,UNDER,3,1.88,35,1-0,oddsflow_active_trader,NOVA88,50,WON,44
2026-05-24,Premier League,Fulham,Newcastle United,,OU,UNDER,3.25,1.81,35,1-0,oddsflow_active_trader,HGA,100,WON,81
2026-05-24,Premier League,Liverpool,Brentford,,AH,AWAY,-0.5,2.15,35,0-0,oddsflow_beta,APIFOOTBALL,100,WON,115
2026-05-24,Premier League,Fulham,Newcastle United,,AH,AWAY,-1,1.925,35,1-0,oddsflow_handicap_sniper,APIFOOTBALL,186,VOID,0
2026-05-24,Premier League,Liverpool,Brentford,,AH,AWAY,-0.5,2.15,35,0-0,oddsflow_handicap_sniper,APIFOOTBALL,100,WON,115
2026-05-24,Premier League,Liverpool,Brentford,,1X2,DRAW,0,3.75,35,0-0,oddsflow_beta,APIFOOTBALL,100,WON,275
2026-05-24,Premier League,Fulham,Newcastle United,,OU,UNDER,3.5,1.615,35,1-0,oddsflow_handicap_sniper,APIFOOTBALL,100,WON,61.5
2026-05-24,Premier League,Liverpool,Brentford,,1X2,DRAW,0,3.75,35,0-0,oddsflow_handicap_sniper,APIFOOTBALL,100,WON,275
2026-05-24,Premier League,Liverpool,Brentford,,AH,AWAY,-0.5,2,35,0-0,oddsflow_beta,NOVA88,25,WON,25
2026-05-24,Premier League,Liverpool,Brentford,,AH,AWAY,-0.5,2,35,0-0,oddsflow_handicap_sniper,NOVA88,25,WON,25
2026-05-24,Premier League,Liverpool,Brentford,,1X2,DRAW,0,4,35,0-0,oddsflow_beta,NOVA88,24,WON,72
2026-05-24,Premier League,Fulham,Newcastle United,,OU,UNDER,3,1.88,35,1-0,oddsflow_handicap_sniper,NOVA88,50,WON,44
2026-05-24,Premier League,Liverpool,Brentford,,1X2,DRAW,0,4,35,0-0,oddsflow_handicap_sniper,NOVA88,24,WON,72
2026-05-24,Premier League,Liverpool,Brentford,,1X2,DRAW,0,3.85,35,0-0,oddsflow_beta,HGA,50,WON,142.5
2026-05-24,Premier League,Fulham,Newcastle United,,OU,UNDER,3.25,1.81,35,1-0,oddsflow_handicap_sniper,HGA,100,WON,81
2026-05-24,Premier League,Liverpool,Brentford,,1X2,DRAW,0,3.85,35,0-0,oddsflow_handicap_sniper,HGA,50,WON,142.5
2026-05-24,Premier League,Fulham,Newcastle United,,AH,AWAY,-0.5,2.5,35,1-0,oddsflow_active_trader,APIFOOTBALL,100,LOST,-100
2026-05-24,Premier League,Fulham,Newcastle United,,AH,AWAY,-0.5,2.5,35,1-0,oddsflow_handicap_sniper,APIFOOTBALL,100,LOST,-100
2026-05-24,Premier League,West Ham,Leeds United,,1X2,DRAW,0,3.95,35,0-0,oddsflow_handicap_sniper,APIFOOTBALL,100,LOST,-100
2026-05-24,Premier League,West Ham,Leeds United,,1X2,DRAW,0,3.95,35,0-0,oddsflow_handicap_sniper,NOVA88,27,LOST,-27
2026-05-24,Premier League,West Ham,Leeds United,,1X2,DRAW,0,3.15,35,0-0,oddsflow_handicap_sniper,HGA,50,LOST,-50
2026-05-24,Premier League,Manchester City,Aston Villa,,AH,AWAY,-1,2.3,36,1-0,oddsflow_active_trader,APIFOOTBALL,131,WON,170.3
2026-05-24,Premier League,Manchester City,Aston Villa,,AH,AWAY,-1,1.78,36,1-0,oddsflow_active_trader,HGA,100,WON,78
2026-05-24,Premier League,Manchester City,Aston Villa,,AH,AWAY,-1,2.3,36,1-0,oddsflow_beta,APIFOOTBALL,129,WON,167.7
2026-05-24,Premier League,Manchester City,Aston Villa,,AH,AWAY,-1,1.78,36,1-0,oddsflow_beta,HGA,100,WON,78
2026-05-24,Premier League,Manchester City,Aston Villa,,AH,AWAY,-1,2.3,36,1-0,oddsflow_handicap_sniper,APIFOOTBALL,129,WON,167.7
2026-05-24,Premier League,Manchester City,Aston Villa,,AH,AWAY,-1,1.78,36,1-0,oddsflow_handicap_sniper,HGA,100,WON,78
2026-05-24,Premier League,Liverpool,Brentford,,OU,UNDER,2.5,1.727,36,0-0,oddsflow_active_trader,APIFOOTBALL,100,WON,72.7
2026-05-24,Premier League,Liverpool,Brentford,,OU,UNDER,3.25,1.91,36,0-0,oddsflow_active_trader,NOVA88,50,WON,45.5
2026-05-24,Premier League,Liverpool,Brentford,,OU,UNDER,2.25,2.02,36,0-0,oddsflow_active_trader,HGA,100,HALF_WON,51
2026-05-24,Premier League,Liverpool,Brentford,,OU,UNDER,2.5,1.727,36,0-0,oddsflow_beta,APIFOOTBALL,100,WON,72.7
2026-05-24,Premier League,Liverpool,Brentford,,OU,UNDER,3.25,1.91,36,0-0,oddsflow_beta,NOVA88,50,WON,45.5
2026-05-24,Premier League,Liverpool,Brentford,,OU,UNDER,2.25,2.02,36,0-0,oddsflow_beta,HGA,100,HALF_WON,51
2026-05-24,Premier League,Liverpool,Brentford,,OU,UNDER,2.5,1.727,36,0-0,oddsflow_handicap_sniper,APIFOOTBALL,100,WON,72.7
2026-05-24,Premier League,Liverpool,Brentford,,OU,UNDER,3.25,1.91,36,0-0,oddsflow_handicap_sniper,NOVA88,50,WON,45.5
2026-05-24,Premier League,Liverpool,Brentford,,OU,UNDER,2.25,2.02,36,0-0,oddsflow_handicap_sniper,HGA,100,HALF_WON,51
2026-05-24,Premier League,Brighton,Manchester United,,AH,HOME,0.5,1.85,37,0-1,oddsflow_active_trader,APIFOOTBALL,143,LOST,-143
2026-05-24,Premier League,Brighton,Manchester United,,OU,UNDER,3.5,1.615,37,0-1,oddsflow_active_trader,APIFOOTBALL,162,WON,99.63
2026-05-24,Premier League,Brighton,Manchester United,,1X2,AWAY,0,1.952,37,0-1,oddsflow_active_trader,APIFOOTBALL,100,WON,95.2
2026-05-24,Premier League,Brighton,Manchester United,,OU,UNDER,3.25,1.88,37,0-1,oddsflow_active_trader,NOVA88,50,HALF_WON,22
2026-05-24,Premier League,Brighton,Manchester United,,OU,UNDER,3.25,1.83,37,0-1,oddsflow_active_trader,HGA,100,HALF_WON,41.5
2026-05-24,Premier League,Brighton,Manchester United,,1X2,AWAY,0,3.75,37,0-1,oddsflow_active_trader,NOVA88,50,WON,137.5
2026-05-24,Premier League,Brighton,Manchester United,,AH,HOME,0.5,1.85,38,0-1,oddsflow_handicap_sniper,APIFOOTBALL,142,LOST,-142
2026-05-24,Premier League,Brighton,Manchester United,,OU,UNDER,3.5,1.615,38,0-1,oddsflow_handicap_sniper,APIFOOTBALL,168,WON,103.32
2026-05-24,Premier League,Brighton,Manchester United,,1X2,AWAY,0,1.952,38,0-1,oddsflow_handicap_sniper,APIFOOTBALL,100,WON,95.2
2026-05-24,Premier League,Brighton,Manchester United,,OU,UNDER,3.25,1.88,38,0-1,oddsflow_handicap_sniper,NOVA88,50,HALF_WON,22
2026-05-24,Premier League,Brighton,Manchester United,,1X2,AWAY,0,3.75,38,0-1,oddsflow_handicap_sniper,NOVA88,50,WON,137.5
2026-05-24,Premier League,Brighton,Manchester United,,OU,UNDER,3.25,1.83,38,0-1,oddsflow_handicap_sniper,HGA,100,HALF_WON,41.5
2026-05-24,Premier League,Brighton,Manchester United,,1X2,AWAY,0,2,38,0-1,oddsflow_handicap_sniper,HGA,50,WON,50
2026-05-24,Premier League,Fulham,Newcastle United,,OU,UNDER,2.5,2.5,41,1-0,oddsflow_active_trader,APIFOOTBALL,100,WON,150
2026-05-24,Premier League,Fulham,Newcastle United,,OU,UNDER,2.5,2.5,41,1-0,oddsflow_handicap_sniper,APIFOOTBALL,100,WON,150
2026-05-24,Premier League,Crystal Palace,Arsenal,,OU,UNDER,1.5,2.1,41,0-0,oddsflow_beta,APIFOOTBALL,100,LOST,-100
2026-05-24,Premier League,Crystal Palace,Arsenal,,OU,UNDER,1.5,2.1,41,0-0,oddsflow_active_trader,APIFOOTBALL,100,LOST,-100
2026-05-24,Premier League,Crystal Palace,Arsenal,,OU,UNDER,1.5,2.1,42,0-0,oddsflow_handicap_sniper,APIFOOTBALL,100,LOST,-100
2026-05-24,Premier League,West Ham,Leeds United,,1X2,DRAW,0,3.95,43,0-0,oddsflow_active_trader,APIFOOTBALL,100,LOST,-100
2026-05-24,Premier League,West Ham,Leeds United,,1X2,DRAW,0,3.95,43,0-0,oddsflow_active_trader,NOVA88,18,LOST,-18
2026-05-24,Premier League,Brighton,Manchester United,,AH,HOME,1,2.6,43,0-1,oddsflow_handicap_sniper,APIFOOTBALL,100,LOST,-100
2026-05-24,Premier League,Crystal Palace,Arsenal,,AH,HOME,1,2.5,43,0-1,oddsflow_core_strategy,APIFOOTBALL,100,WON,150
2026-05-24,Premier League,Crystal Palace,Arsenal,,AH,HOME,0.5,1.825,44,0-1,oddsflow_beta,APIFOOTBALL,100,WON,82.5
2026-05-24,Premier League,Crystal Palace,Arsenal,,OU,OVER,1.5,1.727,44,0-1,oddsflow_beta,APIFOOTBALL,100,WON,72.7
2026-05-24,Premier League,Crystal Palace,Arsenal,,AH,HOME,0.5,1.99,44,0-1,oddsflow_beta,NOVA88,50,WON,49.5
2026-05-24,Premier League,Crystal Palace,Arsenal,,1X2,AWAY,0,2,44,0-1,oddsflow_beta,APIFOOTBALL,100,WON,100
2026-05-24,Premier League,Crystal Palace,Arsenal,,1X2,AWAY,0,1.91,44,0-1,oddsflow_beta,NOVA88,50,WON,45.5
2026-05-24,Premier League,Crystal Palace,Arsenal,,AH,HOME,1,2.5,44,0-1,oddsflow_active_trader,APIFOOTBALL,100,WON,150
2026-05-24,Premier League,Crystal Palace,Arsenal,,OU,UNDER,2.5,2,44,0-1,oddsflow_active_trader,APIFOOTBALL,100,LOST,-100
2026-05-24,Premier League,Crystal Palace,Arsenal,,AH,HOME,1,2.5,44,0-1,oddsflow_handicap_sniper,APIFOOTBALL,100,WON,150
2026-05-24,Premier League,Crystal Palace,Arsenal,,OU,UNDER,2.5,2,44,0-1,oddsflow_handicap_sniper,APIFOOTBALL,100,LOST,-100
2026-05-24,Premier League,Crystal Palace,Arsenal,,AH,HOME,1,2.5,44,0-1,oddsflow_beta,APIFOOTBALL,100,WON,150
2026-05-24,Premier League,Crystal Palace,Arsenal,,OU,UNDER,2.5,2,44,0-1,oddsflow_beta,APIFOOTBALL,100,LOST,-100
2026-05-24,Premier League,Liverpool,Brentford,,1X2,DRAW,0,4,46,0-0,oddsflow_active_trader,APIFOOTBALL,100,WON,300
2026-05-24,Premier League,Liverpool,Brentford,,1X2,DRAW,0,4,46,0-0,oddsflow_active_trader,NOVA88,16,WON,48
2026-05-24,Premier League,Liverpool,Brentford,,1X2,DRAW,0,3.45,46,0-0,oddsflow_active_trader,HGA,50,WON,122.5
2026-05-24,Premier League,Fulham,Newcastle United,,1X2,HOME,0,1.5,47,1-0,oddsflow_active_trader,APIFOOTBALL,100,WON,50
2026-05-24,Premier League,Fulham,Newcastle United,,1X2,HOME,0,2.88,47,1-0,oddsflow_active_trader,NOVA88,50,WON,94
2026-05-24,Premier League,Fulham,Newcastle United,,AH,AWAY,0,2.1,50,1-0,oddsflow_active_trader,APIFOOTBALL,100,LOST,-100
2026-05-24,Premier League,Fulham,Newcastle United,,AH,AWAY,0,1.91,50,1-0,oddsflow_active_trader,HGA,100,LOST,-100
2026-05-24,Premier League,Fulham,Newcastle United,,AH,AWAY,0,2.1,50,1-0,oddsflow_handicap_sniper,APIFOOTBALL,100,LOST,-100
2026-05-24,Premier League,Fulham,Newcastle United,,AH,AWAY,0,1.91,50,1-0,oddsflow_handicap_sniper,HGA,100,LOST,-100
2026-05-24,Premier League,Fulham,Newcastle United,,1X2,HOME,0,2.375,50,1-0,oddsflow_handicap_sniper,APIFOOTBALL,100,WON,137.5
2026-05-24,Premier League,Fulham,Newcastle United,,1X2,HOME,0,2.88,50,1-0,oddsflow_handicap_sniper,NOVA88,50,WON,94
2026-05-24,Serie A,Napoli,Udinese,,AH,AWAY,-1.25,1.85,0,0-0,oddsflow_prematch_edge,APIFOOTBALL,10,HALF_WON,4.25
2026-05-24,Premier League,Crystal Palace,Arsenal,,AH,HOME,0.5,1.825,48,0-1,oddsflow_active_trader,APIFOOTBALL,100,WON,82.5
2026-05-24,Premier League,Crystal Palace,Arsenal,,OU,OVER,1.5,1.727,48,0-1,oddsflow_active_trader,APIFOOTBALL,100,WON,72.7
2026-05-24,Premier League,Crystal Palace,Arsenal,,AH,HOME,0.5,1.99,48,0-1,oddsflow_active_trader,NOVA88,50,WON,49.5
2026-05-24,Premier League,Crystal Palace,Arsenal,,1X2,AWAY,0,2,48,0-1,oddsflow_active_trader,APIFOOTBALL,100,WON,100
2026-05-24,Premier League,Crystal Palace,Arsenal,,AH,HOME,0.5,1.825,48,0-1,oddsflow_handicap_sniper,APIFOOTBALL,100,WON,82.5
2026-05-24,Premier League,Crystal Palace,Arsenal,,1X2,AWAY,0,1.91,48,0-1,oddsflow_active_trader,NOVA88,43,WON,39.13
2026-05-24,Premier League,Crystal Palace,Arsenal,,OU,OVER,1.5,1.727,48,0-1,oddsflow_handicap_sniper,APIFOOTBALL,100,WON,72.7
2026-05-24,Premier League,Crystal Palace,Arsenal,,AH,HOME,0.5,1.99,48,0-1,oddsflow_handicap_sniper,NOVA88,50,WON,49.5
2026-05-24,Premier League,Crystal Palace,Arsenal,,1X2,AWAY,0,2,48,0-1,oddsflow_handicap_sniper,APIFOOTBALL,100,WON,100
2026-05-24,Premier League,Crystal Palace,Arsenal,,1X2,AWAY,0,1.91,48,0-1,oddsflow_handicap_sniper,NOVA88,50,WON,45.5
2026-05-24,Premier League,Manchester City,Aston Villa,,AH,AWAY,-0.5,2.3,51,1-1,oddsflow_core_strategy,APIFOOTBALL,100,WON,130
2026-05-24,Serie A,Napoli,Udinese,,AH,AWAY,-1,1.8,10,0-0,oddsflow_core_strategy,APIFOOTBALL,100,VOID,0
2026-05-24,Serie A,Napoli,Udinese,,AH,AWAY,-1,2.02,10,0-0,oddsflow_core_strategy,NOVA88,50,VOID,0
2026-05-24,Premier League,Nottingham Forest,Bournemouth,,AH,HOME,0.5,1.9,56,1-1,oddsflow_beta,APIFOOTBALL,100,WON,90
2026-05-24,Premier League,Nottingham Forest,Bournemouth,,1X2,DRAW,0,3.8,56,1-1,oddsflow_beta,APIFOOTBALL,100,WON,280
2026-05-24,Premier League,Nottingham Forest,Bournemouth,,AH,HOME,0.5,1.9,56,1-1,oddsflow_beta,NOVA88,50,WON,45
2026-05-24,Premier League,Nottingham Forest,Bournemouth,,1X2,DRAW,0,3.8,56,1-1,oddsflow_beta,NOVA88,39,WON,109.2
2026-05-24,Premier League,Nottingham Forest,Bournemouth,,1X2,DRAW,0,2.62,56,1-1,oddsflow_beta,HGA,50,WON,81
2026-05-24,Premier League,Nottingham Forest,Bournemouth,,AH,HOME,0.5,1.9,56,1-1,oddsflow_active_trader,APIFOOTBALL,100,WON,90
2026-05-24,Premier League,Nottingham Forest,Bournemouth,,AH,HOME,0.5,1.9,56,1-1,oddsflow_handicap_sniper,APIFOOTBALL,100,WON,90
2026-05-24,Premier League,Nottingham Forest,Bournemouth,,1X2,DRAW,0,3.8,56,1-1,oddsflow_active_trader,APIFOOTBALL,100,WON,280
2026-05-24,Premier League,Nottingham Forest,Bournemouth,,AH,HOME,0.5,1.9,56,1-1,oddsflow_active_trader,NOVA88,50,WON,45
2026-05-24,Premier League,Nottingham Forest,Bournemouth,,1X2,DRAW,0,3.8,56,1-1,oddsflow_handicap_sniper,APIFOOTBALL,100,WON,280
2026-05-24,Premier League,Nottingham Forest,Bournemouth,,AH,HOME,0.5,1.9,56,1-1,oddsflow_handicap_sniper,NOVA88,50,WON,45
2026-05-24,Premier League,Nottingham Forest,Bournemouth,,1X2,DRAW,0,3.8,56,1-1,oddsflow_active_trader,NOVA88,21,WON,58.8
2026-05-24,Premier League,Nottingham Forest,Bournemouth,,1X2,DRAW,0,3.8,56,1-1,oddsflow_handicap_sniper,NOVA88,39,WON,109.2
2026-05-24,Premier League,Nottingham Forest,Bournemouth,,1X2,DRAW,0,2.62,56,1-1,oddsflow_handicap_sniper,HGA,50,WON,81
2026-05-24,Premier League,Liverpool,Brentford,,1X2,HOME,0,1.9,60,1-0,oddsflow_active_trader,APIFOOTBALL,100,LOST,-100
2026-05-24,Premier League,Liverpool,Brentford,,1X2,HOME,0,1.9,60,1-0,oddsflow_handicap_sniper,APIFOOTBALL,100,LOST,-100
2026-05-24,Premier League,Liverpool,Brentford,,1X2,HOME,0,1.9,60,1-0,oddsflow_handicap_sniper,NOVA88,50,LOST,-50
2026-05-24,Premier League,Liverpool,Brentford,,1X2,HOME,0,1.9,60,1-0,oddsflow_active_trader,NOVA88,50,LOST,-50
2026-05-24,Premier League,Liverpool,Brentford,,1X2,HOME,0,1.9,60,1-0,oddsflow_beta,APIFOOTBALL,100,LOST,-100
2026-05-24,Premier League,Liverpool,Brentford,,1X2,HOME,0,1.9,60,1-0,oddsflow_beta,NOVA88,50,LOST,-50
2026-05-24,Premier League,Tottenham Hotspur,Everton,,AH,AWAY,-0.5,2.03,55,1-0,oddsflow_beta,APIFOOTBALL,123,WON,126.69
2026-05-24,Premier League,Tottenham Hotspur,Everton,,1X2,HOME,0,1.87,55,1-0,oddsflow_beta,APIFOOTBALL,100,WON,87
2026-05-24,Premier League,Tottenham Hotspur,Everton,,AH,AWAY,-0.5,2.03,55,1-0,oddsflow_beta,NOVA88,50,WON,51.5
2026-05-24,Premier League,Tottenham Hotspur,Everton,,1X2,HOME,0,1.87,55,1-0,oddsflow_beta,NOVA88,27,WON,23.49
2026-05-24,Premier League,Tottenham Hotspur,Everton,,AH,AWAY,-0.5,2.03,56,1-0,oddsflow_handicap_sniper,APIFOOTBALL,122,WON,125.66
2026-05-24,Premier League,Tottenham Hotspur,Everton,,AH,AWAY,-0.5,2.03,56,1-0,oddsflow_active_trader,APIFOOTBALL,124,WON,127.72
2026-05-24,Premier League,Tottenham Hotspur,Everton,,1X2,HOME,0,1.87,56,1-0,oddsflow_handicap_sniper,APIFOOTBALL,100,WON,87
2026-05-24,Premier League,Tottenham Hotspur,Everton,,AH,AWAY,-0.5,2.03,56,1-0,oddsflow_handicap_sniper,NOVA88,50,WON,51.5
2026-05-24,Premier League,Tottenham Hotspur,Everton,,1X2,HOME,0,1.87,56,1-0,oddsflow_active_trader,APIFOOTBALL,100,WON,87
2026-05-24,Premier League,Tottenham Hotspur,Everton,,AH,AWAY,-0.5,2.03,56,1-0,oddsflow_active_trader,NOVA88,50,WON,51.5
2026-05-24,Premier League,Tottenham Hotspur,Everton,,1X2,HOME,0,1.87,56,1-0,oddsflow_handicap_sniper,NOVA88,28,WON,24.36
2026-05-24,Premier League,Tottenham Hotspur,Everton,,1X2,HOME,0,1.87,56,1-0,oddsflow_active_trader,NOVA88,27,WON,23.49
2026-05-24,Premier League,Nottingham Forest,Bournemouth,,OU,UNDER,3,1.96,65,1-1,oddsflow_core_strategy,APIFOOTBALL,500,WON,480
2026-05-24,Serie A,Napoli,Udinese,,AH,AWAY,-1.5,2.05,25,1-0,oddsflow_core_strategy,APIFOOTBALL,100,WON,105
2026-05-24,Premier League,West Ham,Leeds United,,1X2,HOME,0,1.79,69,1-0,oddsflow_active_trader,APIFOOTBALL,101,WON,79.79
2026-05-24,Premier League,West Ham,Leeds United,,1X2,HOME,0,1.79,69,1-0,oddsflow_active_trader,NOVA88,46,WON,36.34
2026-05-24,Premier League,West Ham,Leeds United,,1X2,HOME,0,1.79,69,1-0,oddsflow_handicap_sniper,APIFOOTBALL,140,WON,110.6
2026-05-24,Premier League,West Ham,Leeds United,,1X2,HOME,0,1.79,69,1-0,oddsflow_handicap_sniper,NOVA88,50,WON,39.5
2026-05-24,Serie A,Napoli,Udinese,,AH,AWAY,-1.5,2,37,1-0,oddsflow_active_trader,APIFOOTBALL,146,WON,146
2026-05-24,Serie A,Napoli,Udinese,,AH,AWAY,-1.5,2,37,1-0,oddsflow_handicap_sniper,APIFOOTBALL,143,WON,143
2026-05-24,Premier League,Liverpool,Brentford,,OU,UNDER,3.25,1.91,100,1-1,oddsflow_core_strategy,APIFOOTBALL,500,WON,455
2026-05-24,Serie A,Cremonese,Como,,OU,UNDER,2.75,1.97,0,0-0,oddsflow_prematch_edge,APIFOOTBALL,10,LOST,-10
2026-05-24,Serie A,AC Milan,Cagliari,,AH,AWAY,-1.5,1.94,0,0-0,oddsflow_prematch_edge,APIFOOTBALL,10,WON,9.4
2026-05-24,Serie A,Torino,Juventus,,AH,HOME,1,2.08,0,0-0,oddsflow_prematch_edge,APIFOOTBALL,10,WON,10.8
2026-05-24,Serie A,AC Milan,Cagliari,,AH,AWAY,-1.5,2.07,0,0-0,oddsflow_prematch_edge,NOVA88,50,WON,53.5
2026-05-24,Serie A,Lecce,Genoa,,1X2,AWAY,0,4.83,0,0-0,oddsflow_prematch_edge,APIFOOTBALL,10,LOST,-10
2026-05-24,Serie A,Hellas Verona,AS Roma,,OU,UNDER,2.75,1.85,0,0-0,oddsflow_prematch_edge,APIFOOTBALL,10,WON,8.5
2026-05-24,Brasileirão Série A,Cruzeiro,Chapecoense,,AH,AWAY,-1.5,2.02,0,0-0,oddsflow_prematch_edge,APIFOOTBALL,10,WON,10.2
2026-05-24,Brasileirão Série A,Clube do Remo,Atletico Paranaense,,OU,UNDER,2.25,2.03,0,0-0,oddsflow_prematch_edge,APIFOOTBALL,10,LOST,-10
2026-05-24,Brasileirão Série A,Cruzeiro,Chapecoense,,AH,AWAY,-1.5,1.82,0,0-0,oddsflow_prematch_edge,NOVA88,18,WON,14.76
2026-05-24,La Liga,Villarreal,Atletico Madrid,,OU,UNDER,3.5,1.88,0,0-0,oddsflow_prematch_edge,APIFOOTBALL,10,LOST,-10
2026-05-24,Serie A,AC Milan,Cagliari,,AH,AWAY,-1,1.925,21,1-1,oddsflow_core_strategy,APIFOOTBALL,114,WON,105.45
2026-05-24,Serie A,AC Milan,Cagliari,,AH,AWAY,-1,2.03,21,1-1,oddsflow_core_strategy,HGA,100,WON,103
2026-05-24,La Liga,Villarreal,Atletico Madrid,,OU,UNDER,3.5,1.615,15,0-0,oddsflow_handicap_sniper,APIFOOTBALL,71,LOST,-71
2026-05-24,La Liga,Villarreal,Atletico Madrid,,OU,UNDER,3.5,1.615,15,0-0,oddsflow_active_trader,APIFOOTBALL,69,LOST,-69
2026-05-24,La Liga,Villarreal,Atletico Madrid,,OU,UNDER,3.25,1.85,15,0-0,oddsflow_handicap_sniper,NOVA88,50,LOST,-50
2026-05-24,La Liga,Villarreal,Atletico Madrid,,OU,UNDER,3,2.01,15,0-0,oddsflow_active_trader,HGA,100,LOST,-100
2026-05-24,La Liga,Villarreal,Atletico Madrid,,OU,UNDER,3,2.01,15,0-0,oddsflow_handicap_sniper,HGA,100,LOST,-100
2026-05-24,La Liga,Villarreal,Atletico Madrid,,OU,UNDER,3.5,1.615,15,0-0,oddsflow_beta,APIFOOTBALL,62,LOST,-62
2026-05-24,La Liga,Villarreal,Atletico Madrid,,OU,UNDER,3,2,15,0-0,oddsflow_beta,HGA,100,LOST,-100
2026-05-24,La Liga,Villarreal,Atletico Madrid,,1X2,DRAW,0,3.75,15,0-0,oddsflow_handicap_sniper,APIFOOTBALL,60,LOST,-60
2026-05-24,La Liga,Villarreal,Atletico Madrid,,1X2,DRAW,0,3.8,15,0-0,oddsflow_handicap_sniper,NOVA88,17,LOST,-17
2026-05-24,La Liga,Villarreal,Atletico Madrid,,1X2,DRAW,0,3.8,15,0-0,oddsflow_handicap_sniper,HGA,50,LOST,-50
2026-05-24,La Liga,Villarreal,Atletico Madrid,,1X2,DRAW,0,3.6,17,0-0,oddsflow_beta,APIFOOTBALL,60,LOST,-60
2026-05-24,La Liga,Villarreal,Atletico Madrid,,1X2,DRAW,0,3.8,17,0-0,oddsflow_beta,NOVA88,17,LOST,-17
2026-05-24,La Liga,Villarreal,Atletico Madrid,,1X2,DRAW,0,3.6,17,0-0,oddsflow_beta,HGA,50,LOST,-50
2026-05-24,Brasileirão Série A,Clube do Remo,Atletico Paranaense,,AH,AWAY,0,2.25,16,1-0,oddsflow_core_strategy,APIFOOTBALL,200,WON,250
2026-05-24,Serie A,Cremonese,Como,,AH,AWAY,1,2.15,26,0-0,oddsflow_core_strategy,APIFOOTBALL,100,WON,115
2026-05-24,Brasileirão Série A,Clube do Remo,Atletico Paranaense,,AH,AWAY,0,1.96,16,1-0,oddsflow_core_strategy,NOVA88,50,WON,48
2026-05-24,Serie A,Cremonese,Como,,AH,AWAY,1,2.04,26,0-0,oddsflow_core_strategy,NOVA88,35,WON,36.4
2026-05-24,Brasileirão Série A,Clube do Remo,Atletico Paranaense,,AH,AWAY,0,1.94,16,1-0,oddsflow_core_strategy,HGA,100,WON,94
2026-05-24,La Liga,Villarreal,Atletico Madrid,,OU,UNDER,2.5,2.2,21,0-0,oddsflow_active_trader,APIFOOTBALL,60,LOST,-60
2026-05-24,La Liga,Villarreal,Atletico Madrid,,OU,UNDER,2.5,2.1,22,0-0,oddsflow_beta,APIFOOTBALL,60,LOST,-60
2026-05-24,La Liga,Villarreal,Atletico Madrid,,OU,UNDER,2.5,2.1,22,0-0,oddsflow_handicap_sniper,APIFOOTBALL,60,LOST,-60
2026-05-24,Serie A,AC Milan,Cagliari,,AH,AWAY,-1,1.775,35,1-1,oddsflow_active_trader,APIFOOTBALL,138,WON,106.95
2026-05-24,Serie A,Lecce,Genoa,,AH,AWAY,-1,2.375,35,1-0,oddsflow_active_trader,APIFOOTBALL,146,WON,200.75
2026-05-24,Serie A,AC Milan,Cagliari,,OU,UNDER,3.5,2.3,35,1-1,oddsflow_active_trader,APIFOOTBALL,100,WON,130
2026-05-24,Serie A,AC Milan,Cagliari,,AH,AWAY,-1,2.03,35,1-1,oddsflow_active_trader,HGA,100,WON,103
2026-05-24,Serie A,Lecce,Genoa,,AH,AWAY,-1,2.375,35,1-0,oddsflow_handicap_sniper,APIFOOTBALL,147,WON,202.13
2026-05-24,Serie A,AC Milan,Cagliari,,AH,AWAY,-1,1.775,35,1-1,oddsflow_handicap_sniper,APIFOOTBALL,140,WON,108.5
2026-05-24,Serie A,AC Milan,Cagliari,,OU,UNDER,3.5,2.3,35,1-1,oddsflow_handicap_sniper,APIFOOTBALL,100,WON,130
2026-05-24,Serie A,AC Milan,Cagliari,,AH,AWAY,-1,2.03,35,1-1,oddsflow_handicap_sniper,HGA,100,WON,103
2026-05-24,Serie A,Lecce,Genoa,,AH,AWAY,-1,2.375,35,1-0,oddsflow_beta,APIFOOTBALL,146,WON,200.75
2026-05-24,La Liga,Villarreal,Atletico Madrid,,AH,AWAY,-0.5,2.075,30,0-0,oddsflow_core_strategy,APIFOOTBALL,60,LOST,-60
2026-05-24,La Liga,Villarreal,Atletico Madrid,,AH,AWAY,-1,1.725,30,1-0,oddsflow_core_strategy,APIFOOTBALL,140,LOST,-140
2026-05-24,La Liga,Villarreal,Atletico Madrid,,AH,AWAY,0.5,2.6,30,1-0,oddsflow_handicap_sniper,APIFOOTBALL,60,LOST,-60
2026-05-24,La Liga,Villarreal,Atletico Madrid,,1X2,HOME,0,2.4,30,1-0,oddsflow_handicap_sniper,APIFOOTBALL,60,WON,84
2026-05-24,La Liga,Villarreal,Atletico Madrid,,1X2,HOME,0,2.49,30,1-0,oddsflow_handicap_sniper,NOVA88,46,WON,68.54
2026-05-24,La Liga,Villarreal,Atletico Madrid,,AH,AWAY,0.5,2.5,30,1-0,oddsflow_beta,APIFOOTBALL,60,LOST,-60
2026-05-24,La Liga,Villarreal,Atletico Madrid,,1X2,HOME,0,2.5,30,1-0,oddsflow_beta,APIFOOTBALL,60,WON,90
2026-05-24,La Liga,Villarreal,Atletico Madrid,,1X2,HOME,0,2.49,30,1-0,oddsflow_beta,NOVA88,46,WON,68.54
2026-05-24,La Liga,Villarreal,Atletico Madrid,,AH,AWAY,0.5,2.5,30,1-0,oddsflow_active_trader,APIFOOTBALL,60,LOST,-60
2026-05-24,La Liga,Villarreal,Atletico Madrid,,1X2,HOME,0,2.5,30,1-0,oddsflow_active_trader,APIFOOTBALL,60,WON,90
2026-05-24,La Liga,Villarreal,Atletico Madrid,,1X2,HOME,0,2.49,30,1-0,oddsflow_active_trader,NOVA88,32,WON,47.68
2026-05-24,Serie A,Lecce,Genoa,,OU,UNDER,3.5,1.5,40,1-0,oddsflow_active_trader,APIFOOTBALL,187,WON,93.5
2026-05-24,Serie A,Lecce,Genoa,,OU,UNDER,2.25,1.81,40,1-0,oddsflow_active_trader,NOVA88,50,WON,40.5
2026-05-24,Serie A,Lecce,Genoa,,OU,UNDER,2.25,1.73,40,1-0,oddsflow_active_trader,HGA,100,WON,73
2026-05-24,Serie A,Lecce,Genoa,,OU,UNDER,3.5,1.5,40,1-0,oddsflow_handicap_sniper,APIFOOTBALL,189,WON,94.5
2026-05-24,Serie A,Lecce,Genoa,,OU,UNDER,2.25,1.81,40,1-0,oddsflow_handicap_sniper,NOVA88,50,WON,40.5
2026-05-24,Serie A,Lecce,Genoa,,OU,UNDER,2.25,1.73,40,1-0,oddsflow_handicap_sniper,HGA,100,WON,73
2026-05-24,La Liga,Villarreal,Atletico Madrid,,OU,OVER,3.5,2.1,34,2-0,oddsflow_active_trader,APIFOOTBALL,60,WON,66
2026-05-24,La Liga,Villarreal,Atletico Madrid,,OU,OVER,3.5,2.1,34,2-0,oddsflow_handicap_sniper,APIFOOTBALL,60,WON,66
2026-05-24,La Liga,Villarreal,Atletico Madrid,,OU,OVER,3.5,2.1,34,2-0,oddsflow_beta,APIFOOTBALL,60,WON,66
2026-05-24,Serie A,AC Milan,Cagliari,,AH,AWAY,-0.5,2.35,43,1-1,oddsflow_core_strategy,APIFOOTBALL,86,WON,116.1
2026-05-24,Serie A,AC Milan,Cagliari,,AH,AWAY,-0.5,2.35,43,1-1,oddsflow_active_trader,APIFOOTBALL,100,WON,135
2026-05-24,Serie A,AC Milan,Cagliari,,AH,AWAY,-0.5,2.35,43,1-1,oddsflow_handicap_sniper,APIFOOTBALL,100,WON,135
2026-05-24,Brasileirão Série A,Clube do Remo,Atletico Paranaense,,AH,AWAY,0,1.96,35,1-0,oddsflow_active_trader,APIFOOTBALL,569,WON,546.24
2026-05-24,Brasileirão Série A,Clube do Remo,Atletico Paranaense,,AH,AWAY,0,1.96,35,1-0,oddsflow_active_trader,NOVA88,50,WON,48
2026-05-24,Brasileirão Série A,Clube do Remo,Atletico Paranaense,,AH,AWAY,0,1.96,35,1-0,oddsflow_handicap_sniper,APIFOOTBALL,570,WON,547.2
2026-05-24,Brasileirão Série A,Clube do Remo,Atletico Paranaense,,AH,AWAY,0,1.96,35,1-0,oddsflow_handicap_sniper,NOVA88,50,WON,48
2026-05-24,Serie A,AC Milan,Cagliari,,1X2,DRAW,0,3.1,46,1-1,oddsflow_handicap_sniper,APIFOOTBALL,100,LOST,-100
2026-05-24,Serie A,AC Milan,Cagliari,,1X2,DRAW,0,3.15,46,1-1,oddsflow_handicap_sniper,HGA,52,LOST,-52
2026-05-24,La Liga,Villarreal,Atletico Madrid,,OU,OVER,3.25,2.03,42,3-0,oddsflow_handicap_sniper,APIFOOTBALL,60,WON,61.8
2026-05-24,La Liga,Villarreal,Atletico Madrid,,OU,OVER,3.25,2.03,42,3-0,oddsflow_handicap_sniper,NOVA88,49,WON,50.47
2026-05-24,La Liga,Villarreal,Atletico Madrid,,OU,OVER,3.25,2.03,42,3-0,oddsflow_active_trader,APIFOOTBALL,60,WON,61.8
2026-05-24,La Liga,Villarreal,Atletico Madrid,,OU,OVER,3.25,2.03,42,3-0,oddsflow_active_trader,NOVA88,49,WON,50.47
2026-05-24,La Liga,Villarreal,Atletico Madrid,,OU,OVER,3.25,2.03,42,3-0,oddsflow_beta,APIFOOTBALL,60,WON,61.8
2026-05-24,La Liga,Villarreal,Atletico Madrid,,OU,OVER,3.25,2.03,42,3-0,oddsflow_beta,NOVA88,49,WON,50.47
2026-05-24,Brasileirão Série A,Clube do Remo,Atletico Paranaense,,OU,OVER,2.25,1.84,46,1-1,oddsflow_handicap_sniper,APIFOOTBALL,522,WON,438.48
2026-05-24,Brasileirão Série A,Clube do Remo,Atletico Paranaense,,1X2,DRAW,0,3.25,46,1-1,oddsflow_handicap_sniper,APIFOOTBALL,500,LOST,-500
2026-05-24,Brasileirão Série A,Clube do Remo,Atletico Paranaense,,1X2,DRAW,0,3.25,46,1-1,oddsflow_handicap_sniper,NOVA88,35,LOST,-35
2026-05-24,Brasileirão Série A,Clube do Remo,Atletico Paranaense,,OU,OVER,2.25,1.84,46,1-1,oddsflow_active_trader,APIFOOTBALL,522,WON,438.48
2026-05-24,Brasileirão Série A,Clube do Remo,Atletico Paranaense,,1X2,DRAW,0,3.25,46,1-1,oddsflow_active_trader,APIFOOTBALL,500,LOST,-500
2026-05-24,Brasileirão Série A,Clube do Remo,Atletico Paranaense,,1X2,DRAW,0,3.25,46,1-1,oddsflow_active_trader,NOVA88,19,LOST,-19
2026-05-24,Serie A,AC Milan,Cagliari,,1X2,DRAW,0,3.6,48,1-1,oddsflow_active_trader,APIFOOTBALL,100,LOST,-100
2026-05-24,Serie A,AC Milan,Cagliari,,1X2,DRAW,0,3.15,48,1-1,oddsflow_active_trader,HGA,50,LOST,-50
2026-05-24,Serie A,Torino,Juventus,,AH,AWAY,1,2.2,14,0-0,oddsflow_core_strategy,APIFOOTBALL,100,LOST,-100
2026-05-24,Serie A,Lecce,Genoa,,OU,OVER,1.5,1.615,55,1-0,oddsflow_handicap_sniper,APIFOOTBALL,100,LOST,-100
2026-05-24,Serie A,Lecce,Genoa,,OU,OVER,2.25,2.07,55,1-0,oddsflow_handicap_sniper,NOVA88,50,LOST,-50
2026-05-24,Serie A,Lecce,Genoa,,OU,OVER,1.5,1.615,55,1-0,oddsflow_active_trader,APIFOOTBALL,100,LOST,-100
2026-05-24,Serie A,Lecce,Genoa,,OU,OVER,2.25,2.07,55,1-0,oddsflow_active_trader,NOVA88,50,LOST,-50
2026-05-24,Serie A,AC Milan,Cagliari,,OU,OVER,3.5,2.5,58,1-2,oddsflow_active_trader,APIFOOTBALL,100,LOST,-100
2026-05-24,Serie A,AC Milan,Cagliari,,OU,OVER,4.25,2.13,58,1-2,oddsflow_active_trader,HGA,100,LOST,-100
2026-05-24,Serie A,AC Milan,Cagliari,,OU,OVER,3.5,2.375,58,1-2,oddsflow_handicap_sniper,APIFOOTBALL,100,LOST,-100
2026-05-24,Serie A,AC Milan,Cagliari,,OU,OVER,4.25,2.13,58,1-2,oddsflow_handicap_sniper,HGA,100,LOST,-100
2026-05-24,Serie A,Lecce,Genoa,,OU,OVER,1.5,2,67,1-0,oddsflow_core_strategy,APIFOOTBALL,500,LOST,-500
2026-05-24,Serie A,Torino,Juventus,,AH,HOME,1.5,2,32,0-1,oddsflow_core_strategy,APIFOOTBALL,100,WON,100
2026-05-24,Serie A,Lecce,Genoa,,AH,AWAY,-1,1.8,77,1-0,oddsflow_core_strategy,APIFOOTBALL,144.2,WON,115.36
2026-05-24,Serie A,Torino,Juventus,,AH,HOME,1,2.675,52,0-1,oddsflow_beta,APIFOOTBALL,100,WON,167.5
2026-05-24,Serie A,Torino,Juventus,,AH,HOME,1,2.675,52,0-1,oddsflow_handicap_sniper,APIFOOTBALL,100,WON,167.5
2026-05-24,Serie A,Torino,Juventus,,OU,UNDER,2.5,1.666,52,0-1,oddsflow_beta,APIFOOTBALL,100,LOST,-100
2026-05-24,Serie A,Torino,Juventus,,AH,HOME,1,2.675,52,0-1,oddsflow_active_trader,APIFOOTBALL,100,WON,167.5
2026-05-24,Serie A,Torino,Juventus,,OU,UNDER,2.5,1.666,52,0-1,oddsflow_handicap_sniper,APIFOOTBALL,100,LOST,-100
2026-05-24,Serie A,Torino,Juventus,,OU,UNDER,2.5,1.666,52,0-1,oddsflow_active_trader,APIFOOTBALL,100,LOST,-100
2026-05-24,Serie A,Torino,Juventus,,OU,UNDER,2.75,1.89,52,0-1,oddsflow_beta,NOVA88,48,LOST,-48
2026-05-24,Serie A,Torino,Juventus,,OU,UNDER,2.75,1.89,52,0-1,oddsflow_handicap_sniper,NOVA88,48,LOST,-48
2026-05-24,Serie A,Torino,Juventus,,OU,UNDER,2.25,1.99,52,0-1,oddsflow_beta,HGA,100,LOST,-100
2026-05-24,Serie A,Torino,Juventus,,OU,UNDER,2.75,1.89,52,0-1,oddsflow_active_trader,NOVA88,49,LOST,-49
2026-05-24,Serie A,Torino,Juventus,,OU,UNDER,2.25,1.99,52,0-1,oddsflow_handicap_sniper,HGA,100,LOST,-100
2026-05-24,Serie A,Torino,Juventus,,OU,UNDER,2.25,1.94,52,0-1,oddsflow_active_trader,HGA,100,LOST,-100
2026-05-24,Brasileirão Série A,Corinthians,Atletico Mineiro,,OU,OVER,2,1.82,0,0-0,oddsflow_prematch_edge,APIFOOTBALL,10,LOST,-10
2026-05-24,Brasileirão Série A,Corinthians,Atletico Mineiro,,AH,AWAY,-0.5,1.95,10,0-0,oddsflow_core_strategy,APIFOOTBALL,200,LOST,-200
2026-05-24,Brasileirão Série A,Corinthians,Atletico Mineiro,,AH,AWAY,-0.5,2.07,10,0-0,oddsflow_core_strategy,NOVA88,17,LOST,-17
2026-05-24,Brasileirão Série A,Corinthians,Atletico Mineiro,,AH,AWAY,-0.5,1.95,10,0-0,oddsflow_core_strategy,HGA,50,LOST,-50
2026-05-24,Brasileirão Série A,Corinthians,Atletico Mineiro,,AH,AWAY,0,2.5,36,0-0,oddsflow_handicap_sniper,APIFOOTBALL,500,LOST,-500
2026-05-24,Brasileirão Série A,Corinthians,Atletico Mineiro,,AH,AWAY,0,2.5,36,0-0,oddsflow_active_trader,APIFOOTBALL,500,LOST,-500
2026-05-24,Brasileirão Série A,Corinthians,Atletico Mineiro,,OU,OVER,1.5,2.1,36,0-0,oddsflow_handicap_sniper,APIFOOTBALL,500,LOST,-500
2026-05-24,Brasileirão Série A,Corinthians,Atletico Mineiro,,OU,OVER,1.5,2.1,36,0-0,oddsflow_active_trader,APIFOOTBALL,500,LOST,-500
2026-05-24,Brasileirão Série A,Corinthians,Atletico Mineiro,,1X2,AWAY,0,4.333,38,0-0,oddsflow_handicap_sniper,APIFOOTBALL,500,LOST,-500
2026-05-24,Brasileirão Série A,Corinthians,Atletico Mineiro,,1X2,AWAY,0,4.35,38,0-0,oddsflow_handicap_sniper,NOVA88,15,LOST,-15
2026-05-24,Brasileirão Série A,Corinthians,Atletico Mineiro,,1X2,AWAY,0,3.95,38,0-0,oddsflow_handicap_sniper,HGA,50,LOST,-50
2026-05-24,Brasileirão Série A,Corinthians,Atletico Mineiro,,OU,OVER,0.5,1.571,56,0-0,oddsflow_active_trader,APIFOOTBALL,500,WON,285.5
2026-05-24,Brasileirão Série A,Corinthians,Atletico Mineiro,,OU,OVER,0.5,1.571,56,0-0,oddsflow_handicap_sniper,APIFOOTBALL,500,WON,285.5
2026-05-24,Brasileirão Série A,Corinthians,Atletico Mineiro,,1X2,DRAW,0,1.727,71,0-0,oddsflow_handicap_sniper,APIFOOTBALL,500,LOST,-500
2026-05-24,Brasileirão Série A,Corinthians,Atletico Mineiro,,1X2,DRAW,0,1.727,71,0-0,oddsflow_active_trader,APIFOOTBALL,500,LOST,-500
2026-05-24,Brasileirão Série A,Corinthians,Atletico Mineiro,,1X2,DRAW,0,3.35,71,0-0,oddsflow_handicap_sniper,NOVA88,50,LOST,-50
2026-05-24,Brasileirão Série A,Corinthians,Atletico Mineiro,,1X2,DRAW,0,3.35,71,0-0,oddsflow_active_trader,NOVA88,50,LOST,-50
2026-05-24,Brasileirão Série A,Vasco da Gama,RB Bragantino,,1X2,AWAY,0,3.92,0,0-0,oddsflow_prematch_edge,APIFOOTBALL,10,WON,29.2
2026-05-24,Brasileirão Série A,Vasco da Gama,RB Bragantino,,1X2,AWAY,0,3.5,0,0-0,oddsflow_prematch_edge,NOVA88,15,WON,37.5
2026-05-24,Brasileirão Série A,Vasco da Gama,RB Bragantino,,AH,AWAY,0,2.75,13,0-0,oddsflow_core_strategy,APIFOOTBALL,200,WON,350
2026-05-24,Brasileirão Série A,Vasco da Gama,RB Bragantino,,AH,AWAY,0,2,35,0-0,oddsflow_beta,APIFOOTBALL,500,WON,500
2026-05-24,Brasileirão Série A,Vasco da Gama,RB Bragantino,,OU,UNDER,1.5,2.1,35,0-0,oddsflow_beta,APIFOOTBALL,500,LOST,-500
2026-05-24,Brasileirão Série A,Vasco da Gama,RB Bragantino,,AH,AWAY,0,2.01,35,0-0,oddsflow_beta,HGA,100,WON,101
2026-05-24,Brasileirão Série A,Vasco da Gama,RB Bragantino,,1X2,DRAW,0,2.875,35,0-0,oddsflow_beta,APIFOOTBALL,500,LOST,-500
2026-05-24,Brasileirão Série A,Vasco da Gama,RB Bragantino,,1X2,DRAW,0,3.3,35,0-0,oddsflow_beta,NOVA88,22,LOST,-22
2026-05-24,Brasileirão Série A,Vasco da Gama,RB Bragantino,,1X2,DRAW,0,2.85,35,0-0,oddsflow_beta,HGA,50,LOST,-50
2026-05-24,Brasileirão Série A,Vasco da Gama,RB Bragantino,,AH,AWAY,0,2,35,0-0,oddsflow_active_trader,APIFOOTBALL,500,WON,500
2026-05-24,Brasileirão Série A,Vasco da Gama,RB Bragantino,,AH,AWAY,0,2,35,0-0,oddsflow_handicap_sniper,APIFOOTBALL,500,WON,500
2026-05-24,Brasileirão Série A,Vasco da Gama,RB Bragantino,,AH,AWAY,0,2.01,35,0-0,oddsflow_active_trader,HGA,97,WON,97.97
2026-05-24,Brasileirão Série A,Vasco da Gama,RB Bragantino,,1X2,DRAW,0,2.875,35,0-0,oddsflow_handicap_sniper,APIFOOTBALL,500,LOST,-500
2026-05-24,Brasileirão Série A,Vasco da Gama,RB Bragantino,,AH,AWAY,0,2.01,35,0-0,oddsflow_handicap_sniper,HGA,95,WON,95.95
2026-05-24,Brasileirão Série A,Vasco da Gama,RB Bragantino,,1X2,DRAW,0,3.3,35,0-0,oddsflow_handicap_sniper,NOVA88,19,LOST,-19
2026-05-24,Brasileirão Série A,Vasco da Gama,RB Bragantino,,1X2,DRAW,0,2.85,35,0-0,oddsflow_handicap_sniper,HGA,50,LOST,-50
2026-05-24,Brasileirão Série A,Vasco da Gama,RB Bragantino,,OU,UNDER,1.5,2.1,35,0-0,oddsflow_active_trader,APIFOOTBALL,500,LOST,-500
2026-05-24,Brasileirão Série A,Vasco da Gama,RB Bragantino,,OU,UNDER,1.5,2.1,35,0-0,oddsflow_handicap_sniper,APIFOOTBALL,500,LOST,-500
2026-05-24,Brasileirão Série A,Vasco da Gama,RB Bragantino,,1X2,DRAW,0,2.6,45,0-0,oddsflow_active_trader,APIFOOTBALL,500,LOST,-500
2026-05-24,Brasileirão Série A,Vasco da Gama,RB Bragantino,,1X2,DRAW,0,3.3,45,0-0,oddsflow_active_trader,NOVA88,22,LOST,-22
2026-05-24,Brasileirão Série A,Vasco da Gama,RB Bragantino,,AH,HOME,0.5,2.375,45,0-0,oddsflow_handicap_sniper,APIFOOTBALL,500,LOST,-500
2026-05-24,Brasileirão Série A,Vasco da Gama,RB Bragantino,,OU,UNDER,2.5,1.727,45,0-0,oddsflow_handicap_sniper,APIFOOTBALL,649,LOST,-649
2026-05-24,Brasileirão Série A,Vasco da Gama,RB Bragantino,,OU,UNDER,2.25,2.01,45,0-0,oddsflow_handicap_sniper,NOVA88,50,LOST,-50
2026-05-24,Brasileirão Série A,Vasco da Gama,RB Bragantino,,AH,HOME,0.5,2.375,45,0-0,oddsflow_beta,APIFOOTBALL,500,LOST,-500
2026-05-24,Brasileirão Série A,Vasco da Gama,RB Bragantino,,OU,UNDER,2.5,1.78,45,0-0,oddsflow_handicap_sniper,HGA,100,LOST,-100
2026-05-24,Brasileirão Série A,Vasco da Gama,RB Bragantino,,OU,UNDER,2.5,1.727,45,0-0,oddsflow_beta,APIFOOTBALL,660,LOST,-660
2026-05-24,Brasileirão Série A,Vasco da Gama,RB Bragantino,,OU,UNDER,2.25,2.01,45,0-0,oddsflow_beta,NOVA88,50,LOST,-50
2026-05-24,Brasileirão Série A,Vasco da Gama,RB Bragantino,,OU,UNDER,2.5,1.78,45,0-0,oddsflow_beta,HGA,100,LOST,-100
2026-05-24,Brasileirão Série A,Vasco da Gama,RB Bragantino,,AH,HOME,0.5,2.375,45,0-0,oddsflow_active_trader,APIFOOTBALL,500,LOST,-500
2026-05-24,Brasileirão Série A,Vasco da Gama,RB Bragantino,,OU,UNDER,2.5,1.727,45,0-0,oddsflow_active_trader,APIFOOTBALL,664,LOST,-664
2026-05-24,Brasileirão Série A,Vasco da Gama,RB Bragantino,,OU,UNDER,2.25,2.01,45,0-0,oddsflow_active_trader,NOVA88,50,LOST,-50
2026-05-24,Brasileirão Série A,Vasco da Gama,RB Bragantino,,OU,UNDER,2.5,1.78,45,0-0,oddsflow_active_trader,HGA,100,LOST,-100
2026-05-24,Brasileirão Série A,Vasco da Gama,RB Bragantino,,1X2,AWAY,0,1.533,47,0-1,oddsflow_handicap_sniper,APIFOOTBALL,500,WON,266.5
2026-05-24,Brasileirão Série A,Vasco da Gama,RB Bragantino,,1X2,AWAY,0,3.5,47,0-1,oddsflow_handicap_sniper,NOVA88,50,WON,125
2026-05-24,Brasileirão Série A,Vasco da Gama,RB Bragantino,,1X2,AWAY,0,1.533,47,0-1,oddsflow_beta,APIFOOTBALL,500,WON,266.5
2026-05-24,Brasileirão Série A,Vasco da Gama,RB Bragantino,,1X2,AWAY,0,3.5,47,0-1,oddsflow_beta,NOVA88,50,WON,125
2026-05-24,Brasileirão Série A,Vasco da Gama,RB Bragantino,,1X2,AWAY,0,1.533,47,0-1,oddsflow_active_trader,APIFOOTBALL,500,WON,266.5
2026-05-24,Brasileirão Série A,Vasco da Gama,RB Bragantino,,1X2,AWAY,0,3.5,47,0-1,oddsflow_active_trader,NOVA88,50,WON,125
2026-05-24,Brasileirão Série A,Vasco da Gama,RB Bragantino,,1X2,AWAY,0,1.6,47,0-1,oddsflow_active_trader,HGA,50,WON,30
2026-05-24,Brasileirão Série A,Vasco da Gama,RB Bragantino,,AH,HOME,1.5,2.5,60,0-2,oddsflow_active_trader,APIFOOTBALL,601,WON,901.5
2026-05-24,Brasileirão Série A,Vasco da Gama,RB Bragantino,,AH,HOME,1.5,2.5,60,0-2,oddsflow_handicap_sniper,APIFOOTBALL,602,WON,903
2026-05-24,Brasileirão Série A,Vasco da Gama,RB Bragantino,,AH,HOME,1.5,2.5,60,0-2,oddsflow_beta,APIFOOTBALL,602,WON,903
2026-05-24,Brasileirão Série A,Vasco da Gama,RB Bragantino,,OU,OVER,2.5,1.533,60,0-2,oddsflow_beta,APIFOOTBALL,500,WON,266.5
2026-05-24,Brasileirão Série A,Vasco da Gama,RB Bragantino,,OU,OVER,2.5,1.533,60,0-2,oddsflow_active_trader,APIFOOTBALL,500,WON,266.5
2026-05-24,Brasileirão Série A,Vasco da Gama,RB Bragantino,,OU,OVER,2.5,1.533,60,0-2,oddsflow_handicap_sniper,APIFOOTBALL,500,WON,266.5
2026-05-28,Primeira Liga,Casa Pia,Torreense,,1X2,DRAW,0,2.6,35,0-0,oddsflow_beta,APIFOOTBALL,4,LOST,-4
2026-05-28,Primeira Liga,Casa Pia,Torreense,,1X2,DRAW,0,2.6,35,0-0,oddsflow_handicap_sniper,APIFOOTBALL,4,LOST,-4
2026-05-28,Primeira Liga,Casa Pia,Torreense,,1X2,DRAW,0,2.6,35,0-0,oddsflow_active_trader,APIFOOTBALL,4,LOST,-4
2026-05-28,Primeira Liga,Casa Pia,Torreense,,1X2,DRAW,0,2.53,35,0-0,oddsflow_beta,HGA,72,LOST,-72
2026-05-28,Primeira Liga,Casa Pia,Torreense,,1X2,DRAW,0,2.53,35,0-0,oddsflow_handicap_sniper,HGA,72,LOST,-72
2026-05-28,Primeira Liga,Casa Pia,Torreense,,1X2,DRAW,0,2.53,35,0-0,oddsflow_active_trader,HGA,50,LOST,-50
2026-05-28,Primeira Liga,Casa Pia,Torreense,,AH,AWAY,-1,1.95,38,0-0,oddsflow_handicap_sniper,APIFOOTBALL,7,LOST,-7
2026-05-28,Primeira Liga,Casa Pia,Torreense,,AH,AWAY,-1,1.95,38,0-0,oddsflow_active_trader,APIFOOTBALL,7,LOST,-7
2026-05-28,Primeira Liga,Casa Pia,Torreense,,AH,AWAY,-1,1.925,40,1-0,oddsflow_beta,APIFOOTBALL,8,VOID,0
2026-05-28,Primeira Liga,Casa Pia,Torreense,,AH,AWAY,-0.5,2.75,42,1-0,oddsflow_beta,APIFOOTBALL,4,LOST,-4
2026-05-28,Primeira Liga,Casa Pia,Torreense,,AH,AWAY,-0.5,2.75,42,1-0,oddsflow_handicap_sniper,APIFOOTBALL,4,LOST,-4
2026-05-28,Primeira Liga,Casa Pia,Torreense,,AH,AWAY,-0.5,2.75,42,1-0,oddsflow_active_trader,APIFOOTBALL,4,LOST,-4
2026-05-28,Primeira Liga,Casa Pia,Torreense,,AH,AWAY,-1,1.85,45,1-0,oddsflow_core_strategy,APIFOOTBALL,8,VOID,0
2026-05-28,Primeira Liga,Casa Pia,Torreense,,1X2,HOME,0,1.5,50,1-0,oddsflow_handicap_sniper,APIFOOTBALL,5,WON,2.5
2026-05-28,Primeira Liga,Casa Pia,Torreense,,1X2,HOME,0,1.5,50,1-0,oddsflow_active_trader,APIFOOTBALL,5,WON,2.5
2026-05-28,Primeira Liga,Casa Pia,Torreense,,1X2,HOME,0,1.43,50,1-0,oddsflow_handicap_sniper,HGA,100,WON,43
2026-05-28,Primeira Liga,Casa Pia,Torreense,,1X2,HOME,0,1.43,50,1-0,oddsflow_active_trader,HGA,54,WON,23.22
2026-05-28,Primeira Liga,Casa Pia,Torreense,,1X2,HOME,0,1.5,50,1-0,oddsflow_beta,APIFOOTBALL,5,WON,2.5
2026-05-28,Primeira Liga,Casa Pia,Torreense,,1X2,HOME,0,1.43,50,1-0,oddsflow_beta,HGA,95,WON,40.85
2026-05-29,Chinese Super League,Shenyang Urban,Shanghai SIPG,,AH,AWAY,-1,1.95,10,1-0,oddsflow_core_strategy,APIFOOTBALL,200,WON,190
2026-05-29,Chinese Super League,Shenyang Urban,Shanghai SIPG,,AH,AWAY,0,2.2,35,1-1,oddsflow_active_trader,APIFOOTBALL,500,LOST,-500
2026-05-29,Chinese Super League,Shenyang Urban,Shanghai SIPG,,OU,UNDER,4.5,1.615,35,1-1,oddsflow_active_trader,APIFOOTBALL,500,LOST,-500
2026-05-29,Chinese Super League,Shenyang Urban,Shanghai SIPG,,AH,AWAY,0,2.2,35,1-1,oddsflow_handicap_sniper,APIFOOTBALL,500,LOST,-500
2026-05-29,Chinese Super League,Shenyang Urban,Shanghai SIPG,,OU,UNDER,4.5,1.615,35,1-1,oddsflow_handicap_sniper,APIFOOTBALL,500,LOST,-500
2026-05-29,Chinese Super League,Shenyang Urban,Shanghai SIPG,,1X2,DRAW,0,3.25,35,1-1,oddsflow_handicap_sniper,APIFOOTBALL,500,LOST,-500
2026-05-29,Chinese Super League,Shenyang Urban,Shanghai SIPG,,1X2,DRAW,0,3.1,35,1-1,oddsflow_handicap_sniper,NOVA88,15,LOST,-15
2026-05-29,Chinese Super League,Shenyang Urban,Shanghai SIPG,,1X2,DRAW,0,3.3,35,1-1,oddsflow_handicap_sniper,HGA,50,LOST,-50
2026-05-29,Chinese Super League,Shenyang Urban,Shanghai SIPG,,OU,UNDER,3.5,2.375,43,1-1,oddsflow_active_trader,APIFOOTBALL,500,LOST,-500
2026-05-29,Chinese Super League,Shenyang Urban,Shanghai SIPG,,OU,UNDER,3.5,2.375,44,1-1,oddsflow_handicap_sniper,APIFOOTBALL,500,LOST,-500
2026-05-29,Chinese Super League,Shenyang Urban,Shanghai SIPG,,1X2,DRAW,0,2.875,50,1-1,oddsflow_active_trader,APIFOOTBALL,500,LOST,-500
2026-05-29,Chinese Super League,Shenyang Urban,Shanghai SIPG,,1X2,DRAW,0,3.1,50,1-1,oddsflow_active_trader,NOVA88,15,LOST,-15
2026-05-29,Chinese Super League,Shenyang Urban,Shanghai SIPG,,1X2,DRAW,0,2.86,50,1-1,oddsflow_active_trader,HGA,50,LOST,-50
2026-05-29,Chinese Super League,Shenyang Urban,Shanghai SIPG,,AH,AWAY,-1,1.7,70,1-1,oddsflow_handicap_sniper,APIFOOTBALL,862,VOID,0
2026-05-29,Chinese Super League,Shenyang Urban,Shanghai SIPG,,AH,AWAY,-1,1.7,71,2-1,oddsflow_active_trader,APIFOOTBALL,887,WON,620.9
2026-05-29,Ligue 1,Nice,Saint Etienne,,AH,AWAY,-0.5,1.8,11,0-0,oddsflow_core_strategy,APIFOOTBALL,131,LOST,-131
2026-05-29,Ligue 1,Nice,Saint Etienne,,AH,AWAY,-0.5,1.79,11,0-0,oddsflow_core_strategy,HGA,96,LOST,-96
2026-05-29,Ligue 1,Nice,Saint Etienne,,OU,UNDER,1.5,2,35,0-0,oddsflow_active_trader,APIFOOTBALL,224,LOST,-224
2026-05-29,Ligue 1,Nice,Saint Etienne,,1X2,DRAW,0,2.625,35,0-0,oddsflow_active_trader,APIFOOTBALL,100,LOST,-100
2026-05-29,Ligue 1,Nice,Saint Etienne,,OU,UNDER,1.5,2.05,35,0-0,oddsflow_active_trader,NOVA88,50,LOST,-50
2026-05-29,Ligue 1,Nice,Saint Etienne,,OU,UNDER,1.5,2,35,0-0,oddsflow_handicap_sniper,APIFOOTBALL,225,LOST,-225
2026-05-29,Ligue 1,Nice,Saint Etienne,,OU,UNDER,1.5,2,35,0-0,oddsflow_active_trader,HGA,100,LOST,-100
2026-05-29,Ligue 1,Nice,Saint Etienne,,1X2,DRAW,0,2.69,35,0-0,oddsflow_active_trader,NOVA88,23,LOST,-23
2026-05-29,Ligue 1,Nice,Saint Etienne,,1X2,DRAW,0,2.625,35,0-0,oddsflow_handicap_sniper,APIFOOTBALL,100,LOST,-100
2026-05-29,Ligue 1,Nice,Saint Etienne,,1X2,DRAW,0,2.53,35,0-0,oddsflow_active_trader,HGA,50,LOST,-50
2026-05-29,Ligue 1,Nice,Saint Etienne,,OU,UNDER,1.5,2.05,35,0-0,oddsflow_handicap_sniper,NOVA88,50,LOST,-50
2026-05-29,Ligue 1,Nice,Saint Etienne,,OU,UNDER,1.5,2,35,0-0,oddsflow_handicap_sniper,HGA,100,LOST,-100
2026-05-29,Ligue 1,Nice,Saint Etienne,,1X2,DRAW,0,2.69,35,0-0,oddsflow_handicap_sniper,NOVA88,41,LOST,-41
2026-05-29,Ligue 1,Nice,Saint Etienne,,1X2,DRAW,0,2.53,35,0-0,oddsflow_handicap_sniper,HGA,74,LOST,-74
2026-05-29,Ligue 1,Nice,Saint Etienne,,1X2,DRAW,0,2.05,54,0-0,oddsflow_beta,APIFOOTBALL,106,LOST,-106
2026-05-29,Ligue 1,Nice,Saint Etienne,,1X2,DRAW,0,2.02,54,0-0,oddsflow_beta,NOVA88,33,LOST,-33
2026-05-29,Ligue 1,Nice,Saint Etienne,,1X2,DRAW,0,2.01,54,0-0,oddsflow_beta,HGA,65,LOST,-65
2026-05-29,Ligue 1,Nice,Saint Etienne,,AH,AWAY,-1,2.3,62,0-0,oddsflow_handicap_sniper,APIFOOTBALL,200,LOST,-200
2026-05-29,Ligue 1,Nice,Saint Etienne,,AH,AWAY,-1,2.3,62,0-0,oddsflow_active_trader,APIFOOTBALL,200,LOST,-200
2026-05-29,Ligue 1,Nice,Saint Etienne,,AH,AWAY,-1,2.15,65,1-0,oddsflow_beta,APIFOOTBALL,287,LOST,-287
2026-05-30,J1 League,Sanfrecce Hiroshima,Kawasaki Frontale,,OU,UNDER,4.5,2.06,47,2-1,oddsflow_handicap_sniper,APIFOOTBALL,4,WON,4.24
2026-05-30,J1 League,Sanfrecce Hiroshima,Kawasaki Frontale,,OU,UNDER,4.5,2.06,47,2-1,oddsflow_active_trader,APIFOOTBALL,4,WON,4.24
2026-05-30,J1 League,Sanfrecce Hiroshima,Kawasaki Frontale,,OU,UNDER,4.5,2.06,47,2-1,oddsflow_beta,APIFOOTBALL,4,WON,4.24
2026-05-30,J1 League,Vissel Kobe,Kashima Antlers,,OU,UNDER,3.5,2.07,69,2-0,oddsflow_handicap_sniper,APIFOOTBALL,5,LOST,-5
2026-05-30,J1 League,Vissel Kobe,Kashima Antlers,,OU,UNDER,3.5,2.07,69,2-0,oddsflow_active_trader,APIFOOTBALL,5,LOST,-5
2026-05-30,J1 League,Vissel Kobe,Kashima Antlers,,OU,UNDER,3.5,2.07,69,2-0,oddsflow_handicap_sniper,NOVA88,50,LOST,-50
2026-05-30,J1 League,Vissel Kobe,Kashima Antlers,,OU,UNDER,3.5,2.07,69,2-0,oddsflow_active_trader,NOVA88,50,LOST,-50
2026-05-30,J1 League,Nagoya Grampus,Machida Zelvia,,OU,UNDER,3.5,1.64,78,1-1,oddsflow_handicap_sniper,APIFOOTBALL,4,LOST,-4
2026-05-30,J1 League,Nagoya Grampus,Machida Zelvia,,OU,UNDER,3.5,1.64,78,1-1,oddsflow_active_trader,APIFOOTBALL,4,LOST,-4
2026-05-30,J1 League,Nagoya Grampus,Machida Zelvia,,OU,UNDER,3.5,1.64,78,1-1,oddsflow_handicap_sniper,NOVA88,50,LOST,-50
2026-05-30,J1 League,Nagoya Grampus,Machida Zelvia,,OU,UNDER,3.5,1.64,78,1-1,oddsflow_active_trader,NOVA88,50,LOST,-50
2026-05-30,J1 League,Cerezo Osaka,FC Tokyo,,OU,UNDER,4.5,1.61,79,1-2,oddsflow_handicap_sniper,APIFOOTBALL,4,WON,2.44
2026-05-30,J1 League,Cerezo Osaka,FC Tokyo,,OU,UNDER,4.5,1.61,79,1-2,oddsflow_active_trader,APIFOOTBALL,4,WON,2.44
2026-05-30,Chinese Super League,Qingdao Youth Island,Shanghai Shenhua,,AH,HOME,-0.25,2.01,0,0-0,oddsflow_prematch_edge,APIFOOTBALL,10,HALF_LOST,-5
2026-05-30,Chinese Super League,Qingdao Youth Island,Shanghai Shenhua,,AH,HOME,-0.25,1.95,0,0-0,oddsflow_prematch_edge,NOVA88,50,HALF_LOST,-25
2026-05-30,Chinese Super League,Qingdao Youth Island,Shanghai Shenhua,,AH,HOME,0.5,1.95,12,0-1,oddsflow_core_strategy,APIFOOTBALL,200,WON,190
2026-05-30,Chinese Super League,Qingdao Youth Island,Shanghai Shenhua,,AH,HOME,0.5,2.05,35,0-1,oddsflow_active_trader,APIFOOTBALL,1071,WON,1124.55
2026-05-30,Chinese Super League,Qingdao Youth Island,Shanghai Shenhua,,OU,OVER,2.5,1.571,35,0-1,oddsflow_active_trader,APIFOOTBALL,789,WON,450.52
2026-05-30,Chinese Super League,Qingdao Youth Island,Shanghai Shenhua,,1X2,HOME,0,4.75,35,0-1,oddsflow_active_trader,APIFOOTBALL,500,LOST,-500
2026-05-30,Chinese Super League,Qingdao Youth Island,Shanghai Shenhua,,OU,OVER,2.75,1.76,35,0-1,oddsflow_active_trader,NOVA88,50,WON,38
2026-05-30,Chinese Super League,Qingdao Youth Island,Shanghai Shenhua,,OU,OVER,2.75,1.8,35,0-1,oddsflow_active_trader,HGA,100,WON,80
2026-05-30,Chinese Super League,Qingdao Youth Island,Shanghai Shenhua,,1X2,HOME,0,4.05,35,0-1,oddsflow_active_trader,NOVA88,28,LOST,-28
2026-05-30,Chinese Super League,Qingdao Youth Island,Shanghai Shenhua,,1X2,HOME,0,4.4,35,0-1,oddsflow_active_trader,HGA,61,LOST,-61
2026-05-30,Chinese Super League,Qingdao Youth Island,Shanghai Shenhua,,AH,HOME,0.5,2.05,35,0-1,oddsflow_handicap_sniper,APIFOOTBALL,1059,WON,1111.95
2026-05-30,Chinese Super League,Qingdao Youth Island,Shanghai Shenhua,,OU,OVER,2.5,1.571,35,0-1,oddsflow_handicap_sniper,APIFOOTBALL,797,WON,455.09
2026-05-30,Chinese Super League,Qingdao Youth Island,Shanghai Shenhua,,1X2,HOME,0,4.75,35,0-1,oddsflow_handicap_sniper,APIFOOTBALL,500,LOST,-500
2026-05-30,Chinese Super League,Qingdao Youth Island,Shanghai Shenhua,,OU,OVER,2.75,1.79,35,0-1,oddsflow_handicap_sniper,NOVA88,50,WON,39.5
2026-05-30,Chinese Super League,Qingdao Youth Island,Shanghai Shenhua,,1X2,HOME,0,4.05,35,0-1,oddsflow_handicap_sniper,NOVA88,45,LOST,-45
2026-05-30,Chinese Super League,Qingdao Youth Island,Shanghai Shenhua,,OU,OVER,2.75,1.81,35,0-1,oddsflow_handicap_sniper,HGA,100,WON,81
2026-05-30,Chinese Super League,Qingdao Youth Island,Shanghai Shenhua,,1X2,HOME,0,4.4,35,0-1,oddsflow_handicap_sniper,HGA,96,LOST,-96
2026-05-30,Chinese Super League,Qingdao Youth Island,Shanghai Shenhua,,AH,HOME,0.5,2.05,35,0-1,oddsflow_beta,APIFOOTBALL,1050,WON,1102.5
2026-05-30,Chinese Super League,Qingdao Youth Island,Shanghai Shenhua,,OU,OVER,2.5,1.571,35,0-1,oddsflow_beta,APIFOOTBALL,820,WON,468.22
2026-05-30,Chinese Super League,Qingdao Youth Island,Shanghai Shenhua,,1X2,HOME,0,4.75,35,0-1,oddsflow_beta,APIFOOTBALL,500,LOST,-500
2026-05-30,Chinese Super League,Qingdao Youth Island,Shanghai Shenhua,,OU,OVER,2.75,1.79,35,0-1,oddsflow_beta,NOVA88,50,WON,39.5
2026-05-30,Chinese Super League,Qingdao Youth Island,Shanghai Shenhua,,1X2,HOME,0,4.1,35,0-1,oddsflow_beta,NOVA88,46,LOST,-46
2026-05-30,Chinese Super League,Qingdao Youth Island,Shanghai Shenhua,,OU,OVER,2.75,1.81,35,0-1,oddsflow_beta,HGA,100,WON,81
2026-05-30,Chinese Super League,Qingdao Youth Island,Shanghai Shenhua,,1X2,HOME,0,4.4,35,0-1,oddsflow_beta,HGA,96,LOST,-96
2026-05-30,J1 League,Kyoto Sanga,Kashiwa Reysol,,OU,UNDER,3.5,2.12,35,1-1,oddsflow_handicap_sniper,APIFOOTBALL,4,LOST,-4
2026-05-30,J1 League,Kyoto Sanga,Kashiwa Reysol,,OU,UNDER,3.5,2.12,35,1-1,oddsflow_active_trader,APIFOOTBALL,4,LOST,-4
2026-05-30,J1 League,Kyoto Sanga,Kashiwa Reysol,,OU,UNDER,4.5,2.01,41,1-2,oddsflow_handicap_sniper,APIFOOTBALL,4,LOST,-4
2026-05-30,J1 League,Kyoto Sanga,Kashiwa Reysol,,OU,UNDER,4.5,2.01,41,1-2,oddsflow_active_trader,APIFOOTBALL,4,LOST,-4
2026-05-30,Chinese Super League,Qingdao Youth Island,Shanghai Shenhua,,AH,HOME,-0.5,2.5,46,0-1,oddsflow_beta,APIFOOTBALL,500,WON,750
2026-05-30,Chinese Super League,Qingdao Youth Island,Shanghai Shenhua,,AH,HOME,-0.5,2.5,46,0-1,oddsflow_active_trader,APIFOOTBALL,500,WON,750
2026-05-30,Chinese Super League,Qingdao Youth Island,Shanghai Shenhua,,AH,HOME,-0.5,2.5,46,0-1,oddsflow_handicap_sniper,APIFOOTBALL,500,WON,750
2026-05-30,Chinese Super League,Qingdao Youth Island,Shanghai Shenhua,,OU,OVER,3.5,1.833,47,1-1,oddsflow_handicap_sniper,APIFOOTBALL,500,WON,416.5
2026-05-30,Chinese Super League,Qingdao Youth Island,Shanghai Shenhua,,OU,OVER,3.5,1.833,48,1-1,oddsflow_beta,APIFOOTBALL,500,WON,416.5
2026-05-30,Chinese Super League,Qingdao Youth Island,Shanghai Shenhua,,OU,OVER,3.5,1.833,48,1-1,oddsflow_active_trader,APIFOOTBALL,500,WON,416.5
2026-05-30,J1 League,Kyoto Sanga,Kashiwa Reysol,,OU,UNDER,5.5,1.78,52,1-3,oddsflow_handicap_sniper,APIFOOTBALL,4,LOST,-4
2026-05-30,J1 League,Kyoto Sanga,Kashiwa Reysol,,OU,UNDER,5.5,1.78,52,1-3,oddsflow_handicap_sniper,NOVA88,50,LOST,-50
2026-05-30,J1 League,Kyoto Sanga,Kashiwa Reysol,,OU,UNDER,5.5,1.77,52,1-3,oddsflow_handicap_sniper,HGA,100,LOST,-100
2026-05-30,J1 League,Kyoto Sanga,Kashiwa Reysol,,OU,UNDER,5.5,1.78,52,1-3,oddsflow_active_trader,APIFOOTBALL,5,LOST,-5
2026-05-30,J1 League,Kyoto Sanga,Kashiwa Reysol,,OU,UNDER,5.5,1.78,52,1-3,oddsflow_active_trader,NOVA88,50,LOST,-50
2026-05-30,J1 League,Kyoto Sanga,Kashiwa Reysol,,OU,UNDER,5.5,1.77,52,1-3,oddsflow_active_trader,HGA,100,LOST,-100
2026-05-30,Chinese Super League,Qingdao Youth Island,Shanghai Shenhua,,AH,AWAY,0,2.35,50,2-1,oddsflow_active_trader,APIFOOTBALL,500,WON,675
2026-05-30,Chinese Super League,Qingdao Youth Island,Shanghai Shenhua,,AH,AWAY,0,2.03,50,2-1,oddsflow_active_trader,NOVA88,15,WON,15.45
2026-05-30,Chinese Super League,Qingdao Youth Island,Shanghai Shenhua,,AH,AWAY,0,2.35,50,2-1,oddsflow_beta,APIFOOTBALL,500,WON,675
2026-05-30,Chinese Super League,Qingdao Youth Island,Shanghai Shenhua,,AH,AWAY,0,2.03,50,2-1,oddsflow_beta,NOVA88,15,WON,15.45
2026-05-30,Chinese Super League,Qingdao Youth Island,Shanghai Shenhua,,AH,AWAY,0,1.96,50,2-1,oddsflow_beta,HGA,50,WON,48
2026-05-30,Chinese Super League,Qingdao Youth Island,Shanghai Shenhua,,OU,OVER,3.5,2.2,50,2-1,oddsflow_core_strategy,APIFOOTBALL,500,WON,600
2026-05-30,Chinese Super League,Qingdao Youth Island,Shanghai Shenhua,,AH,AWAY,0,2.35,50,2-1,oddsflow_handicap_sniper,APIFOOTBALL,500,WON,675
2026-05-30,Chinese Super League,Qingdao Youth Island,Shanghai Shenhua,,AH,AWAY,0,2.03,50,2-1,oddsflow_handicap_sniper,NOVA88,15,WON,15.45
2026-05-30,Chinese Super League,Qingdao Youth Island,Shanghai Shenhua,,AH,AWAY,0,1.96,50,2-1,oddsflow_handicap_sniper,HGA,50,WON,48
2026-05-30,Chinese Super League,Qingdao Youth Island,Shanghai Shenhua,,AH,AWAY,-1,1.975,51,2-1,oddsflow_handicap_sniper,APIFOOTBALL,500,WON,487.5
2026-05-30,Chinese Super League,Qingdao Youth Island,Shanghai Shenhua,,OU,OVER,4.5,2.25,51,2-1,oddsflow_handicap_sniper,APIFOOTBALL,500,LOST,-500
2026-05-30,Chinese Super League,Qingdao Youth Island,Shanghai Shenhua,,AH,AWAY,-1,1.975,52,2-1,oddsflow_beta,APIFOOTBALL,505,WON,492.38
2026-05-30,Chinese Super League,Qingdao Youth Island,Shanghai Shenhua,,OU,OVER,4.5,2.25,52,2-1,oddsflow_beta,APIFOOTBALL,500,LOST,-500
2026-05-30,Chinese Super League,Qingdao Youth Island,Shanghai Shenhua,,AH,AWAY,-1,1.975,52,2-1,oddsflow_active_trader,APIFOOTBALL,509,WON,496.28
2026-05-30,Chinese Super League,Qingdao Youth Island,Shanghai Shenhua,,OU,OVER,4.5,2.25,52,2-1,oddsflow_active_trader,APIFOOTBALL,500,LOST,-500
2026-05-30,Chinese Super League,Henan Jianye,Hangzhou Greentown,,AH,AWAY,0,2.675,25,0-0,oddsflow_core_strategy,APIFOOTBALL,200,WON,335
2026-05-30,Chinese Super League,Henan Jianye,Hangzhou Greentown,,AH,HOME,0.5,1.8,35,0-1,oddsflow_beta,APIFOOTBALL,897,LOST,-897
2026-05-30,Chinese Super League,Henan Jianye,Hangzhou Greentown,,AH,HOME,0.5,1.8,35,0-1,oddsflow_active_trader,APIFOOTBALL,909,LOST,-909
2026-05-30,Chinese Super League,Henan Jianye,Hangzhou Greentown,,AH,HOME,0.5,1.8,35,0-1,oddsflow_handicap_sniper,APIFOOTBALL,925,LOST,-925
2026-05-30,Chinese Super League,Henan Jianye,Hangzhou Greentown,,OU,UNDER,3.5,1.615,35,0-1,oddsflow_beta,APIFOOTBALL,500,WON,307.5
2026-05-30,Chinese Super League,Henan Jianye,Hangzhou Greentown,,OU,UNDER,3.5,1.615,35,0-1,oddsflow_active_trader,APIFOOTBALL,500,WON,307.5
2026-05-30,Chinese Super League,Henan Jianye,Hangzhou Greentown,,1X2,AWAY,0,2,35,0-1,oddsflow_beta,APIFOOTBALL,500,WON,500
2026-05-30,Chinese Super League,Henan Jianye,Hangzhou Greentown,,OU,UNDER,3.5,1.615,36,0-1,oddsflow_handicap_sniper,APIFOOTBALL,500,WON,307.5
2026-05-30,Chinese Super League,Henan Jianye,Hangzhou Greentown,,1X2,AWAY,0,2,36,0-1,oddsflow_handicap_sniper,APIFOOTBALL,500,WON,500
2026-05-30,Chinese Super League,Henan Jianye,Hangzhou Greentown,,OU,UNDER,3,2.05,36,0-1,oddsflow_handicap_sniper,HGA,81,WON,85.05
2026-05-30,Chinese Super League,Qingdao Youth Island,Shanghai Shenhua,,1X2,DRAW,0,1.615,77,2-2,oddsflow_active_trader,APIFOOTBALL,500,WON,307.5
2026-05-30,Chinese Super League,Qingdao Youth Island,Shanghai Shenhua,,1X2,DRAW,0,1.615,78,2-2,oddsflow_handicap_sniper,APIFOOTBALL,500,WON,307.5
2026-05-30,Chinese Super League,Henan Jianye,Hangzhou Greentown,,OU,UNDER,2.5,2.5,42,0-1,oddsflow_beta,APIFOOTBALL,500,WON,750
2026-05-30,Chinese Super League,Henan Jianye,Hangzhou Greentown,,OU,UNDER,2.5,2.25,45,0-1,oddsflow_active_trader,APIFOOTBALL,500,WON,625
2026-05-30,Chinese Super League,Henan Jianye,Hangzhou Greentown,,OU,UNDER,2.5,2.25,46,0-1,oddsflow_handicap_sniper,APIFOOTBALL,500,WON,625
2026-05-30,Chinese Super League,Henan Jianye,Hangzhou Greentown,,1X2,AWAY,0,1.909,49,0-1,oddsflow_active_trader,APIFOOTBALL,500,WON,454.5
2026-05-30,Chinese Super League,Sichuan Jiuniu,Qingdao Jonoon,,AH,AWAY,-0.5,1.95,0,0-0,oddsflow_prematch_edge,APIFOOTBALL,10,LOST,-10
2026-05-30,Chinese Super League,Sichuan Jiuniu,Qingdao Jonoon,,AH,AWAY,0,2.3,10,0-0,oddsflow_core_strategy,APIFOOTBALL,200,LOST,-200
2026-05-30,Chinese Super League,Chengdu Better City,Shandong Luneng,,AH,AWAY,-1,2.425,35,1-0,oddsflow_handicap_sniper,APIFOOTBALL,790,WON,1125.75
2026-05-30,Chinese Super League,Chongqing Tongliang Long,Beijing Guoan,,AH,AWAY,0,1.725,10,0-0,oddsflow_core_strategy,APIFOOTBALL,200,WON,145
2026-05-30,Chinese Super League,Chengdu Better City,Shandong Luneng,,AH,AWAY,-1,2.425,35,1-0,oddsflow_active_trader,APIFOOTBALL,788,WON,1122.9
2026-05-30,Chinese Super League,Henan Jianye,Hangzhou Greentown,,OU,OVER,1.5,1.5,69,0-1,oddsflow_beta,APIFOOTBALL,500,WON,250
2026-05-30,Chinese Super League,Henan Jianye,Hangzhou Greentown,,OU,OVER,1.5,1.533,71,0-1,oddsflow_active_trader,APIFOOTBALL,500,WON,266.5
2026-05-30,Chinese Super League,Henan Jianye,Hangzhou Greentown,,OU,OVER,1.5,1.533,71,0-1,oddsflow_handicap_sniper,APIFOOTBALL,500,WON,266.5
2026-05-30,Chinese Super League,Henan Jianye,Hangzhou Greentown,,AH,AWAY,0,1.95,75,0-1,oddsflow_active_trader,APIFOOTBALL,500,WON,475
2026-05-30,Chinese Super League,Henan Jianye,Hangzhou Greentown,,AH,AWAY,0,1.95,75,0-1,oddsflow_beta,APIFOOTBALL,500,WON,475
2026-05-30,Chinese Super League,Henan Jianye,Hangzhou Greentown,,OU,UNDER,2.5,1.833,75,0-1,oddsflow_core_strategy,APIFOOTBALL,500,WON,416.5
2026-05-30,Chinese Super League,Henan Jianye,Hangzhou Greentown,,AH,AWAY,0,1.95,75,0-1,oddsflow_handicap_sniper,APIFOOTBALL,500,WON,475
2026-05-30,Chinese Super League,Sichuan Jiuniu,Qingdao Jonoon,,AH,AWAY,-1,2.025,35,1-0,oddsflow_active_trader,APIFOOTBALL,1069,WON,1095.73
2026-05-30,Chinese Super League,Chongqing Tongliang Long,Beijing Guoan,,1X2,AWAY,0,2.05,35,0-0,oddsflow_active_trader,APIFOOTBALL,500,WON,525
2026-05-30,Chinese Super League,Sichuan Jiuniu,Qingdao Jonoon,,AH,AWAY,-1,2.025,35,1-0,oddsflow_beta,APIFOOTBALL,1082,WON,1109.05
2026-05-30,Chinese Super League,Sichuan Jiuniu,Qingdao Jonoon,,AH,AWAY,-1,2.025,35,1-0,oddsflow_handicap_sniper,APIFOOTBALL,1079,WON,1105.98
2026-05-30,Chinese Super League,Chongqing Tongliang Long,Beijing Guoan,,1X2,AWAY,0,2.2,36,0-0,oddsflow_beta,APIFOOTBALL,500,WON,600
2026-05-30,Chinese Super League,Chongqing Tongliang Long,Beijing Guoan,,1X2,AWAY,0,2.2,36,0-0,oddsflow_handicap_sniper,APIFOOTBALL,500,WON,600
2026-05-30,Chinese Super League,Chongqing Tongliang Long,Beijing Guoan,,AH,HOME,1,2.25,37,0-0,oddsflow_handicap_sniper,APIFOOTBALL,500,VOID,0
2026-05-30,Chinese Super League,Chongqing Tongliang Long,Beijing Guoan,,OU,UNDER,2.5,2,37,0-0,oddsflow_handicap_sniper,APIFOOTBALL,500,LOST,-500
2026-05-30,Chinese Super League,Chongqing Tongliang Long,Beijing Guoan,,1X2,DRAW,0,4.5,37,0-0,oddsflow_handicap_sniper,APIFOOTBALL,500,LOST,-500
2026-05-30,Chinese Super League,Chongqing Tongliang Long,Beijing Guoan,,OU,UNDER,2.5,2.01,37,0-0,oddsflow_handicap_sniper,NOVA88,50,LOST,-50
2026-05-30,Chinese Super League,Chongqing Tongliang Long,Beijing Guoan,,OU,UNDER,2.5,2.02,37,0-0,oddsflow_handicap_sniper,HGA,100,LOST,-100
2026-05-30,Chinese Super League,Chongqing Tongliang Long,Beijing Guoan,,1X2,DRAW,0,4.2,37,0-0,oddsflow_handicap_sniper,NOVA88,19,LOST,-19
2026-05-30,Chinese Super League,Chongqing Tongliang Long,Beijing Guoan,,1X2,DRAW,0,4.15,37,0-0,oddsflow_handicap_sniper,HGA,50,LOST,-50
2026-05-30,Chinese Super League,Chengdu Better City,Shandong Luneng,,AH,AWAY,-1.5,1.775,49,1-0,oddsflow_handicap_sniper,APIFOOTBALL,1111,WON,861.02
2026-05-30,Chinese Super League,Chengdu Better City,Shandong Luneng,,AH,AWAY,-1.5,1.775,49,1-0,oddsflow_active_trader,APIFOOTBALL,1119,WON,867.22
2026-05-30,Chinese Super League,Chengdu Better City,Shandong Luneng,,AH,AWAY,-1.5,1.775,49,1-0,oddsflow_core_strategy,APIFOOTBALL,200,WON,155
2026-05-30,Chinese Super League,Chongqing Tongliang Long,Beijing Guoan,,AH,HOME,1,1.975,37,0-1,oddsflow_beta,APIFOOTBALL,500,WON,487.5
2026-05-30,Chinese Super League,Chongqing Tongliang Long,Beijing Guoan,,AH,HOME,1,1.975,37,0-1,oddsflow_active_trader,APIFOOTBALL,500,WON,487.5
2026-05-30,Chinese Super League,Chengdu Better City,Shandong Luneng,,OU,OVER,1.5,1.571,71,1-0,oddsflow_handicap_sniper,APIFOOTBALL,500,LOST,-500
2026-05-30,Chinese Super League,Chongqing Tongliang Long,Beijing Guoan,,OU,UNDER,2.5,1.571,55,0-1,oddsflow_beta,APIFOOTBALL,500,LOST,-500
2026-05-30,Chinese Super League,Chongqing Tongliang Long,Beijing Guoan,,OU,UNDER,3,2.17,55,0-1,oddsflow_beta,NOVA88,46,LOST,-46
2026-05-30,Chinese Super League,Chongqing Tongliang Long,Beijing Guoan,,OU,UNDER,2.5,1.571,55,0-1,oddsflow_active_trader,APIFOOTBALL,500,LOST,-500
2026-05-30,Chinese Super League,Chongqing Tongliang Long,Beijing Guoan,,1X2,DRAW,0,2.375,56,1-1,oddsflow_beta,APIFOOTBALL,500,LOST,-500
2026-05-30,Chinese Super League,Sichuan Jiuniu,Qingdao Jonoon,,OU,UNDER,2.5,1.571,59,1-0,oddsflow_active_trader,APIFOOTBALL,500,LOST,-500
2026-05-30,Chinese Super League,Chongqing Tongliang Long,Beijing Guoan,,1X2,DRAW,0,2.1,64,1-1,oddsflow_active_trader,APIFOOTBALL,500,LOST,-500
2026-05-30,Chinese Super League,Chongqing Tongliang Long,Beijing Guoan,,OU,OVER,2.5,1.5,64,1-1,oddsflow_beta,APIFOOTBALL,500,WON,250
2026-05-30,Chinese Super League,Chongqing Tongliang Long,Beijing Guoan,,OU,OVER,2.5,1.533,66,1-1,oddsflow_handicap_sniper,APIFOOTBALL,500,WON,266.5
2026-05-30,Chinese Super League,Chongqing Tongliang Long,Beijing Guoan,,OU,OVER,2.5,1.533,66,1-1,oddsflow_active_trader,APIFOOTBALL,500,WON,266.5
2026-05-30,Chinese Super League,Chongqing Tongliang Long,Beijing Guoan,,AH,AWAY,-0.5,2.5,69,2-1,oddsflow_active_trader,APIFOOTBALL,500,WON,750
2026-05-30,Chinese Super League,Chongqing Tongliang Long,Beijing Guoan,,OU,OVER,3.5,1.571,69,2-1,oddsflow_active_trader,APIFOOTBALL,500,WON,285.5
2026-05-30,Chinese Super League,Chongqing Tongliang Long,Beijing Guoan,,1X2,HOME,0,1.5,69,2-1,oddsflow_active_trader,APIFOOTBALL,500,LOST,-500
2026-05-30,Chinese Super League,Chongqing Tongliang Long,Beijing Guoan,,OU,OVER,3.75,1.93,69,2-1,oddsflow_active_trader,NOVA88,45,WON,41.85
2026-05-30,Chinese Super League,Chongqing Tongliang Long,Beijing Guoan,,AH,AWAY,-0.5,2.5,69,2-1,oddsflow_beta,APIFOOTBALL,500,WON,750
2026-05-30,Chinese Super League,Chongqing Tongliang Long,Beijing Guoan,,OU,OVER,3.5,1.571,69,2-1,oddsflow_beta,APIFOOTBALL,500,WON,285.5
2026-05-30,Chinese Super League,Chongqing Tongliang Long,Beijing Guoan,,1X2,HOME,0,1.5,69,2-1,oddsflow_beta,APIFOOTBALL,500,LOST,-500
2026-05-30,Chinese Super League,Chongqing Tongliang Long,Beijing Guoan,,AH,AWAY,-0.5,2.5,69,2-1,oddsflow_handicap_sniper,APIFOOTBALL,500,WON,750
2026-05-30,Chinese Super League,Chongqing Tongliang Long,Beijing Guoan,,OU,OVER,3.75,1.93,69,2-1,oddsflow_beta,NOVA88,45,WON,41.85
2026-05-30,Chinese Super League,Chongqing Tongliang Long,Beijing Guoan,,OU,OVER,3.5,1.571,69,2-1,oddsflow_handicap_sniper,APIFOOTBALL,500,WON,285.5
2026-05-30,Chinese Super League,Chongqing Tongliang Long,Beijing Guoan,,1X2,HOME,0,1.5,69,2-1,oddsflow_handicap_sniper,APIFOOTBALL,500,LOST,-500
2026-05-30,Chinese Super League,Chongqing Tongliang Long,Beijing Guoan,,OU,OVER,3.75,1.93,69,2-1,oddsflow_handicap_sniper,NOVA88,45,WON,41.85
2026-05-30,UEFA Champions League,Paris Saint-Germain,Arsenal,,1X2,HOME,0,2.47,0,0-0,oddsflow_prematch_edge,APIFOOTBALL,10,LOST,-10
2026-05-30,UEFA Champions League,Paris Saint-Germain,Arsenal,,1X2,HOME,0,2.49,0,0-0,oddsflow_prematch_edge,NOVA88,15,LOST,-15
2026-05-30,UEFA Champions League,Paris Saint-Germain,Arsenal,,AH,HOME,0.5,2.15,10,0-1,oddsflow_core_strategy,APIFOOTBALL,5,WON,5.75
2026-05-30,Brasileirão Série A,Flamengo,Coritiba,,OU,OVER,2.75,2.04,0,0-0,oddsflow_prematch_edge,APIFOOTBALL,10,HALF_WON,5.2
2026-05-30,Brasileirão Série A,Flamengo,Coritiba,,AH,AWAY,-1,2.25,10,0-0,oddsflow_core_strategy,APIFOOTBALL,200,LOST,-200
2026-05-30,Brasileirão Série A,Atletico Paranaense,Mirassol,,AH,AWAY,0,2.6,10,0-0,oddsflow_core_strategy,APIFOOTBALL,200,LOST,-200
2026-05-30,Brasileirão Série A,Flamengo,Coritiba,,AH,AWAY,-1.5,2.3,35,1-0,oddsflow_active_trader,APIFOOTBALL,786,LOST,-786
2026-05-30,Brasileirão Série A,Flamengo,Coritiba,,AH,AWAY,-1.5,2.3,35,1-0,oddsflow_handicap_sniper,APIFOOTBALL,781,LOST,-781
2026-05-30,Brasileirão Série A,Flamengo,Coritiba,,OU,OVER,2.5,1.533,35,1-0,oddsflow_active_trader,APIFOOTBALL,500,WON,266.5
2026-05-30,Brasileirão Série A,Atletico Paranaense,Mirassol,,AH,AWAY,0,2.675,47,0-0,oddsflow_handicap_sniper,APIFOOTBALL,500,LOST,-500
2026-05-30,Brasileirão Série A,Atletico Paranaense,Mirassol,,AH,AWAY,0,2.675,47,0-0,oddsflow_active_trader,APIFOOTBALL,500,LOST,-500
2026-05-30,Brasileirão Série A,Atletico Paranaense,Mirassol,,1X2,DRAW,0,2.3,47,0-0,oddsflow_handicap_sniper,APIFOOTBALL,500,LOST,-500
2026-05-30,Brasileirão Série A,Atletico Paranaense,Mirassol,,1X2,DRAW,0,2.3,50,0-0,oddsflow_active_trader,APIFOOTBALL,500,LOST,-500
2026-05-30,Brasileirão Série A,Atletico Paranaense,Mirassol,,OU,OVER,0.5,1.533,57,0-0,oddsflow_active_trader,APIFOOTBALL,500,WON,266.5
2026-05-30,Brasileirão Série A,Atletico Paranaense,Mirassol,,OU,OVER,0.5,1.533,57,0-0,oddsflow_handicap_sniper,APIFOOTBALL,500,WON,266.5
2026-05-30,Brasileirão Série A,Bahia,Botafogo,,1X2,AWAY,0,3.85,0,0-0,oddsflow_prematch_edge,APIFOOTBALL,10,LOST,-10
2026-05-30,Brasileirão Série A,Gremio,Corinthians,,1X2,HOME,0,3.17,0,0-0,oddsflow_prematch_edge,APIFOOTBALL,10,LOST,-10
2026-05-30,Brasileirão Série A,Bahia,Botafogo,,1X2,AWAY,0,3.1,0,0-0,oddsflow_prematch_edge,NOVA88,15,LOST,-15
2026-05-30,Brasileirão Série A,Gremio,Corinthians,,1X2,HOME,0,2.94,0,0-0,oddsflow_prematch_edge,NOVA88,15,LOST,-15
2026-05-30,Brasileirão Série A,Gremio,Corinthians,,AH,AWAY,0,1.775,10,1-0,oddsflow_core_strategy,APIFOOTBALL,200,WON,155
2026-05-30,Brasileirão Série A,Bahia,Botafogo,,AH,HOME,0.5,1.9,10,0-1,oddsflow_core_strategy,APIFOOTBALL,200,WON,180
2026-05-30,Brasileirão Série A,Gremio,Corinthians,,AH,AWAY,-0.5,2,35,1-0,oddsflow_handicap_sniper,APIFOOTBALL,754,WON,754
2026-05-30,Brasileirão Série A,Gremio,Corinthians,,1X2,HOME,0,1.833,35,1-0,oddsflow_handicap_sniper,APIFOOTBALL,500,LOST,-500
2026-05-30,Brasileirão Série A,Gremio,Corinthians,,AH,AWAY,-0.5,2,35,1-0,oddsflow_active_trader,APIFOOTBALL,770,WON,770
2026-05-30,Brasileirão Série A,Gremio,Corinthians,,1X2,HOME,0,1.833,35,1-0,oddsflow_active_trader,APIFOOTBALL,500,LOST,-500
2026-05-30,Brasileirão Série A,Gremio,Corinthians,,1X2,HOME,0,1.84,35,1-0,oddsflow_handicap_sniper,NOVA88,20,LOST,-20
2026-05-30,Brasileirão Série A,Gremio,Corinthians,,1X2,HOME,0,1.88,35,1-0,oddsflow_handicap_sniper,HGA,50,LOST,-50
2026-05-30,Brasileirão Série A,Gremio,Corinthians,,1X2,HOME,0,1.84,35,1-0,oddsflow_active_trader,NOVA88,15,LOST,-15
2026-05-30,Brasileirão Série A,Gremio,Corinthians,,1X2,HOME,0,1.88,35,1-0,oddsflow_active_trader,HGA,50,LOST,-50
2026-05-30,Brasileirão Série A,Bahia,Botafogo,,AH,HOME,0.5,1.9,35,0-1,oddsflow_handicap_sniper,APIFOOTBALL,735,WON,661.5
2026-05-30,Brasileirão Série A,Bahia,Botafogo,,1X2,AWAY,0,1.909,35,0-1,oddsflow_handicap_sniper,APIFOOTBALL,500,LOST,-500
2026-05-30,Brasileirão Série A,Bahia,Botafogo,,AH,HOME,0.5,1.9,35,0-1,oddsflow_active_trader,APIFOOTBALL,729,WON,656.1
2026-05-30,Brasileirão Série A,Bahia,Botafogo,,1X2,AWAY,0,1.909,35,0-1,oddsflow_active_trader,APIFOOTBALL,500,LOST,-500
2026-05-30,Brasileirão Série A,Bahia,Botafogo,,1X2,AWAY,0,1.96,35,0-1,oddsflow_handicap_sniper,NOVA88,15,LOST,-15
2026-05-30,Brasileirão Série A,Bahia,Botafogo,,1X2,AWAY,0,1.98,35,0-1,oddsflow_handicap_sniper,HGA,50,LOST,-50
2026-05-30,Brasileirão Série A,Bahia,Botafogo,,OU,UNDER,3.5,1.571,36,0-1,oddsflow_active_trader,APIFOOTBALL,500,WON,285.5
2026-05-30,Brasileirão Série A,Bahia,Botafogo,,OU,UNDER,3,2.02,36,0-1,oddsflow_active_trader,NOVA88,44,VOID,0
2026-05-30,Brasileirão Série A,Bahia,Botafogo,,OU,UNDER,3,2.01,36,0-1,oddsflow_active_trader,HGA,87,VOID,0
2026-05-30,Brasileirão Série A,Bahia,Botafogo,,OU,UNDER,3.5,1.533,38,0-1,oddsflow_handicap_sniper,APIFOOTBALL,500,WON,266.5
2026-05-30,Brasileirão Série A,Gremio,Corinthians,,OU,UNDER,2.5,1.666,43,1-0,oddsflow_active_trader,APIFOOTBALL,500,LOST,-500
2026-05-30,Brasileirão Série A,Gremio,Corinthians,,OU,UNDER,2.5,1.666,43,1-0,oddsflow_handicap_sniper,APIFOOTBALL,500,LOST,-500
2026-05-30,Brasileirão Série A,Gremio,Corinthians,,OU,UNDER,2.25,2.04,43,1-0,oddsflow_handicap_sniper,NOVA88,41,LOST,-41
2026-05-30,Brasileirão Série A,Gremio,Corinthians,,OU,OVER,2.5,2.375,49,1-1,oddsflow_handicap_sniper,APIFOOTBALL,500,WON,687.5
2026-05-30,Brasileirão Série A,Gremio,Corinthians,,1X2,DRAW,0,3.4,49,1-1,oddsflow_handicap_sniper,APIFOOTBALL,500,LOST,-500
2026-05-30,Brasileirão Série A,Gremio,Corinthians,,OU,OVER,3.25,2.16,49,1-1,oddsflow_handicap_sniper,NOVA88,50,WON,58
2026-05-30,Brasileirão Série A,Gremio,Corinthians,,OU,OVER,3.25,2.1,49,1-1,oddsflow_handicap_sniper,HGA,100,WON,110
2026-05-30,Brasileirão Série A,Gremio,Corinthians,,1X2,DRAW,0,2.28,49,1-1,oddsflow_handicap_sniper,NOVA88,15,LOST,-15
2026-05-30,Brasileirão Série A,Gremio,Corinthians,,OU,OVER,2.5,2.375,49,1-1,oddsflow_active_trader,APIFOOTBALL,500,WON,687.5
2026-05-30,Brasileirão Série A,Gremio,Corinthians,,1X2,DRAW,0,2.36,49,1-1,oddsflow_handicap_sniper,HGA,50,LOST,-50
2026-05-30,Brasileirão Série A,Gremio,Corinthians,,1X2,DRAW,0,3.4,49,1-1,oddsflow_active_trader,APIFOOTBALL,500,LOST,-500
2026-05-30,Brasileirão Série A,Gremio,Corinthians,,OU,OVER,3.25,2.16,49,1-1,oddsflow_active_trader,NOVA88,50,WON,58
2026-05-30,Brasileirão Série A,Gremio,Corinthians,,OU,OVER,3.25,2.1,49,1-1,oddsflow_active_trader,HGA,100,WON,110
2026-05-30,Brasileirão Série A,Gremio,Corinthians,,OU,UNDER,3.5,1.533,49,1-1,oddsflow_handicap_sniper,APIFOOTBALL,500,LOST,-500
2026-05-30,Brasileirão Série A,Gremio,Corinthians,,OU,UNDER,3.5,1.533,49,1-1,oddsflow_active_trader,APIFOOTBALL,500,LOST,-500
2026-05-30,Brasileirão Série A,Gremio,Corinthians,,OU,UNDER,3.5,1.5,50,1-1,oddsflow_beta,APIFOOTBALL,500,LOST,-500
2026-05-30,Brasileirão Série A,Gremio,Corinthians,,1X2,DRAW,0,2.3,50,1-1,oddsflow_beta,APIFOOTBALL,500,LOST,-500
2026-05-30,Brasileirão Série A,Gremio,Corinthians,,1X2,DRAW,0,2.26,50,1-1,oddsflow_beta,NOVA88,15,LOST,-15
2026-05-30,Brasileirão Série A,Gremio,Corinthians,,1X2,DRAW,0,2.33,50,1-1,oddsflow_beta,HGA,50,LOST,-50
2026-05-30,Brasileirão Série A,Gremio,Corinthians,,OU,OVER,2.5,1.533,59,1-1,oddsflow_beta,APIFOOTBALL,500,WON,266.5
2026-05-30,Brasileirão Série A,Gremio,Corinthians,,AH,HOME,1,2.125,67,1-2,oddsflow_handicap_sniper,APIFOOTBALL,500,VOID,0
2026-05-30,Brasileirão Série A,Gremio,Corinthians,,AH,HOME,1,2.125,67,1-2,oddsflow_active_trader,APIFOOTBALL,500,VOID,0
2026-05-30,Brasileirão Série A,Gremio,Corinthians,,AH,HOME,1,2.1,69,1-3,oddsflow_beta,APIFOOTBALL,590,WON,649
2026-05-30,Brasileirão Série A,Santos,Vitoria,,AH,AWAY,-1,2.5,35,1-0,oddsflow_active_trader,APIFOOTBALL,792,VOID,0
2026-05-30,Brasileirão Série A,Santos,Vitoria,,OU,OVER,2.5,1.909,35,1-0,oddsflow_active_trader,APIFOOTBALL,604,WON,549.04
2026-05-30,Brasileirão Série A,Santos,Vitoria,,OU,OVER,2.5,1.97,35,1-0,oddsflow_active_trader,NOVA88,50,WON,48.5
2026-05-30,Brasileirão Série A,Santos,Vitoria,,OU,OVER,2.5,1.96,35,1-0,oddsflow_active_trader,HGA,100,WON,96
2026-05-30,Brasileirão Série A,Santos,Vitoria,,AH,AWAY,-1,2.5,35,1-0,oddsflow_handicap_sniper,APIFOOTBALL,791,VOID,0
2026-05-30,Brasileirão Série A,Santos,Vitoria,,OU,OVER,2.5,1.909,35,1-0,oddsflow_handicap_sniper,APIFOOTBALL,622,WON,565.4
2026-05-30,Brasileirão Série A,Santos,Vitoria,,OU,OVER,2.5,1.97,35,1-0,oddsflow_handicap_sniper,NOVA88,50,WON,48.5
2026-05-30,Brasileirão Série A,Santos,Vitoria,,OU,OVER,2.5,1.96,35,1-0,oddsflow_handicap_sniper,HGA,100,WON,96
2026-05-30,Brasileirão Série A,Santos,Vitoria,,AH,AWAY,-1,2.05,49,1-0,oddsflow_beta,APIFOOTBALL,1000,VOID,0
2026-05-31,J1 League,Fagiano Okayama,Urawa Red Diamonds,,OU,UNDER,2.5,2.05,47,0-0,oddsflow_handicap_sniper,APIFOOTBALL,7,WON,7.35
2026-05-31,J1 League,Fagiano Okayama,Urawa Red Diamonds,,OU,UNDER,2.5,2.05,47,0-0,oddsflow_active_trader,APIFOOTBALL,7,WON,7.35
2026-05-31,J1 League,Fagiano Okayama,Urawa Red Diamonds,,OU,UNDER,2.5,2.05,47,0-0,oddsflow_handicap_sniper,NOVA88,50,WON,52.5
2026-05-31,J1 League,Fagiano Okayama,Urawa Red Diamonds,,OU,UNDER,2.5,2.05,47,0-0,oddsflow_active_trader,NOVA88,50,WON,52.5
2026-05-31,J1 League,Fagiano Okayama,Urawa Red Diamonds,,OU,UNDER,2.5,2.05,47,0-0,oddsflow_beta,APIFOOTBALL,7,WON,7.35
2026-05-31,J1 League,Fagiano Okayama,Urawa Red Diamonds,,OU,UNDER,2.5,2.05,47,0-0,oddsflow_beta,NOVA88,50,WON,52.5
2026-05-31,J1 League,Shimizu S-Pulse,Yokohama F. Marinos,,OU,UNDER,2.5,1.72,71,1-0,oddsflow_handicap_sniper,APIFOOTBALL,5,WON,3.6
2026-05-31,J1 League,Shimizu S-Pulse,Yokohama F. Marinos,,OU,UNDER,2.5,1.72,71,1-0,oddsflow_active_trader,APIFOOTBALL,5,WON,3.6
2026-05-31,J1 League,Shimizu S-Pulse,Yokohama F. Marinos,,OU,UNDER,2.5,1.72,71,1-0,oddsflow_handicap_sniper,NOVA88,50,WON,36
2026-05-31,J1 League,Shimizu S-Pulse,Yokohama F. Marinos,,OU,UNDER,2.5,1.72,71,1-0,oddsflow_active_trader,NOVA88,50,WON,36
2026-05-31,Chinese Super League,Tianjin Teda,Dalian Zhixing,,AH,HOME,0.25,1.82,0,0-0,oddsflow_prematch_edge,APIFOOTBALL,10,WON,8.2
2026-05-31,Chinese Super League,Tianjin Teda,Dalian Zhixing,,AH,AWAY,0,1.725,11,1-0,oddsflow_core_strategy,APIFOOTBALL,200,VOID,0
2026-05-31,Chinese Super League,Tianjin Teda,Dalian Zhixing,,AH,AWAY,0,1.77,11,1-0,oddsflow_core_strategy,HGA,50,VOID,0
2026-05-31,Chinese Super League,Tianjin Teda,Dalian Zhixing,,AH,AWAY,0,2.75,35,1-0,oddsflow_active_trader,APIFOOTBALL,500,VOID,0
2026-05-31,Chinese Super League,Tianjin Teda,Dalian Zhixing,,1X2,HOME,0,1.952,35,1-0,oddsflow_active_trader,APIFOOTBALL,500,WON,476
2026-05-31,Chinese Super League,Tianjin Teda,Dalian Zhixing,,1X2,HOME,0,1.95,35,1-0,oddsflow_active_trader,NOVA88,34,WON,32.3
2026-05-31,Chinese Super League,Tianjin Teda,Dalian Zhixing,,AH,AWAY,0,2.75,35,1-0,oddsflow_handicap_sniper,APIFOOTBALL,500,VOID,0
2026-05-31,Chinese Super League,Tianjin Teda,Dalian Zhixing,,1X2,HOME,0,1.94,35,1-0,oddsflow_active_trader,HGA,68,WON,63.92
2026-05-31,Chinese Super League,Tianjin Teda,Dalian Zhixing,,1X2,HOME,0,1.952,35,1-0,oddsflow_handicap_sniper,APIFOOTBALL,678,WON,645.46
2026-05-31,Chinese Super League,Tianjin Teda,Dalian Zhixing,,1X2,HOME,0,1.95,35,1-0,oddsflow_handicap_sniper,NOVA88,50,WON,47.5
2026-05-31,Chinese Super League,Tianjin Teda,Dalian Zhixing,,1X2,HOME,0,1.94,35,1-0,oddsflow_handicap_sniper,HGA,100,WON,94
2026-05-31,Chinese Super League,Tianjin Teda,Dalian Zhixing,,AH,AWAY,-0.5,1.875,40,1-0,oddsflow_active_trader,APIFOOTBALL,500,WON,437.5
2026-05-31,Chinese Super League,Tianjin Teda,Dalian Zhixing,,AH,AWAY,-0.5,1.875,40,1-0,oddsflow_handicap_sniper,APIFOOTBALL,500,WON,437.5
2026-05-31,Chinese Super League,Tianjin Teda,Dalian Zhixing,,OU,UNDER,2.5,2.1,43,1-0,oddsflow_handicap_sniper,APIFOOTBALL,500,WON,550
2026-05-31,Chinese Super League,Tianjin Teda,Dalian Zhixing,,OU,UNDER,2.5,2.1,43,1-0,oddsflow_active_trader,APIFOOTBALL,500,WON,550
2026-05-31,Chinese Super League,Wuhan Three Towns,Yunnan Yukun,,AH,AWAY,0,2.3,10,0-0,oddsflow_core_strategy,APIFOOTBALL,200,VOID,0
2026-05-31,Chinese Super League,Wuhan Three Towns,Yunnan Yukun,,AH,AWAY,0,2.6,53,0-0,oddsflow_active_trader,APIFOOTBALL,514,VOID,0
2026-05-31,Chinese Super League,Wuhan Three Towns,Yunnan Yukun,,AH,AWAY,0,2.5,53,0-0,oddsflow_handicap_sniper,APIFOOTBALL,514,VOID,0
2026-05-31,Chinese Super League,Wuhan Three Towns,Yunnan Yukun,,1X2,DRAW,0,2.625,53,0-0,oddsflow_handicap_sniper,APIFOOTBALL,500,WON,812.5
2026-05-31,Chinese Super League,Wuhan Three Towns,Yunnan Yukun,,1X2,DRAW,0,2.59,53,0-0,oddsflow_handicap_sniper,HGA,50,WON,79.5
2026-05-31,Chinese Super League,Wuhan Three Towns,Yunnan Yukun,,AH,AWAY,-1,2.25,57,1-0,oddsflow_active_trader,APIFOOTBALL,1033,WON,1291.25
2026-05-31,Chinese Super League,Wuhan Three Towns,Yunnan Yukun,,OU,OVER,1.5,1.727,58,1-0,oddsflow_handicap_sniper,APIFOOTBALL,500,WON,363.5
2026-05-31,Chinese Super League,Wuhan Three Towns,Yunnan Yukun,,1X2,HOME,0,2.25,58,1-0,oddsflow_handicap_sniper,APIFOOTBALL,500,LOST,-500
2026-05-31,Chinese Super League,Wuhan Three Towns,Yunnan Yukun,,OU,OVER,2.25,1.99,58,1-0,oddsflow_handicap_sniper,NOVA88,48,HALF_LOST,-24
2026-05-31,Chinese Super League,Wuhan Three Towns,Yunnan Yukun,,OU,OVER,2.25,2.04,58,1-0,oddsflow_handicap_sniper,HGA,99,HALF_LOST,-49.5
2026-05-31,Chinese Super League,Wuhan Three Towns,Yunnan Yukun,,AH,AWAY,-1,2.2,64,1-0,oddsflow_handicap_sniper,APIFOOTBALL,657,WON,788.4
2026-05-31,Chinese Super League,Wuhan Three Towns,Yunnan Yukun,,OU,OVER,1.5,1.533,68,1-0,oddsflow_active_trader,APIFOOTBALL,500,WON,266.5
2026-05-31,Chinese Super League,Wuhan Three Towns,Yunnan Yukun,,AH,AWAY,-1,2.375,73,2-0,oddsflow_beta,APIFOOTBALL,1054,WON,1449.25
2026-05-31,Chinese Super League,Wuhan Three Towns,Yunnan Yukun,,1X2,DRAW,0,1.727,79,1-1,oddsflow_active_trader,APIFOOTBALL,500,WON,363.5
2026-05-31,Brasileirão Série A,RB Bragantino,Internacional,,1X2,HOME,0,2.18,0,0-0,oddsflow_prematch_edge,APIFOOTBALL,10,WON,11.8
2026-05-31,Brasileirão Série A,RB Bragantino,Internacional,,AH,AWAY,0,2.675,18,0-0,oddsflow_core_strategy,APIFOOTBALL,200,LOST,-200
2026-05-31,Brasileirão Série A,RB Bragantino,Internacional,,AH,AWAY,-1,2.3,35,1-0,oddsflow_active_trader,APIFOOTBALL,872,VOID,0
2026-05-31,Brasileirão Série A,RB Bragantino,Internacional,,AH,AWAY,-1,2.3,35,1-0,oddsflow_handicap_sniper,APIFOOTBALL,854,VOID,0
2026-05-31,Brasileirão Série A,RB Bragantino,Internacional,,OU,UNDER,2.5,1.727,49,1-0,oddsflow_active_trader,APIFOOTBALL,500,LOST,-500
2026-05-31,Brasileirão Série A,RB Bragantino,Internacional,,OU,UNDER,2.5,1.727,49,1-0,oddsflow_handicap_sniper,APIFOOTBALL,500,LOST,-500
2026-05-31,Brasileirão Série A,RB Bragantino,Internacional,,OU,OVER,2.5,2.2,53,2-0,oddsflow_core_strategy,APIFOOTBALL,500,WON,600
2026-05-31,Brasileirão Série A,RB Bragantino,Internacional,,OU,OVER,2.5,2.2,53,2-0,oddsflow_active_trader,APIFOOTBALL,500,WON,600
2026-05-31,Brasileirão Série A,RB Bragantino,Internacional,,OU,OVER,3.25,1.96,53,2-0,oddsflow_active_trader,NOVA88,46,WON,44.16
2026-05-31,Brasileirão Série A,RB Bragantino,Internacional,,OU,OVER,2.5,2.2,53,2-0,oddsflow_handicap_sniper,APIFOOTBALL,500,WON,600
2026-05-31,Brasileirão Série A,RB Bragantino,Internacional,,OU,OVER,3.25,1.96,53,2-0,oddsflow_handicap_sniper,NOVA88,46,WON,44.16
2026-05-31,Brasileirão Série A,RB Bragantino,Internacional,,OU,UNDER,3.5,1.666,53,2-0,oddsflow_active_trader,APIFOOTBALL,500,LOST,-500
2026-05-31,Brasileirão Série A,RB Bragantino,Internacional,,OU,UNDER,3.25,1.98,53,2-0,oddsflow_active_trader,NOVA88,50,LOST,-50
2026-05-31,Brasileirão Série A,RB Bragantino,Internacional,,OU,UNDER,3.25,2.01,53,2-0,oddsflow_active_trader,HGA,100,LOST,-100
2026-05-31,Brasileirão Série A,RB Bragantino,Internacional,,OU,UNDER,3.5,1.666,53,2-0,oddsflow_handicap_sniper,APIFOOTBALL,500,LOST,-500
2026-05-31,Brasileirão Série A,RB Bragantino,Internacional,,OU,UNDER,3.25,1.98,53,2-0,oddsflow_handicap_sniper,NOVA88,50,LOST,-50
2026-05-31,Brasileirão Série A,RB Bragantino,Internacional,,OU,UNDER,3.25,2.01,53,2-0,oddsflow_handicap_sniper,HGA,100,LOST,-100
2026-05-31,Brasileirão Série A,Vasco da Gama,Atletico Mineiro,,AH,AWAY,-0.5,1.93,0,0-0,oddsflow_prematch_edge,APIFOOTBALL,10,WON,9.3
2026-05-31,Brasileirão Série A,Palmeiras,Chapecoense,,OU,UNDER,2.75,2.05,0,0-0,oddsflow_prematch_edge,APIFOOTBALL,10,WON,10.5
2026-05-31,Brasileirão Série A,Vasco da Gama,Atletico Mineiro,,AH,AWAY,-0.5,1.95,0,0-0,oddsflow_prematch_edge,NOVA88,47,WON,44.65
2026-05-31,Brasileirão Série A,Vasco da Gama,Atletico Mineiro,,AH,AWAY,0,2.75,10,0-0,oddsflow_core_strategy,APIFOOTBALL,200,WON,350
2026-05-31,Brasileirão Série A,Palmeiras,Chapecoense,,AH,AWAY,-1,2.05,17,0-0,oddsflow_core_strategy,APIFOOTBALL,200,VOID,0
2026-05-31,Brasileirão Série A,Vasco da Gama,Atletico Mineiro,,AH,HOME,0.5,2.075,35,0-1,oddsflow_handicap_sniper,APIFOOTBALL,634,WON,681.55
2026-05-31,Brasileirão Série A,Vasco da Gama,Atletico Mineiro,,1X2,AWAY,0,1.727,35,0-1,oddsflow_handicap_sniper,APIFOOTBALL,500,WON,363.5
2026-05-31,Brasileirão Série A,Vasco da Gama,Atletico Mineiro,,1X2,AWAY,0,1.76,35,0-1,oddsflow_handicap_sniper,NOVA88,19,WON,14.44
2026-05-31,Brasileirão Série A,Vasco da Gama,Atletico Mineiro,,AH,HOME,0.5,2.1,35,0-1,oddsflow_active_trader,APIFOOTBALL,638,WON,701.8
2026-05-31,Brasileirão Série A,Vasco da Gama,Atletico Mineiro,,1X2,AWAY,0,1.75,35,0-1,oddsflow_handicap_sniper,HGA,50,WON,37.5
2026-05-31,Brasileirão Série A,Vasco da Gama,Atletico Mineiro,,1X2,AWAY,0,1.727,35,0-1,oddsflow_active_trader,APIFOOTBALL,500,WON,363.5
2026-05-31,Brasileirão Série A,Palmeiras,Chapecoense,,AH,AWAY,-1,1.8,35,0-0,oddsflow_beta,APIFOOTBALL,719,VOID,0
2026-05-31,Brasileirão Série A,Palmeiras,Chapecoense,,AH,AWAY,-1,1.8,35,0-0,oddsflow_handicap_sniper,APIFOOTBALL,709,VOID,0
2026-05-31,Brasileirão Série A,Palmeiras,Chapecoense,,OU,UNDER,1.5,2.2,35,0-0,oddsflow_beta,APIFOOTBALL,500,WON,600
2026-05-31,Brasileirão Série A,Palmeiras,Chapecoense,,OU,UNDER,1.5,2.2,35,0-0,oddsflow_handicap_sniper,APIFOOTBALL,500,WON,600
2026-05-31,Brasileirão Série A,Palmeiras,Chapecoense,,AH,AWAY,-1,1.81,35,0-0,oddsflow_beta,NOVA88,50,VOID,0
2026-05-31,Brasileirão Série A,Palmeiras,Chapecoense,,AH,AWAY,-1,1.81,35,0-0,oddsflow_handicap_sniper,NOVA88,50,VOID,0
2026-05-31,Brasileirão Série A,Palmeiras,Chapecoense,,AH,AWAY,-1,1.8,35,0-0,oddsflow_active_trader,APIFOOTBALL,700,VOID,0
2026-05-31,Brasileirão Série A,Palmeiras,Chapecoense,,1X2,DRAW,0,3.5,35,0-0,oddsflow_beta,APIFOOTBALL,500,LOST,-500
2026-05-31,Brasileirão Série A,Palmeiras,Chapecoense,,AH,AWAY,-1,1.77,35,0-0,oddsflow_beta,HGA,100,VOID,0
2026-05-31,Brasileirão Série A,Palmeiras,Chapecoense,,AH,AWAY,-1,1.77,35,0-0,oddsflow_handicap_sniper,HGA,100,VOID,0
2026-05-31,Brasileirão Série A,Palmeiras,Chapecoense,,OU,UNDER,1.5,2.2,35,0-0,oddsflow_active_trader,APIFOOTBALL,500,WON,600
2026-05-31,Brasileirão Série A,Palmeiras,Chapecoense,,AH,AWAY,-1,1.81,35,0-0,oddsflow_active_trader,NOVA88,50,VOID,0
2026-05-31,Brasileirão Série A,Palmeiras,Chapecoense,,1X2,DRAW,0,3.35,35,0-0,oddsflow_beta,NOVA88,15,LOST,-15
2026-05-31,Brasileirão Série A,Palmeiras,Chapecoense,,AH,AWAY,-1,1.77,35,0-0,oddsflow_active_trader,HGA,100,VOID,0
2026-05-31,Brasileirão Série A,Palmeiras,Chapecoense,,1X2,DRAW,0,3.55,35,0-0,oddsflow_beta,HGA,50,LOST,-50
2026-05-31,Brasileirão Série A,Vasco da Gama,Atletico Mineiro,,OU,OVER,2.5,1.909,36,0-1,oddsflow_active_trader,APIFOOTBALL,500,LOST,-500
2026-05-31,Brasileirão Série A,Vasco da Gama,Atletico Mineiro,,OU,OVER,2.5,1.909,36,0-1,oddsflow_handicap_sniper,APIFOOTBALL,500,LOST,-500
2026-05-31,Brasileirão Série A,Palmeiras,Chapecoense,,1X2,DRAW,0,3.5,36,0-0,oddsflow_handicap_sniper,APIFOOTBALL,500,LOST,-500
2026-05-31,Brasileirão Série A,Palmeiras,Chapecoense,,1X2,DRAW,0,3.4,36,0-0,oddsflow_handicap_sniper,NOVA88,15,LOST,-15
2026-05-31,Brasileirão Série A,Palmeiras,Chapecoense,,1X2,DRAW,0,3.35,36,0-0,oddsflow_handicap_sniper,HGA,50,LOST,-50
2026-05-31,Brasileirão Série A,Palmeiras,Chapecoense,,AH,AWAY,-0.5,2.35,42,0-0,oddsflow_active_trader,APIFOOTBALL,500,LOST,-500
2026-05-31,Brasileirão Série A,Vasco da Gama,Atletico Mineiro,,OU,OVER,1.5,1.533,64,0-1,oddsflow_active_trader,APIFOOTBALL,500,LOST,-500
2026-05-31,Brasileirão Série A,Vasco da Gama,Atletico Mineiro,,OU,OVER,1.5,1.533,64,0-1,oddsflow_handicap_sniper,APIFOOTBALL,500,LOST,-500
2026-05-31,Brasileirão Série A,Vasco da Gama,Atletico Mineiro,,OU,UNDER,2.5,1.533,80,0-1,oddsflow_handicap_sniper,APIFOOTBALL,505,WON,269.16
2026-05-31,Brasileirão Série A,Vasco da Gama,Atletico Mineiro,,OU,UNDER,1.5,1.59,80,0-1,oddsflow_handicap_sniper,NOVA88,50,WON,29.5
2026-05-31,Brasileirão Série A,Vasco da Gama,Atletico Mineiro,,OU,UNDER,1.5,1.58,80,0-1,oddsflow_handicap_sniper,HGA,100,WON,58
2026-05-31,Brasileirão Série A,Clube do Remo,Sao Paulo,,AH,HOME,0,2.01,0,0-0,oddsflow_prematch_edge,APIFOOTBALL,10,WON,10.1
2026-05-31,Brasileirão Série A,Cruzeiro,Fluminense,,OU,OVER,2.25,1.83,0,0-0,oddsflow_prematch_edge,APIFOOTBALL,10,HALF_LOST,-5
2026-05-31,Brasileirão Série A,Cruzeiro,Fluminense,,AH,HOME,-0.5,1.9,10,0-0,oddsflow_core_strategy,APIFOOTBALL,200,LOST,-200
2026-05-31,Brasileirão Série A,Cruzeiro,Fluminense,,AH,HOME,-0.5,2.01,10,0-0,oddsflow_core_strategy,NOVA88,25,LOST,-25
2026-05-31,Brasileirão Série A,Cruzeiro,Fluminense,,AH,HOME,-0.5,1.94,10,0-0,oddsflow_core_strategy,HGA,50,LOST,-50
2026-05-31,Brasileirão Série A,Clube do Remo,Sao Paulo,,AH,HOME,0,2.375,19,0-0,oddsflow_core_strategy,APIFOOTBALL,200,WON,275
2026-05-31,Brasileirão Série A,Clube do Remo,Sao Paulo,,OU,OVER,0.5,2,70,0-0,oddsflow_core_strategy,APIFOOTBALL,500,WON,500
2026-05-31,Brasileirão Série A,Cruzeiro,Fluminense,,OU,UNDER,2.5,1.727,74,0-1,oddsflow_core_strategy,APIFOOTBALL,500,WON,363.5
